sample_id,y_true_swin,y_pred_swin,y_prob_swin,y_true_r50,y_pred_r50,y_prob_r50
13.png,1,1,0.9995,1,1,0.9990240335464478
15.png,0,1,0.9097,0,1,0.6296711564064026
16.png,1,0,0.4001,1,0,0.1562638133764267
17.png,1,1,0.9985,1,1,0.9991542100906372
21.png,1,1,0.989,1,1,0.9184257984161376
23.png,1,1,0.9995,1,1,0.998537302017212
25.png,1,1,1.0,1,1,0.9977446794509888
28.png,1,1,0.994,1,1,0.9944756627082824
31.png,1,1,1.0,1,1,0.9965298771858216
36.png,1,1,0.9907,1,1,0.9780994057655334
37.png,1,1,0.9834,1,1,0.5139724016189575
46.png,1,1,1.0,1,1,0.99946266412735
52.png,1,1,0.9683,1,1,0.9496607780456544
54.png,0,0,0.426,0,1,0.8618229627609253
57.png,1,1,0.973,1,1,0.9554798007011414
60.png,1,1,0.989,1,1,0.9597666263580322
65.png,1,0,0.088,1,0,0.4610365927219391
66.png,1,1,0.9053,1,1,0.7381580471992493
71.png,1,1,0.9985,1,1,0.9955216646194458
79.png,1,1,0.9995,1,1,0.99812251329422
83.png,1,1,0.996,1,1,0.9913615584373474
87.png,1,1,0.6865,1,1,0.7921140789985657
94.png,1,1,0.9863,1,1,0.6932955980300903
110.png,1,1,0.996,1,1,0.9926111102104188
112.png,1,1,0.9863,1,1,0.8250120878219604
113.png,1,1,0.9985,1,1,0.9981712102890016
114.png,1,1,0.9995,1,1,0.9973064661026
118.png,1,1,0.9976,1,1,0.9988080263137816
120.png,1,1,0.961,1,1,0.942349135875702
125.png,1,0,0.02663,1,1,0.6664371490478516
133.png,1,1,0.9434,1,1,0.9979077577590942
153.png,1,1,0.9966,1,1,0.8537576794624329
162.png,1,1,0.9985,1,1,0.8896037340164185
163.png,1,0,0.0482,1,0,0.1402516663074493
167.png,1,1,0.786,1,1,0.9097324013710022
168.png,1,0,0.0472,1,0,0.0031015230342745
171.png,1,1,0.8735,1,1,0.8238844871520996
174.png,1,1,0.9746,1,0,0.1667668223381042
177.png,1,0,0.033,1,0,0.2826996445655823
178.png,1,1,0.9995,1,1,0.9995691180229188
179.png,1,1,0.9326,1,1,0.6908433437347412
180.png,1,1,0.973,1,1,0.9845464825630188
186.png,0,0,0.03607,0,0,0.0611183196306228
190.png,1,1,0.9995,1,1,0.985217273235321
200.png,1,1,0.9995,1,1,0.9553833603858948
203.png,1,1,0.996,1,1,0.9894164204597472
204.png,1,1,0.9985,1,1,0.9667392373085022
206.png,1,1,0.9976,1,1,0.9982728958129884
216.png,1,1,0.995,1,1,0.9944782257080078
220.png,1,1,0.997,1,1,0.9241313338279724
230.png,0,1,0.9976,0,1,0.997050404548645
233.png,1,1,0.9995,1,1,0.9909794330596924
235.png,1,1,0.995,1,1,0.9996052384376526
237.png,1,1,0.9253,1,0,0.118687592446804
238.png,1,1,0.875,1,1,0.954172432422638
244.png,1,1,0.991,1,1,0.950914978981018
246.png,1,1,0.9746,1,1,0.9930219054222108
255.png,1,1,0.958,1,1,0.9868878722190856
259.png,1,1,0.996,1,1,0.9964074492454528
260.png,0,0,0.0382,0,0,0.0885501652956008
261.png,1,1,0.9976,1,1,0.9642666578292848
267.png,1,1,0.964,1,1,0.7335396409034729
277.png,1,1,0.994,1,1,0.9143020510673524
278.png,1,1,0.875,1,1,0.8441230058670044
282.png,0,1,0.5884,0,0,0.1858678609132766
285.png,0,1,0.9097,0,1,0.8986343741416931
287.png,1,1,0.9995,1,1,0.9233506321907043
292.png,1,1,0.999,1,1,0.999368131160736
297.png,1,1,0.9985,1,1,0.9997075200080872
302.png,1,1,0.7075,1,1,0.5741859078407288
303.png,1,1,0.9814,1,1,0.9340818524360656
306.png,1,1,0.967,1,1,0.9988920092582704
307.png,1,1,1.0,1,1,0.9789683222770692
310.png,1,1,1.0,1,1,0.997660994529724
312.png,1,1,0.999,1,1,0.9996461868286132
321.png,1,1,0.9995,1,1,0.9918150305747986
325.png,1,1,0.99,1,1,0.6907052397727966
326.png,1,1,0.9985,1,1,0.9517225027084352
328.png,1,1,0.999,1,1,0.9949422478675842
330.png,1,0,0.12195,1,0,0.4147542119026184
331.png,1,1,0.958,1,0,0.3183826506137848
334.png,0,1,0.9595,0,1,0.9019556641578674
335.png,1,1,1.0,1,1,0.9996585845947266
337.png,1,1,0.6675,1,0,0.4720405638217926
340.png,1,1,0.998,1,1,0.9940750598907472
344.png,1,1,0.9956,1,1,0.9831111431121826
351.png,1,1,0.572,1,0,0.4187682569026947
352.png,1,1,0.9927,1,1,0.9928197264671326
353.png,1,1,0.9927,1,1,0.9934856295585632
355.png,1,1,0.922,1,1,0.5730878114700317
361.png,1,1,0.8955,1,0,0.0104269888252019
371.png,1,1,0.952,1,1,0.79056715965271
378.png,1,1,0.986,1,1,0.8739873170852661
380.png,1,0,0.0808,1,1,0.7911390066146851
383.png,1,1,0.9814,1,1,0.996987521648407
384.png,1,1,0.9844,1,1,0.9995265007019044
385.png,1,1,0.999,1,1,0.880117654800415
389.png,1,1,0.9985,1,1,0.963199019432068
390.png,1,1,0.9976,1,1,0.9942104816436768
392.png,1,1,0.9946,1,1,0.9917002320289612
402.png,1,1,0.9985,1,1,0.9802210330963136
409.png,1,1,0.9995,1,1,0.9930053353309632
410.png,1,1,1.0,1,1,0.9989019632339478
413.png,1,1,1.0,1,1,0.9996912479400636
420.png,1,1,0.957,1,0,0.0676409304141998
422.png,1,0,0.282,1,0,0.0582276210188865
428.png,1,1,0.8735,1,1,0.927769422531128
437.png,1,1,0.999,1,1,0.9767010807991028
444.png,1,1,0.999,1,1,0.989154040813446
449.png,1,1,1.0,1,1,0.9968388080596924
452.png,1,1,0.5845,1,1,0.8506086468696594
453.png,1,1,0.9995,1,1,0.9980485439300536
454.png,1,1,0.998,1,1,0.9967393279075624
460.png,1,1,0.9966,1,1,0.9048793315887452
461.png,1,1,0.959,1,1,0.994371235370636
466.png,1,1,0.958,1,1,0.9576218128204346
467.png,0,0,0.444,0,1,0.8499941229820251
478.png,1,1,0.996,1,1,0.8316423892974854
480.png,0,1,0.5,0,1,0.8708175420761108
481.png,1,1,0.979,1,1,0.9828946590423584
483.png,0,0,0.001611,0,0,0.0008964351727627
489.png,1,1,0.9917,1,1,0.9494231343269348
490.png,1,1,0.9985,1,1,0.7785308957099915
491.png,1,0,0.4468,1,1,0.7644681930541992
493.png,1,1,0.98,1,0,0.2106668353080749
503.png,1,1,0.986,1,1,0.9022399187088012
506.png,1,1,0.999,1,1,0.9914885759353638
508.png,1,1,0.9966,1,1,0.9961440563201904
509.png,1,1,0.9995,1,1,0.9362851977348328
511.png,0,1,0.869,0,1,0.6301071047782898
515.png,1,1,0.999,1,1,0.9985748529434204
520.png,1,1,0.9995,1,1,0.9882344007492064
522.png,1,1,0.999,1,1,0.9763537645339966
525.png,1,1,0.781,1,0,0.4601466655731201
527.png,1,1,0.662,1,1,0.8664811253547668
529.png,1,1,0.995,1,1,0.9637930393218994
531.png,1,1,0.986,1,1,0.9998078942298888
541.png,1,1,0.9995,1,1,0.9986097812652588
547.png,1,1,0.8486,1,1,0.6404256820678711
549.png,1,1,0.9043,1,0,0.1794883906841278
552.png,1,1,0.503,1,1,0.5402777194976807
554.png,1,1,1.0,1,1,0.9998389482498168
556.png,1,1,0.998,1,1,0.999387502670288
559.png,1,1,0.94,1,0,0.3047391772270202
563.png,1,1,0.9966,1,1,0.9670684337615968
569.png,1,1,0.995,1,1,0.8705703020095825
574.png,1,1,0.932,1,1,0.9883689880371094
581.png,1,1,0.633,1,1,0.7014626264572144
587.png,1,1,0.9194,1,1,0.888131856918335
589.png,1,1,0.9995,1,1,0.9956536293029784
590.png,0,1,0.9985,0,1,0.960634708404541
595.png,0,0,0.02084,0,0,0.0423609837889671
607.png,1,1,0.997,1,1,0.9730393290519714
612.png,1,1,0.9995,1,1,0.9993927478790284
613.png,1,1,0.999,1,1,0.9635604619979858
614.png,1,1,0.9995,1,1,0.9973154664039612
615.png,1,1,0.9985,1,1,0.9780598282814026
619.png,1,1,0.995,1,1,0.9075693488121032
622.png,1,1,0.9707,1,1,0.8968042135238647
623.png,1,1,0.999,1,1,0.997574746608734
627.png,1,1,0.887,1,1,0.7067583203315735
640.png,1,1,0.996,1,1,0.9957654476165771
647.png,1,1,1.0,1,1,0.9942653775215148
648.png,1,1,0.4656,1,1,0.7265193462371826
649.png,1,1,0.9688,1,1,0.8827040195465088
651.png,1,1,0.916,1,1,0.9585806131362916
657.png,1,1,1.0,1,1,0.9817131161689758
662.png,1,1,0.981,1,0,0.268960565328598
666.png,1,1,0.992,1,1,0.8619285225868225
667.png,1,1,0.999,1,1,0.9487754702568054
671.png,1,1,0.9995,1,1,0.9956685304641724
676.png,1,0,0.3584,1,1,0.8105108141899109
688.png,1,1,0.7485,1,1,0.7958517670631409
692.png,1,1,0.998,1,1,0.762137770652771
698.png,0,1,0.545,0,1,0.98637193441391
699.png,0,1,0.962,0,1,0.6642432808876038
700.png,1,1,0.9956,1,1,0.961219847202301
703.png,1,1,1.0,1,1,0.9837579131126404
706.png,1,1,0.913,1,1,0.958329737186432
722.png,1,1,0.9995,1,1,0.9991378784179688
726.png,1,1,0.833,1,1,0.9096462726593018
734.png,1,1,0.682,1,0,0.0198756270110607
735.png,1,1,0.5474,1,1,0.8041511178016663
736.png,1,0,0.3433,1,1,0.9364779591560364
737.png,1,1,0.9995,1,1,0.9845949411392212
742.png,1,1,0.9956,1,1,0.9986122846603394
744.png,1,1,0.9995,1,1,0.999658465385437
752.png,1,1,0.9995,1,1,0.998387336730957
755.png,1,1,0.977,1,1,0.9534637331962584
757.png,1,1,0.998,1,1,0.6888711452484131
762.png,1,1,0.776,1,1,0.9419897198677064
769.png,1,1,0.917,1,1,0.7766413688659668
770.png,1,1,0.9956,1,1,0.9891111254692078
778.png,1,1,0.9937,1,1,0.9287305474281312
779.png,1,1,0.9995,1,1,0.9791061878204346
785.png,1,1,0.8267,1,1,0.5222629308700562
786.png,1,1,0.998,1,1,0.9971407651901244
788.png,1,1,0.9985,1,1,0.9723492860794068
791.png,1,1,0.993,1,1,0.958498477935791
794.png,1,1,0.9863,1,1,0.9452044367790222
803.png,1,1,0.8184,1,0,0.3669396936893463
805.png,1,1,0.998,1,1,0.9925518035888672
806.png,1,1,0.988,1,1,0.9860203862190248
818.png,1,1,0.9785,1,1,0.7422906160354614
828.png,1,1,0.9614,1,1,0.9156687259674072
830.png,1,1,0.9985,1,1,0.994394302368164
831.png,1,1,1.0,1,1,0.9770986437797546
833.png,1,1,0.9624,1,1,0.9589887261390686
834.png,1,1,0.9995,1,1,0.9981456995010376
835.png,1,1,0.999,1,1,0.9980682730674744
839.png,1,1,0.995,1,1,0.9435439705848694
841.png,1,1,0.5205,1,1,0.9878824949264526
842.png,1,1,0.9336,1,1,0.665979266166687
848.png,1,1,0.9907,1,1,0.9842833280563354
854.png,1,0,0.4067,1,1,0.7183674573898315
855.png,0,1,0.595,0,1,0.892821192741394
862.png,1,1,0.9854,1,1,0.9488047957420348
866.png,1,1,0.9663,1,1,0.981938898563385
867.png,1,1,0.999,1,1,0.989370346069336
868.png,1,1,0.7305,1,1,0.9660872220993042
876.png,1,1,0.984,1,1,0.7550790309906006
878.png,1,1,0.8877,1,1,0.6616462469100952
884.png,1,1,0.9033,1,1,0.9043342471122742
886.png,1,0,0.2081,1,0,0.1926988214254379
889.png,0,0,0.000781,0,0,7.13535919203423e-05
890.png,1,1,0.998,1,1,0.9871329069137572
895.png,1,1,0.866,1,1,0.7855271697044373
898.png,1,1,0.654,1,0,0.250263899564743
904.png,1,1,0.6753,1,0,0.4719585478305816
906.png,1,1,0.7656,1,1,0.9788535833358764
909.png,1,1,0.962,1,1,0.9686585068702698
918.png,1,1,0.9985,1,1,0.9330833554267884
927.png,1,1,0.915,1,0,0.2219566255807876
929.png,1,1,0.9976,1,1,0.9496594667434692
932.png,1,1,0.7974,1,1,0.9890555143356324
935.png,1,1,0.9893,1,1,0.974425733089447
941.png,1,1,0.9824,1,1,0.9788813591003418
943.png,1,1,0.998,1,1,0.9770400524139404
945.png,1,1,0.9976,1,1,0.9834327101707458
956.png,1,0,0.4448,1,0,0.1307837963104248
962.png,1,1,0.9756,1,1,0.7004284262657166
972.png,0,1,0.951,0,1,0.9892867803573608
978.png,0,1,0.6733,0,0,0.1090111956000328
979.png,1,1,0.97,1,1,0.9528035521507264
982.png,1,0,0.2128,1,0,0.1030745357275009
983.png,1,1,0.9995,1,1,0.9989069700241088
988.png,1,1,0.982,1,1,0.9679407477378844
1005.png,1,1,0.9966,1,1,0.9993707537651062
1017.png,1,1,0.998,1,1,0.9999284744262696
1022.png,1,1,0.6025,1,1,0.7566090822219849
1024.png,1,1,0.9727,1,1,0.8269586563110352
1028.png,0,0,0.0729,0,0,0.0752593576908111
1036.png,1,1,0.9033,1,1,0.7400616407394409
1042.png,1,1,0.949,1,1,0.9750115275382996
1046.png,1,1,0.9985,1,1,0.9976288676261902
1052.png,1,1,0.6094,1,0,0.2061903327703476
1063.png,1,1,0.995,1,1,0.992034375667572
1065.png,1,1,0.998,1,1,0.9856441020965576
1079.png,0,0,0.01952,0,0,0.0061055836267769
1080.png,1,1,0.9976,1,1,0.9879701137542723
1083.png,1,1,0.9956,1,1,0.9789804220199584
1084.png,1,1,0.997,1,1,0.9908798933029176
1087.png,1,0,0.2588,1,1,0.9673871994018556
1102.png,1,1,0.5693,1,1,0.7007067203521729
1104.png,1,1,0.9424,1,1,0.9649955630302428
1105.png,1,1,0.998,1,1,0.9721768498420716
1107.png,1,1,0.997,1,1,0.7082328200340271
1108.png,1,1,0.999,1,1,0.9957914352416992
1110.png,1,1,0.8867,1,1,0.998637855052948
1113.png,1,1,0.977,1,1,0.9870558977127076
1114.png,1,1,0.995,1,1,0.9799625873565674
1119.png,1,1,0.987,1,1,0.9961737990379332
1121.png,1,1,0.9873,1,1,0.7657279372215271
1123.png,1,0,0.1616,1,0,0.1527824997901916
1128.png,1,0,0.06757,1,0,0.0923267900943756
1132.png,1,1,0.9897,1,1,0.6655240058898926
1133.png,1,1,0.996,1,1,0.9964389801025392
1135.png,1,1,0.984,1,1,0.981835961341858
1138.png,0,0,0.003721,0,0,0.0095907552167773
1144.png,1,1,0.982,1,1,0.891549289226532
1145.png,1,1,0.945,1,1,0.90113627910614
1162.png,1,1,0.996,1,1,0.99471777677536
1166.png,0,0,0.004116,0,0,0.001062543131411
1170.png,1,1,0.9326,1,1,0.6008166670799255
1174.png,1,1,0.8203,1,1,0.9869699478149414
1176.png,1,1,0.9985,1,1,0.5233888626098633
1184.png,1,1,0.9546,1,1,0.501441478729248
1188.png,0,0,0.152,0,1,0.8914664387702942
1190.png,0,0,0.007317,0,0,0.3086099624633789
1193.png,0,1,0.5347,0,0,0.0906047597527504
1206.png,0,1,0.9985,0,1,0.9931957721710204
1208.png,1,1,0.995,1,1,0.9999104738235474
1213.png,1,0,0.12134,1,0,0.0059329587966203
1214.png,1,1,0.986,1,1,0.9854907989501952
1218.png,1,1,0.9966,1,1,0.98702734708786
1220.png,1,1,0.861,1,0,0.1127346977591514
1228.png,1,1,0.952,1,1,0.986240565776825
1229.png,1,1,0.541,1,1,0.6524013876914978
1235.png,1,1,0.654,1,1,0.9009283781051636
1236.png,1,1,0.889,1,1,0.8979079723358154
1237.png,1,1,0.9727,1,1,0.7240334153175354
1242.png,1,1,1.0,1,1,0.9929251670837402
1255.png,1,1,0.996,1,1,0.9786565899848938
1257.png,1,1,0.997,1,1,0.9830127358436584
1261.png,1,1,0.9995,1,1,0.996049702167511
1262.png,1,1,0.9985,1,1,0.9933977127075196
1271.png,1,1,0.981,1,1,0.5291194319725037
1272.png,1,1,0.9795,1,1,0.9852567315101624
1276.png,1,1,0.9985,1,1,0.9994319081306458
1277.png,1,1,0.9927,1,1,0.786766767501831
1281.png,1,1,0.999,1,1,0.9672807455062866
1287.png,1,1,0.565,1,0,0.0515418462455272
1294.png,1,1,0.9966,1,1,0.9177144169807434
1299.png,1,1,0.918,1,1,0.8750879764556885
1300.png,1,1,0.99,1,1,0.9274446368217468
1301.png,1,1,0.999,1,1,0.9987722039222716
1309.png,0,0,0.000168,0,0,1.1475966857688036e-05
1324.png,1,1,0.723,1,1,0.8964414596557617
1328.png,1,1,0.971,1,1,0.8260357975959778
1332.png,1,1,0.7705,1,1,0.7467004656791687
1342.png,1,1,0.998,1,1,0.992607355117798
1343.png,1,1,0.9995,1,1,0.9902580976486206
1344.png,1,1,0.9995,1,1,0.9996297359466552
1345.png,1,1,0.9985,1,1,0.9986788630485536
1346.png,1,1,0.6533,1,1,0.8040063381195068
1348.png,1,1,0.965,1,1,0.9864912033081056
1356.png,1,1,0.7046,1,0,0.2837716042995453
1359.png,0,0,0.2275,0,1,0.9316071271896362
1367.png,1,1,1.0,1,1,0.9976582527160645
1372.png,1,1,0.9395,1,1,0.9728363156318665
1376.png,1,1,0.997,1,1,0.8511738777160645
1383.png,0,0,0.002415,0,0,0.0200020726770162
1384.png,1,1,0.866,1,1,0.9851401448249816
1385.png,1,1,0.9985,1,1,0.9842615127563475
1387.png,1,1,0.6924,1,0,0.1869485080242157
1388.png,1,1,0.998,1,1,0.9933876991271972
1390.png,1,0,0.2135,1,0,0.3585177958011627
1392.png,1,1,0.584,1,1,0.8281710147857666
1396.png,1,1,0.999,1,1,0.9987159967422484
1399.png,1,1,0.999,1,1,0.9790670275688172
1407.png,1,1,0.994,1,1,0.7617601156234741
1417.png,1,1,0.996,1,1,0.9942672848701476
1418.png,1,1,0.983,1,1,0.99757581949234
1423.png,1,1,0.9995,1,1,0.9918026328086852
1434.png,1,1,0.999,1,1,0.9972296357154846
1439.png,1,1,0.999,1,1,0.9854065179824828
1440.png,1,1,0.888,1,1,0.5772424340248108
1445.png,1,1,0.999,1,1,0.992005169391632
1446.png,1,1,0.9927,1,1,0.9876411557197572
1448.png,1,1,0.997,1,1,0.9979670643806458
1463.png,1,1,0.9956,1,1,0.9085561633110046
1464.png,1,1,0.9844,1,1,0.969732403755188
1468.png,1,1,0.959,1,1,0.6503491401672363
1476.png,1,1,0.8604,1,1,0.9914129972457886
1477.png,1,1,0.997,1,1,0.9973089694976808
1478.png,1,1,0.7935,1,0,0.2305440902709961
1479.png,1,1,0.9985,1,1,0.9985244870185852
1482.png,1,1,0.9585,1,1,0.7180464863777161
1487.png,1,1,0.999,1,1,0.9987356066703796
1490.png,0,1,0.946,0,0,0.2369678616523742
1491.png,1,1,0.999,1,1,0.9978063702583312
1492.png,1,1,0.9907,1,1,0.9578120708465576
1500.png,1,1,0.9688,1,1,0.5798999667167664
1502.png,1,1,0.9946,1,1,0.6092121005058289
1503.png,1,1,0.9995,1,1,0.9548384547233582
1506.png,1,1,0.9883,1,1,0.7272707223892212
1515.png,0,1,0.9067,0,0,0.4306083023548126
1518.png,1,1,0.947,1,0,0.4519979059696197
1519.png,1,1,0.9775,1,1,0.9396879076957704
1520.png,1,0,0.3025,1,1,0.8266504406929016
1525.png,1,1,1.0,1,1,0.9979077577590942
1527.png,1,1,0.996,1,1,0.9041507244110109
1533.png,1,1,0.9814,1,1,0.9417688250541688
1555.png,1,1,1.0,1,1,0.9964067339897156
1557.png,1,1,0.996,1,0,0.407643049955368
1559.png,1,1,0.9966,1,1,0.9656066298484802
1561.png,1,1,0.9946,1,1,0.767236590385437
1562.png,1,1,0.998,1,1,0.9824586510658264
1565.png,1,1,0.9995,1,1,0.998219668865204
1571.png,1,1,0.999,1,1,0.9940845370292664
1574.png,1,1,0.999,1,1,0.9905794262886048
1577.png,1,1,0.9995,1,1,0.983758807182312
1581.png,1,1,0.9937,1,1,0.8201401233673096
1587.png,0,1,0.763,0,0,0.3361445665359497
1596.png,1,1,0.8936,1,1,0.9181999564170836
1599.png,0,1,0.5938,0,0,0.2551025152206421
1606.png,1,1,0.998,1,1,0.9518028497695924
1607.png,1,1,0.9785,1,1,0.9748695492744446
1611.png,1,1,1.0,1,1,0.9999243021011353
1612.png,1,1,0.9995,1,1,0.9515017867088318
1617.png,1,0,0.448,1,1,0.9928489923477172
1620.png,1,1,0.9927,1,1,0.9959654808044434
1625.png,1,1,0.998,1,1,0.9690657258033752
1628.png,0,1,0.477,0,0,0.0059130019508302
1631.png,0,1,0.9463,0,1,0.8949192762374878
1636.png,1,0,0.2438,1,0,0.1954961419105529
1639.png,1,1,0.9985,1,1,0.9876691699028016
1641.png,1,1,0.9995,1,1,0.9911529421806335
1648.png,1,0,0.1968,1,0,0.2158314734697342
1668.png,1,1,0.456,1,1,0.7566025257110596
1674.png,1,1,0.9385,1,0,0.4977199733257293
1675.png,1,1,0.9985,1,1,0.8291674256324768
1678.png,1,1,0.9863,1,1,0.8765413761138916
1679.png,1,1,0.977,1,1,0.8209890723228455
1680.png,1,1,0.997,1,1,0.9430794715881348
1681.png,1,1,0.4768,1,0,0.0477357320487499
1685.png,1,1,0.5166,1,0,0.2627246081829071
1688.png,1,1,0.904,1,0,0.4037032425403595
1689.png,1,1,0.9976,1,0,0.4253776371479034
1691.png,1,1,0.9863,1,1,0.9900557994842528
1696.png,1,1,0.998,1,1,0.993158519268036
1701.png,1,1,0.9946,1,1,0.9992278814315796
1710.png,1,1,0.978,1,1,0.9122124314308168
1713.png,1,1,0.5757,1,1,0.7468913793563843
1715.png,1,1,0.9893,1,1,0.5950428247451782
1716.png,1,1,0.997,1,1,0.9572070837020874
1719.png,1,1,0.997,1,1,0.9187166690826416
1724.png,1,1,0.9995,1,1,0.999009370803833
1726.png,1,1,0.976,1,0,0.0728641524910926
1728.png,1,1,0.9917,1,1,0.9942601919174194
1736.png,1,1,0.9995,1,1,0.997576892375946
1738.png,1,1,0.791,1,1,0.5013050436973572
1744.png,1,1,0.9985,1,1,0.9843708872795104
1745.png,1,1,0.978,1,1,0.918939769268036
1750.png,1,1,0.9355,1,1,0.9589704275131226
1754.png,1,1,1.0,1,1,0.9991012811660768
1756.png,1,1,0.9395,1,1,0.9835687279701232
1757.png,1,1,0.9995,1,1,0.9981058835983276
1765.png,1,1,0.996,1,1,0.9837730526924132
1770.png,0,1,0.935,0,1,0.502608060836792
1771.png,1,1,0.9336,1,0,0.1074643731117248
1774.png,1,1,0.999,1,1,0.9948139190673828
1782.png,1,1,1.0,1,1,0.9985870122909546
1784.png,1,1,0.9995,1,1,0.997087299823761
1787.png,1,1,0.806,1,1,0.5791266560554504
1790.png,1,1,0.9883,1,0,0.437877207994461
1801.png,1,1,0.997,1,1,0.9971328973770142
1802.png,1,1,0.925,1,1,0.9485818147659302
1806.png,1,1,0.9995,1,1,0.993768572807312
1808.png,0,1,0.497,0,0,0.3586009442806244
1817.png,1,1,0.999,1,1,0.991204559803009
1818.png,1,1,0.9995,1,1,0.9985631108283995
1829.png,1,1,0.9995,1,1,0.9643981456756592
1832.png,1,1,0.999,1,1,0.9965903759002686
1833.png,1,1,0.825,1,1,0.94028502702713
1835.png,1,1,1.0,1,1,0.9991099238395692
1836.png,1,1,0.9956,1,1,0.9708093404769896
1838.png,1,1,0.989,1,1,0.8637890815734863
1839.png,1,1,1.0,1,1,0.9997238516807556
1840.png,1,1,0.9805,1,1,0.6300344467163086
1843.png,1,1,0.9917,1,1,0.8242287635803223
1846.png,1,1,0.997,1,1,0.856340229511261
1851.png,1,1,0.9985,1,1,0.9812580347061156
1854.png,1,1,0.994,1,1,0.9708958268165588
1864.png,1,1,1.0,1,1,0.9999165534973145
1865.png,1,1,0.9893,1,1,0.8489850163459778
1869.png,1,1,0.978,1,1,0.9989407658576964
1873.png,1,1,0.9653,1,1,0.8199332356452942
1874.png,1,1,0.9995,1,1,0.9968515038490297
1880.png,1,1,0.9937,1,1,0.8848525881767273
1890.png,1,1,0.9897,1,1,0.9432830810546876
1899.png,1,1,0.997,1,1,0.8639330267906189
1909.png,1,1,0.9995,1,1,0.9923391342163086
1913.png,1,1,0.986,1,1,0.9880424737930298
1914.png,1,1,0.6914,1,1,0.8248420357704163
1916.png,1,1,0.986,1,1,0.982399582862854
1920.png,1,1,0.9927,1,1,0.9723557233810424
1923.png,1,1,0.9814,1,1,0.9948953986167908
1933.png,1,0,0.137,1,1,0.7821212410926819
1938.png,1,1,0.983,1,1,0.6443079113960266
1946.png,1,1,0.9976,1,1,0.9954089522361756
1947.png,1,1,0.9756,1,1,0.9329424500465392
1948.png,1,1,0.9985,1,1,0.8572680354118347
1950.png,1,1,0.999,1,1,0.8040029406547546
1951.png,1,1,0.9976,1,1,0.9451931118965148
1954.png,1,1,0.9824,1,1,0.8418618440628052
1975.png,1,1,0.9995,1,1,0.9995064735412598
1981.png,1,1,1.0,1,1,0.9936554431915284
2003.png,1,1,0.997,1,1,0.9435873031616212
2004.png,1,1,0.986,1,1,0.9862564206123352
2009.png,1,1,0.9995,1,1,0.9895058274269104
2015.png,1,1,0.9995,1,1,0.9943721294403076
2017.png,1,1,0.9995,1,1,0.9995373487472534
2018.png,1,1,0.98,1,1,0.976918876171112
2019.png,1,1,0.9717,1,0,0.3008386790752411
2023.png,1,1,0.997,1,1,0.99703848361969
2026.png,1,1,0.9995,1,1,0.9878668785095216
2028.png,1,1,0.8306,1,1,0.765477180480957
2031.png,1,1,0.9893,1,1,0.9809855818748474
2032.png,1,1,0.9404,1,0,0.303214818239212
2039.png,1,1,1.0,1,1,0.9994601607322692
2043.png,1,1,0.9897,1,1,0.9909290671348572
2055.png,1,1,0.974,1,0,0.3843632340431213
2057.png,1,1,0.9976,1,1,0.9750661253929138
2069.png,1,1,0.993,1,1,0.5103422999382019
2073.png,1,1,0.999,1,1,0.9866181015968324
2075.png,1,1,0.9907,1,1,0.9712594747543336
2078.png,1,1,0.9976,1,1,0.9915952086448668
2080.png,1,1,0.9995,1,1,0.995972454547882
2098.png,1,1,0.998,1,1,0.9650519490242004
2099.png,1,1,0.9995,1,1,0.997495412826538
2101.png,1,1,1.0,1,1,0.986334264278412
2106.png,1,1,0.9985,1,1,0.9960700273513794
2110.png,1,1,0.995,1,1,0.996915340423584
2112.png,1,1,0.9927,1,1,0.9982694387435912
2126.png,1,1,0.8657,1,1,0.8545276522636414
2129.png,1,1,0.9985,1,1,0.978120744228363
2141.png,1,1,0.9985,1,1,0.987385392189026
2142.png,1,1,0.9946,1,1,0.9924564361572266
2144.png,1,1,0.5557,1,0,0.1183807700872421
2149.png,1,1,0.9985,1,1,0.972923755645752
2155.png,1,1,0.995,1,0,0.3479677438735962
2160.png,1,1,1.0,1,1,0.9986838698387146
2164.png,1,0,0.03632,1,0,0.0968885943293571
2167.png,1,1,0.9736,1,0,0.3888760507106781
2169.png,1,1,1.0,1,1,0.9990836381912231
2172.png,1,1,1.0,1,1,0.9971994161605836
2177.png,1,1,0.853,1,1,0.9745817184448242
2179.png,1,1,1.0,1,1,0.9990035891532898
2181.png,1,1,0.94,1,1,0.5575657486915588
2183.png,1,1,0.9663,1,1,0.951222836971283
2196.png,1,1,0.9985,1,1,0.9988848567008972
2204.png,1,1,0.9995,1,1,0.998611330986023
2222.png,1,1,0.6626,1,1,0.6341296434402466
2226.png,1,1,0.995,1,1,0.9938883185386658
2233.png,1,1,0.9995,1,1,0.9821848273277284
2240.png,1,1,0.999,1,1,0.9724352955818176
2244.png,1,1,0.9995,1,1,0.9980271458625792
2245.png,1,1,0.9995,1,1,0.9988749623298644
2248.png,1,1,1.0,1,1,0.9987620115280152
2255.png,1,1,0.9854,1,1,0.9850826263427734
2258.png,1,1,0.9966,1,1,0.994564175605774
2263.png,1,1,0.9946,1,1,0.993339478969574
2269.png,1,1,0.997,1,1,0.999683141708374
2276.png,1,1,0.9966,1,1,0.9764753580093384
2279.png,1,1,0.991,1,1,0.9531404376029968
2284.png,1,1,1.0,1,1,0.9964630007743835
2288.png,1,1,0.68,1,1,0.6479830145835876
2295.png,1,1,0.997,1,1,0.9556853175163268
2296.png,1,1,1.0,1,1,0.9991857409477234
2297.png,1,1,0.978,1,1,0.978640079498291
2298.png,1,1,0.969,1,1,0.8721858859062195
2301.png,1,1,1.0,1,1,0.993147313594818
2317.png,1,0,0.3599,1,1,0.5492510199546814
2325.png,1,1,0.9614,1,1,0.6715430617332458
2327.png,1,1,0.9995,1,1,0.9876232147216796
2333.png,1,1,0.9893,1,1,0.879577100276947
2339.png,1,1,0.875,1,0,0.3153697550296783
2343.png,1,1,0.9995,1,1,0.9200412034988404
2349.png,1,1,1.0,1,1,0.9978649020195008
2353.png,1,1,0.735,1,1,0.9935006499290466
2359.png,1,1,1.0,1,1,0.9927654266357422
2364.png,1,1,0.9995,1,1,0.9950619339942932
2367.png,1,1,0.984,1,1,0.9848191738128662
2368.png,1,1,0.992,1,1,0.9841070175170898
2370.png,1,1,0.9995,1,1,0.994936466217041
2371.png,1,1,0.995,1,1,0.9982890486717224
2372.png,1,1,0.9995,1,1,0.9902929067611694
2373.png,1,1,0.9434,1,1,0.9841258525848388
2374.png,1,1,0.782,1,1,0.8792961239814758
2376.png,1,1,0.9844,1,1,0.8591744303703308
2379.png,1,1,0.599,1,1,0.9497522711753844
2386.png,1,1,0.92,1,1,0.9250957369804382
2392.png,1,1,0.9927,1,1,0.8422386050224304
2399.png,1,1,0.858,1,1,0.9059272408485411
2404.png,1,1,0.9985,1,1,0.9948484897613524
2414.png,1,1,1.0,1,1,0.9995076656341552
2415.png,1,1,0.981,1,1,0.7863531708717346
2417.png,1,1,0.9995,1,1,0.9744344353675842
2430.png,1,1,0.999,1,1,0.9974306225776672
2431.png,1,1,1.0,1,1,0.9963836669921876
2433.png,1,1,0.997,1,1,0.786320149898529
2443.png,1,1,0.983,1,1,0.9349687695503236
2447.png,1,1,0.974,1,1,0.9985955357551576
2457.png,1,1,0.963,1,1,0.9542545080184937
2458.png,1,1,0.999,1,1,0.9815178513526917
2463.png,1,1,0.9995,1,1,0.9976898431777954
2465.png,1,1,0.9985,1,1,0.8043591976165771
2471.png,1,1,0.9976,1,1,0.9902064204216005
2474.png,1,1,0.907,1,1,0.7687304019927979
2480.png,1,1,0.998,1,1,0.9972219467163086
2491.png,1,1,0.988,1,1,0.9618712663650512
2493.png,1,1,0.9717,1,1,0.5145736932754517
2501.png,1,1,0.833,1,1,0.8707988262176514
2504.png,1,1,0.9907,1,0,0.3608567118644714
2506.png,1,1,0.999,1,1,0.9995044469833374
2517.png,1,1,0.963,1,0,0.3071244657039642
2519.png,1,1,0.9824,1,1,0.968778431415558
2528.png,1,1,0.9976,1,1,0.9777418971061708
2530.png,1,1,0.985,1,1,0.7361968159675598
2534.png,1,1,0.9673,1,1,0.8340870141983032
2537.png,1,1,0.998,1,1,0.9504206776618958
2539.png,1,1,0.9023,1,1,0.5288169384002686
2540.png,1,1,0.992,1,1,0.9054743647575378
2546.png,1,1,0.9985,1,1,0.9852861166000366
2547.png,1,1,1.0,1,1,0.9983738660812378
2548.png,1,1,0.9995,1,1,0.9978760480880736
2549.png,1,1,0.971,1,1,0.964197278022766
2550.png,1,1,0.9883,1,1,0.8789093494415283
2553.png,1,1,0.9995,1,1,0.9973303079605104
2555.png,1,1,0.9995,1,1,0.9995030164718628
2557.png,1,1,0.85,1,1,0.8112055659294128
2559.png,1,1,0.945,1,1,0.9059070944786072
2568.png,1,1,1.0,1,1,0.9990679621696472
2575.png,1,1,0.839,1,1,0.6569333672523499
2578.png,1,1,0.9976,1,1,0.988801121711731
2579.png,1,1,0.991,1,1,0.895689070224762
2580.png,1,1,0.99,1,1,0.9457494020462036
2584.png,1,1,0.9976,1,1,0.9667879343032836
2592.png,0,1,0.969,0,1,0.9701335430145264
2594.png,1,1,0.884,1,1,0.6105383038520813
2596.png,1,1,1.0,1,1,0.9989134073257446
2599.png,1,1,0.9995,1,1,0.9996156692504884
2602.png,1,1,0.8887,1,0,0.1937649250030517
2604.png,1,1,0.998,1,1,0.999420166015625
2605.png,1,1,0.9985,1,1,0.999216079711914
2616.png,1,1,0.999,1,1,0.9864770174026488
2617.png,1,1,0.984,1,1,0.9865259528160096
2618.png,1,1,0.9937,1,1,0.989825963973999
2619.png,1,1,0.984,1,1,0.9725353121757508
2623.png,1,1,0.9907,1,1,0.915648877620697
2627.png,1,0,0.448,1,1,0.6131114363670349
2628.png,1,1,0.974,1,1,0.7979407906532288
2629.png,1,1,0.9985,1,1,0.995765209197998
2634.png,1,1,0.999,1,1,0.980952799320221
2637.png,1,1,0.9995,1,1,0.978199541568756
2639.png,1,1,0.999,1,1,0.9769556522369384
2645.png,1,1,0.9995,1,1,0.9994164705276488
2650.png,1,1,0.983,1,1,0.5300230383872986
2656.png,1,1,0.9995,1,1,0.9661521315574646
2658.png,1,1,0.999,1,1,0.9769287705421448
2661.png,1,1,0.95,1,1,0.8856271505355835
2671.png,1,1,0.999,1,1,0.9944260120391846
2672.png,1,1,0.7974,1,1,0.8796634674072266
2673.png,0,0,0.002216,0,0,0.1300392001867294
2675.png,1,1,0.998,1,1,0.9996544122695924
2677.png,1,1,0.9956,1,1,0.9986911416053772
2684.png,1,1,0.997,1,1,0.9496532082557678
2685.png,1,1,0.9526,1,1,0.9789682030677797
2690.png,1,1,0.994,1,1,0.9811668992042542
2695.png,1,1,0.987,1,1,0.7879730463027954
2697.png,1,1,0.9937,1,1,0.81232750415802
2698.png,1,1,0.9995,1,1,0.9505015015602112
2706.png,1,1,0.991,1,1,0.9947007894515992
2707.png,0,1,0.9834,0,1,0.9881145358085632
2709.png,1,1,1.0,1,1,0.9999465942382812
2713.png,0,1,0.9443,0,1,0.8936384916305542
2718.png,1,1,0.7495,1,0,0.4551734030246734
2719.png,1,1,0.998,1,1,0.992643415927887
2720.png,1,1,0.998,1,1,0.6882112622261047
2725.png,1,1,0.9927,1,1,0.9465198516845704
2731.png,1,1,0.9995,1,1,0.963330090045929
2733.png,1,1,0.54,1,0,0.2182816714048385
2734.png,1,1,0.9595,1,1,0.8882219791412354
2744.png,1,1,0.9995,1,1,0.9954729676246644
2749.png,1,1,0.987,1,1,0.9540061950683594
2750.png,1,0,0.2551,1,1,0.9078969359397888
2755.png,1,1,1.0,1,1,0.9821359515190125
2756.png,1,1,0.9937,1,1,0.9961712956428528
2759.png,1,1,0.9897,1,1,0.9921200275421144
2765.png,1,1,0.9995,1,1,0.993627667427063
2766.png,1,1,0.9956,1,0,0.3898156285285949
2769.png,1,1,0.6436,1,0,0.0806765332818031
2771.png,0,1,0.9404,0,1,0.9715279936790466
2781.png,1,1,1.0,1,1,0.984351634979248
2782.png,1,1,0.999,1,1,0.9987177848815918
2784.png,0,1,0.998,0,1,0.989775776863098
2789.png,1,1,0.9985,1,1,0.9638720154762268
2797.png,1,1,0.9863,1,1,0.9779199361801147
2801.png,1,1,0.999,1,1,0.9989696741104126
2804.png,1,1,0.9985,1,1,0.992518424987793
2811.png,1,1,0.932,1,1,0.6373201608657837
2816.png,1,1,0.999,1,1,0.9888677000999452
2818.png,1,1,0.997,1,1,0.9985378980636596
2826.png,1,1,1.0,1,1,0.9999748468399048
2831.png,1,1,0.9995,1,1,0.9997759461402892
2833.png,1,1,1.0,1,1,0.999842405319214
2835.png,1,1,0.992,1,1,0.5790682435035706
2838.png,1,1,0.9,1,1,0.9253907799720764
2840.png,1,1,0.997,1,1,0.95795339345932
2842.png,1,1,0.99,1,1,0.8766584396362305
2846.png,1,0,0.4043,1,1,0.5046000480651855
2850.png,1,1,0.977,1,1,0.930420994758606
2851.png,1,1,1.0,1,1,0.999535322189331
2856.png,1,1,0.9985,1,1,0.9734235405921936
2860.png,1,1,0.98,1,1,0.649783730506897
2861.png,1,1,0.979,1,1,0.9894781708717346
2862.png,1,1,1.0,1,1,0.964011549949646
2864.png,1,1,0.9976,1,1,0.9963678121566772
2865.png,1,1,0.98,1,1,0.653465986251831
2871.png,1,0,0.331,1,1,0.617053210735321
2905.png,1,1,0.9946,1,1,0.9405741095542908
2906.png,1,1,0.9985,1,1,0.9946704506874084
2907.png,1,1,0.9927,1,1,0.9403721690177916
2914.png,1,1,0.999,1,1,0.8706069588661194
2925.png,1,1,0.5283,1,1,0.9498683214187622
2937.png,0,0,0.07886,0,1,0.7702671885490417
2942.png,1,1,0.9985,1,1,0.9746116399765016
2954.png,1,1,0.9976,1,1,0.9334673285484314
2958.png,1,1,0.9985,1,1,0.9918322563171388
2959.png,1,1,0.985,1,1,0.9658573269844056
2963.png,1,1,0.9927,1,1,0.9992290735244752
2965.png,1,1,0.993,1,1,0.985052227973938
2966.png,1,0,0.4268,1,1,0.9856049418449402
2970.png,1,1,0.9995,1,1,0.9998879432678224
2974.png,1,1,0.9966,1,1,0.8639712333679199
2979.png,1,1,0.9473,1,1,0.8729997873306274
2987.png,0,0,0.2637,0,0,0.2679652869701385
2989.png,0,1,0.999,0,1,0.9385815262794496
2990.png,1,1,0.999,1,1,0.9997608065605164
2991.png,1,1,0.999,1,1,0.996383547782898
2994.png,1,1,0.996,1,1,0.9927992820739746
2997.png,1,1,0.9995,1,1,0.999438226222992
3000.png,1,1,0.9995,1,1,0.9998123049736024
3006.png,1,1,0.7344,1,1,0.6317970752716064
3021.png,1,1,0.8643,1,1,0.6839458346366882
3022.png,1,1,0.9995,1,1,0.981438398361206
3024.png,1,1,0.99,1,1,0.978563666343689
3029.png,1,1,0.9985,1,1,0.9689511060714722
3031.png,0,0,0.2537,0,0,0.2813046872615814
3032.png,1,1,1.0,1,1,0.9989930987358092
3037.png,0,0,0.3918,0,1,0.8829780220985413
3038.png,1,1,0.9976,1,1,0.9919720888137816
3043.png,1,1,0.8857,1,0,0.1515230536460876
3052.png,1,1,0.848,1,1,0.7255641222000122
3055.png,1,1,0.9854,1,0,0.0595206655561924
3061.png,1,1,1.0,1,1,0.9737715721130372
3068.png,0,0,0.002714,0,0,5.994563707645284e-06
3070.png,1,1,0.9946,1,1,0.5930266976356506
3075.png,1,0,0.0267,1,1,0.9488226175308228
3077.png,0,0,0.004547,0,0,0.0343312658369541
3082.png,1,1,0.956,1,1,0.9819248914718628
3084.png,1,1,0.8755,1,1,0.937534511089325
3087.png,0,0,0.138,0,1,0.9110300540924072
3093.png,0,0,0.0009604,0,0,0.0028881963808089
3099.png,1,1,1.0,1,1,0.998241662979126
3114.png,1,1,0.9937,1,1,0.9997029900550842
3121.png,1,1,0.868,1,1,0.9625647068023682
3123.png,1,1,0.999,1,1,0.9992936849594116
3128.png,1,1,0.998,1,1,0.9938042163848876
3130.png,1,1,0.9995,1,1,0.939279854297638
3135.png,1,1,0.9634,1,1,0.9982315897941588
3147.png,0,1,0.9443,0,1,0.5081347227096558
3148.png,1,1,0.999,1,1,0.9953475594520568
3149.png,1,1,0.887,1,1,0.7673413753509521
3153.png,0,0,0.1715,0,0,0.0016977846389636
3157.png,1,1,0.8906,1,1,0.8131202459335327
3168.png,1,1,0.999,1,1,0.9734517931938172
3175.png,1,1,0.998,1,1,0.7853017449378967
3176.png,1,1,0.9966,1,1,0.7489668130874634
3179.png,1,1,0.9487,1,1,0.9275139570236206
3182.png,1,1,0.9995,1,1,0.996299922466278
3185.png,1,1,0.9907,1,1,0.8626493811607361
3189.png,0,0,0.02112,0,0,0.2335344552993774
3195.png,1,1,0.9985,1,1,0.7831040024757385
3196.png,1,1,0.953,1,1,0.9752334356307985
3198.png,1,1,0.6123,1,1,0.9734551906585692
3204.png,1,1,1.0,1,1,0.9986388087272644
3206.png,1,1,0.9937,1,1,0.9843645691871644
3215.png,1,1,0.8047,1,1,0.8045475482940674
3216.png,1,0,0.10205,1,1,0.5752718448638916
3217.png,1,1,0.9937,1,1,0.8056025505065918
3218.png,1,1,0.9346,1,1,0.53804612159729
3220.png,1,1,0.9976,1,1,0.993194341659546
3229.png,0,1,0.99,0,1,0.8358513712882996
3239.png,1,1,0.9995,1,1,0.9941421151161194
3241.png,1,1,0.968,1,1,0.7033441066741943
3243.png,1,1,0.9946,1,1,0.9982587695121764
3244.png,1,1,0.484,1,1,0.6524899005889893
3252.png,1,1,0.995,1,1,0.9994841814041138
3254.png,1,1,0.995,1,1,0.9041936993598938
3259.png,1,1,0.945,1,1,0.8478636145591736
3263.png,1,1,0.9937,1,1,0.798078179359436
3265.png,0,1,0.9746,0,1,0.9883308410644532
3266.png,1,1,0.991,1,1,0.8915550708770752
3268.png,1,1,0.997,1,1,0.9981594681739808
3273.png,1,1,0.97,1,1,0.986642599105835
3275.png,1,1,0.9614,1,1,0.9853089451789856
3277.png,1,1,0.986,1,1,0.997386634349823
3282.png,1,1,0.9985,1,1,0.7711454629898071
3283.png,1,1,0.4546,1,1,0.662676990032196
3288.png,1,1,0.999,1,1,0.9957977533340454
3289.png,1,1,0.9985,1,1,0.996828019618988
3297.png,1,1,0.989,1,1,0.9830251932144164
3300.png,1,1,0.9424,1,1,0.7959328889846802
3304.png,1,1,0.999,1,1,0.9595394730567932
3308.png,1,1,0.6123,1,0,0.4201095402240753
3311.png,1,1,0.8047,1,1,0.975844144821167
3312.png,1,1,0.998,1,1,0.9072701334953308
3317.png,1,1,0.993,1,1,0.8807305693626404
3324.png,1,1,0.9766,1,1,0.951712727546692
3325.png,1,0,0.3198,1,0,0.4528705775737762
3326.png,1,1,0.828,1,1,0.9216373562812804
3333.png,1,1,0.9995,1,1,0.9889463782310486
3334.png,1,1,0.999,1,1,0.9982820749282836
3340.png,1,1,0.9995,1,1,0.990874171257019
3344.png,1,1,0.994,1,1,0.8099634051322937
3353.png,1,1,0.815,1,0,0.3130407631397247
3354.png,1,0,0.3362,1,1,0.9813045263290404
3355.png,1,0,0.003817,1,0,0.0016310240607708
3356.png,1,0,0.01031,1,0,0.0692788586020469
3362.png,1,1,0.9717,1,0,0.0964117646217346
3363.png,1,1,0.987,1,1,0.9900935292243958
3366.png,1,1,0.9355,1,1,0.9345002770423888
3367.png,1,1,0.999,1,1,0.9997050166130066
3370.png,1,0,0.0918,1,0,0.1939673721790313
3374.png,1,1,0.989,1,1,0.9916977882385254
3376.png,1,1,0.985,1,1,0.9774412512779236
3377.png,1,1,0.9614,1,0,0.0380156897008419
3379.png,1,1,0.846,1,0,0.4437251091003418
3380.png,1,1,0.9995,1,1,0.9998676776885986
3383.png,1,1,0.9956,1,1,0.9670252203941344
3385.png,1,1,1.0,1,1,0.9986685514450072
3389.png,1,1,0.9995,1,1,0.9836470484733582
3397.png,0,0,0.001209,0,0,0.000367870030459
3403.png,1,1,0.9307,1,0,0.4570696949958801
3409.png,1,1,0.923,1,0,0.2907222807407379
3411.png,1,1,0.998,1,1,0.9936925172805786
3419.png,0,1,0.6865,0,1,0.9651945233345032
3420.png,0,1,0.6484,0,1,0.8020330667495728
3424.png,1,1,0.999,1,1,0.97507506608963
3425.png,1,1,0.9854,1,1,0.965774953365326
3431.png,1,1,0.998,1,1,0.9653298258781432
3434.png,1,1,0.9087,1,1,0.8615068793296814
3440.png,1,1,0.998,1,1,0.9337934255599976
3445.png,1,1,0.8438,1,0,0.4498333930969238
3446.png,1,1,0.9795,1,1,0.7586017847061157
3447.png,1,1,0.967,1,1,0.9778286218643188
3448.png,1,1,0.961,1,1,0.912686049938202
3458.png,1,1,0.611,1,0,0.2003683745861053
3461.png,1,0,0.2196,1,1,0.8980708122253418
3468.png,1,1,0.988,1,1,0.9632436633110046
3472.png,1,1,1.0,1,1,0.9912671446800232
3481.png,0,0,0.0006275,0,0,0.0018616714514791
3485.png,0,0,0.04526,0,0,0.0069369957782328
3488.png,0,0,0.001642,0,0,1.4164942513161805e-05
3491.png,0,0,0.0375,0,0,0.2545094192028045
3493.png,1,1,0.9966,1,1,0.9989069700241088
3498.png,0,0,0.0333,0,0,0.0002603142347652
3500.png,0,0,0.0001432,0,0,2.210174443462165e-08
3512.png,0,0,0.2537,0,0,0.0538567900657653
3513.png,0,0,0.277,0,0,0.3659071326255798
3514.png,0,0,0.0004628,0,0,2.8948350518476215e-05
3518.png,0,0,0.0004547,0,0,2.3512791358371035e-07
3519.png,0,0,0.00138,0,0,0.0030562167521566
3520.png,0,0,0.001516,0,0,0.00011547991744
3528.png,0,0,0.000377,0,0,0.000354285177309
3530.png,0,0,0.0002673,0,0,5.929439907959022e-07
3535.png,0,0,0.0008135,0,0,8.149144377966877e-06
3537.png,0,0,0.01459,0,0,0.1157249435782432
3540.png,0,0,0.0001817,0,0,0.0010101103689521
3545.png,0,0,0.0009985,0,0,0.1298216134309768
3546.png,0,0,0.01086,0,0,0.0692007094621658
3547.png,0,0,0.004383,0,0,5.518781108548865e-05
3549.png,0,0,0.00878,0,0,0.0086249038577079
3556.png,0,0,0.04648,0,1,0.5621173977851868
3560.png,1,1,0.7163,1,1,0.6508587002754211
3564.png,0,0,0.0004878,0,0,0.0002112215297529
3565.png,0,0,0.002602,0,0,0.000405656552175
3575.png,0,0,0.0002732,0,0,9.069751104107128e-05
3577.png,0,0,0.003021,0,0,0.0071076890453696
3578.png,0,0,0.001262,0,0,2.92586742034473e-06
3585.png,0,0,0.0001559,0,0,5.200977102504112e-05
3587.png,0,0,0.0002491,0,0,5.0758707459408476e-08
3596.png,0,0,0.0002066,0,0,0.0018747091526165
3597.png,0,0,0.1616,0,0,0.3042336106300354
3599.png,0,0,0.003185,0,0,0.0529012009501457
3602.png,0,0,0.0006,0,0,0.0001817990560084
3611.png,0,0,0.0004897,0,0,0.0002651253598742
3615.png,0,0,0.0003226,0,0,2.722572617130936e-06
3622.png,0,0,0.0002332,0,0,0.0001457256294088
3628.png,0,0,0.012314,0,0,0.0016209156019613
3629.png,0,0,5.37e-05,0,0,4.118930519325659e-06
3638.png,0,0,0.002602,0,0,0.002473906846717
3656.png,0,1,0.7363,0,1,0.8086797595024109
3658.png,0,0,0.09485,0,0,0.048672929406166
3660.png,0,0,0.000277,0,0,8.142254046106245e-06
3662.png,0,0,0.002283,0,0,3.908463258994743e-05
3663.png,0,0,0.002424,0,0,0.0013088405830785
3664.png,1,1,0.9956,1,1,0.976428747177124
3665.png,0,0,0.2395,0,0,0.0323131121695041
3670.png,0,0,0.05685,0,0,0.0006540867034345
3671.png,0,0,0.0004992,0,0,0.0010930664138868
3678.png,0,0,6.205e-05,0,0,8.219736855608062e-07
3688.png,0,0,0.005707,0,0,0.000196394714294
3694.png,0,0,0.0005264,0,0,5.39784927866549e-08
3696.png,0,0,0.001968,0,0,4.826387794309994e-06
3706.png,0,0,0.00011146,0,0,2.0216668417560868e-05
3716.png,0,0,0.003141,0,0,0.003139391541481
3723.png,1,1,0.9746,1,1,0.887420654296875
3728.png,0,0,0.000972,0,0,0.0007225113804452
3733.png,0,0,0.1703,0,1,0.7920405864715576
3734.png,0,0,9.996e-05,0,0,2.415385279164184e-05
3736.png,0,0,0.001984,0,0,0.0011403891257941
3754.png,0,1,0.4514,0,0,0.0017625717446208
3761.png,0,0,0.01631,0,0,0.04445606097579
3770.png,0,0,1.43e-05,0,0,2.9954637881246526e-08
3772.png,0,0,7.37e-05,0,0,3.092549150096602e-07
3773.png,1,1,0.9985,1,1,0.9380021691322328
3775.png,0,0,0.000758,0,0,1.916591281769797e-05
3781.png,0,0,0.003855,0,0,0.0002262353955302
3785.png,0,0,0.0001651,0,0,1.9738446610517718e-07
3790.png,0,0,0.0001259,0,0,5.755950951424893e-07
3792.png,0,0,6.38e-05,0,0,2.1886546619498406e-07
3794.png,0,0,5.78e-05,0,0,4.049076949286246e-07
3799.png,0,0,4.3e-05,0,0,2.434756041225228e-08
3801.png,0,0,0.0001581,0,0,6.440226485437961e-08
3821.png,0,0,0.0002378,0,0,0.0010016632732003
3827.png,0,0,0.0006337,0,0,0.0001900406059576
3833.png,0,0,0.001525,0,0,9.980870527215302e-05
3837.png,0,0,0.0005965,0,0,3.963125436712289e-06
3844.png,0,0,0.0003,0,0,2.9247097700135782e-05
3846.png,0,0,0.000968,0,0,0.0101462127640843
3855.png,0,0,0.000775,0,0,0.0024645635858178
3865.png,0,0,0.001744,0,0,0.0028498808387666
3867.png,0,0,0.001211,0,0,0.0028348984196782
3869.png,0,0,0.0009418,0,0,0.0011221889872103
3872.png,0,0,0.011894,0,0,0.0002298544713994
3874.png,0,0,0.000931,0,0,3.963171184295789e-05
3881.png,0,0,0.008156,0,0,0.037804577499628
3884.png,0,0,0.001772,0,0,1.2380722580473957e-07
3891.png,0,0,0.0003936,0,0,9.552848467819787e-08
3893.png,0,0,0.006718,0,0,0.0727806910872459
3897.png,0,0,0.0007353,0,0,2.698452590266242e-06
3900.png,0,0,9.8e-05,0,0,6.550229159074661e-07
3902.png,0,0,0.0006604,0,0,0.0037278805393725
3904.png,0,0,0.0009456,0,0,2.7328085707267743e-05
3905.png,0,0,0.0001754,0,0,0.0008566912729293
3908.png,0,0,0.000312,0,0,9.20484817470424e-05
3909.png,0,1,0.8022,0,0,0.4507595002651214
3911.png,0,0,0.0006566,0,0,0.000252929108683
3913.png,0,0,0.00749,0,0,0.0012662051012739
3920.png,0,0,0.0002759,0,0,0.0001057759873219
3938.png,0,0,0.0004702,0,0,1.098842312785564e-05
3944.png,0,0,0.0052,0,0,3.786584784393199e-06
3949.png,0,0,0.0002966,0,0,1.4051116750124493e-06
3950.png,0,0,0.005688,0,0,9.279380174120888e-05
3955.png,0,0,0.01009,0,0,0.0013830304378643
3956.png,0,0,0.000664,0,0,1.9349006379343336e-06
3960.png,0,0,0.001351,0,0,0.0205791145563125
3969.png,0,0,0.001127,0,0,7.739732836853364e-07
3974.png,0,0,0.007065,0,0,0.0002185131743317
3976.png,0,0,0.0004964,0,0,0.0010921410284936
3978.png,0,0,0.0002632,0,0,1.75892473919248e-08
3980.png,0,0,0.001034,0,0,2.2536798951477977e-06
3987.png,0,0,0.001233,0,0,2.144093514289125e-06
3995.png,0,0,0.01892,0,0,0.0163848400115966
4000.png,0,0,8e-05,0,0,3.659449430415407e-05
4001.png,0,0,0.000904,0,0,0.0022017266601324
4002.png,0,0,0.000174,0,0,3.2123573419085005e-06
4004.png,1,1,0.6978,1,0,0.2016298770904541
4007.png,0,0,0.000614,0,0,0.0012899609282612
4009.png,0,0,0.000134,0,0,5.78337505885429e-07
4013.png,0,0,0.002516,0,0,0.0005250153481028
4017.png,0,0,0.001,0,0,0.0020786321256309
4019.png,0,0,0.00011325,0,0,5.112560029374436e-05
4028.png,0,0,0.1285,0,0,0.1196083724498748
4031.png,0,0,0.0008526,0,0,0.0001711674412945
4034.png,0,0,0.01011,0,0,0.0424865037202835
4038.png,0,0,0.008286,0,0,0.0040047359652817
4043.png,1,1,0.998,1,1,0.9957916736602784
4044.png,0,0,0.0001911,0,0,6.79129661875777e-05
4045.png,0,0,6.76e-05,0,0,8.586618491790432e-07
4047.png,1,1,0.9995,1,1,0.9872429370880128
4048.png,0,0,0.0001622,0,0,5.235276148596313e-06
4052.png,0,0,0.0009165,0,0,5.830227382830344e-05
4055.png,0,0,0.001294,0,0,8.246963261626661e-05
4061.png,0,0,0.001372,0,0,0.004891775548458
4071.png,0,0,0.045,0,0,0.4778266847133636
4073.png,0,0,0.000522,0,0,6.842222501290962e-05
4086.png,0,0,0.0003543,0,0,7.341134187299758e-05
4087.png,1,1,0.7983,1,1,0.8565145134925842
4098.png,0,0,0.000744,0,0,2.594708348624408e-06
4104.png,0,0,0.00079,0,0,4.316226750233909e-06
4115.png,0,0,0.0323,0,0,0.0041691972874104
4119.png,0,0,0.00505,0,0,9.720528760226443e-05
4123.png,0,0,0.000599,0,0,1.0279137541147063e-06
4124.png,1,1,0.9966,1,1,0.9903019070625304
4126.png,0,0,0.0001845,0,0,9.058782779902684e-06
4132.png,0,0,0.001419,0,0,3.5735767596634105e-05
4135.png,0,0,0.0006275,0,0,0.0001636562228668
4138.png,0,0,0.002388,0,0,0.0001242363796336
4148.png,0,0,0.0009165,0,0,0.0004563098191283
4153.png,0,0,0.000567,0,0,0.0012740041129291
4154.png,0,0,0.000854,0,0,0.0003549944667611
4155.png,0,0,0.00051,0,0,6.514590495498851e-06
4159.png,0,0,0.0017,0,0,0.0006880098953843
4162.png,0,0,0.000539,0,0,1.6653279089950956e-05
4168.png,0,0,9.537e-05,0,0,2.1744629707942664e-10
4173.png,0,0,0.007133,0,0,0.039199624210596
4179.png,0,0,0.0005093,0,0,0.0002733477158471
4181.png,0,0,0.000841,0,0,1.2557462468976157e-05
4184.png,0,0,0.000393,0,0,0.0015210347482934
4191.png,0,0,0.002747,0,0,2.8573882445925847e-05
4195.png,0,0,0.0005274,0,0,0.0007198883104138
4196.png,0,0,0.0001494,0,0,0.0005249524838291
4206.png,0,0,0.0002148,0,0,2.690489736778545e-06
4211.png,0,0,0.01219,0,0,0.0026577902026474
4213.png,0,0,6.866e-05,0,0,7.606003009641427e-07
4220.png,0,0,0.00978,0,0,0.0092770466580986
4221.png,0,0,0.0002148,0,0,9.191113349515945e-06
4222.png,0,0,0.0263,0,0,0.0004228918987791
4225.png,0,0,0.0008445,0,0,5.510887422133237e-05
4232.png,0,0,0.00439,0,0,0.000112264388008
4234.png,0,0,0.000839,0,0,0.0013402885524556
4236.png,0,1,0.769,0,0,0.2941887676715851
4239.png,0,0,0.0003412,0,0,1.1410138540668411e-05
4243.png,0,0,0.0005074,0,0,5.8648497542890254e-06
4248.png,0,0,0.0001788,0,0,8.17906709471572e-07
4266.png,1,0,0.253,1,0,0.3253270983695984
4269.png,0,0,0.007164,0,0,0.0073671853169798
4275.png,0,0,0.00271,0,0,0.0038147149607539
4280.png,0,0,5.56e-05,0,0,3.6164606171951168e-06
4282.png,0,0,0.0005155,0,0,2.5373291023811362e-08
4283.png,0,0,0.001614,0,0,0.036863088607788
4285.png,0,0,0.0006485,0,0,1.3160223488739575e-06
4286.png,1,0,0.1913,1,1,0.5011007785797119
4296.png,0,1,0.9854,0,1,0.8389976620674133
4304.png,0,0,0.00285,0,0,0.0006184301455505
4312.png,0,0,0.0006824,0,0,3.062803443754092e-05
4316.png,0,0,0.000897,0,0,0.0007483699009753
4318.png,0,0,0.00559,0,0,0.02329414896667
4321.png,0,0,0.0003712,0,0,3.785317312576808e-05
4324.png,0,1,0.9634,0,1,0.5356582403182983
4325.png,0,0,0.000364,0,0,0.0012726366985589
4327.png,1,0,0.314,1,1,0.6780140399932861
4328.png,1,1,0.7534,1,0,0.1127671375870704
4337.png,1,0,0.3032,1,0,0.0810072347521781
4345.png,1,1,0.753,1,0,0.4338391125202179
4347.png,0,0,0.03745,0,0,0.073841318488121
4351.png,0,0,9.686e-05,0,0,1.4357917166307746e-07
4355.png,0,0,0.0002099,0,0,6.857434868834389e-07
4356.png,0,0,0.0003347,0,0,5.040636551711941e-06
4357.png,0,0,0.00559,0,0,9.091615356737748e-05
4368.png,0,0,0.001645,0,0,5.938505864833132e-07
4393.png,0,0,0.000278,0,0,0.0001118820146075
4398.png,0,0,0.0003433,0,0,0.0015132452826946
4403.png,0,0,0.004486,0,0,0.0065895998850464
4405.png,0,0,0.00097,0,0,0.0627079829573631
4416.png,0,0,0.001995,0,0,7.014138191152597e-06
4418.png,0,0,0.000288,0,0,0.000152442822582
4420.png,0,0,8.19e-05,0,0,0.0009460592409595
4425.png,0,0,8.38e-05,0,0,3.653970566119824e-07
4439.png,0,0,0.0007334,0,0,5.95442543271929e-05
4443.png,0,0,0.0007267,0,0,1.450584295525914e-05
4450.png,0,0,0.001365,0,0,0.0007273572846315
4461.png,0,0,0.001741,0,0,0.2691453695297241
4464.png,0,0,0.000593,0,0,5.676850923919119e-05
4468.png,1,0,0.3005,1,0,0.1978231817483902
4469.png,0,0,0.0002818,0,0,1.062864043888112e-06
4476.png,0,0,0.2292,0,0,0.0790775269269943
4480.png,1,1,0.5205,1,1,0.9108436703681946
4483.png,0,0,8.89e-05,0,0,0.0001302422751905
4485.png,0,0,0.0002217,0,0,8.32047408039216e-06
4486.png,0,0,0.0001713,0,0,8.481195834519896e-08
4489.png,0,0,0.008934,0,0,0.0001125198905356
4492.png,0,0,0.07227,0,0,0.0259808525443077
4501.png,0,0,0.0004785,0,0,7.887186256994028e-06
4503.png,0,0,0.0001318,0,0,1.4698632639920106e-06
4505.png,0,0,0.006313,0,0,9.655324538471176e-05
4509.png,0,0,0.001134,0,0,0.0002281672786921
4518.png,0,0,0.116,0,0,0.0024394521024078
4520.png,0,0,0.01185,0,0,0.024307956919074
4523.png,0,0,0.001714,0,0,0.0028492144774645
4525.png,0,0,0.0003698,0,0,6.309132731985301e-05
4532.png,0,0,0.05682,0,0,0.0856472328305244
4533.png,0,0,0.001034,0,0,3.399734850972891e-05
4539.png,0,0,0.0006213,0,0,4.4290709411143325e-06
4542.png,1,1,0.9883,1,1,0.9856871962547302
4547.png,0,0,0.04132,0,0,0.0326187051832675
4561.png,0,0,0.001727,0,0,2.0203140593366697e-05
4563.png,0,0,0.00026,0,0,0.0013153302716091
4566.png,0,0,0.001008,0,0,1.584597043802205e-06
4569.png,0,0,0.03918,0,0,0.1009673178195953
4588.png,0,0,0.001335,0,0,0.0029201616998761
4593.png,0,0,0.0001334,0,0,0.0021348563022911
4594.png,1,1,0.984,1,1,0.9692408442497252
4597.png,0,0,0.01683,0,0,0.000125801510876
4607.png,0,0,0.0005245,0,0,3.304192830455577e-07
4617.png,0,0,0.0002351,0,0,0.0004079134378116
4631.png,0,1,0.937,0,1,0.9567906260490416
4632.png,0,0,0.0003598,0,0,0.0001054347958415
4633.png,0,0,0.0001043,0,0,2.605775817343669e-09
4642.png,0,0,0.0001259,0,0,4.096953034604667e-06
4644.png,0,0,0.02065,0,0,0.086986631155014
4663.png,0,0,0.1555,0,0,0.2369146943092346
4665.png,0,0,0.0004954,0,0,1.0863266197702617e-07
4667.png,1,1,0.998,1,1,0.9305317401885986
4671.png,0,0,0.0005345,0,0,4.802426701644436e-05
4685.png,1,1,0.885,1,1,0.8023102879524231
4687.png,0,0,0.00982,0,0,0.0001472121948609
4689.png,0,0,0.001214,0,0,8.725568477530032e-06
4692.png,0,0,0.00628,0,0,0.0771695524454116
4702.png,0,0,9.72e-05,0,0,5.332175234684655e-08
4707.png,0,0,0.04553,0,0,0.0440102145075798
4709.png,0,0,0.127,0,0,0.4745632112026214
4719.png,0,0,0.00025,0,0,8.068916213233024e-05
4723.png,0,0,0.001846,0,0,5.243161012913333e-06
4727.png,0,0,0.01318,0,0,0.0012064202455803
4729.png,0,0,0.0004513,0,0,5.568431333813351e-06
4734.png,0,1,0.548,0,1,0.5349878072738647
4735.png,0,0,0.00011235,0,0,3.543969796737656e-05
4736.png,0,0,0.000269,0,0,0.0126530602574348
4743.png,0,0,0.005405,0,0,0.0198666304349899
4750.png,0,0,0.0008745,0,0,0.0004143814730923
4751.png,0,0,0.1886,0,0,0.1307629197835922
4770.png,0,0,0.14,0,0,0.116136148571968
4785.png,0,0,0.0003264,0,0,0.0002403385879006
4786.png,0,0,0.04077,0,0,0.1758123636245727
4787.png,0,0,0.0006576,0,0,7.960568382259225e-07
4788.png,0,0,0.0002825,0,0,2.84571774500364e-06
4789.png,0,0,0.000205,0,0,0.0045392010360956
4791.png,0,0,0.001853,0,0,0.016134051606059
4792.png,0,1,0.802,0,1,0.8067973852157593
4794.png,0,0,0.001015,0,0,0.0025862506590783
4795.png,0,0,0.000359,0,0,3.083390822666843e-07
4800.png,0,0,0.00574,0,0,0.0037903736811131
4807.png,1,1,0.608,1,1,0.9772343635559082
4809.png,0,0,0.3735,0,0,0.1228222697973251
4813.png,0,0,0.3384,0,0,0.1322979032993316
4823.png,0,0,0.003035,0,0,0.0020544179715216
4824.png,0,0,0.0005636,0,0,7.05905185895972e-05
4826.png,0,0,7.06e-05,0,0,0.0002738756884355
4827.png,0,0,0.00068,0,0,0.0028765611350536
4830.png,0,0,0.000542,0,0,3.724690031958744e-05
4833.png,0,0,0.0008492,0,0,0.0013409319799393
4836.png,0,0,0.006218,0,0,0.0008381227380596
4837.png,0,0,0.1783,0,0,0.0418793000280857
4848.png,1,1,0.932,1,1,0.971068799495697
4849.png,0,0,0.003204,0,0,0.00107242166996
4854.png,1,1,0.974,1,1,0.909766435623169
4856.png,0,0,0.004425,0,0,0.0015618429752066
4858.png,0,0,0.1062,0,0,0.0307724475860595
4863.png,0,0,0.0009146,0,0,5.398832581704482e-05
4866.png,0,0,0.02148,0,0,0.0044701346196234
4873.png,0,0,0.000871,0,0,9.266399138141423e-05
4874.png,0,0,0.0008917,0,0,2.8632066459977068e-05
4875.png,0,0,0.001472,0,0,0.0100313397124409
4877.png,0,0,0.00838,0,0,0.0006023144815117
4880.png,0,1,0.7783,0,1,0.683092474937439
4886.png,0,0,0.2003,0,0,0.0445580556988716
4888.png,0,0,0.0001647,0,0,0.0001398886233801
4889.png,0,0,0.00321,0,0,0.0002437849470879
4892.png,0,0,0.002577,0,0,0.0004829065874218
4897.png,0,0,0.0003226,0,0,1.557947229002821e-07
4900.png,0,0,0.001484,0,0,0.0002115244278684
4901.png,0,0,0.0002632,0,0,6.757845403626561e-05
4909.png,0,0,0.000689,0,0,0.0015079387230798
4913.png,0,0,0.000389,0,0,3.88977859984152e-05
4917.png,0,0,0.03802,0,0,0.0144146624952554
4919.png,0,0,0.0849,0,0,0.0648648217320442
4922.png,0,0,0.0006475,0,0,0.0212563369423151
4924.png,0,0,0.0001609,0,0,1.01812638604315e-05
4925.png,0,0,0.005844,0,0,0.0005872182664461
4929.png,0,0,0.003403,0,0,0.003932022023946
4935.png,0,0,0.0005193,0,0,1.966638046724256e-05
4946.png,0,0,0.008675,0,0,0.0002980280551128
4951.png,0,0,0.0004272,0,0,1.4959125493874126e-08
4954.png,0,0,0.003496,0,0,0.0044503225944936
4962.png,0,0,0.0001647,0,0,0.0080611295998096
4964.png,0,0,0.000612,0,0,7.148844360926887e-06
4971.png,0,0,0.00035,0,0,0.0228325985372066
4976.png,0,0,0.003817,0,0,0.0008277230081148
4980.png,0,0,0.0006514,0,0,4.8209785745712e-05
4981.png,0,1,0.8926,0,1,0.8276358842849731
4992.png,0,0,0.0004013,0,0,6.207434489624575e-05
4995.png,0,0,0.002878,0,0,0.0068386001512408
5008.png,0,0,0.0008626,0,0,4.152725887252018e-05
5011.png,0,0,0.007133,0,0,0.0132792359218001
5016.png,0,0,0.005753,0,0,0.0038992760237306
5019.png,0,0,0.0001283,0,0,4.737535164167639e-06
5026.png,0,0,0.002314,0,0,0.0046845921315252
5027.png,0,0,0.0898,0,0,0.0483941547572612
5029.png,0,0,0.002556,0,1,0.517760694026947
5032.png,0,0,0.00458,0,0,0.2148795127868652
5035.png,0,0,0.00285,0,0,0.2286829054355621
5039.png,0,0,0.03772,0,0,0.0132086314260959
5042.png,0,0,0.0003195,0,0,0.0063176206313073
5044.png,0,0,0.06604,0,0,0.0335053727030754
5056.png,0,0,0.0006566,0,0,0.0003673350147437
5057.png,0,0,0.001965,0,0,4.634322976926342e-06
5061.png,0,0,0.000372,0,0,1.4250643289415166e-05
5064.png,0,0,0.001916,0,0,0.0099104223772883
5071.png,0,0,0.0009494,0,0,6.679647776763886e-05
5080.png,0,0,0.03613,0,0,0.0143188489601016
5084.png,0,0,0.004356,0,0,0.0011668008519336
5087.png,0,1,0.8916,0,1,0.9700356125831604
5088.png,0,0,0.0010605,0,0,2.0384635718073696e-05
5095.png,0,0,0.001032,0,0,0.0002029441820923
5098.png,0,0,0.1827,0,0,0.0072533981874585
5101.png,0,0,0.000854,0,0,0.0004289569042157
5102.png,0,0,0.000607,0,0,0.0048015359789133
5106.png,0,0,0.01363,0,0,0.0001202547573484
5108.png,0,0,0.001564,0,0,3.895588088198565e-05
5113.png,0,0,0.03574,0,1,0.7687995433807373
5124.png,0,0,0.0002491,0,0,4.086308035766706e-05
5128.png,0,1,0.6465,0,0,0.0506778098642826
5131.png,0,0,0.09656,0,0,0.223950520157814
5132.png,0,0,0.06183,0,0,0.0312129855155944
5134.png,0,0,0.0896,0,0,0.0748641788959503
5135.png,0,0,0.000227,0,0,0.0002837020729202
5136.png,0,1,0.977,0,1,0.7806861996650696
5138.png,0,0,0.0003211,0,0,0.0009174862061627
5160.png,0,0,0.00846,0,0,0.0068669668398797
5166.png,0,0,0.0002663,0,0,7.924966485006735e-05
5168.png,0,0,0.0015335,0,0,0.0180894080549478
5170.png,0,0,0.012054,0,0,0.0362053103744983
5180.png,0,1,0.4941,0,0,0.0158796105533838
5185.png,0,0,0.003351,0,0,0.0004819647874683
5193.png,0,0,0.000424,0,0,0.0001828135136747
5196.png,0,0,0.0001553,0,0,6.673976145066263e-07
5200.png,0,0,2.64e-05,0,0,2.2511456336360425e-05
5214.png,0,0,3.994e-05,0,0,6.752544322807808e-06
5217.png,0,0,0.0003264,0,0,4.0806967263051774e-06
5220.png,0,0,0.0001068,0,0,2.0394136299728416e-06
5222.png,0,0,0.00011414,0,0,1.1083231754582813e-07
5223.png,0,0,0.0001278,0,0,1.6184042124223197e-06
5233.png,0,0,3.82e-05,0,0,1.3275061050421756e-08
5236.png,0,0,0.003166,0,0,0.1496356874704361
5246.png,0,0,5.33e-05,0,0,5.02682087244466e-06
5249.png,0,0,0.00454,0,0,0.0307766310870647
5252.png,0,0,0.04468,0,0,0.0001175386350951
5258.png,0,0,0.000951,0,0,0.0035411489661782
5259.png,0,0,0.2206,0,0,0.0109711922705173
5261.png,0,0,0.00076,0,0,0.0038118297234177
5269.png,0,0,0.0007763,0,0,0.0002872977638617
5273.png,0,0,0.00819,0,0,0.0018782913684844
5274.png,0,0,0.004173,0,0,0.0095770312473177
5285.png,0,0,0.000593,0,0,7.545742846559733e-06
5286.png,0,0,0.001026,0,0,0.0005040480755269
5289.png,1,0,0.09235,1,1,0.7165943384170532
5290.png,0,0,0.004433,0,0,9.414152373210529e-06
5291.png,0,0,0.2805,0,0,0.0331859178841114
5298.png,0,0,0.0004013,0,0,3.896438647643663e-05
5300.png,0,0,0.0004356,0,0,0.0038864070083945
5302.png,0,0,0.000685,0,0,1.819375825107272e-06
5306.png,0,0,0.001097,0,0,6.0669510276056826e-05
5310.png,0,0,0.001995,0,0,0.0008803571108728
5315.png,0,0,0.003279,0,0,0.0001107775387936
5316.png,0,0,0.0003042,0,0,1.3139458133082371e-05
5321.png,0,0,0.000159,0,0,4.716244802693836e-06
5327.png,0,0,0.0001278,0,0,1.2969548151886556e-05
5329.png,0,0,0.001065,0,0,0.0001672821235843
5330.png,0,0,0.0002337,0,0,0.0001581634714966
5331.png,0,0,0.005512,0,0,8.657656144350767e-05
5341.png,0,0,0.003878,0,0,0.0090144714340567
5349.png,0,0,0.001086,0,0,0.0001753197866491
5350.png,0,0,0.00623,0,0,0.0037778192199766
5364.png,0,0,0.000106,0,0,2.081918495377977e-07
5377.png,0,0,0.0001428,0,0,6.970767003622313e-07
5401.png,0,0,0.000318,0,0,0.0004765944613609
5402.png,0,0,7.844e-05,0,0,4.095795258507451e-09
5403.png,0,0,7.755e-05,0,0,3.5758724870049723e-09
5408.png,0,0,0.0001093,0,0,5.902488283027196e-06
5412.png,0,0,0.02734,0,0,0.0005340194911696
5414.png,0,0,6.455e-05,0,0,2.4376927143521243e-08
5418.png,0,0,6.3e-05,0,0,3.097071044066979e-07
5423.png,1,0,0.0856,1,0,0.3356119692325592
5427.png,0,0,0.01324,0,0,0.0250948909670114
5432.png,0,0,9.46e-05,0,0,2.8550539354910143e-05
5433.png,0,0,0.00010353,0,0,7.562751136447332e-08
5436.png,0,0,0.1787,0,0,0.0627014487981796
5438.png,0,0,0.0002532,0,0,6.507219950435683e-06
5439.png,0,0,0.01003,0,0,0.0003719179658219
5443.png,0,0,0.0003355,0,0,4.293755182516179e-07
5445.png,0,0,0.0001182,0,0,3.2395842026744504e-06
5446.png,0,0,6.086e-05,0,0,2.3894117795464354e-09
5448.png,0,0,0.00279,0,0,0.0095233302563428
5454.png,0,0,0.000806,0,0,8.902980334823951e-05
5456.png,0,0,0.0056,0,0,0.1278022229671478
5457.png,0,0,0.0001581,0,0,8.960248669609427e-05
5469.png,0,0,0.01472,0,0,0.0888791307806968
5470.png,0,0,0.0001824,0,0,5.866690116818063e-06
5471.png,0,0,0.02925,0,0,0.0100866574794054
5473.png,0,0,7.904e-05,0,0,4.136906639473637e-08
5474.png,0,0,0.002806,0,0,0.0004753648827318
5479.png,0,0,0.01356,0,0,0.0106453178450465
5481.png,0,0,5.37e-05,0,0,0.0001533016911707
5483.png,0,0,9.5e-05,0,0,1.4553851457321798e-08
5487.png,0,0,0.0001253,0,0,3.656020339803945e-07
5490.png,0,0,0.000511,0,0,0.0001865145168267
5491.png,0,0,0.0001653,0,0,6.3641736325337214e-09
5502.png,0,0,8.82e-05,0,0,1.9320313404680436e-10
5503.png,0,0,0.000543,0,0,2.669307832547929e-06
5506.png,0,0,0.0005054,0,0,5.393711148826696e-07
5510.png,0,0,0.0001489,0,0,1.810033545268652e-08
5517.png,0,0,0.0005527,0,0,3.201829940735479e-06
5521.png,0,0,0.000672,0,0,0.0013567648129537
5524.png,0,0,0.0004485,0,0,0.0006483667530119
5533.png,0,0,0.0001373,0,0,7.861929702812631e-07
5539.png,0,0,7.725e-05,0,0,2.0353141394480187e-10
5540.png,0,0,0.0005703,0,0,0.0001630123733775
5546.png,0,1,0.861,0,0,0.2783154845237732
5555.png,0,0,0.000613,0,0,0.0035861833021044
5557.png,0,0,0.00396,0,0,0.0037580905482172
5558.png,0,0,0.00524,0,0,1.890788894343132e-06
5559.png,0,0,0.01784,0,0,0.0012146639637649
5560.png,0,0,0.001057,0,0,0.0001902008516481
5574.png,0,0,0.000612,0,0,0.0008072413038462
5578.png,0,0,0.0001754,0,0,2.1964889629355608e-10
5579.png,0,0,0.000636,0,0,3.36244520440232e-05
5587.png,0,0,0.00596,0,0,5.5247242016776e-06
5600.png,0,1,0.639,0,0,0.3743767440319061
5603.png,0,0,0.0002763,0,0,2.3393270112137543e-06
5605.png,0,0,0.0005627,0,0,0.0005059431423433
5614.png,0,0,0.01779,0,0,0.0025388372596353
5618.png,0,0,0.002731,0,0,8.356388434549444e-07
5627.png,0,0,0.02493,0,0,0.0009206570102833
5628.png,0,0,0.0001106,0,0,1.0989537457817279e-07
5630.png,0,0,0.01377,0,0,0.0275759156793355
5633.png,0,0,0.002556,0,0,0.0002668205706868
5637.png,0,0,8.583e-05,0,0,1.6138534192577936e-05
5646.png,0,0,0.000424,0,0,9.007077892420057e-07
5651.png,0,1,0.874,0,0,0.0455723889172077
5655.png,0,0,0.0002673,0,0,9.684163160272874e-07
5659.png,0,0,0.01195,0,0,0.0227803885936737
5666.png,0,0,0.000866,0,0,0.0008111545466817
5668.png,0,0,0.00011414,0,0,3.005851795023773e-05
5669.png,0,0,0.0008507,0,0,0.0005756425089202
5671.png,0,0,0.00543,0,0,1.96047367353458e-05
5676.png,0,0,0.2136,0,0,0.0132618090137839
5678.png,1,0,0.3643,1,1,0.7372542023658752
5680.png,0,0,0.001926,0,0,4.456541137187742e-05
5683.png,0,0,8.786e-05,0,0,9.794274228625e-05
5684.png,0,0,0.0001259,0,0,3.86753026759834e-06
5687.png,0,0,0.003311,0,0,0.0112197715789079
5690.png,0,0,0.0003035,0,0,3.2666983315721154e-05
5698.png,0,0,0.0001518,0,0,5.339324502529053e-07
5702.png,0,0,0.0001987,0,0,0.0007483388180844
5703.png,0,0,0.0001918,0,0,1.0557217819950893e-06
5709.png,0,0,0.00293,0,0,3.332593769300729e-05
5711.png,0,1,0.8643,0,0,0.3596459627151489
5723.png,0,0,0.001893,0,0,0.0005095282103866
5724.png,0,0,8.96e-05,0,0,3.5581895190262003e-06
5735.png,0,0,0.0001584,0,0,1.2944815352966546e-07
5739.png,0,0,0.0001329,0,0,4.453583824215457e-05
5741.png,0,0,0.0016775,0,0,0.0002907945017796
5744.png,0,0,0.008934,0,0,0.0016442991327494
5759.png,1,0,0.2886,1,0,0.0034481615293771
5767.png,0,1,0.716,0,0,0.448967307806015
5771.png,0,0,5.436e-05,0,0,5.517528552445583e-05
5772.png,0,0,0.00010973,0,0,1.0414278222015128e-05
5773.png,0,1,0.6475,0,1,0.5249536633491516
5775.png,0,0,0.03445,0,0,0.0449054203927516
5777.png,0,0,0.002153,0,0,0.0270507428795099
5780.png,1,1,0.969,1,1,0.750789225101471
5792.png,0,0,0.00482,0,0,0.000488159013912
5793.png,0,0,0.00522,0,0,0.0004695770621765
5795.png,0,0,0.1147,0,0,0.4127155840396881
5796.png,0,0,0.04724,0,0,0.18152816593647
5797.png,0,0,0.00092,0,0,7.145613380998839e-06
5800.png,0,0,0.0002925,0,0,0.0073109995573759
5803.png,0,0,0.129,0,0,0.0281845163553953
5804.png,0,0,0.0008726,0,0,1.0595657613521323e-06
5810.png,0,0,0.000539,0,0,2.7552589543233807e-08
5815.png,0,0,0.0003815,0,0,6.776675581932068e-05
5817.png,0,0,0.0001713,0,0,2.4455048333038576e-05
5818.png,0,0,0.000181,0,0,0.0001929221180034
5821.png,0,0,0.00010556,0,0,0.0001100131703424
5822.png,0,0,0.01248,0,0,0.0040366547182202
5823.png,0,0,0.000255,0,0,0.0010273992083966
5826.png,0,0,0.0007057,0,0,0.0005833185277879
5827.png,0,0,0.007477,0,0,0.0001755584962666
5828.png,0,0,9.28e-05,0,0,0.0003241214435547
5833.png,0,0,0.0003066,0,0,6.830018537584692e-05
5834.png,0,0,0.001169,0,0,0.0001891495339805
5840.png,0,0,0.001149,0,0,0.0009157363674603
5842.png,0,0,0.03284,0,0,0.0018475517863407
5852.png,0,0,0.0001553,0,0,4.087138677277835e-06
5853.png,0,0,0.001214,0,0,0.000366436492186
5858.png,0,0,0.0001459,0,0,0.0029019336216151
5863.png,0,0,0.0005584,0,0,9.117684385273606e-06
5866.png,1,1,0.4949,1,0,0.4626356661319732
5878.png,0,0,0.002253,0,0,3.084411218878813e-05
5879.png,0,1,0.821,0,0,0.2895098030567169
5881.png,0,0,0.0002856,0,0,0.0008618046995252
5882.png,0,0,0.005764,0,0,9.7945929155685e-05
5884.png,0,0,0.001438,0,0,0.000191986808204
5892.png,0,0,0.01863,0,0,0.0009562520426698
5893.png,0,0,0.0001897,0,0,4.372101557237329e-06
5895.png,0,0,0.1283,0,0,0.0807485282421112
5898.png,0,0,0.008095,0,0,0.005474837962538
5902.png,0,0,0.0004323,0,0,6.212166226760019e-06
5903.png,0,0,0.001219,0,0,0.0021560816094279
5914.png,0,0,0.001748,0,0,0.0024093966931104
5916.png,0,0,0.003832,0,0,1.209260335599538e-05
5917.png,0,0,0.012215,0,0,0.0045369453728199
5921.png,0,0,0.2097,0,1,0.8110232353210449
5926.png,0,0,0.001444,0,0,0.0040465011261403
5927.png,0,0,0.04196,0,0,0.0006737865041941
5928.png,0,1,0.9062,0,1,0.5660132765769958
5930.png,0,0,0.0002472,0,0,2.0705483620986342e-06
5933.png,0,0,0.0007253,0,0,5.375684850150719e-06
5936.png,0,0,0.0002642,0,0,1.0613714948704e-05
5938.png,0,0,0.0008693,0,0,0.0004762134922202
5941.png,0,0,0.000566,0,0,0.0003141011984553
5946.png,0,0,0.009415,0,0,0.0015356425428763
5947.png,0,0,0.00124,0,0,4.4622865971177816e-05
5948.png,0,0,0.0002191,0,0,1.8602236195874863e-08
5950.png,0,0,0.007812,0,0,0.0061749615706503
5955.png,0,0,0.0001224,0,0,3.8271078750540255e-08
5962.png,0,0,0.0002759,0,0,4.771351086674258e-06
5982.png,0,0,0.0002208,0,0,7.817660662112758e-05
5983.png,0,0,0.007534,0,0,0.0047815446741878
5985.png,0,0,0.006374,0,0,0.0014335942687466
5991.png,0,0,0.001228,0,0,0.0061140186153352
5993.png,0,0,0.0002482,0,0,1.2509340194810648e-05
6002.png,0,0,0.0001442,0,0,5.851871378581563e-07
6007.png,0,0,9.173e-05,0,0,0.0002156605187337
6011.png,0,0,0.0001323,0,0,6.614836820517667e-07
6017.png,0,0,0.0001926,0,0,1.9262293790234253e-05
6020.png,0,0,0.0002885,0,0,5.837726712343283e-05
6023.png,0,0,0.001305,0,0,0.0035450104624032
6028.png,0,0,0.0004785,0,0,0.0012001581490039
6029.png,0,0,0.000106,0,0,0.0007070888532325
6034.png,0,0,0.001582,0,0,0.0005433166516013
6035.png,0,0,0.004486,0,0,0.0939549580216407
6037.png,0,0,0.0006695,0,0,3.4437205158610595e-06
6045.png,0,0,7.033e-05,0,0,0.0003569968394003
6046.png,0,0,0.01729,0,0,0.0337180756032466
6050.png,0,0,0.003216,0,0,0.0036287263501435
6051.png,0,0,0.003504,0,0,0.0446881614625453
6056.png,0,0,0.0001377,0,0,1.5091015370671812e-07
6057.png,0,0,0.01118,0,0,0.0015873610973358
6067.png,0,0,0.0001768,0,0,3.385751199402876e-07
6086.png,0,0,0.000781,0,0,0.0001921208604471
6090.png,0,0,0.000904,0,0,0.0018557477742433
6091.png,0,0,0.08276,0,0,0.0619230680167675
6093.png,0,0,0.0002027,0,0,3.5259037911572477e-09
6098.png,0,0,0.003477,0,0,0.0051353801973164
6102.png,0,0,0.002779,0,0,0.0038393032737076
6124.png,0,1,0.634,0,0,0.497635543346405
6128.png,0,0,0.00271,0,0,8.50692595122382e-05
6137.png,0,1,0.915,0,0,0.0968128070235252
6138.png,0,0,0.005924,0,0,0.0027067195624113
6140.png,0,0,0.0003846,0,0,1.3225951533968328e-06
6144.png,0,1,0.6963,0,1,0.8417429327964783
6148.png,0,0,0.001114,0,0,4.575705315801315e-05
6150.png,0,0,0.000767,0,0,1.7632817616686225e-05
6155.png,0,0,0.0002897,0,0,0.0003207566041965
6160.png,0,0,0.0001622,0,0,1.6703017990948863e-06
6162.png,0,0,0.0003989,0,0,0.0027300368528813
6167.png,0,0,0.01357,0,0,0.0020287807565182
6169.png,0,0,0.0001535,0,0,2.3339582355674798e-07
6172.png,0,0,0.002758,0,0,0.0367171987891197
6174.png,0,0,0.0001523,0,0,0.0003580148913897
6187.png,0,0,5.99e-05,0,0,8.636570214548557e-08
6188.png,0,0,0.01469,0,0,0.1050124689936637
6190.png,0,0,0.0004897,0,0,4.259357592673041e-05
6191.png,0,0,0.2522,0,0,0.1413517743349075
6192.png,0,0,0.408,0,0,0.3994084596633911
6193.png,0,0,0.0004628,0,0,1.8867340259021148e-05
6200.png,0,0,4.95e-05,0,0,1.3462236893246882e-05
6201.png,0,0,0.0001173,0,0,1.522702405054588e-06
6204.png,0,0,0.03105,0,0,0.0032210692297667
6210.png,0,0,0.0003386,0,0,4.809048164133856e-07
6212.png,1,1,0.9937,1,1,0.8588451147079468
6226.png,0,0,0.263,0,0,0.4032642245292663
6234.png,0,0,0.00899,0,0,0.011238825507462
6235.png,0,0,0.004166,0,0,5.706688625650713e-06
6248.png,0,0,0.00375,0,0,0.0054912534542381
6251.png,0,0,8.094e-05,0,0,1.3917589569700797e-07
6257.png,0,0,0.002007,0,0,0.0177840311080217
6260.png,0,0,0.000419,0,0,2.894937279052101e-05
6263.png,0,0,0.002773,0,0,0.0117613589391112
6264.png,0,0,0.001734,0,0,0.0159863326698541
6268.png,0,0,0.1255,0,0,0.0066970181651413
6269.png,0,0,0.0003283,0,0,1.036307324397967e-07
6281.png,0,0,0.0009074,0,0,0.0035867074038833
6282.png,1,0,0.0379,1,1,0.729138970375061
6292.png,0,0,0.0003035,0,0,0.0004010872216895
6293.png,0,0,0.00859,0,0,0.0095117604359984
6296.png,0,0,0.0004349,0,0,0.0233175344765186
6298.png,0,0,0.10376,0,0,0.0755390748381614
6299.png,0,0,0.00119,0,0,7.095983164617792e-05
6303.png,0,0,0.03226,0,0,0.0002883866545744
6305.png,0,0,0.0008264,0,0,0.0010104230605065
6311.png,0,0,8.124e-05,0,0,2.9468972570612092e-05
6317.png,0,0,0.0656,0,0,0.0073453076183795
6320.png,0,0,0.007107,0,0,0.0095923142507672
6322.png,0,0,0.01335,0,0,0.0597386360168457
6328.png,0,0,0.00835,0,0,0.0291093345731496
6332.png,0,0,0.00223,0,0,0.0052941450849175
6334.png,0,0,0.0002909,0,0,2.834942051777034e-06
6335.png,0,0,0.00563,0,0,0.0016142213717103
6338.png,0,0,0.000881,0,0,0.0020080434624105
6341.png,0,0,0.0007057,0,0,0.000108459375042
6342.png,0,0,0.0001432,0,0,8.257074659923092e-05
6346.png,1,1,0.9976,1,1,0.9930068254470824
6352.png,0,0,0.00424,0,0,0.0183884352445602
6353.png,0,0,0.004356,0,0,0.0023933013435453
6354.png,0,0,0.03326,0,0,0.0029476492200046
6355.png,0,1,0.6196,0,1,0.7726913094520569
6358.png,0,0,0.3464,0,0,0.000514535466209
6366.png,0,0,0.00783,0,0,0.0002112994843628
6367.png,0,0,0.0006237,0,0,0.0008863219409249
6371.png,0,0,0.2181,0,0,0.4805541038513183
6379.png,0,0,0.0172,0,0,0.1163447424769401
6383.png,0,0,0.002274,0,0,0.0016687170136719
6389.png,0,0,0.003878,0,0,0.0004926582914777
6400.png,0,0,9.996e-05,0,0,0.000349396810634
6405.png,0,0,0.0006337,0,0,8.876449101080652e-06
6406.png,0,0,0.03754,0,0,0.0198518242686986
6408.png,0,0,0.0001706,0,0,1.1369777439540485e-06
6414.png,0,0,0.001806,0,0,0.0009036384290084
6421.png,0,0,0.000696,0,0,1.0948797353194095e-06
6424.png,0,0,0.002731,0,0,0.0012527735671028
6432.png,0,0,0.00051,0,0,0.0010957969352602
6433.png,0,0,0.0002226,0,0,0.0001718602143228
6434.png,0,0,0.0003042,0,0,0.0089426031336188
6447.png,0,0,0.0003207,0,0,0.0005428789881989
6458.png,0,0,0.2142,0,0,0.4244560003280639
6460.png,0,1,0.98,0,1,0.8354393243789673
6462.png,0,0,0.00808,0,0,0.0024974427651613
6465.png,0,0,0.0002716,0,0,0.0001227084139827
6474.png,0,0,0.0001293,0,0,2.2086758235673187e-06
6486.png,0,0,0.0007296,0,0,2.8169208235340196e-05
6494.png,0,0,0.00347,0,0,0.0009999668691307
6495.png,0,1,0.672,0,0,0.1928871124982834
6496.png,0,1,0.4668,0,0,0.031713705509901
6500.png,1,0,0.001107,1,0,0.0001857064053183
6503.png,0,0,0.0006166,0,0,0.0026511549949645
6505.png,0,0,0.0002995,0,0,5.716122814192204e-06
6507.png,0,0,0.0004582,0,0,3.388902086953749e-06
6508.png,0,0,0.00088,0,0,0.0008118566474877
6511.png,0,0,0.0004718,0,0,0.0012723567197099
6515.png,0,0,0.000989,0,0,0.000479470443679
6523.png,0,1,0.9565,0,0,0.4740872979164123
6528.png,1,1,0.8145,1,1,0.6468325257301331
6529.png,0,0,0.0004468,0,0,0.0046519869938492
6532.png,0,0,0.002726,0,0,0.0023719549644738
6534.png,0,0,0.003944,0,0,0.0002988626074511
6537.png,0,0,0.0002685,0,0,1.1916655239474494e-05
6541.png,0,0,0.4304,0,0,0.0324331261217594
6542.png,1,1,0.9844,1,1,0.9976245760917664
6545.png,0,0,0.006424,0,0,0.0005314238369464
6546.png,0,0,0.372,0,0,0.3328005969524383
6549.png,0,0,0.001519,0,0,0.0005361312068998
6550.png,0,0,0.0002359,0,0,1.91119615919888e-05
6553.png,0,0,0.007668,0,0,0.0036829821765422
6562.png,0,0,0.002924,0,0,3.0510789201798616e-06
6566.png,0,0,0.02692,0,0,0.0424801036715507
6572.png,0,0,0.2966,0,0,0.2861069440841675
6574.png,0,0,0.002993,0,0,0.0072341882623732
6575.png,0,1,0.9785,0,1,0.782858669757843
6577.png,0,0,0.1494,0,0,0.0210349559783935
6580.png,0,0,0.1455,0,0,0.1390432566404342
6584.png,0,0,0.003796,0,0,1.908474951051176e-05
6589.png,0,0,0.001818,0,0,0.0001592436310602
6592.png,0,0,0.01828,0,0,0.1837295591831207
6599.png,0,0,0.03186,0,0,0.0440221056342124
6603.png,0,1,0.648,0,0,0.1649574637413025
6623.png,0,0,0.000434,0,0,0.0004419991455506
6628.png,0,0,0.4446,0,0,0.254664808511734
6632.png,0,0,0.000557,0,0,0.0017023698892444
6635.png,0,0,0.0016165,0,0,0.0001301037555094
6636.png,0,0,0.005352,0,0,0.0991860553622245
6651.png,0,0,0.0001398,0,0,4.489345144520485e-07
6656.png,0,0,0.0008507,0,0,0.00350640155375
6659.png,0,0,0.000606,0,0,1.2865686585428192e-05
6662.png,1,1,0.6646,1,1,0.9778721928596495
6663.png,0,0,0.02928,0,0,0.0313496738672256
6666.png,1,0,0.02153,1,0,0.2130614072084427
6673.png,0,0,0.00907,0,0,0.0055936449207365
6674.png,0,0,0.0009546,0,0,0.0003301266115158
6677.png,0,1,0.8003,0,0,0.2472589910030365
6678.png,0,0,0.01762,0,0,0.001061191316694
6682.png,0,0,0.0016775,0,0,5.767633410869166e-07
6683.png,0,0,0.00833,0,0,0.000229310724535
6684.png,0,0,0.001441,0,0,4.084438742779639e-08
6686.png,0,0,0.000454,0,0,4.0984474480865174e-07
6694.png,0,0,0.0005336,0,0,0.000169402512256
6719.png,0,0,0.001638,0,0,0.0003504118940327
6734.png,0,0,0.001839,0,0,0.0130367139354348
6739.png,1,0,0.2915,1,0,0.0030726140830665
6749.png,0,0,0.3413,0,0,0.028220921754837
6753.png,0,0,0.001472,0,0,0.0007394190179184
6763.png,1,1,0.989,1,0,0.4237260520458221
6765.png,0,0,0.05136,0,0,0.3709366619586944
6771.png,0,0,0.0004296,0,0,0.0169524922966957
6773.png,0,0,0.02351,0,0,0.1062663942575454
6776.png,0,0,0.000825,0,0,0.0008048409945331
6783.png,0,0,0.0224,0,0,0.1649467647075653
6794.png,0,0,0.002174,0,0,0.0130031770095229
6799.png,0,0,0.000825,0,0,0.00069508474553
6806.png,0,0,0.0013,0,0,0.006470208056271
6811.png,1,1,0.9956,1,1,0.9953674077987672
6813.png,0,0,0.0007977,0,0,3.423595626372844e-05
6814.png,0,0,0.01257,0,0,0.0096973609179258
6819.png,0,1,0.994,0,1,0.9949567914009094
6836.png,0,0,0.000828,0,0,0.0118484981358051
6840.png,0,0,0.004913,0,0,0.0018021204741671
6842.png,0,1,0.5415,0,0,0.4065492153167724
6846.png,0,0,0.06744,0,0,0.0810387432575225
6851.png,0,0,0.0589,0,0,0.0033913108054548
6853.png,0,0,0.1511,0,1,0.6361642479896545
6862.png,0,0,0.000846,0,0,0.3800248205661773
6863.png,1,1,0.9883,1,1,0.9334112405776978
6865.png,0,0,0.0336,0,0,0.271601140499115
6866.png,0,0,0.4353,0,0,0.2925684750080108
6867.png,0,1,0.944,0,1,0.9743421077728271
6885.png,0,1,0.999,0,1,0.9906710386276244
6886.png,0,0,0.003443,0,0,3.345592267578468e-05
6888.png,0,1,0.5015,0,0,0.1752667129039764
6889.png,0,0,0.02063,0,0,0.1149413213133812
6891.png,0,0,0.000541,0,0,0.0014578618574887
6892.png,0,1,0.9854,0,1,0.9577847123146056
6893.png,0,0,0.04712,0,0,0.0053230402991175
6899.png,0,0,0.0652,0,0,0.2397396117448806
6909.png,1,1,0.668,1,1,0.636231005191803
6911.png,0,0,0.0003042,0,0,0.0103250388056039
6912.png,0,0,0.0001907,0,0,2.231250391560025e-06
6916.png,0,0,0.001002,0,0,0.0054518235847353
6917.png,0,0,0.000655,0,0,5.052552296547219e-06
6918.png,1,0,0.03726,1,0,0.0032769581303
6921.png,0,0,0.1322,0,0,0.2285245507955551
6922.png,0,0,0.0008345,0,0,0.021207395941019
6923.png,0,0,0.2039,0,0,0.0364369042217731
6931.png,0,0,3.976e-05,0,0,5.096308264285199e-09
6933.png,0,0,0.001738,0,0,0.001205233274959
6935.png,0,0,0.0006566,0,0,4.268636621418409e-05
6939.png,0,0,1.454e-05,0,0,2.158745360247849e-08
6945.png,0,0,0.0009527,0,0,0.0008311574929393
6946.png,0,0,0.1179,0,1,0.8009854555130005
6949.png,0,0,0.0002131,0,0,5.30843976775941e-07
6956.png,1,1,0.7354,1,1,0.735569179058075
6960.png,0,0,0.3667,0,0,0.4250461161136627
6961.png,0,0,0.0527,0,0,0.1173325777053833
6979.png,0,0,0.1255,0,0,0.2219971269369125
6980.png,0,0,0.002388,0,0,0.0463316030800342
6986.png,1,0,0.2932,1,1,0.8678606152534485
6988.png,0,0,0.04407,0,0,0.2973672747611999
6990.png,0,0,0.000484,0,0,0.0030865476001054
6994.png,0,1,0.783,0,0,0.0420399457216262
7006.png,0,0,0.2805,0,1,0.5173298716545105
7007.png,0,0,0.00193,0,0,0.013440890237689
7010.png,0,0,0.2727,0,1,0.586090624332428
7012.png,0,0,0.001032,0,0,0.0183822903782129
7013.png,0,0,0.001216,0,0,6.154499715194106e-05
7022.png,0,0,0.0088,0,0,0.025036422535777
7028.png,0,0,0.003464,0,0,0.0201702136546373
7046.png,0,0,0.1203,0,0,0.1742875427007675
7051.png,0,0,0.2156,0,0,0.3132120072841644
7055.png,0,0,0.007904,0,0,0.0507315583527088
7057.png,0,0,0.003483,0,0,0.0019134725444018
7059.png,0,0,2.53e-05,0,0,2.330065584921215e-10
7060.png,0,1,0.9795,0,1,0.8918253183364868
7061.png,0,0,0.001274,0,0,0.0858000069856643
7064.png,0,0,0.0003536,0,0,0.0065868976525962
7067.png,0,0,0.01118,0,0,0.0029992910567671
7071.png,0,0,0.0007334,0,0,1.1895751413248943e-05
7076.png,0,0,0.00503,0,0,9.929219959303735e-05
7079.png,0,0,0.006413,0,0,0.0165247060358524
7080.png,0,0,0.0093,0,0,0.0085044363513588
7084.png,0,0,0.002132,0,0,0.0095066325739026
7088.png,0,0,0.0274,0,0,0.0387699268758297
7100.png,0,0,0.0789,0,1,0.5040283799171448
7106.png,0,0,0.02563,0,0,0.0639316663146019
7109.png,0,0,0.02615,0,0,0.0535962060093879
7126.png,0,0,0.00736,0,0,0.0004828306555282
7130.png,0,0,0.03918,0,1,0.6393486261367798
7133.png,0,0,0.002531,0,0,0.0883809477090835
7134.png,1,0,0.001402,1,0,0.0029592458158731
7135.png,0,0,0.001984,0,0,0.0002214258856838
7138.png,0,0,0.077,0,0,0.0548999048769474
7139.png,0,0,0.02338,0,0,0.0008862489485181
7140.png,0,0,0.0002453,0,0,0.0001778120931703
7150.png,0,0,0.02611,0,0,0.2218218445777893
7162.png,0,0,0.001626,0,0,0.0127747301012277
7167.png,0,0,0.0001289,0,0,2.5110095521085896e-05
7176.png,0,0,4.72e-05,0,0,7.14492634870112e-05
7180.png,0,0,0.1378,0,0,0.2537172734737396
7188.png,0,1,0.921,0,0,0.0910071954131126
7189.png,1,0,0.4277,1,1,0.9806323051452636
7194.png,0,0,0.002157,0,0,0.0039796228520572
7212.png,0,0,0.01135,0,0,0.0727249085903167
7218.png,0,1,0.8696,0,0,0.0085549280047416
7221.png,1,1,0.4993,1,0,0.082273744046688
7222.png,0,0,0.002768,0,0,0.0006448113708756
7230.png,0,1,0.553,0,1,0.7773285508155823
7233.png,0,0,0.0006413,0,0,3.83048718504142e-05
7235.png,0,0,0.0002369,0,0,1.2621707355719993e-05
7236.png,0,0,0.0008426,0,0,0.0003368426405359
7238.png,0,0,0.003172,0,0,0.1069793179631233
7243.png,0,0,0.0001366,0,0,4.89236988698849e-08
7245.png,0,0,0.0004036,0,0,3.277074483776232e-06
7246.png,0,0,0.000751,0,0,0.0015477108536288
7251.png,0,0,1.56e-05,0,0,1.1578691783142858e-08
7254.png,0,0,0.0003066,0,0,3.259640288888477e-05
7256.png,1,1,0.9854,1,1,0.5419751405715942
7257.png,0,0,0.0921,0,0,0.0756715238094329
7259.png,0,0,0.01779,0,0,0.0049544489011168
7261.png,0,0,0.001507,0,0,5.708914159185952e-07
7262.png,0,0,0.0003138,0,0,6.814727981918622e-08
7263.png,1,0,0.1891,1,1,0.7416898012161255
7264.png,0,0,0.0005264,0,0,1.383146081934683e-05
7269.png,0,0,9.35e-05,0,0,0.0016906631644815
7273.png,0,0,0.0009527,0,0,0.0021309899166226
7275.png,0,0,0.0003626,0,0,0.007503620814532
7278.png,0,0,0.001592,0,0,0.0003523064369801
7285.png,0,0,0.0001068,0,0,3.614753723013564e-06
7289.png,0,0,0.0004811,0,0,2.331884388695471e-05
7303.png,0,0,0.0002091,0,0,0.000363925093552
7312.png,0,0,0.0002359,0,0,1.526902269688435e-05
7314.png,0,0,0.1843,0,0,0.0736808404326438
7315.png,0,0,0.002958,0,0,0.0123338466510176
7316.png,0,0,0.0001706,0,0,3.9681021007709205e-05
7324.png,0,0,0.000697,0,0,3.016438995473436e-06
7328.png,0,0,0.000483,0,0,0.0364260114729404
7330.png,0,0,0.0005174,0,0,2.9031175472482573e-06
7333.png,0,0,0.0001023,0,0,1.7383787053404376e-05
7342.png,0,0,0.001875,0,0,0.0011166060576215
7352.png,0,0,0.002823,0,0,0.0051840580999851
7356.png,0,0,6.66e-05,0,0,7.332960194617044e-06
7358.png,0,0,0.0005584,0,0,2.198529728048016e-06
7362.png,0,0,0.01668,0,0,0.0769357532262802
7377.png,0,0,0.000307,0,0,2.195416163885966e-05
7380.png,0,0,0.0001426,0,0,2.74080917961328e-07
7387.png,0,0,0.00272,0,0,0.0136861177161335
7396.png,0,0,0.000635,0,0,3.7901176256127656e-05
7398.png,0,0,0.0001893,0,0,0.0007963277748785
7405.png,0,1,0.9907,0,1,0.8093159198760986
7411.png,0,0,0.0013275,0,0,3.495823420962552e-06
7421.png,0,0,0.000566,0,0,4.929659098706907e-06
7432.png,0,0,0.0003583,0,0,4.410469773574732e-05
7443.png,0,0,0.000993,0,0,0.0211461074650287
7447.png,1,1,0.9473,1,1,0.947986900806427
7457.png,0,0,0.0002174,0,0,7.126369894194795e-08
7462.png,0,1,0.7207,0,1,0.9534261226654052
7468.png,0,0,0.0001483,0,0,6.446518909797305e-07
7469.png,0,0,0.002506,0,0,0.0001284759200643
7474.png,0,0,0.00984,0,0,0.0007435427396558
7475.png,0,0,0.000522,0,0,0.0002136160765076
7481.png,0,1,0.8794,0,1,0.5524531602859497
7484.png,0,0,0.000997,0,0,3.778580139623955e-05
7485.png,0,0,0.000168,0,0,3.7600071664201096e-05
7491.png,0,0,0.0003853,0,0,0.0001680745044723
7493.png,0,0,0.0003612,0,0,0.0006457747076638
7502.png,0,0,0.004993,0,0,8.777145012572873e-06
7504.png,0,0,0.0002191,0,0,1.0908358945016516e-06
7507.png,0,0,0.001498,0,0,1.4878226465953048e-05
7508.png,0,0,6.58e-05,0,0,7.825104694347829e-05
7515.png,0,1,0.8535,0,0,0.1952149420976638
7518.png,0,0,0.0005736,0,0,9.69509801507229e-06
7525.png,0,0,0.005375,0,0,2.375663461862132e-05
7535.png,0,0,0.00063,0,0,2.028437847911846e-05
7537.png,0,0,0.02504,0,1,0.5814809203147888
7541.png,0,0,0.0004964,0,0,8.903196430765092e-06
7542.png,0,0,9.876e-05,0,0,1.1871385140693748e-05
7550.png,0,0,0.0002434,0,0,2.813710295868077e-07
7552.png,0,0,0.00254,0,0,0.0208207070827484
7555.png,0,1,0.673,0,0,0.173912912607193
7560.png,0,0,0.015495,0,0,0.0041039981879293
7567.png,0,0,0.07,0,0,0.0092676542699337
7568.png,0,0,0.000838,0,0,2.863588997570332e-05
7573.png,0,0,0.007374,0,0,0.0004924681852571
7580.png,0,0,0.2957,0,0,0.1851677745580673
7581.png,0,0,0.001796,0,0,0.0044396291486918
7582.png,0,0,0.06915,0,0,0.2252787351608276
7587.png,0,0,0.000833,0,0,0.0110590727999806
7595.png,0,0,0.002182,0,0,0.0012013677041977
7599.png,0,0,0.0003881,0,0,3.0485507522826083e-05
7610.png,0,0,0.000106,0,0,7.394322437903611e-06
7615.png,0,0,0.001806,0,0,0.0016628069570288
7619.png,0,0,0.001197,0,0,0.0001066929617081
7623.png,0,0,0.0001483,0,0,1.8691437730922192e-08
7625.png,0,0,0.0001518,0,0,8.11197423900012e-06
7632.png,0,0,0.0001845,0,0,2.380008027103031e-06
7638.png,0,0,0.00516,0,0,0.0046868775971233
7639.png,0,0,0.0002897,0,0,1.4556023586465017e-07
7640.png,0,0,0.001861,0,0,2.8022754122503105e-05
7642.png,0,0,0.00701,0,0,8.812557098281104e-06
7647.png,0,0,0.0003815,0,0,0.0001150616808445
7649.png,0,0,0.0002378,0,0,9.159485614418372e-08
7657.png,0,0,0.004913,0,0,0.0135096469894051
7660.png,0,0,0.000406,0,0,0.0001295773254241
7664.png,0,0,0.4019,0,0,0.2126720696687698
7667.png,0,0,2.98e-05,0,0,4.082308350916719e-06
7670.png,0,0,0.001124,0,0,0.0010079409694299
7672.png,0,0,0.278,0,1,0.9412782788276672
7673.png,0,0,0.0001168,0,0,3.1805274858243144e-08
7675.png,0,0,0.0003626,0,0,0.0010040091583505
7677.png,0,0,0.0004992,0,0,3.2106305297929794e-05
7678.png,0,0,0.000567,0,0,2.6073290428030305e-05
7681.png,0,0,0.00411,0,0,0.0097304703667759
7684.png,0,0,0.003172,0,0,0.0020969551987946
7690.png,0,0,0.000336,0,0,0.0003421025758143
7692.png,0,0,0.00088,0,0,5.659956627823703e-07
7698.png,0,0,5.7e-06,0,0,6.603021574846935e-06
7701.png,0,0,7.34e-05,0,0,1.6755683418523404e-06
7706.png,0,0,0.0001518,0,0,1.5958346466504736e-06
7709.png,0,0,0.001367,0,0,3.616562025854364e-05
7710.png,0,0,0.0003755,0,0,4.959420873973386e-09
7711.png,0,0,0.000964,0,0,0.0010114685865119
7715.png,0,0,0.0002099,0,0,5.186686848901445e-07
7716.png,0,0,0.00017,0,0,0.0017717098817229
7726.png,0,0,0.00549,0,0,0.0001471863797632
7732.png,0,0,0.1109,0,0,0.0132615277543663
7736.png,0,0,0.004375,0,0,0.0030353842303156
7748.png,0,0,0.006413,0,0,2.859014102796209e-06
7755.png,0,0,0.005554,0,0,0.0238390564918518
7762.png,0,0,0.01071,0,0,0.017600430175662
7764.png,0,0,0.01267,0,0,0.0005710527184419
7780.png,0,0,0.0007615,0,0,0.1113922968506813
7782.png,0,0,0.03305,0,0,0.022367175668478
7783.png,0,0,0.2113,0,0,0.0362664498388767
7793.png,0,0,0.4106,0,0,0.1166978627443313
7796.png,0,0,0.06757,0,0,0.0254311151802539
7799.png,1,0,0.1748,1,0,0.0917998254299163
7801.png,0,0,0.04822,0,1,0.5692784190177917
7802.png,0,0,0.001938,0,0,0.001631777267903
7803.png,0,0,0.000424,0,0,8.918427920434624e-05
7805.png,0,0,0.004173,0,0,0.0369328372180461
7808.png,1,0,0.2505,1,0,0.4781360030174255
7812.png,0,0,0.2673,0,0,0.3815006613731384
7817.png,0,0,0.02753,0,0,0.0033232602290809
7820.png,0,0,0.188,0,0,0.0015346638392657
7825.png,0,0,0.002024,0,0,0.0001128243675339
7829.png,0,0,0.0001196,0,0,2.4229896666838613e-07
7833.png,0,0,0.3882,0,0,0.1290756464004516
7834.png,0,0,8.65e-05,0,0,0.0030727132689207
7844.png,0,0,0.0982,0,1,0.8323226571083069
7848.png,1,1,0.973,1,1,0.9370051622390748
7852.png,0,0,0.000692,0,0,0.0366202183067798
7856.png,0,0,0.004364,0,0,0.0013503580121323
7857.png,1,1,0.9795,1,1,0.6794624328613281
7861.png,0,0,0.0977,0,0,0.0210613664239645
7862.png,0,0,0.007755,0,0,0.0015876400284469
7863.png,0,0,0.0002166,0,0,0.0002177394781028
7864.png,0,0,0.010345,0,0,0.00483427522704
7865.png,0,0,0.00581,0,0,0.0690223276615142
7867.png,0,0,7.784e-05,0,0,3.4655588621035356e-08
7872.png,0,0,0.001297,0,0,0.002695309696719
7886.png,0,0,0.01991,0,0,0.0007651967462152
7889.png,0,1,0.843,0,1,0.5761598348617554
7894.png,0,1,0.996,0,1,0.997883141040802
7896.png,0,0,0.0002296,0,0,8.278716268250719e-05
7901.png,0,0,0.039,0,0,0.0060543101280927
7902.png,0,0,0.00011414,0,0,2.289094993557228e-07
7905.png,0,0,0.0002156,0,0,0.0001893315929919
7906.png,0,0,0.001006,0,0,0.0010636292863637
7907.png,0,0,0.00676,0,0,0.0024672492872923
7908.png,0,0,0.0004692,0,0,0.0002163886238122
7912.png,0,0,0.04492,0,0,0.2152892351150512
7918.png,0,0,0.0001726,0,0,1.5059888482937822e-06
7919.png,0,0,0.01219,0,0,0.0054234135895967
7921.png,0,1,0.645,0,0,0.2658004760742187
7938.png,0,0,0.000159,0,0,4.736821665574098e-06
7940.png,0,0,0.0001926,0,0,8.191817357783293e-08
7943.png,0,0,0.0001972,0,0,1.1035516678248315e-07
7953.png,0,0,0.0006948,0,0,3.151078317387146e-06
7956.png,0,0,0.000738,0,0,4.721514414995909e-05
7957.png,0,0,0.0007553,0,0,0.0538230091333389
7958.png,1,1,0.9995,1,1,0.9774656295776368
7959.png,0,1,0.8594,0,0,0.0627905800938606
7962.png,0,0,0.00562,0,0,0.0043045245110988
7963.png,0,0,0.000876,0,0,0.0005182449240237
7964.png,0,0,0.0003083,0,0,4.290552624297561e-06
7968.png,0,0,0.00353,0,0,0.0014040246605873
7971.png,0,0,0.0001334,0,0,0.0044587817974388
7973.png,0,0,0.0003488,0,0,0.0003232992894481
7974.png,1,1,0.8774,1,1,0.5587770342826843
7978.png,0,0,0.001455,0,0,7.658376853214577e-05
7979.png,0,0,7.576e-05,0,0,6.778267334084376e-07
7981.png,0,0,0.00468,0,0,8.565912139602005e-06
7983.png,0,0,0.002752,0,0,0.0002125814498867
7987.png,0,0,0.2031,0,0,0.0764601081609726
7992.png,0,0,0.0001788,0,0,0.00050886295503
7993.png,0,0,0.0002522,0,0,0.0006548188976012
8001.png,0,0,0.005608,0,0,3.803742947638966e-05
8002.png,0,0,0.001611,0,0,0.0085677988827228
8003.png,0,0,0.0001329,0,0,2.1751307940576226e-05
8014.png,0,0,0.008156,0,0,0.0030240574851632
8021.png,0,0,0.0004222,0,0,8.093397809716407e-07
8027.png,0,0,0.000744,0,0,1.3115871297486592e-05
8028.png,0,0,0.001107,0,0,0.0005063976277597
8030.png,0,0,0.0002613,0,0,3.330338586238213e-05
8038.png,0,0,0.0007,0,0,0.0051779779605567
8041.png,0,1,0.8677,0,1,0.8457134366035461
8042.png,0,0,0.2394,0,0,0.0092093264684081
8054.png,0,0,0.006836,0,0,0.0069061205722391
8065.png,0,0,0.0009365,0,0,6.513993866974488e-06
8067.png,0,0,9.84e-05,0,0,7.102973995642969e-07
8071.png,0,0,0.000655,0,0,0.0019693945068866
8076.png,0,0,0.0001366,0,0,0.0002691802510526
8081.png,0,0,0.0003626,0,0,0.0002757647889666
8083.png,0,0,0.0003302,0,0,0.0081638675183057
8085.png,0,0,0.0001489,0,0,5.0993530749110505e-06
8090.png,0,0,0.003878,0,0,0.0167481489479541
8094.png,0,0,0.0002388,0,0,3.522751649143174e-05
8096.png,1,1,0.999,1,1,0.8167446851730347
8100.png,0,0,0.0001867,0,0,1.733514523039048e-06
8116.png,0,0,0.001671,0,0,0.0662814751267433
8118.png,0,0,0.000677,0,0,9.809117182157934e-05
8121.png,0,1,0.8154,0,1,0.9060357213020324
8122.png,0,0,0.001127,0,0,2.0699735614471138e-05
8124.png,0,0,0.00404,0,0,0.0003894165274687
8127.png,0,0,0.003351,0,0,0.0007904484518803
8139.png,0,0,0.01587,0,0,0.0404653921723365
8140.png,0,0,0.002846,0,0,0.1062584370374679
8141.png,0,0,0.000812,0,0,0.0013124902034178
8142.png,0,0,0.0003276,0,0,0.0011781029170379
8144.png,0,1,0.9956,0,1,0.9215503334999084
8156.png,0,0,0.0009775,0,0,0.0189962536096572
8172.png,0,0,0.0001205,0,0,3.1404887579356e-08
8174.png,0,0,0.3962,0,0,0.3792792558670044
8179.png,0,0,0.0002323,0,0,4.3714939238270745e-05
8187.png,0,0,0.3818,0,1,0.8735547065734863
8188.png,0,0,0.0217,0,0,0.0435842163860797
8189.png,0,0,0.000878,0,0,1.5967914805514738e-05
8192.png,0,0,0.02348,0,0,0.0005470752366818
8193.png,0,0,0.00034,0,0,0.0004041679494548
8201.png,0,0,0.0002453,0,0,4.639974577003159e-06
8207.png,0,0,0.002617,0,0,0.1096780374646186
8213.png,0,0,0.00664,0,0,0.0037963308859616
8217.png,1,1,0.9937,1,1,0.8482303619384766
8229.png,0,0,0.0002425,0,0,6.281895821302896e-07
8230.png,0,0,0.0004132,0,0,1.5498841321459622e-06
8233.png,0,0,0.0003188,0,0,6.0891970576904e-08
8234.png,0,0,0.0001371,0,0,2.549064447521232e-06
8237.png,0,0,0.00063,0,0,2.1772374125816896e-08
8239.png,0,0,0.0002066,0,0,0.00029330374673
8240.png,0,0,0.00759,0,0,9.448188939131796e-05
8242.png,0,0,0.001279,0,0,0.0008761273347772
8252.png,0,0,0.0001972,0,0,1.2556241017591674e-05
8254.png,0,0,0.0003529,0,0,0.0144748203456401
8256.png,0,0,0.0006666,0,0,2.206264980486594e-05
8259.png,1,1,0.9795,1,1,0.9177154898643494
8266.png,0,0,0.013916,0,0,0.0007995086489245
8267.png,0,0,0.01076,0,0,0.0009866227628663
8271.png,0,0,0.001351,0,0,0.0003961969341617
8275.png,1,1,0.9927,1,1,0.9941388368606568
8280.png,1,1,0.9995,1,1,0.9998204112052916
8290.png,0,0,0.0006614,0,0,0.0002082751016132
8292.png,0,0,0.004646,0,0,7.16895010555163e-05
8296.png,0,0,9.1e-05,0,0,3.491015263534792e-07
8298.png,0,0,0.000684,0,0,7.516401092289016e-05
8300.png,0,0,0.003292,0,0,0.0306458920240402
8301.png,0,0,0.0003529,0,0,1.710455762804486e-05
8307.png,0,0,0.00384,0,0,0.0274231880903244
8311.png,0,0,0.00669,0,0,0.004191359039396
8316.png,0,0,3.75e-05,0,0,1.7552122949515692e-11
8318.png,0,0,0.02971,0,0,0.0675979480147361
8324.png,0,0,0.4436,0,1,0.5527758002281189
8326.png,0,0,0.00848,0,0,0.0152804180979728
8329.png,1,1,0.9663,1,1,0.8194485306739807
8330.png,0,0,0.002144,0,0,0.023627758026123
8338.png,0,0,9.686e-05,0,0,1.523495575384004e-05
8340.png,0,0,0.0011425,0,0,0.0064051109366118
8344.png,1,0,0.1852,1,1,0.9115023612976074
8352.png,0,0,0.0845,0,1,0.9381887912750244
8353.png,0,0,0.005924,0,0,0.0001337555440841
8363.png,0,0,0.009,0,0,0.1084019243717193
8367.png,0,0,0.02461,0,1,0.6561831831932068
8377.png,1,0,0.0782,1,1,0.7150120139122009
8380.png,0,0,6.205e-05,0,0,0.0001717753330012
8382.png,0,0,2.81e-05,0,0,1.8855061512113025e-07
8384.png,0,0,0.10126,0,1,0.5239917635917664
8386.png,0,0,0.00035,0,0,1.0227498705717153e-06
8392.png,0,0,0.01631,0,0,0.0154688525944948
8393.png,0,0,0.001044,0,0,0.0005352494772523
8396.png,0,1,0.8813,0,0,0.0548004023730754
8402.png,0,0,0.0184,0,0,0.0308867059648036
8403.png,0,0,0.0008917,0,0,0.0075214975513517
8408.png,0,0,0.2186,0,1,0.5852361917495728
8414.png,0,1,0.997,0,1,0.9209485054016112
8426.png,0,1,0.655,0,1,0.5328208804130554
8430.png,1,0,0.07135,1,1,0.837039053440094
8434.png,0,0,0.00345,0,0,0.0027037090621888
8439.png,0,0,0.07544,0,1,0.7889615297317505
8444.png,0,0,0.01447,0,0,0.0167564135044813
8455.png,0,0,0.0003655,0,0,1.0244747500109952e-05
8456.png,0,0,0.001221,0,0,0.0001427679817425
8460.png,0,0,0.004635,0,0,0.0090897558256983
8461.png,0,0,0.000556,0,0,2.8152076083642896e-06
8466.png,0,0,0.10114,0,0,0.2213414460420608
8471.png,0,0,0.0004172,0,0,2.9786194772896124e-06
8491.png,0,1,0.5103,0,0,0.1646151095628738
8492.png,0,0,0.1665,0,1,0.5580368041992188
8494.png,0,0,0.0005255,0,0,0.0097393877804279
8509.png,0,0,0.0001298,0,0,0.0005818711942993
8511.png,0,0,0.03308,0,0,0.0174391753971576
8518.png,0,0,0.006798,0,0,0.0198946874588727
8519.png,0,0,0.0004382,0,0,1.2558659364003688e-05
8522.png,0,1,0.678,0,0,0.1979483515024185
8524.png,1,1,0.991,1,1,0.9613543748855592
8525.png,0,0,0.001399,0,0,1.659020881561446e-06
8528.png,0,0,0.00961,0,0,0.0011592197697609
8529.png,0,0,0.002901,0,0,7.906359678599983e-05
8532.png,0,0,0.000775,0,0,0.0001613109197933
8536.png,0,0,0.001814,0,0,0.1543131172657013
8544.png,0,0,0.02898,0,0,0.004879243671894
8554.png,0,0,0.11993,0,0,0.0718245580792427
8566.png,1,0,0.085,1,0,0.2186734974384308
8568.png,1,1,0.8467,1,1,0.719981849193573
8569.png,0,0,0.0002221,0,0,1.7099389959529532e-10
8572.png,0,0,0.1343,0,0,0.0450490191578865
8588.png,0,0,0.0654,0,0,0.0088457493111491
8589.png,0,0,0.1019,0,0,0.3408144116401672
8595.png,0,0,0.005447,0,0,0.0034477957524359
8611.png,0,0,0.0002835,0,0,0.0015208001714199
8612.png,0,0,0.3247,0,0,0.0007660014671273
8616.png,0,0,0.0004637,0,0,7.424823706969619e-07
8617.png,0,0,0.004513,0,0,0.0002269109245389
8622.png,0,0,0.1047,0,0,0.3024318516254425
8632.png,0,1,0.8823,0,0,0.2688319385051727
8634.png,0,1,0.6704,0,1,0.8073506951332092
8636.png,0,0,0.0012865,0,0,0.0008197696879506
8638.png,0,0,0.003172,0,0,0.0004655351513065
8639.png,0,0,0.0004747,0,0,0.0074367094784975
8641.png,1,1,0.9033,1,1,0.9461892247200012
8644.png,0,0,0.0002323,0,0,1.8998021914740093e-05
8647.png,0,0,0.005676,0,0,0.0390281416475772
8654.png,1,1,0.9995,1,1,0.995976984500885
8683.png,0,0,0.1681,0,0,0.1518856287002563
8689.png,0,0,0.03317,0,0,0.1157413721084594
8690.png,0,0,3.594e-05,0,0,9.095694508687302e-07
8691.png,0,1,0.514,0,1,0.5117204189300537
8696.png,0,0,0.3745,0,0,0.3426623344421386
8702.png,0,0,0.093,0,0,0.0094418581575155
8707.png,0,0,0.0008507,0,0,0.0977537930011749
8709.png,0,0,0.000471,0,0,0.0008938632672652
8710.png,0,0,0.002699,0,0,0.0158258024603128
8715.png,0,0,0.0001388,0,0,5.3145631682127714e-05
8717.png,0,0,0.001513,0,0,1.4805672435613816e-05
8722.png,0,0,0.0005918,0,0,2.606048838060815e-05
8726.png,0,0,0.000452,0,0,0.00222102063708
8728.png,0,0,8.96e-05,0,0,1.874694021353207e-06
8734.png,0,0,0.007175,0,0,0.0010436658049002
8742.png,0,0,0.00885,0,0,0.0227608475834131
8748.png,0,0,0.0702,0,1,0.6097930073738098
8753.png,0,0,0.0006785,0,0,6.2270546550280415e-06
8756.png,0,0,0.4192,0,1,0.8944380283355713
8761.png,1,1,0.9976,1,1,0.9985287189483644
8769.png,0,0,0.0002627,0,0,1.0294893399986904e-05
8775.png,0,0,0.0004964,0,0,0.0002128359919879
8785.png,0,0,0.0001987,0,0,5.5428899941034615e-05
8787.png,0,0,0.00145,0,0,2.3500320821767676e-05
8790.png,1,1,0.6807,1,0,0.1649616360664367
8812.png,1,1,0.9995,1,1,0.95458722114563
8816.png,0,0,0.000389,0,0,0.0001851344568422
8820.png,0,0,2.26e-05,0,0,7.413051150706451e-08
8823.png,0,0,0.008286,0,0,0.0153546975925564
8828.png,0,0,0.0723,0,0,0.112990029156208
8829.png,0,0,0.02444,0,0,0.2451793253421783
8831.png,1,1,0.9917,1,1,0.921596884727478
8834.png,0,0,0.1108,0,0,0.0482890009880065
8838.png,0,0,0.004047,0,0,0.0470045544207096
8843.png,0,0,0.02104,0,0,0.0053074602037668
8854.png,1,1,0.9463,1,1,0.8990919589996338
8859.png,0,0,3.74e-05,0,0,3.3440105653426144e-06
8865.png,0,0,0.0002252,0,0,2.982372643600684e-05
8874.png,0,0,4.13e-05,0,0,4.6844670009704725e-07
8879.png,0,0,0.02525,0,1,0.7894274592399597
8881.png,0,0,0.0002306,0,0,6.64352000967483e-07
8882.png,0,0,0.01408,0,0,0.0242982469499111
8885.png,0,0,0.0003748,0,0,3.896005182468798e-06
8888.png,0,1,0.4666,0,0,0.0652955919504165
8891.png,0,0,7.576e-05,0,0,3.212241495020862e-08
8893.png,0,0,0.0001566,0,0,1.1812616321549284e-05
8894.png,0,0,8.994e-05,0,0,2.0089129293410227e-07
8895.png,0,0,0.0009546,0,0,1.2556887668324634e-05
8896.png,0,0,0.00011194,0,0,0.0001383970666211
8899.png,0,0,0.0007915,0,0,3.137181465717731e-07
8904.png,0,0,0.006313,0,0,0.0574912875890731
8917.png,0,0,0.0006437,0,0,2.31483718380332e-05
8920.png,1,1,0.971,1,1,0.8837766051292419
8927.png,0,0,0.182,0,1,0.8472418189048767
8928.png,0,0,0.001219,0,0,0.015653271228075
8931.png,0,0,0.00522,0,0,0.0008620934095233
8935.png,0,0,0.0006824,0,0,5.138112464919686e-05
8944.png,0,0,0.2272,0,1,0.5457732081413269
8950.png,0,0,0.0002482,0,0,7.036522674752632e-06
8954.png,0,0,0.0005035,0,0,0.0001056225737556
8956.png,0,1,0.4844,0,0,0.2221489697694778
8958.png,0,0,0.00172,0,0,0.0004316399281378
8960.png,0,0,0.0002288,0,0,1.2695982931631988e-08
8963.png,0,0,0.001279,0,0,0.0460385717451572
8964.png,0,0,0.004772,0,0,0.0001136079445132
8971.png,0,0,0.0002663,0,0,0.0002026487491093
8976.png,0,0,0.002993,0,0,0.0013499298365786
8978.png,0,0,0.001984,0,0,0.0003559710166882
8990.png,0,0,0.0004206,0,0,0.0375230722129344
8993.png,0,0,8.85e-05,0,0,6.927419690327952e-06
8995.png,0,0,0.00041,0,0,0.0003608204424381
9000.png,0,0,0.0002513,0,0,7.135189434848144e-07
9005.png,0,0,9.8e-05,0,0,2.0676850454037776e-06
9008.png,0,0,0.0001366,0,0,5.869023880222812e-06
9016.png,0,0,0.0002242,0,0,0.0006837284890934
9023.png,0,0,0.0714,0,0,0.1730236858129501
9025.png,1,0,0.1083,1,0,0.0429956577718257
9029.png,0,0,0.00927,0,0,0.0283557157963514
9033.png,0,0,0.0004888,0,0,0.0002100366400554
9036.png,0,0,0.005417,0,0,0.0007724469760432
9037.png,0,0,0.00149,0,0,0.0093078799545764
9039.png,0,0,0.2412,0,0,0.0378003120422363
9050.png,0,0,0.001519,0,0,2.0098252207390036e-05
9057.png,0,0,0.0003626,0,0,0.0001915673492476
9059.png,0,0,0.001461,0,0,0.0004775107372552
9060.png,0,0,0.0005836,0,0,0.0005518497200682
9063.png,0,0,0.0004022,0,0,0.0001150583921116
9064.png,0,0,0.001032,0,0,0.0063755973242223
9069.png,0,0,0.0003598,0,0,7.439030923706014e-06
9101.png,0,0,0.000793,0,0,0.0002387599379289
9107.png,1,1,0.9556,1,1,0.8336296677589417
9112.png,0,0,0.08264,0,0,0.2072876393795013
9116.png,0,1,0.6343,0,0,0.2450424879789352
9117.png,0,0,0.0002491,0,0,1.0745196959760506e-05
9132.png,0,0,6.634e-05,0,0,7.152364105422748e-07
9134.png,0,0,3.916e-05,0,0,1.8149863478811312e-07
9135.png,0,0,8.416e-05,0,0,6.595579975510191e-07
9143.png,1,1,0.741,1,1,0.8130252957344055
9148.png,0,0,0.0002728,0,0,1.9411754692555405e-06
9150.png,0,0,0.0002613,0,0,3.0408478778554127e-05
9151.png,0,0,0.014885,0,0,0.0051812953315675
9165.png,0,0,0.0003583,0,0,7.797261787345633e-05
9179.png,1,1,0.939,1,1,0.7356216311454773
9181.png,0,0,0.000593,0,0,2.150409454770852e-05
9185.png,0,0,0.000839,0,0,5.839942969032563e-05
9191.png,0,0,0.0001774,0,0,6.957093034998253e-08
9192.png,0,0,0.0005326,0,0,0.0001418328174622
9195.png,0,0,0.0003426,0,0,1.376840918965172e-05
9197.png,0,0,0.000403,0,0,1.4296679182734806e-05
9204.png,0,0,0.001053,0,0,0.0001134537815232
9212.png,1,1,0.997,1,1,0.910335123538971
9225.png,0,0,0.0002099,0,0,2.845958260877524e-05
9227.png,0,1,0.6504,0,0,0.2472472786903381
9231.png,0,0,0.00548,0,0,0.0629717409610748
9235.png,0,0,0.0007887,0,0,0.0123125705868005
9236.png,0,1,0.4937,0,1,0.6472286581993103
9248.png,0,0,0.0004246,0,0,8.198433533834759e-06
9251.png,0,0,0.002424,0,0,0.0198302529752254
9261.png,1,1,0.998,1,1,0.9796971678733826
9266.png,0,0,0.01907,0,0,0.1158771514892578
9275.png,0,0,0.09607,0,0,0.0729200318455696
9276.png,0,0,0.0009527,0,0,0.0417563989758491
9277.png,0,0,0.0211,0,0,0.0055124806240201
9281.png,0,0,0.0001271,0,0,3.026787283033628e-07
9284.png,0,0,0.0004256,0,0,5.781406434834935e-05
9288.png,0,0,0.0001647,0,0,0.000479170033941
9293.png,0,0,0.001071,0,0,0.0004006866947747
9306.png,0,0,0.0001802,0,0,6.0503341956064105e-05
9310.png,0,0,0.0001382,0,0,6.518344162032008e-05
9313.png,1,1,0.8955,1,1,0.8664743900299072
9319.png,0,0,0.002626,0,0,0.0204991325736045
9329.png,0,0,0.0002191,0,0,2.957394826808013e-07
9332.png,0,0,0.00026,0,0,1.26760378407198e-05
9334.png,0,0,0.00052,0,0,4.439299300429411e-05
9337.png,0,0,0.0009055,0,0,4.398020973894745e-05
9339.png,1,1,0.889,1,1,0.7352052330970764
9354.png,0,0,0.0002226,0,0,4.417824584379559e-06
9359.png,0,0,0.2258,0,0,0.1641230285167694
9367.png,0,0,0.000255,0,0,1.2356788658962614e-07
9375.png,0,0,0.10004,0,0,0.0370698496699333
9388.png,0,0,0.0004888,0,0,1.3256085118484862e-08
9393.png,0,0,0.00479,0,0,0.0113772461190819
9395.png,0,0,0.01196,0,0,0.0010691160568967
9397.png,0,0,0.003708,0,0,4.839172470383346e-05
9404.png,1,0,0.00668,1,0,4.974379407940432e-05
9409.png,0,0,0.0465,0,0,0.1602523475885391
9419.png,0,0,0.002699,0,0,0.000907773268409
9421.png,0,0,0.01055,0,1,0.5149375796318054
9422.png,0,0,0.0001853,0,0,0.000426392769441
9423.png,0,0,0.0003698,0,0,6.886635674163699e-05
9429.png,0,0,0.000187,0,0,1.1850574082927778e-05
9430.png,0,0,9.423e-05,0,0,5.744717054767534e-05
9436.png,0,0,0.0001177,0,0,8.835193909817464e-08
9438.png,0,0,0.0002637,0,0,1.8007167454925366e-05
9441.png,0,0,0.00010514,0,0,1.2120594305997656e-07
9443.png,0,0,0.134,0,0,0.0610578507184982
9444.png,0,0,0.001536,0,0,1.3724908320966732e-08
9448.png,0,0,0.002213,0,0,2.408255795671721e-06
9449.png,0,0,0.003075,0,0,0.0001936364278662
9458.png,0,0,0.0004766,0,0,5.140754728927277e-05
9470.png,0,0,0.0005074,0,0,0.0017537901876494
9472.png,0,0,0.0706,0,0,0.0480919256806373
9477.png,0,0,0.001908,0,0,3.058646689169109e-05
9486.png,0,0,0.0003018,0,0,1.2092072211089544e-05
9487.png,0,0,0.001323,0,0,0.000923634681385
9492.png,0,0,0.0002491,0,0,0.0002773653541225
9497.png,0,0,3.81e-05,0,0,0.0001855007576523
9509.png,0,0,0.2202,0,0,0.005937167443335
9512.png,0,1,0.4521,0,0,0.4977262318134308
9513.png,0,0,0.006565,0,0,0.0009853021474555
9514.png,0,0,0.00198,0,0,0.0312593579292297
9519.png,1,1,0.989,1,1,0.949839174747467
9536.png,0,0,0.00026,0,0,0.002118433592841
9538.png,0,0,0.002632,0,0,0.0003776480152737
9545.png,0,0,0.00271,0,0,0.0024384937714785
9548.png,0,0,0.04388,0,0,0.00501449406147
9549.png,0,0,0.00945,0,0,0.0892920717597007
9555.png,0,0,0.004566,0,0,0.0272995606064796
9558.png,0,0,0.004078,0,0,6.386652239598334e-05
9564.png,0,0,0.002314,0,0,6.691397720715031e-05
9567.png,0,0,0.01242,0,0,0.0387361608445644
9572.png,0,0,0.001069,0,0,1.0608401680656245e-05
9573.png,0,0,0.0001746,0,0,0.0002262541675008
9577.png,1,0,0.02454,1,0,0.0010823152260854
9581.png,0,0,0.01289,0,0,0.0008816078188829
9587.png,0,0,0.4194,0,0,0.0384223945438861
9594.png,0,0,0.0006666,0,0,0.0003105637151747
9599.png,0,0,8.89e-05,0,0,0.0007157840882427
9606.png,0,0,0.001513,0,0,2.874237179639749e-05
9607.png,0,0,0.01585,0,0,0.0705206617712974
9610.png,0,0,0.0003238,0,0,0.0001060106515069
9612.png,0,0,6.18e-05,0,0,8.724281741478991e-09
9613.png,0,0,0.004692,0,0,0.0197182614356279
9615.png,0,0,0.01964,0,0,0.0144018102437257
9616.png,0,0,0.0001949,0,0,6.108010893512983e-06
9619.png,0,0,0.00053,0,0,1.568116232419925e-07
9625.png,0,0,0.0007057,0,0,0.0210044737905263
9626.png,0,0,0.0006733,0,0,4.547483968053712e-06
9627.png,0,0,0.014854,0,0,0.1978593468666076
9628.png,0,0,0.0005636,0,0,6.565488001797348e-05
9630.png,0,0,0.001174,0,0,6.040628704795381e-06
9632.png,1,0,0.07556,1,1,0.8527535796165466
9636.png,0,0,0.0001881,0,0,5.399409201345407e-05
9639.png,1,0,0.2207,1,0,0.0761941075325012
9643.png,1,1,0.946,1,1,0.9752436280250548
9646.png,0,0,0.04184,0,0,0.001241716905497
9651.png,0,0,8.124e-05,0,0,6.7623532231664285e-06
9652.png,0,0,0.002108,0,0,0.0039172600954771
9661.png,0,0,0.0446,0,0,0.0245107281953096
9662.png,0,0,5.203e-05,0,0,1.2507068269940191e-08
9668.png,0,0,0.0004766,0,0,5.803137355542276e-06
9671.png,0,0,0.0001239,0,0,1.467754771056207e-07
9674.png,0,0,4.85e-05,0,0,1.7661021090020768e-08
9678.png,0,0,6.4e-05,0,0,4.343268411588497e-09
9683.png,0,0,0.0006237,0,0,0.0042117624543607
9685.png,0,0,0.0001881,0,0,4.342883585195523e-06
9689.png,0,0,0.00011194,0,0,6.64902231051201e-08
9691.png,0,0,8.85e-05,0,0,3.238300507746317e-07
9697.png,0,0,0.0001423,0,0,1.6064624333012034e-06
9698.png,0,0,0.0002623,0,0,1.091081927029336e-07
9702.png,0,0,8.89e-05,0,0,1.4799327345826896e-06
9712.png,0,0,0.0001918,0,0,0.0008935098885558
9713.png,0,0,0.0001533,0,0,6.944313213352872e-08
9714.png,0,0,0.00011104,0,0,2.1763975066591e-09
9720.png,0,0,0.00293,0,0,0.000355952855898
9747.png,0,0,0.0798,0,0,0.1300617456436157
9749.png,0,0,0.0001019,0,0,1.8816630472429097e-05
9750.png,0,0,0.0001465,0,0,0.0011513963108882
9763.png,0,0,0.0001187,0,0,5.496328594745137e-05
9766.png,0,0,0.0002323,0,0,5.9257970860926434e-05
9771.png,0,0,4.1e-05,0,0,2.1311614545993507e-05
9780.png,0,0,0.001144,0,0,3.238472345401533e-06
9783.png,0,0,0.003094,0,0,0.0001970367447938
9793.png,0,0,0.04962,0,0,0.0065878620371222
9797.png,0,0,0.0001523,0,0,0.0001755988487275
9798.png,0,0,0.0003035,0,0,0.0130250127986073
9799.png,0,0,0.0545,0,0,0.0013515925966203
9800.png,0,0,0.0003676,0,0,0.0001106620329665
9801.png,0,0,0.00011545,0,0,0.0002986492763739
9802.png,0,0,8.094e-05,0,0,3.215661854483187e-05
9803.png,0,0,0.002104,0,0,0.0002366327826166
9811.png,0,0,0.0001471,0,0,0.0003726657596416
9813.png,1,1,0.798,1,1,0.6765422821044922
9818.png,0,0,0.0009327,0,0,9.64136779657565e-05
9821.png,0,0,0.0003853,0,0,0.0001607872545719
9823.png,0,0,0.001245,0,0,0.0007082272786647
9826.png,0,0,0.007122,0,0,0.0082293702289462
9827.png,0,0,0.001949,0,0,8.124400210363092e-07
9829.png,0,0,0.4106,0,1,0.5329298973083496
9830.png,0,0,0.1145,0,0,0.0818363055586814
9831.png,0,0,0.001069,0,0,0.0020560473203659
9835.png,0,0,0.01053,0,0,0.01453129760921
9839.png,0,0,0.0009346,0,0,2.5941886633518152e-05
9840.png,0,0,0.00010806,0,0,1.4175672731653322e-05
9847.png,0,0,6.974e-05,0,0,1.08765198092442e-06
9856.png,0,0,0.0006905,0,0,8.544158731638163e-07
9858.png,0,0,0.0001584,0,0,0.0007738043786957
9867.png,0,0,0.002161,0,0,0.0131994429975748
9874.png,0,0,0.0001578,0,0,0.0002701286866795
9881.png,0,0,0.0006485,0,0,3.628799095167778e-05
9883.png,0,0,0.0003006,0,0,5.533783223654609e-06
9884.png,0,0,0.0007267,0,0,0.0001629191538086
9889.png,0,0,0.0005975,0,0,0.0003454958787187
9891.png,0,1,0.696,0,0,0.1658442020416259
9900.png,0,0,0.000966,0,0,1.071767746907426e-05
9905.png,0,0,0.003878,0,0,0.0045269853435456
9906.png,0,0,0.001458,0,0,1.8385379007668234e-05
9907.png,1,1,0.999,1,1,0.987557053565979
9911.png,0,0,0.0002042,0,0,2.884277819248382e-06
9915.png,0,0,0.0003195,0,0,4.890577656624373e-06
9916.png,0,0,0.0001881,0,0,0.0002202211180701
9917.png,0,0,0.00011325,0,0,1.1179894343626984e-08
9921.png,0,0,0.002136,0,0,0.000177661597263
9926.png,0,0,6.81e-05,0,0,4.636281119019259e-06
9936.png,0,0,0.02324,0,0,0.0098679643124341
9937.png,0,0,0.3716,0,0,0.0274991896003484
9941.png,0,0,0.0003836,0,0,6.6459106164984405e-06
9946.png,0,0,0.0326,0,0,0.0069957412779331
9951.png,0,0,0.000255,0,0,1.9556895495043136e-05
9952.png,0,0,0.013275,0,0,0.1836467683315277
9957.png,1,1,0.997,1,1,0.9754608273506165
9965.png,0,0,0.00446,0,0,0.024029778316617
9975.png,0,0,0.3582,0,0,0.4607036113739013
9985.png,0,0,0.00759,0,0,0.0036409636959433
9990.png,0,0,0.2993,0,0,0.1232172176241874
9992.png,0,0,4.99e-05,0,0,8.202016033465043e-05
9999.png,0,0,0.0722,0,0,0.017314238473773
10003.png,0,0,0.0001687,0,0,2.5437266231165268e-06
10008.png,0,0,0.0003386,0,0,4.290397100703558e-06
10018.png,1,0,0.2024,1,1,0.8959982395172119
10025.png,0,0,9.537e-05,0,0,8.606408030686907e-09
10026.png,0,1,0.554,0,0,0.0001029211853165
10031.png,0,0,0.00258,0,0,3.850182565656724e-06
10032.png,0,0,0.000452,0,0,2.293069343295429e-07
10036.png,0,0,9.21e-05,0,0,6.593182479264215e-05
10044.png,0,0,0.02151,0,0,0.0003685360425151
10048.png,0,0,7.516e-05,0,0,6.433801172534004e-05
10050.png,0,0,0.0002632,0,0,1.930565304064657e-06
10054.png,0,0,0.0002759,0,0,4.472085777251778e-07
10055.png,0,0,0.0001972,0,0,0.0009555261931382
10064.png,0,0,0.01322,0,0,0.0032241269946098
10067.png,0,0,0.00228,0,0,0.0006816750392317
10075.png,0,0,0.00226,0,0,4.844847717322409e-05
10077.png,0,0,6.11e-05,0,0,5.518784291780321e-06
10092.png,0,0,0.0001047,0,0,0.0074849901720881
10094.png,0,0,0.0005646,0,0,0.0002914895303547
10100.png,0,0,0.0002491,0,0,5.515953034773702e-06
10109.png,0,0,0.0001972,0,0,4.83260578221234e-08
10110.png,0,0,5.627e-05,0,0,1.164130367214966e-06
10116.png,0,0,0.0001489,0,0,8.665297173138242e-06
10118.png,0,0,0.0363,0,0,0.2577206194400787
10120.png,0,0,0.003351,0,0,0.0004205561708658
10121.png,0,0,0.0001234,0,0,2.7883063467015745e-06
10123.png,0,0,0.007652,0,0,0.010885028168559
10126.png,0,0,0.0002123,0,0,4.909209110337542e-07
10127.png,0,0,0.0002166,0,0,5.907619424760924e-07
10132.png,0,0,0.0003507,0,0,0.0028184901457279
10136.png,0,0,0.003063,0,0,0.0005498876562342
10145.png,0,0,0.00228,0,0,0.0002366661792621
10150.png,0,0,9.65e-05,0,0,4.321950086705328e-08
10152.png,0,0,0.0008135,0,0,9.919094009092078e-05
10158.png,0,0,0.000306,0,0,0.0054476642981171
10160.png,0,0,0.0109,0,0,0.0035880750510841
10161.png,0,0,0.08716,0,0,0.0026406745892018
10165.png,0,0,0.0007567,0,0,0.0024879411794245
10173.png,0,0,0.000511,0,0,1.7643651517573744e-06
10174.png,0,0,0.03772,0,0,0.3654492497444153
10188.png,0,0,0.00324,0,0,1.544156802424368e-09
10190.png,0,0,0.006134,0,0,0.1835141628980636
10199.png,0,0,0.006004,0,0,0.0073993960395455
10207.png,0,0,8.38e-05,0,0,0.0002945314045064
10216.png,0,0,0.006718,0,0,0.0007215005462057
10218.png,0,0,0.0001541,0,0,1.8386746205578677e-06
10231.png,0,0,0.002129,0,0,0.0247888658195734
10232.png,0,0,8.446e-05,0,0,1.1971117430675804e-07
10235.png,0,0,0.0003018,0,0,3.65771193173714e-05
10238.png,0,0,0.0009775,0,0,4.918107879348099e-05
10246.png,0,0,0.001114,0,0,0.0003240528458263
10264.png,0,0,6.33e-05,0,0,1.1080574040533977e-06
10265.png,0,0,0.0002378,0,0,3.89177921533701e-06
10267.png,0,0,0.0003488,0,0,0.0003518238081596
10270.png,0,0,0.01088,0,0,0.0391270779073238
10271.png,0,0,0.001734,0,0,2.259065695398021e-06
10275.png,0,0,0.00145,0,0,0.0006394104566425
10278.png,0,0,0.000636,0,0,1.0951222066069022e-05
10279.png,0,0,0.04935,0,0,0.0062249088659882
10285.png,0,0,0.0002506,0,0,5.979587876936421e-05
10286.png,0,0,0.001309,0,0,0.000416436290834
10290.png,0,0,0.000692,0,0,5.45316993338929e-07
10294.png,0,0,0.004364,0,0,0.0003008947824127
10295.png,0,0,9.954e-05,0,0,0.0001180940671474
10296.png,0,0,0.2747,0,0,0.008830870501697
10297.png,0,0,0.003298,0,0,0.0142462663352489
10321.png,0,1,0.752,0,0,0.4097792208194732
10322.png,0,0,0.1096,0,0,0.0157205443829298
10328.png,0,0,0.001211,0,0,0.0080461585894227
10334.png,0,0,0.00516,0,0,0.0021797670051455
10335.png,0,0,0.003136,0,0,0.0156067283824086
10340.png,0,0,0.08344,0,1,0.7007025480270386
10346.png,0,0,0.00771,0,0,0.0005092851934023
10348.png,0,0,0.0005274,0,0,2.61366750464731e-07
10351.png,0,0,0.0319,0,0,0.0187657065689563
10359.png,0,0,0.002192,0,0,4.3927581572233976e-08
10361.png,0,0,0.0195,0,0,0.2152773439884185
10365.png,0,0,8.75e-05,0,0,2.6657344278646636e-05
10370.png,0,0,0.002472,0,0,0.0008507805177941
10378.png,0,1,0.797,0,1,0.7078854441642761
10382.png,0,0,0.01033,0,0,3.397638295155048e-07
10384.png,0,0,3.93e-05,0,0,1.0343062967876904e-05
10387.png,0,0,0.3564,0,0,0.4408382475376129
10402.png,1,1,0.912,1,1,0.9846470355987548
10404.png,0,0,0.0003905,0,0,0.0084737977012991
10409.png,0,1,0.9336,0,0,0.1583360731601715
10410.png,0,0,0.05975,0,0,0.0062305917963385
10417.png,0,0,0.015,0,0,0.0266141984611749
10418.png,0,0,0.0003157,0,0,1.1215678341613966e-06
10419.png,0,0,0.01936,0,0,0.0440426655113697
10423.png,0,0,0.0002685,0,0,5.979952675261302e-06
10426.png,0,0,0.00026,0,0,2.017007545873639e-06
10443.png,0,1,0.599,0,0,0.0885448902845382
10463.png,0,0,0.0006275,0,0,1.5284624623745913e-06
10464.png,0,0,0.00939,0,0,0.0810004845261573
10485.png,0,0,0.002062,0,0,0.0009373271604999
10491.png,0,0,0.001127,0,0,8.574205025979609e-07
10492.png,0,0,0.0005593,0,0,5.86350288358517e-05
10494.png,0,0,0.001661,0,0,9.583194469087175e-07
10504.png,0,0,0.01243,0,0,0.156929612159729
10509.png,0,0,0.001926,0,0,0.0007307961350306
10514.png,0,0,0.004856,0,0,6.166595267131925e-05
10533.png,0,0,0.0006156,0,0,0.0025267836172133
10534.png,0,0,4.58e-05,0,0,1.2602990864252206e-05
10556.png,0,0,0.0001072,0,0,2.776482688204851e-06
10570.png,0,1,0.792,0,1,0.7760413885116577
10588.png,0,0,0.00094,0,0,3.2943506084848195e-05
10591.png,0,0,0.0002983,0,0,9.64647115324624e-05
10592.png,0,0,0.0015335,0,0,0.000698599149473
10607.png,0,0,0.0007887,0,0,0.0081406021490693
10615.png,0,0,0.0002513,0,0,0.0034553948789834
10616.png,0,0,0.0004504,0,0,0.0401002392172813
10617.png,0,0,0.002266,0,0,0.0539971962571144
10641.png,0,0,0.000766,0,0,0.0022793367970734
10642.png,0,0,0.0006275,0,0,6.5857675508596e-05
10652.png,0,0,0.00375,0,0,0.000131189575768
10664.png,0,0,0.0001205,0,0,1.9943165170843716e-05
10665.png,0,0,0.023,0,0,0.3899173438549042
10685.png,0,0,0.0006046,0,0,0.0003940039605367
10687.png,0,0,0.0073,0,0,0.0009628174593672
10689.png,0,0,0.0005746,0,0,0.0003056929272133
10690.png,0,0,0.0002027,0,0,0.0005838591605424
10695.png,0,0,0.000931,0,0,1.223893718815816e-06
10696.png,0,0,0.1987,0,0,0.2015592753887176
10701.png,0,1,0.898,0,1,0.9208576679229736
10705.png,0,0,0.00628,0,0,0.0013027064269408
10706.png,0,0,0.000578,0,0,2.759115523076616e-05
10739.png,0,0,0.0006275,0,0,0.0003294738708063
10740.png,0,0,0.0005264,0,0,1.076081480277935e-05
10746.png,0,0,0.2096,0,0,0.0493727438151836
10755.png,0,0,0.02141,0,0,0.0563206523656845
10758.png,0,0,0.002958,0,0,0.0006979479221627
10767.png,0,0,0.0007057,0,0,0.0001243894075741
10768.png,0,0,0.0006413,0,0,3.14144890580792e-05
10769.png,0,0,0.0055,0,0,0.0005159508436918
10770.png,0,0,0.292,0,0,0.0006683353567495
10783.png,0,0,0.003525,0,0,0.0038536062929779
10784.png,0,0,3.74e-05,0,0,9.88358078757301e-06
10808.png,0,0,0.03143,0,0,0.0222456194460392
10812.png,0,0,0.0002892,0,0,1.6825401871756185e-06
10815.png,0,0,0.001949,0,0,0.0085838129743933
10818.png,0,0,0.01868,0,0,3.251450470997952e-05
10835.png,0,0,0.002125,0,0,0.0036817661020904
10848.png,0,0,0.0056,0,0,0.1105941236019134
10853.png,0,1,0.7354,0,0,0.1794582605361938
10859.png,0,0,0.000377,0,0,0.0229571554809808
10903.png,0,0,0.000613,0,0,2.404744191153441e-05
10924.png,0,0,0.0046,0,0,0.0024556396529078
10943.png,0,0,0.0005746,0,0,0.0003809304034803
10971.png,0,0,0.0059,0,0,4.416977026266977e-05
10980.png,0,0,0.00231,0,0,2.144104485068965e-07
10981.png,0,0,0.0005474,0,0,0.0018783577252179
10982.png,0,0,0.001333,0,0,0.0007168496958911
10987.png,0,0,0.0005083,0,0,0.005346733611077
10988.png,0,0,0.00358,0,0,0.0001229189656442
11013.png,0,0,0.01365,0,0,0.0326475091278553
11027.png,0,0,0.0002716,0,0,5.324570562237341e-09
11031.png,0,0,8.446e-05,0,0,4.062160314788343e-06
11032.png,0,0,0.00065,0,0,0.0001136441424023
11036.png,0,0,0.00123,0,0,2.400266119195749e-08
11087.png,0,0,0.0002059,0,0,0.0009813468204811
11100.png,0,0,6.634e-05,0,0,4.459705138515346e-08
11105.png,0,0,0.000883,0,0,0.0008133968804031
11109.png,0,0,0.0005636,0,0,1.1370480933692306e-05
11115.png,0,0,0.0003598,0,0,0.0058067142963409
11130.png,0,0,0.0001187,0,0,1.8362896980761436e-06
11131.png,0,0,0.029,0,0,0.0117810731753706
11132.png,0,0,6.974e-05,0,0,4.886564397565962e-07
11151.png,0,0,0.0003195,0,0,8.458270895062014e-05
11152.png,0,0,0.0003912,0,0,0.0001836817391449
11157.png,0,0,0.0001523,0,0,1.0341859706386458e-05
11158.png,0,0,0.0002642,0,0,9.027701963759682e-08
11170.png,0,1,0.577,0,0,0.2418509125709533
11171.png,0,0,0.01037,0,0,0.1787266433238983
11178.png,0,0,0.0001628,0,0,4.949358481098898e-05
11185.png,0,0,0.2101,0,0,0.0001823354832595
11186.png,0,0,0.000346,0,0,6.185328857100103e-06
11189.png,0,0,0.000828,0,0,0.000690501066856
11190.png,0,0,9.46e-05,0,0,3.6124544067206443e-07
11191.png,0,0,0.001114,0,0,2.490255155862542e-06
11192.png,0,0,0.0164,0,0,0.0113024841994047
11193.png,0,0,0.0001667,0,0,3.538794715041149e-07
11194.png,0,0,0.0004373,0,0,9.609765402274206e-05
11196.png,0,0,0.03525,0,0,0.0053388481028378
11210.png,0,0,0.001015,0,0,0.0002015007776208
11211.png,0,0,0.0005493,0,0,0.0045220456086099
11212.png,0,0,0.0001168,0,0,0.0005266946391202
11213.png,0,0,0.02284,0,0,0.0005665874923579
11214.png,0,0,7.97e-05,0,0,1.450726813345682e-05
11227.png,0,0,0.007122,0,0,0.0090177729725837
11228.png,0,0,0.4453,0,1,0.5717878341674805
11229.png,0,0,0.0001273,0,0,0.005416817497462
11230.png,0,0,0.001112,0,0,0.0060906540602445
11237.png,0,0,0.000419,0,0,9.944494377123192e-05
11238.png,0,0,0.004215,0,0,0.0064048469066619
11243.png,0,0,0.0009346,0,0,1.5702660675742663e-05
11251.png,0,0,0.0001196,0,0,0.0001981893001357
11257.png,0,0,0.0001817,0,0,0.0025487707462161
11261.png,0,0,0.0911,0,0,0.0111351991072297
11263.png,0,0,0.00462,0,0,0.0066896276548504
11269.png,0,0,0.003319,0,0,0.0298731885850429
11270.png,0,0,0.01003,0,0,0.0001501786900917
11273.png,0,0,0.00396,0,0,0.2261611819267273
11277.png,0,0,0.00236,0,0,2.213912011939101e-06
11278.png,0,0,0.003004,0,0,0.0002582177985459
11281.png,0,0,0.0005026,0,0,3.0088515359238954e-06
11282.png,0,1,0.65,0,0,0.0999841541051864
11290.png,0,0,0.000815,0,0,0.0005771676078438
11297.png,0,0,0.0006094,0,0,4.9359015974914655e-05
11314.png,0,0,0.0002291,0,0,1.6982136003207415e-05
11318.png,0,0,0.00038,0,0,2.804120049404446e-05
11320.png,0,0,0.0002685,0,0,3.2915962947299704e-05
11330.png,0,0,0.0002415,0,0,6.883314199512824e-05
11332.png,0,0,0.002459,0,0,0.0020821192301809
11333.png,0,0,0.0088,0,0,0.0126934051513671
11337.png,0,0,0.0006423,0,0,0.0006687163840979
11338.png,0,0,0.0001031,0,0,8.389613981307775e-07
11340.png,0,0,0.156,0,0,0.3263960182666778
11359.png,0,1,0.804,0,1,0.6848098635673523
11360.png,0,0,0.02,0,0,0.0024426351301372
11367.png,0,0,0.0003035,0,0,0.0002757653128355
11383.png,0,0,0.01933,0,0,0.001058857422322
11387.png,0,0,0.01027,0,0,0.0018204933730885
11399.png,0,0,0.000703,0,0,7.9243844083976e-05
11404.png,0,0,0.0009236,0,0,0.0014972377102822
11406.png,0,0,8.19e-05,0,0,1.59347055159742e-05
11407.png,0,0,0.0002694,0,0,7.973350875545293e-05
11411.png,0,0,0.004314,0,0,0.001281447825022
11413.png,0,0,0.0005193,0,0,0.0023497715592384
11414.png,0,0,0.0009346,0,0,5.7264896895503625e-06
11417.png,0,0,0.001302,0,0,0.0018760274397209
11423.png,0,0,0.00375,0,0,0.0014884467236697
11425.png,0,0,0.0006523,0,0,2.853568730643019e-06
11426.png,0,0,0.000501,0,0,2.0668215749974903e-10
11427.png,0,0,0.002872,0,0,0.0049337572418153
11431.png,0,0,0.000277,0,0,2.7957348436302712e-08
11438.png,0,0,0.000606,0,0,8.899852218746673e-06
11457.png,0,0,0.0082,0,0,0.007195474114269
11458.png,0,1,0.513,0,1,0.5239328145980835
11463.png,0,0,0.1311,0,1,0.8898766040802002
11465.png,0,1,0.4683,0,0,0.0865784808993339
11466.png,0,1,0.9976,0,1,0.9610086679458618
11467.png,0,0,0.001346,0,0,0.0001525131810922
11468.png,0,0,0.00516,0,0,0.0131892291828989
11469.png,0,1,0.5376,0,0,0.0571538992226123
11471.png,0,0,0.000823,0,0,1.6455294826300815e-05
11475.png,0,1,0.9517,0,0,0.0776793211698532
11479.png,0,0,0.2705,0,0,0.0313885770738124
11482.png,0,0,0.0009255,0,0,0.0016517555341124
11486.png,0,0,0.001671,0,0,0.0672691762447357
11487.png,0,0,0.0816,0,0,0.1722006946802139
11488.png,0,0,0.0704,0,0,0.0071015572175383
11489.png,0,0,0.0002918,0,0,0.0002587587805464
11490.png,0,0,0.02443,0,0,0.3523924648761749
11496.png,0,0,0.05527,0,0,0.0005667949444614
11500.png,0,0,8e-05,0,0,0.0002162391174351
11501.png,0,0,0.01659,0,0,0.0126742618158459
11502.png,0,0,0.0609,0,0,0.0630305111408233
11506.png,0,0,0.0002623,0,0,2.154855610569939e-05
11510.png,0,0,8.714e-05,0,0,2.746260361163877e-05
11511.png,0,0,0.0001874,0,0,3.333308740138818e-09
11518.png,0,0,0.01409,0,0,0.0090999323874711
11526.png,0,0,0.007477,0,0,0.0006339057581499
11527.png,0,0,0.004803,0,0,0.0785996541380882
11529.png,0,0,0.005867,0,0,0.2424178123474121
11530.png,0,0,0.0001382,0,0,1.3277336620376444e-05
11536.png,0,0,0.000227,0,0,1.601343319634907e-05
11550.png,0,0,0.001015,0,0,9.337623851024546e-06
11551.png,0,0,0.0621,0,0,0.0582896433770656
11559.png,0,0,0.01082,0,0,0.0044936970807611
11561.png,0,0,0.0005746,0,0,8.96752408152679e-06
11565.png,0,0,0.0883,0,0,0.096309095621109
11574.png,0,0,0.00011635,0,0,1.559149313834496e-05
11579.png,0,0,0.0192,0,0,0.0020110609475523
11581.png,0,0,0.01169,0,0,5.4685926443198696e-05
11584.png,0,0,0.000395,0,0,7.130228851792708e-09
11591.png,0,0,0.000406,0,0,7.797218131599948e-06
11592.png,0,0,0.2471,0,0,0.0309899039566516
11596.png,0,0,0.4082,0,1,0.9786176681518556
11598.png,0,0,0.00574,0,0,0.008359145373106
11599.png,0,0,0.03635,0,0,0.0026352498680353
11601.png,0,0,0.002047,0,0,0.0019594195764511
11604.png,0,0,0.0002239,0,0,4.0154592539920486e-08
11605.png,0,0,0.0001068,0,0,1.1356675713614097e-05
11607.png,0,0,3.79e-05,0,0,4.6161070521577585e-09
11611.png,0,0,0.002035,0,0,0.0007855024305172
11620.png,0,0,0.000876,0,0,6.027991275914246e-06
11622.png,0,0,0.0001019,0,0,3.946343349525705e-05
11627.png,0,0,0.0001459,0,0,9.757826546774597e-09
11628.png,0,0,5.39e-05,0,0,9.34038908440016e-08
11641.png,0,0,0.0001972,0,0,6.6247909380479095e-09
11643.png,0,0,0.1009,0,0,0.0004090235161129
11647.png,0,0,0.0002925,0,0,4.509972768573789e-07
11651.png,0,0,0.00504,0,0,0.0016510235145688
11675.png,0,0,0.1577,0,0,1.17170029625413e-05
11676.png,0,0,0.0741,0,0,0.2191984057426452
11681.png,0,0,0.0002378,0,0,4.437296956893988e-05
11683.png,0,0,0.0003095,0,0,1.6198418961721472e-07
11684.png,0,0,4.756e-05,0,0,1.5242845847751596e-06
11687.png,0,0,8.96e-05,0,0,1.972960944840452e-06
11688.png,0,0,6.866e-05,0,0,5.566975005422137e-07
11696.png,0,0,4.035e-05,0,0,1.834345493989531e-05
11697.png,0,0,0.0114,0,0,0.0704298317432403
11700.png,0,0,0.000539,0,0,4.6573923384585214e-08
11701.png,0,0,0.0001838,0,0,5.891241471545072e-06
11702.png,0,0,0.001017,0,0,1.7363636288791897e-06
