sample_id,y_true_swin,y_pred_swin,y_prob_swin,y_true_r50,y_pred_r50,y_prob_r50,y_true,swin_correct,r50_correct,error_group,swin_confidence,r50_confidence
13.png,1,1,0.9995,1,1,0.9990240335464478,1,True,True,both_correct,0.9995,0.9990240335464478
15.png,0,1,0.9097,0,1,0.6296711564064026,0,False,False,both_wrong,0.9097,0.6296711564064026
16.png,1,0,0.4001,1,0,0.1562638133764267,1,False,False,both_wrong,0.5999,0.8437361866235733
17.png,1,1,0.9985,1,1,0.9991542100906372,1,True,True,both_correct,0.9985,0.9991542100906372
21.png,1,1,0.989,1,1,0.9184257984161376,1,True,True,both_correct,0.989,0.9184257984161376
23.png,1,1,0.9995,1,1,0.998537302017212,1,True,True,both_correct,0.9995,0.998537302017212
25.png,1,1,1.0,1,1,0.9977446794509888,1,True,True,both_correct,1.0,0.9977446794509888
28.png,1,1,0.994,1,1,0.9944756627082824,1,True,True,both_correct,0.994,0.9944756627082824
31.png,1,1,1.0,1,1,0.9965298771858216,1,True,True,both_correct,1.0,0.9965298771858216
36.png,1,1,0.9907,1,1,0.9780994057655334,1,True,True,both_correct,0.9907,0.9780994057655334
37.png,1,1,0.9834,1,1,0.5139724016189575,1,True,True,both_correct,0.9834,0.5139724016189575
46.png,1,1,1.0,1,1,0.99946266412735,1,True,True,both_correct,1.0,0.99946266412735
52.png,1,1,0.9683,1,1,0.9496607780456544,1,True,True,both_correct,0.9683,0.9496607780456544
54.png,0,0,0.426,0,1,0.8618229627609253,0,True,False,swin_correct_r50_wrong,0.5740000000000001,0.8618229627609253
57.png,1,1,0.973,1,1,0.9554798007011414,1,True,True,both_correct,0.973,0.9554798007011414
60.png,1,1,0.989,1,1,0.9597666263580322,1,True,True,both_correct,0.989,0.9597666263580322
65.png,1,0,0.088,1,0,0.4610365927219391,1,False,False,both_wrong,0.912,0.5389634072780609
66.png,1,1,0.9053,1,1,0.7381580471992493,1,True,True,both_correct,0.9053,0.7381580471992493
71.png,1,1,0.9985,1,1,0.9955216646194458,1,True,True,both_correct,0.9985,0.9955216646194458
79.png,1,1,0.9995,1,1,0.99812251329422,1,True,True,both_correct,0.9995,0.99812251329422
83.png,1,1,0.996,1,1,0.9913615584373474,1,True,True,both_correct,0.996,0.9913615584373474
87.png,1,1,0.6865,1,1,0.7921140789985657,1,True,True,both_correct,0.6865,0.7921140789985657
94.png,1,1,0.9863,1,1,0.6932955980300903,1,True,True,both_correct,0.9863,0.6932955980300903
110.png,1,1,0.996,1,1,0.9926111102104188,1,True,True,both_correct,0.996,0.9926111102104188
112.png,1,1,0.9863,1,1,0.8250120878219604,1,True,True,both_correct,0.9863,0.8250120878219604
113.png,1,1,0.9985,1,1,0.9981712102890016,1,True,True,both_correct,0.9985,0.9981712102890016
114.png,1,1,0.9995,1,1,0.9973064661026,1,True,True,both_correct,0.9995,0.9973064661026
118.png,1,1,0.9976,1,1,0.9988080263137816,1,True,True,both_correct,0.9976,0.9988080263137816
120.png,1,1,0.961,1,1,0.942349135875702,1,True,True,both_correct,0.961,0.942349135875702
125.png,1,0,0.02663,1,1,0.6664371490478516,1,False,True,r50_correct_swin_wrong,0.97337,0.6664371490478516
133.png,1,1,0.9434,1,1,0.9979077577590942,1,True,True,both_correct,0.9434,0.9979077577590942
153.png,1,1,0.9966,1,1,0.8537576794624329,1,True,True,both_correct,0.9966,0.8537576794624329
162.png,1,1,0.9985,1,1,0.8896037340164185,1,True,True,both_correct,0.9985,0.8896037340164185
163.png,1,0,0.0482,1,0,0.1402516663074493,1,False,False,both_wrong,0.9518,0.8597483336925507
167.png,1,1,0.786,1,1,0.9097324013710022,1,True,True,both_correct,0.786,0.9097324013710022
168.png,1,0,0.0472,1,0,0.0031015230342745,1,False,False,both_wrong,0.9528,0.9968984769657255
171.png,1,1,0.8735,1,1,0.8238844871520996,1,True,True,both_correct,0.8735,0.8238844871520996
174.png,1,1,0.9746,1,0,0.1667668223381042,1,True,False,swin_correct_r50_wrong,0.9746,0.8332331776618958
177.png,1,0,0.033,1,0,0.2826996445655823,1,False,False,both_wrong,0.967,0.7173003554344177
178.png,1,1,0.9995,1,1,0.9995691180229188,1,True,True,both_correct,0.9995,0.9995691180229188
179.png,1,1,0.9326,1,1,0.6908433437347412,1,True,True,both_correct,0.9326,0.6908433437347412
180.png,1,1,0.973,1,1,0.9845464825630188,1,True,True,both_correct,0.973,0.9845464825630188
186.png,0,0,0.03607,0,0,0.0611183196306228,0,True,True,both_correct,0.96393,0.9388816803693772
190.png,1,1,0.9995,1,1,0.985217273235321,1,True,True,both_correct,0.9995,0.985217273235321
200.png,1,1,0.9995,1,1,0.9553833603858948,1,True,True,both_correct,0.9995,0.9553833603858948
203.png,1,1,0.996,1,1,0.9894164204597472,1,True,True,both_correct,0.996,0.9894164204597472
204.png,1,1,0.9985,1,1,0.9667392373085022,1,True,True,both_correct,0.9985,0.9667392373085022
206.png,1,1,0.9976,1,1,0.9982728958129884,1,True,True,both_correct,0.9976,0.9982728958129884
216.png,1,1,0.995,1,1,0.9944782257080078,1,True,True,both_correct,0.995,0.9944782257080078
220.png,1,1,0.997,1,1,0.9241313338279724,1,True,True,both_correct,0.997,0.9241313338279724
230.png,0,1,0.9976,0,1,0.997050404548645,0,False,False,both_wrong,0.9976,0.997050404548645
233.png,1,1,0.9995,1,1,0.9909794330596924,1,True,True,both_correct,0.9995,0.9909794330596924
235.png,1,1,0.995,1,1,0.9996052384376526,1,True,True,both_correct,0.995,0.9996052384376526
237.png,1,1,0.9253,1,0,0.118687592446804,1,True,False,swin_correct_r50_wrong,0.9253,0.881312407553196
238.png,1,1,0.875,1,1,0.954172432422638,1,True,True,both_correct,0.875,0.954172432422638
244.png,1,1,0.991,1,1,0.950914978981018,1,True,True,both_correct,0.991,0.950914978981018
246.png,1,1,0.9746,1,1,0.9930219054222108,1,True,True,both_correct,0.9746,0.9930219054222108
255.png,1,1,0.958,1,1,0.9868878722190856,1,True,True,both_correct,0.958,0.9868878722190856
259.png,1,1,0.996,1,1,0.9964074492454528,1,True,True,both_correct,0.996,0.9964074492454528
260.png,0,0,0.0382,0,0,0.0885501652956008,0,True,True,both_correct,0.9618,0.9114498347043992
261.png,1,1,0.9976,1,1,0.9642666578292848,1,True,True,both_correct,0.9976,0.9642666578292848
267.png,1,1,0.964,1,1,0.7335396409034729,1,True,True,both_correct,0.964,0.7335396409034729
277.png,1,1,0.994,1,1,0.9143020510673524,1,True,True,both_correct,0.994,0.9143020510673524
278.png,1,1,0.875,1,1,0.8441230058670044,1,True,True,both_correct,0.875,0.8441230058670044
282.png,0,1,0.5884,0,0,0.1858678609132766,0,False,True,r50_correct_swin_wrong,0.5884,0.8141321390867234
285.png,0,1,0.9097,0,1,0.8986343741416931,0,False,False,both_wrong,0.9097,0.8986343741416931
287.png,1,1,0.9995,1,1,0.9233506321907043,1,True,True,both_correct,0.9995,0.9233506321907043
292.png,1,1,0.999,1,1,0.999368131160736,1,True,True,both_correct,0.999,0.999368131160736
297.png,1,1,0.9985,1,1,0.9997075200080872,1,True,True,both_correct,0.9985,0.9997075200080872
302.png,1,1,0.7075,1,1,0.5741859078407288,1,True,True,both_correct,0.7075,0.5741859078407288
303.png,1,1,0.9814,1,1,0.9340818524360656,1,True,True,both_correct,0.9814,0.9340818524360656
306.png,1,1,0.967,1,1,0.9988920092582704,1,True,True,both_correct,0.967,0.9988920092582704
307.png,1,1,1.0,1,1,0.9789683222770692,1,True,True,both_correct,1.0,0.9789683222770692
310.png,1,1,1.0,1,1,0.997660994529724,1,True,True,both_correct,1.0,0.997660994529724
312.png,1,1,0.999,1,1,0.9996461868286132,1,True,True,both_correct,0.999,0.9996461868286132
321.png,1,1,0.9995,1,1,0.9918150305747986,1,True,True,both_correct,0.9995,0.9918150305747986
325.png,1,1,0.99,1,1,0.6907052397727966,1,True,True,both_correct,0.99,0.6907052397727966
326.png,1,1,0.9985,1,1,0.9517225027084352,1,True,True,both_correct,0.9985,0.9517225027084352
328.png,1,1,0.999,1,1,0.9949422478675842,1,True,True,both_correct,0.999,0.9949422478675842
330.png,1,0,0.12195,1,0,0.4147542119026184,1,False,False,both_wrong,0.87805,0.5852457880973816
331.png,1,1,0.958,1,0,0.3183826506137848,1,True,False,swin_correct_r50_wrong,0.958,0.6816173493862152
334.png,0,1,0.9595,0,1,0.9019556641578674,0,False,False,both_wrong,0.9595,0.9019556641578674
335.png,1,1,1.0,1,1,0.9996585845947266,1,True,True,both_correct,1.0,0.9996585845947266
337.png,1,1,0.6675,1,0,0.4720405638217926,1,True,False,swin_correct_r50_wrong,0.6675,0.5279594361782074
340.png,1,1,0.998,1,1,0.9940750598907472,1,True,True,both_correct,0.998,0.9940750598907472
344.png,1,1,0.9956,1,1,0.9831111431121826,1,True,True,both_correct,0.9956,0.9831111431121826
351.png,1,1,0.572,1,0,0.4187682569026947,1,True,False,swin_correct_r50_wrong,0.572,0.5812317430973053
352.png,1,1,0.9927,1,1,0.9928197264671326,1,True,True,both_correct,0.9927,0.9928197264671326
353.png,1,1,0.9927,1,1,0.9934856295585632,1,True,True,both_correct,0.9927,0.9934856295585632
355.png,1,1,0.922,1,1,0.5730878114700317,1,True,True,both_correct,0.922,0.5730878114700317
361.png,1,1,0.8955,1,0,0.0104269888252019,1,True,False,swin_correct_r50_wrong,0.8955,0.9895730111747981
371.png,1,1,0.952,1,1,0.79056715965271,1,True,True,both_correct,0.952,0.79056715965271
378.png,1,1,0.986,1,1,0.8739873170852661,1,True,True,both_correct,0.986,0.8739873170852661
380.png,1,0,0.0808,1,1,0.7911390066146851,1,False,True,r50_correct_swin_wrong,0.9192,0.7911390066146851
383.png,1,1,0.9814,1,1,0.996987521648407,1,True,True,both_correct,0.9814,0.996987521648407
384.png,1,1,0.9844,1,1,0.9995265007019044,1,True,True,both_correct,0.9844,0.9995265007019044
385.png,1,1,0.999,1,1,0.880117654800415,1,True,True,both_correct,0.999,0.880117654800415
389.png,1,1,0.9985,1,1,0.963199019432068,1,True,True,both_correct,0.9985,0.963199019432068
390.png,1,1,0.9976,1,1,0.9942104816436768,1,True,True,both_correct,0.9976,0.9942104816436768
392.png,1,1,0.9946,1,1,0.9917002320289612,1,True,True,both_correct,0.9946,0.9917002320289612
402.png,1,1,0.9985,1,1,0.9802210330963136,1,True,True,both_correct,0.9985,0.9802210330963136
409.png,1,1,0.9995,1,1,0.9930053353309632,1,True,True,both_correct,0.9995,0.9930053353309632
410.png,1,1,1.0,1,1,0.9989019632339478,1,True,True,both_correct,1.0,0.9989019632339478
413.png,1,1,1.0,1,1,0.9996912479400636,1,True,True,both_correct,1.0,0.9996912479400636
420.png,1,1,0.957,1,0,0.0676409304141998,1,True,False,swin_correct_r50_wrong,0.957,0.9323590695858002
422.png,1,0,0.282,1,0,0.0582276210188865,1,False,False,both_wrong,0.718,0.9417723789811135
428.png,1,1,0.8735,1,1,0.927769422531128,1,True,True,both_correct,0.8735,0.927769422531128
437.png,1,1,0.999,1,1,0.9767010807991028,1,True,True,both_correct,0.999,0.9767010807991028
444.png,1,1,0.999,1,1,0.989154040813446,1,True,True,both_correct,0.999,0.989154040813446
449.png,1,1,1.0,1,1,0.9968388080596924,1,True,True,both_correct,1.0,0.9968388080596924
452.png,1,1,0.5845,1,1,0.8506086468696594,1,True,True,both_correct,0.5845,0.8506086468696594
453.png,1,1,0.9995,1,1,0.9980485439300536,1,True,True,both_correct,0.9995,0.9980485439300536
454.png,1,1,0.998,1,1,0.9967393279075624,1,True,True,both_correct,0.998,0.9967393279075624
460.png,1,1,0.9966,1,1,0.9048793315887452,1,True,True,both_correct,0.9966,0.9048793315887452
461.png,1,1,0.959,1,1,0.994371235370636,1,True,True,both_correct,0.959,0.994371235370636
466.png,1,1,0.958,1,1,0.9576218128204346,1,True,True,both_correct,0.958,0.9576218128204346
467.png,0,0,0.444,0,1,0.8499941229820251,0,True,False,swin_correct_r50_wrong,0.556,0.8499941229820251
478.png,1,1,0.996,1,1,0.8316423892974854,1,True,True,both_correct,0.996,0.8316423892974854
480.png,0,1,0.5,0,1,0.8708175420761108,0,False,False,both_wrong,0.5,0.8708175420761108
481.png,1,1,0.979,1,1,0.9828946590423584,1,True,True,both_correct,0.979,0.9828946590423584
483.png,0,0,0.001611,0,0,0.0008964351727627,0,True,True,both_correct,0.998389,0.9991035648272373
489.png,1,1,0.9917,1,1,0.9494231343269348,1,True,True,both_correct,0.9917,0.9494231343269348
490.png,1,1,0.9985,1,1,0.7785308957099915,1,True,True,both_correct,0.9985,0.7785308957099915
491.png,1,0,0.4468,1,1,0.7644681930541992,1,False,True,r50_correct_swin_wrong,0.5532,0.7644681930541992
493.png,1,1,0.98,1,0,0.2106668353080749,1,True,False,swin_correct_r50_wrong,0.98,0.789333164691925
503.png,1,1,0.986,1,1,0.9022399187088012,1,True,True,both_correct,0.986,0.9022399187088012
506.png,1,1,0.999,1,1,0.9914885759353638,1,True,True,both_correct,0.999,0.9914885759353638
508.png,1,1,0.9966,1,1,0.9961440563201904,1,True,True,both_correct,0.9966,0.9961440563201904
509.png,1,1,0.9995,1,1,0.9362851977348328,1,True,True,both_correct,0.9995,0.9362851977348328
511.png,0,1,0.869,0,1,0.6301071047782898,0,False,False,both_wrong,0.869,0.6301071047782898
515.png,1,1,0.999,1,1,0.9985748529434204,1,True,True,both_correct,0.999,0.9985748529434204
520.png,1,1,0.9995,1,1,0.9882344007492064,1,True,True,both_correct,0.9995,0.9882344007492064
522.png,1,1,0.999,1,1,0.9763537645339966,1,True,True,both_correct,0.999,0.9763537645339966
525.png,1,1,0.781,1,0,0.4601466655731201,1,True,False,swin_correct_r50_wrong,0.781,0.5398533344268799
527.png,1,1,0.662,1,1,0.8664811253547668,1,True,True,both_correct,0.662,0.8664811253547668
529.png,1,1,0.995,1,1,0.9637930393218994,1,True,True,both_correct,0.995,0.9637930393218994
531.png,1,1,0.986,1,1,0.9998078942298888,1,True,True,both_correct,0.986,0.9998078942298888
541.png,1,1,0.9995,1,1,0.9986097812652588,1,True,True,both_correct,0.9995,0.9986097812652588
547.png,1,1,0.8486,1,1,0.6404256820678711,1,True,True,both_correct,0.8486,0.6404256820678711
549.png,1,1,0.9043,1,0,0.1794883906841278,1,True,False,swin_correct_r50_wrong,0.9043,0.8205116093158722
552.png,1,1,0.503,1,1,0.5402777194976807,1,True,True,both_correct,0.503,0.5402777194976807
554.png,1,1,1.0,1,1,0.9998389482498168,1,True,True,both_correct,1.0,0.9998389482498168
556.png,1,1,0.998,1,1,0.999387502670288,1,True,True,both_correct,0.998,0.999387502670288
559.png,1,1,0.94,1,0,0.3047391772270202,1,True,False,swin_correct_r50_wrong,0.94,0.6952608227729797
563.png,1,1,0.9966,1,1,0.9670684337615968,1,True,True,both_correct,0.9966,0.9670684337615968
569.png,1,1,0.995,1,1,0.8705703020095825,1,True,True,both_correct,0.995,0.8705703020095825
574.png,1,1,0.932,1,1,0.9883689880371094,1,True,True,both_correct,0.932,0.9883689880371094
581.png,1,1,0.633,1,1,0.7014626264572144,1,True,True,both_correct,0.633,0.7014626264572144
587.png,1,1,0.9194,1,1,0.888131856918335,1,True,True,both_correct,0.9194,0.888131856918335
589.png,1,1,0.9995,1,1,0.9956536293029784,1,True,True,both_correct,0.9995,0.9956536293029784
590.png,0,1,0.9985,0,1,0.960634708404541,0,False,False,both_wrong,0.9985,0.960634708404541
595.png,0,0,0.02084,0,0,0.0423609837889671,0,True,True,both_correct,0.97916,0.9576390162110329
607.png,1,1,0.997,1,1,0.9730393290519714,1,True,True,both_correct,0.997,0.9730393290519714
612.png,1,1,0.9995,1,1,0.9993927478790284,1,True,True,both_correct,0.9995,0.9993927478790284
613.png,1,1,0.999,1,1,0.9635604619979858,1,True,True,both_correct,0.999,0.9635604619979858
614.png,1,1,0.9995,1,1,0.9973154664039612,1,True,True,both_correct,0.9995,0.9973154664039612
615.png,1,1,0.9985,1,1,0.9780598282814026,1,True,True,both_correct,0.9985,0.9780598282814026
619.png,1,1,0.995,1,1,0.9075693488121032,1,True,True,both_correct,0.995,0.9075693488121032
622.png,1,1,0.9707,1,1,0.8968042135238647,1,True,True,both_correct,0.9707,0.8968042135238647
623.png,1,1,0.999,1,1,0.997574746608734,1,True,True,both_correct,0.999,0.997574746608734
627.png,1,1,0.887,1,1,0.7067583203315735,1,True,True,both_correct,0.887,0.7067583203315735
640.png,1,1,0.996,1,1,0.9957654476165771,1,True,True,both_correct,0.996,0.9957654476165771
647.png,1,1,1.0,1,1,0.9942653775215148,1,True,True,both_correct,1.0,0.9942653775215148
648.png,1,1,0.4656,1,1,0.7265193462371826,1,True,True,both_correct,0.4656,0.7265193462371826
649.png,1,1,0.9688,1,1,0.8827040195465088,1,True,True,both_correct,0.9688,0.8827040195465088
651.png,1,1,0.916,1,1,0.9585806131362916,1,True,True,both_correct,0.916,0.9585806131362916
657.png,1,1,1.0,1,1,0.9817131161689758,1,True,True,both_correct,1.0,0.9817131161689758
662.png,1,1,0.981,1,0,0.268960565328598,1,True,False,swin_correct_r50_wrong,0.981,0.731039434671402
666.png,1,1,0.992,1,1,0.8619285225868225,1,True,True,both_correct,0.992,0.8619285225868225
667.png,1,1,0.999,1,1,0.9487754702568054,1,True,True,both_correct,0.999,0.9487754702568054
671.png,1,1,0.9995,1,1,0.9956685304641724,1,True,True,both_correct,0.9995,0.9956685304641724
676.png,1,0,0.3584,1,1,0.8105108141899109,1,False,True,r50_correct_swin_wrong,0.6416,0.8105108141899109
688.png,1,1,0.7485,1,1,0.7958517670631409,1,True,True,both_correct,0.7485,0.7958517670631409
692.png,1,1,0.998,1,1,0.762137770652771,1,True,True,both_correct,0.998,0.762137770652771
698.png,0,1,0.545,0,1,0.98637193441391,0,False,False,both_wrong,0.545,0.98637193441391
699.png,0,1,0.962,0,1,0.6642432808876038,0,False,False,both_wrong,0.962,0.6642432808876038
700.png,1,1,0.9956,1,1,0.961219847202301,1,True,True,both_correct,0.9956,0.961219847202301
703.png,1,1,1.0,1,1,0.9837579131126404,1,True,True,both_correct,1.0,0.9837579131126404
706.png,1,1,0.913,1,1,0.958329737186432,1,True,True,both_correct,0.913,0.958329737186432
722.png,1,1,0.9995,1,1,0.9991378784179688,1,True,True,both_correct,0.9995,0.9991378784179688
726.png,1,1,0.833,1,1,0.9096462726593018,1,True,True,both_correct,0.833,0.9096462726593018
734.png,1,1,0.682,1,0,0.0198756270110607,1,True,False,swin_correct_r50_wrong,0.682,0.9801243729889393
735.png,1,1,0.5474,1,1,0.8041511178016663,1,True,True,both_correct,0.5474,0.8041511178016663
736.png,1,0,0.3433,1,1,0.9364779591560364,1,False,True,r50_correct_swin_wrong,0.6567000000000001,0.9364779591560364
737.png,1,1,0.9995,1,1,0.9845949411392212,1,True,True,both_correct,0.9995,0.9845949411392212
742.png,1,1,0.9956,1,1,0.9986122846603394,1,True,True,both_correct,0.9956,0.9986122846603394
744.png,1,1,0.9995,1,1,0.999658465385437,1,True,True,both_correct,0.9995,0.999658465385437
752.png,1,1,0.9995,1,1,0.998387336730957,1,True,True,both_correct,0.9995,0.998387336730957
755.png,1,1,0.977,1,1,0.9534637331962584,1,True,True,both_correct,0.977,0.9534637331962584
757.png,1,1,0.998,1,1,0.6888711452484131,1,True,True,both_correct,0.998,0.6888711452484131
762.png,1,1,0.776,1,1,0.9419897198677064,1,True,True,both_correct,0.776,0.9419897198677064
769.png,1,1,0.917,1,1,0.7766413688659668,1,True,True,both_correct,0.917,0.7766413688659668
770.png,1,1,0.9956,1,1,0.9891111254692078,1,True,True,both_correct,0.9956,0.9891111254692078
778.png,1,1,0.9937,1,1,0.9287305474281312,1,True,True,both_correct,0.9937,0.9287305474281312
779.png,1,1,0.9995,1,1,0.9791061878204346,1,True,True,both_correct,0.9995,0.9791061878204346
785.png,1,1,0.8267,1,1,0.5222629308700562,1,True,True,both_correct,0.8267,0.5222629308700562
786.png,1,1,0.998,1,1,0.9971407651901244,1,True,True,both_correct,0.998,0.9971407651901244
788.png,1,1,0.9985,1,1,0.9723492860794068,1,True,True,both_correct,0.9985,0.9723492860794068
791.png,1,1,0.993,1,1,0.958498477935791,1,True,True,both_correct,0.993,0.958498477935791
794.png,1,1,0.9863,1,1,0.9452044367790222,1,True,True,both_correct,0.9863,0.9452044367790222
803.png,1,1,0.8184,1,0,0.3669396936893463,1,True,False,swin_correct_r50_wrong,0.8184,0.6330603063106537
805.png,1,1,0.998,1,1,0.9925518035888672,1,True,True,both_correct,0.998,0.9925518035888672
806.png,1,1,0.988,1,1,0.9860203862190248,1,True,True,both_correct,0.988,0.9860203862190248
818.png,1,1,0.9785,1,1,0.7422906160354614,1,True,True,both_correct,0.9785,0.7422906160354614
828.png,1,1,0.9614,1,1,0.9156687259674072,1,True,True,both_correct,0.9614,0.9156687259674072
830.png,1,1,0.9985,1,1,0.994394302368164,1,True,True,both_correct,0.9985,0.994394302368164
831.png,1,1,1.0,1,1,0.9770986437797546,1,True,True,both_correct,1.0,0.9770986437797546
833.png,1,1,0.9624,1,1,0.9589887261390686,1,True,True,both_correct,0.9624,0.9589887261390686
834.png,1,1,0.9995,1,1,0.9981456995010376,1,True,True,both_correct,0.9995,0.9981456995010376
835.png,1,1,0.999,1,1,0.9980682730674744,1,True,True,both_correct,0.999,0.9980682730674744
839.png,1,1,0.995,1,1,0.9435439705848694,1,True,True,both_correct,0.995,0.9435439705848694
841.png,1,1,0.5205,1,1,0.9878824949264526,1,True,True,both_correct,0.5205,0.9878824949264526
842.png,1,1,0.9336,1,1,0.665979266166687,1,True,True,both_correct,0.9336,0.665979266166687
848.png,1,1,0.9907,1,1,0.9842833280563354,1,True,True,both_correct,0.9907,0.9842833280563354
854.png,1,0,0.4067,1,1,0.7183674573898315,1,False,True,r50_correct_swin_wrong,0.5932999999999999,0.7183674573898315
855.png,0,1,0.595,0,1,0.892821192741394,0,False,False,both_wrong,0.595,0.892821192741394
862.png,1,1,0.9854,1,1,0.9488047957420348,1,True,True,both_correct,0.9854,0.9488047957420348
866.png,1,1,0.9663,1,1,0.981938898563385,1,True,True,both_correct,0.9663,0.981938898563385
867.png,1,1,0.999,1,1,0.989370346069336,1,True,True,both_correct,0.999,0.989370346069336
868.png,1,1,0.7305,1,1,0.9660872220993042,1,True,True,both_correct,0.7305,0.9660872220993042
876.png,1,1,0.984,1,1,0.7550790309906006,1,True,True,both_correct,0.984,0.7550790309906006
878.png,1,1,0.8877,1,1,0.6616462469100952,1,True,True,both_correct,0.8877,0.6616462469100952
884.png,1,1,0.9033,1,1,0.9043342471122742,1,True,True,both_correct,0.9033,0.9043342471122742
886.png,1,0,0.2081,1,0,0.1926988214254379,1,False,False,both_wrong,0.7919,0.8073011785745621
889.png,0,0,0.000781,0,0,7.13535919203423e-05,0,True,True,both_correct,0.999219,0.9999286464080797
890.png,1,1,0.998,1,1,0.9871329069137572,1,True,True,both_correct,0.998,0.9871329069137572
895.png,1,1,0.866,1,1,0.7855271697044373,1,True,True,both_correct,0.866,0.7855271697044373
898.png,1,1,0.654,1,0,0.250263899564743,1,True,False,swin_correct_r50_wrong,0.654,0.749736100435257
904.png,1,1,0.6753,1,0,0.4719585478305816,1,True,False,swin_correct_r50_wrong,0.6753,0.5280414521694183
906.png,1,1,0.7656,1,1,0.9788535833358764,1,True,True,both_correct,0.7656,0.9788535833358764
909.png,1,1,0.962,1,1,0.9686585068702698,1,True,True,both_correct,0.962,0.9686585068702698
918.png,1,1,0.9985,1,1,0.9330833554267884,1,True,True,both_correct,0.9985,0.9330833554267884
927.png,1,1,0.915,1,0,0.2219566255807876,1,True,False,swin_correct_r50_wrong,0.915,0.7780433744192123
929.png,1,1,0.9976,1,1,0.9496594667434692,1,True,True,both_correct,0.9976,0.9496594667434692
932.png,1,1,0.7974,1,1,0.9890555143356324,1,True,True,both_correct,0.7974,0.9890555143356324
935.png,1,1,0.9893,1,1,0.974425733089447,1,True,True,both_correct,0.9893,0.974425733089447
941.png,1,1,0.9824,1,1,0.9788813591003418,1,True,True,both_correct,0.9824,0.9788813591003418
943.png,1,1,0.998,1,1,0.9770400524139404,1,True,True,both_correct,0.998,0.9770400524139404
945.png,1,1,0.9976,1,1,0.9834327101707458,1,True,True,both_correct,0.9976,0.9834327101707458
956.png,1,0,0.4448,1,0,0.1307837963104248,1,False,False,both_wrong,0.5552,0.8692162036895752
962.png,1,1,0.9756,1,1,0.7004284262657166,1,True,True,both_correct,0.9756,0.7004284262657166
972.png,0,1,0.951,0,1,0.9892867803573608,0,False,False,both_wrong,0.951,0.9892867803573608
978.png,0,1,0.6733,0,0,0.1090111956000328,0,False,True,r50_correct_swin_wrong,0.6733,0.8909888043999672
979.png,1,1,0.97,1,1,0.9528035521507264,1,True,True,both_correct,0.97,0.9528035521507264
982.png,1,0,0.2128,1,0,0.1030745357275009,1,False,False,both_wrong,0.7872,0.8969254642724991
983.png,1,1,0.9995,1,1,0.9989069700241088,1,True,True,both_correct,0.9995,0.9989069700241088
988.png,1,1,0.982,1,1,0.9679407477378844,1,True,True,both_correct,0.982,0.9679407477378844
1005.png,1,1,0.9966,1,1,0.9993707537651062,1,True,True,both_correct,0.9966,0.9993707537651062
1017.png,1,1,0.998,1,1,0.9999284744262696,1,True,True,both_correct,0.998,0.9999284744262696
1022.png,1,1,0.6025,1,1,0.7566090822219849,1,True,True,both_correct,0.6025,0.7566090822219849
1024.png,1,1,0.9727,1,1,0.8269586563110352,1,True,True,both_correct,0.9727,0.8269586563110352
1028.png,0,0,0.0729,0,0,0.0752593576908111,0,True,True,both_correct,0.9271,0.9247406423091888
1036.png,1,1,0.9033,1,1,0.7400616407394409,1,True,True,both_correct,0.9033,0.7400616407394409
1042.png,1,1,0.949,1,1,0.9750115275382996,1,True,True,both_correct,0.949,0.9750115275382996
1046.png,1,1,0.9985,1,1,0.9976288676261902,1,True,True,both_correct,0.9985,0.9976288676261902
1052.png,1,1,0.6094,1,0,0.2061903327703476,1,True,False,swin_correct_r50_wrong,0.6094,0.7938096672296524
1063.png,1,1,0.995,1,1,0.992034375667572,1,True,True,both_correct,0.995,0.992034375667572
1065.png,1,1,0.998,1,1,0.9856441020965576,1,True,True,both_correct,0.998,0.9856441020965576
1079.png,0,0,0.01952,0,0,0.0061055836267769,0,True,True,both_correct,0.98048,0.9938944163732231
1080.png,1,1,0.9976,1,1,0.9879701137542723,1,True,True,both_correct,0.9976,0.9879701137542723
1083.png,1,1,0.9956,1,1,0.9789804220199584,1,True,True,both_correct,0.9956,0.9789804220199584
1084.png,1,1,0.997,1,1,0.9908798933029176,1,True,True,both_correct,0.997,0.9908798933029176
1087.png,1,0,0.2588,1,1,0.9673871994018556,1,False,True,r50_correct_swin_wrong,0.7412000000000001,0.9673871994018556
1102.png,1,1,0.5693,1,1,0.7007067203521729,1,True,True,both_correct,0.5693,0.7007067203521729
1104.png,1,1,0.9424,1,1,0.9649955630302428,1,True,True,both_correct,0.9424,0.9649955630302428
1105.png,1,1,0.998,1,1,0.9721768498420716,1,True,True,both_correct,0.998,0.9721768498420716
1107.png,1,1,0.997,1,1,0.7082328200340271,1,True,True,both_correct,0.997,0.7082328200340271
1108.png,1,1,0.999,1,1,0.9957914352416992,1,True,True,both_correct,0.999,0.9957914352416992
1110.png,1,1,0.8867,1,1,0.998637855052948,1,True,True,both_correct,0.8867,0.998637855052948
1113.png,1,1,0.977,1,1,0.9870558977127076,1,True,True,both_correct,0.977,0.9870558977127076
1114.png,1,1,0.995,1,1,0.9799625873565674,1,True,True,both_correct,0.995,0.9799625873565674
1119.png,1,1,0.987,1,1,0.9961737990379332,1,True,True,both_correct,0.987,0.9961737990379332
1121.png,1,1,0.9873,1,1,0.7657279372215271,1,True,True,both_correct,0.9873,0.7657279372215271
1123.png,1,0,0.1616,1,0,0.1527824997901916,1,False,False,both_wrong,0.8384,0.8472175002098083
1128.png,1,0,0.06757,1,0,0.0923267900943756,1,False,False,both_wrong,0.93243,0.9076732099056244
1132.png,1,1,0.9897,1,1,0.6655240058898926,1,True,True,both_correct,0.9897,0.6655240058898926
1133.png,1,1,0.996,1,1,0.9964389801025392,1,True,True,both_correct,0.996,0.9964389801025392
1135.png,1,1,0.984,1,1,0.981835961341858,1,True,True,both_correct,0.984,0.981835961341858
1138.png,0,0,0.003721,0,0,0.0095907552167773,0,True,True,both_correct,0.996279,0.9904092447832227
1144.png,1,1,0.982,1,1,0.891549289226532,1,True,True,both_correct,0.982,0.891549289226532
1145.png,1,1,0.945,1,1,0.90113627910614,1,True,True,both_correct,0.945,0.90113627910614
1162.png,1,1,0.996,1,1,0.99471777677536,1,True,True,both_correct,0.996,0.99471777677536
1166.png,0,0,0.004116,0,0,0.001062543131411,0,True,True,both_correct,0.995884,0.998937456868589
1170.png,1,1,0.9326,1,1,0.6008166670799255,1,True,True,both_correct,0.9326,0.6008166670799255
1174.png,1,1,0.8203,1,1,0.9869699478149414,1,True,True,both_correct,0.8203,0.9869699478149414
1176.png,1,1,0.9985,1,1,0.5233888626098633,1,True,True,both_correct,0.9985,0.5233888626098633
1184.png,1,1,0.9546,1,1,0.501441478729248,1,True,True,both_correct,0.9546,0.501441478729248
1188.png,0,0,0.152,0,1,0.8914664387702942,0,True,False,swin_correct_r50_wrong,0.848,0.8914664387702942
1190.png,0,0,0.007317,0,0,0.3086099624633789,0,True,True,both_correct,0.992683,0.6913900375366211
1193.png,0,1,0.5347,0,0,0.0906047597527504,0,False,True,r50_correct_swin_wrong,0.5347,0.9093952402472496
1206.png,0,1,0.9985,0,1,0.9931957721710204,0,False,False,both_wrong,0.9985,0.9931957721710204
1208.png,1,1,0.995,1,1,0.9999104738235474,1,True,True,both_correct,0.995,0.9999104738235474
1213.png,1,0,0.12134,1,0,0.0059329587966203,1,False,False,both_wrong,0.87866,0.9940670412033797
1214.png,1,1,0.986,1,1,0.9854907989501952,1,True,True,both_correct,0.986,0.9854907989501952
1218.png,1,1,0.9966,1,1,0.98702734708786,1,True,True,both_correct,0.9966,0.98702734708786
1220.png,1,1,0.861,1,0,0.1127346977591514,1,True,False,swin_correct_r50_wrong,0.861,0.8872653022408485
1228.png,1,1,0.952,1,1,0.986240565776825,1,True,True,both_correct,0.952,0.986240565776825
1229.png,1,1,0.541,1,1,0.6524013876914978,1,True,True,both_correct,0.541,0.6524013876914978
1235.png,1,1,0.654,1,1,0.9009283781051636,1,True,True,both_correct,0.654,0.9009283781051636
1236.png,1,1,0.889,1,1,0.8979079723358154,1,True,True,both_correct,0.889,0.8979079723358154
1237.png,1,1,0.9727,1,1,0.7240334153175354,1,True,True,both_correct,0.9727,0.7240334153175354
1242.png,1,1,1.0,1,1,0.9929251670837402,1,True,True,both_correct,1.0,0.9929251670837402
1255.png,1,1,0.996,1,1,0.9786565899848938,1,True,True,both_correct,0.996,0.9786565899848938
1257.png,1,1,0.997,1,1,0.9830127358436584,1,True,True,both_correct,0.997,0.9830127358436584
1261.png,1,1,0.9995,1,1,0.996049702167511,1,True,True,both_correct,0.9995,0.996049702167511
1262.png,1,1,0.9985,1,1,0.9933977127075196,1,True,True,both_correct,0.9985,0.9933977127075196
1271.png,1,1,0.981,1,1,0.5291194319725037,1,True,True,both_correct,0.981,0.5291194319725037
1272.png,1,1,0.9795,1,1,0.9852567315101624,1,True,True,both_correct,0.9795,0.9852567315101624
1276.png,1,1,0.9985,1,1,0.9994319081306458,1,True,True,both_correct,0.9985,0.9994319081306458
1277.png,1,1,0.9927,1,1,0.786766767501831,1,True,True,both_correct,0.9927,0.786766767501831
1281.png,1,1,0.999,1,1,0.9672807455062866,1,True,True,both_correct,0.999,0.9672807455062866
1287.png,1,1,0.565,1,0,0.0515418462455272,1,True,False,swin_correct_r50_wrong,0.565,0.9484581537544728
1294.png,1,1,0.9966,1,1,0.9177144169807434,1,True,True,both_correct,0.9966,0.9177144169807434
1299.png,1,1,0.918,1,1,0.8750879764556885,1,True,True,both_correct,0.918,0.8750879764556885
1300.png,1,1,0.99,1,1,0.9274446368217468,1,True,True,both_correct,0.99,0.9274446368217468
1301.png,1,1,0.999,1,1,0.9987722039222716,1,True,True,both_correct,0.999,0.9987722039222716
1309.png,0,0,0.000168,0,0,1.1475966857688036e-05,0,True,True,both_correct,0.999832,0.9999885240331423
1324.png,1,1,0.723,1,1,0.8964414596557617,1,True,True,both_correct,0.723,0.8964414596557617
1328.png,1,1,0.971,1,1,0.8260357975959778,1,True,True,both_correct,0.971,0.8260357975959778
1332.png,1,1,0.7705,1,1,0.7467004656791687,1,True,True,both_correct,0.7705,0.7467004656791687
1342.png,1,1,0.998,1,1,0.992607355117798,1,True,True,both_correct,0.998,0.992607355117798
1343.png,1,1,0.9995,1,1,0.9902580976486206,1,True,True,both_correct,0.9995,0.9902580976486206
1344.png,1,1,0.9995,1,1,0.9996297359466552,1,True,True,both_correct,0.9995,0.9996297359466552
1345.png,1,1,0.9985,1,1,0.9986788630485536,1,True,True,both_correct,0.9985,0.9986788630485536
1346.png,1,1,0.6533,1,1,0.8040063381195068,1,True,True,both_correct,0.6533,0.8040063381195068
1348.png,1,1,0.965,1,1,0.9864912033081056,1,True,True,both_correct,0.965,0.9864912033081056
1356.png,1,1,0.7046,1,0,0.2837716042995453,1,True,False,swin_correct_r50_wrong,0.7046,0.7162283957004547
1359.png,0,0,0.2275,0,1,0.9316071271896362,0,True,False,swin_correct_r50_wrong,0.7725,0.9316071271896362
1367.png,1,1,1.0,1,1,0.9976582527160645,1,True,True,both_correct,1.0,0.9976582527160645
1372.png,1,1,0.9395,1,1,0.9728363156318665,1,True,True,both_correct,0.9395,0.9728363156318665
1376.png,1,1,0.997,1,1,0.8511738777160645,1,True,True,both_correct,0.997,0.8511738777160645
1383.png,0,0,0.002415,0,0,0.0200020726770162,0,True,True,both_correct,0.997585,0.9799979273229839
1384.png,1,1,0.866,1,1,0.9851401448249816,1,True,True,both_correct,0.866,0.9851401448249816
1385.png,1,1,0.9985,1,1,0.9842615127563475,1,True,True,both_correct,0.9985,0.9842615127563475
1387.png,1,1,0.6924,1,0,0.1869485080242157,1,True,False,swin_correct_r50_wrong,0.6924,0.8130514919757843
1388.png,1,1,0.998,1,1,0.9933876991271972,1,True,True,both_correct,0.998,0.9933876991271972
1390.png,1,0,0.2135,1,0,0.3585177958011627,1,False,False,both_wrong,0.7865,0.6414822041988373
1392.png,1,1,0.584,1,1,0.8281710147857666,1,True,True,both_correct,0.584,0.8281710147857666
1396.png,1,1,0.999,1,1,0.9987159967422484,1,True,True,both_correct,0.999,0.9987159967422484
1399.png,1,1,0.999,1,1,0.9790670275688172,1,True,True,both_correct,0.999,0.9790670275688172
1407.png,1,1,0.994,1,1,0.7617601156234741,1,True,True,both_correct,0.994,0.7617601156234741
1417.png,1,1,0.996,1,1,0.9942672848701476,1,True,True,both_correct,0.996,0.9942672848701476
1418.png,1,1,0.983,1,1,0.99757581949234,1,True,True,both_correct,0.983,0.99757581949234
1423.png,1,1,0.9995,1,1,0.9918026328086852,1,True,True,both_correct,0.9995,0.9918026328086852
1434.png,1,1,0.999,1,1,0.9972296357154846,1,True,True,both_correct,0.999,0.9972296357154846
1439.png,1,1,0.999,1,1,0.9854065179824828,1,True,True,both_correct,0.999,0.9854065179824828
1440.png,1,1,0.888,1,1,0.5772424340248108,1,True,True,both_correct,0.888,0.5772424340248108
1445.png,1,1,0.999,1,1,0.992005169391632,1,True,True,both_correct,0.999,0.992005169391632
1446.png,1,1,0.9927,1,1,0.9876411557197572,1,True,True,both_correct,0.9927,0.9876411557197572
1448.png,1,1,0.997,1,1,0.9979670643806458,1,True,True,both_correct,0.997,0.9979670643806458
1463.png,1,1,0.9956,1,1,0.9085561633110046,1,True,True,both_correct,0.9956,0.9085561633110046
1464.png,1,1,0.9844,1,1,0.969732403755188,1,True,True,both_correct,0.9844,0.969732403755188
1468.png,1,1,0.959,1,1,0.6503491401672363,1,True,True,both_correct,0.959,0.6503491401672363
1476.png,1,1,0.8604,1,1,0.9914129972457886,1,True,True,both_correct,0.8604,0.9914129972457886
1477.png,1,1,0.997,1,1,0.9973089694976808,1,True,True,both_correct,0.997,0.9973089694976808
1478.png,1,1,0.7935,1,0,0.2305440902709961,1,True,False,swin_correct_r50_wrong,0.7935,0.7694559097290039
1479.png,1,1,0.9985,1,1,0.9985244870185852,1,True,True,both_correct,0.9985,0.9985244870185852
1482.png,1,1,0.9585,1,1,0.7180464863777161,1,True,True,both_correct,0.9585,0.7180464863777161
1487.png,1,1,0.999,1,1,0.9987356066703796,1,True,True,both_correct,0.999,0.9987356066703796
1490.png,0,1,0.946,0,0,0.2369678616523742,0,False,True,r50_correct_swin_wrong,0.946,0.7630321383476257
1491.png,1,1,0.999,1,1,0.9978063702583312,1,True,True,both_correct,0.999,0.9978063702583312
1492.png,1,1,0.9907,1,1,0.9578120708465576,1,True,True,both_correct,0.9907,0.9578120708465576
1500.png,1,1,0.9688,1,1,0.5798999667167664,1,True,True,both_correct,0.9688,0.5798999667167664
1502.png,1,1,0.9946,1,1,0.6092121005058289,1,True,True,both_correct,0.9946,0.6092121005058289
1503.png,1,1,0.9995,1,1,0.9548384547233582,1,True,True,both_correct,0.9995,0.9548384547233582
1506.png,1,1,0.9883,1,1,0.7272707223892212,1,True,True,both_correct,0.9883,0.7272707223892212
1515.png,0,1,0.9067,0,0,0.4306083023548126,0,False,True,r50_correct_swin_wrong,0.9067,0.5693916976451874
1518.png,1,1,0.947,1,0,0.4519979059696197,1,True,False,swin_correct_r50_wrong,0.947,0.5480020940303802
1519.png,1,1,0.9775,1,1,0.9396879076957704,1,True,True,both_correct,0.9775,0.9396879076957704
1520.png,1,0,0.3025,1,1,0.8266504406929016,1,False,True,r50_correct_swin_wrong,0.6975,0.8266504406929016
1525.png,1,1,1.0,1,1,0.9979077577590942,1,True,True,both_correct,1.0,0.9979077577590942
1527.png,1,1,0.996,1,1,0.9041507244110109,1,True,True,both_correct,0.996,0.9041507244110109
1533.png,1,1,0.9814,1,1,0.9417688250541688,1,True,True,both_correct,0.9814,0.9417688250541688
1555.png,1,1,1.0,1,1,0.9964067339897156,1,True,True,both_correct,1.0,0.9964067339897156
1557.png,1,1,0.996,1,0,0.407643049955368,1,True,False,swin_correct_r50_wrong,0.996,0.592356950044632
1559.png,1,1,0.9966,1,1,0.9656066298484802,1,True,True,both_correct,0.9966,0.9656066298484802
1561.png,1,1,0.9946,1,1,0.767236590385437,1,True,True,both_correct,0.9946,0.767236590385437
1562.png,1,1,0.998,1,1,0.9824586510658264,1,True,True,both_correct,0.998,0.9824586510658264
1565.png,1,1,0.9995,1,1,0.998219668865204,1,True,True,both_correct,0.9995,0.998219668865204
1571.png,1,1,0.999,1,1,0.9940845370292664,1,True,True,both_correct,0.999,0.9940845370292664
1574.png,1,1,0.999,1,1,0.9905794262886048,1,True,True,both_correct,0.999,0.9905794262886048
1577.png,1,1,0.9995,1,1,0.983758807182312,1,True,True,both_correct,0.9995,0.983758807182312
1581.png,1,1,0.9937,1,1,0.8201401233673096,1,True,True,both_correct,0.9937,0.8201401233673096
1587.png,0,1,0.763,0,0,0.3361445665359497,0,False,True,r50_correct_swin_wrong,0.763,0.6638554334640503
1596.png,1,1,0.8936,1,1,0.9181999564170836,1,True,True,both_correct,0.8936,0.9181999564170836
1599.png,0,1,0.5938,0,0,0.2551025152206421,0,False,True,r50_correct_swin_wrong,0.5938,0.7448974847793579
1606.png,1,1,0.998,1,1,0.9518028497695924,1,True,True,both_correct,0.998,0.9518028497695924
1607.png,1,1,0.9785,1,1,0.9748695492744446,1,True,True,both_correct,0.9785,0.9748695492744446
1611.png,1,1,1.0,1,1,0.9999243021011353,1,True,True,both_correct,1.0,0.9999243021011353
1612.png,1,1,0.9995,1,1,0.9515017867088318,1,True,True,both_correct,0.9995,0.9515017867088318
1617.png,1,0,0.448,1,1,0.9928489923477172,1,False,True,r50_correct_swin_wrong,0.552,0.9928489923477172
1620.png,1,1,0.9927,1,1,0.9959654808044434,1,True,True,both_correct,0.9927,0.9959654808044434
1625.png,1,1,0.998,1,1,0.9690657258033752,1,True,True,both_correct,0.998,0.9690657258033752
1628.png,0,1,0.477,0,0,0.0059130019508302,0,False,True,r50_correct_swin_wrong,0.477,0.9940869980491698
1631.png,0,1,0.9463,0,1,0.8949192762374878,0,False,False,both_wrong,0.9463,0.8949192762374878
1636.png,1,0,0.2438,1,0,0.1954961419105529,1,False,False,both_wrong,0.7562,0.8045038580894471
1639.png,1,1,0.9985,1,1,0.9876691699028016,1,True,True,both_correct,0.9985,0.9876691699028016
1641.png,1,1,0.9995,1,1,0.9911529421806335,1,True,True,both_correct,0.9995,0.9911529421806335
1648.png,1,0,0.1968,1,0,0.2158314734697342,1,False,False,both_wrong,0.8032,0.7841685265302658
1668.png,1,1,0.456,1,1,0.7566025257110596,1,True,True,both_correct,0.456,0.7566025257110596
1674.png,1,1,0.9385,1,0,0.4977199733257293,1,True,False,swin_correct_r50_wrong,0.9385,0.5022800266742706
1675.png,1,1,0.9985,1,1,0.8291674256324768,1,True,True,both_correct,0.9985,0.8291674256324768
1678.png,1,1,0.9863,1,1,0.8765413761138916,1,True,True,both_correct,0.9863,0.8765413761138916
1679.png,1,1,0.977,1,1,0.8209890723228455,1,True,True,both_correct,0.977,0.8209890723228455
1680.png,1,1,0.997,1,1,0.9430794715881348,1,True,True,both_correct,0.997,0.9430794715881348
1681.png,1,1,0.4768,1,0,0.0477357320487499,1,True,False,swin_correct_r50_wrong,0.4768,0.9522642679512501
1685.png,1,1,0.5166,1,0,0.2627246081829071,1,True,False,swin_correct_r50_wrong,0.5166,0.7372753918170929
1688.png,1,1,0.904,1,0,0.4037032425403595,1,True,False,swin_correct_r50_wrong,0.904,0.5962967574596405
1689.png,1,1,0.9976,1,0,0.4253776371479034,1,True,False,swin_correct_r50_wrong,0.9976,0.5746223628520966
1691.png,1,1,0.9863,1,1,0.9900557994842528,1,True,True,both_correct,0.9863,0.9900557994842528
1696.png,1,1,0.998,1,1,0.993158519268036,1,True,True,both_correct,0.998,0.993158519268036
1701.png,1,1,0.9946,1,1,0.9992278814315796,1,True,True,both_correct,0.9946,0.9992278814315796
1710.png,1,1,0.978,1,1,0.9122124314308168,1,True,True,both_correct,0.978,0.9122124314308168
1713.png,1,1,0.5757,1,1,0.7468913793563843,1,True,True,both_correct,0.5757,0.7468913793563843
1715.png,1,1,0.9893,1,1,0.5950428247451782,1,True,True,both_correct,0.9893,0.5950428247451782
1716.png,1,1,0.997,1,1,0.9572070837020874,1,True,True,both_correct,0.997,0.9572070837020874
1719.png,1,1,0.997,1,1,0.9187166690826416,1,True,True,both_correct,0.997,0.9187166690826416
1724.png,1,1,0.9995,1,1,0.999009370803833,1,True,True,both_correct,0.9995,0.999009370803833
1726.png,1,1,0.976,1,0,0.0728641524910926,1,True,False,swin_correct_r50_wrong,0.976,0.9271358475089074
1728.png,1,1,0.9917,1,1,0.9942601919174194,1,True,True,both_correct,0.9917,0.9942601919174194
1736.png,1,1,0.9995,1,1,0.997576892375946,1,True,True,both_correct,0.9995,0.997576892375946
1738.png,1,1,0.791,1,1,0.5013050436973572,1,True,True,both_correct,0.791,0.5013050436973572
1744.png,1,1,0.9985,1,1,0.9843708872795104,1,True,True,both_correct,0.9985,0.9843708872795104
1745.png,1,1,0.978,1,1,0.918939769268036,1,True,True,both_correct,0.978,0.918939769268036
1750.png,1,1,0.9355,1,1,0.9589704275131226,1,True,True,both_correct,0.9355,0.9589704275131226
1754.png,1,1,1.0,1,1,0.9991012811660768,1,True,True,both_correct,1.0,0.9991012811660768
1756.png,1,1,0.9395,1,1,0.9835687279701232,1,True,True,both_correct,0.9395,0.9835687279701232
1757.png,1,1,0.9995,1,1,0.9981058835983276,1,True,True,both_correct,0.9995,0.9981058835983276
1765.png,1,1,0.996,1,1,0.9837730526924132,1,True,True,both_correct,0.996,0.9837730526924132
1770.png,0,1,0.935,0,1,0.502608060836792,0,False,False,both_wrong,0.935,0.502608060836792
1771.png,1,1,0.9336,1,0,0.1074643731117248,1,True,False,swin_correct_r50_wrong,0.9336,0.8925356268882751
1774.png,1,1,0.999,1,1,0.9948139190673828,1,True,True,both_correct,0.999,0.9948139190673828
1782.png,1,1,1.0,1,1,0.9985870122909546,1,True,True,both_correct,1.0,0.9985870122909546
1784.png,1,1,0.9995,1,1,0.997087299823761,1,True,True,both_correct,0.9995,0.997087299823761
1787.png,1,1,0.806,1,1,0.5791266560554504,1,True,True,both_correct,0.806,0.5791266560554504
1790.png,1,1,0.9883,1,0,0.437877207994461,1,True,False,swin_correct_r50_wrong,0.9883,0.5621227920055389
1801.png,1,1,0.997,1,1,0.9971328973770142,1,True,True,both_correct,0.997,0.9971328973770142
1802.png,1,1,0.925,1,1,0.9485818147659302,1,True,True,both_correct,0.925,0.9485818147659302
1806.png,1,1,0.9995,1,1,0.993768572807312,1,True,True,both_correct,0.9995,0.993768572807312
1808.png,0,1,0.497,0,0,0.3586009442806244,0,False,True,r50_correct_swin_wrong,0.497,0.6413990557193756
1817.png,1,1,0.999,1,1,0.991204559803009,1,True,True,both_correct,0.999,0.991204559803009
1818.png,1,1,0.9995,1,1,0.9985631108283995,1,True,True,both_correct,0.9995,0.9985631108283995
1829.png,1,1,0.9995,1,1,0.9643981456756592,1,True,True,both_correct,0.9995,0.9643981456756592
1832.png,1,1,0.999,1,1,0.9965903759002686,1,True,True,both_correct,0.999,0.9965903759002686
1833.png,1,1,0.825,1,1,0.94028502702713,1,True,True,both_correct,0.825,0.94028502702713
1835.png,1,1,1.0,1,1,0.9991099238395692,1,True,True,both_correct,1.0,0.9991099238395692
1836.png,1,1,0.9956,1,1,0.9708093404769896,1,True,True,both_correct,0.9956,0.9708093404769896
1838.png,1,1,0.989,1,1,0.8637890815734863,1,True,True,both_correct,0.989,0.8637890815734863
1839.png,1,1,1.0,1,1,0.9997238516807556,1,True,True,both_correct,1.0,0.9997238516807556
1840.png,1,1,0.9805,1,1,0.6300344467163086,1,True,True,both_correct,0.9805,0.6300344467163086
1843.png,1,1,0.9917,1,1,0.8242287635803223,1,True,True,both_correct,0.9917,0.8242287635803223
1846.png,1,1,0.997,1,1,0.856340229511261,1,True,True,both_correct,0.997,0.856340229511261
1851.png,1,1,0.9985,1,1,0.9812580347061156,1,True,True,both_correct,0.9985,0.9812580347061156
1854.png,1,1,0.994,1,1,0.9708958268165588,1,True,True,both_correct,0.994,0.9708958268165588
1864.png,1,1,1.0,1,1,0.9999165534973145,1,True,True,both_correct,1.0,0.9999165534973145
1865.png,1,1,0.9893,1,1,0.8489850163459778,1,True,True,both_correct,0.9893,0.8489850163459778
1869.png,1,1,0.978,1,1,0.9989407658576964,1,True,True,both_correct,0.978,0.9989407658576964
1873.png,1,1,0.9653,1,1,0.8199332356452942,1,True,True,both_correct,0.9653,0.8199332356452942
1874.png,1,1,0.9995,1,1,0.9968515038490297,1,True,True,both_correct,0.9995,0.9968515038490297
1880.png,1,1,0.9937,1,1,0.8848525881767273,1,True,True,both_correct,0.9937,0.8848525881767273
1890.png,1,1,0.9897,1,1,0.9432830810546876,1,True,True,both_correct,0.9897,0.9432830810546876
1899.png,1,1,0.997,1,1,0.8639330267906189,1,True,True,both_correct,0.997,0.8639330267906189
1909.png,1,1,0.9995,1,1,0.9923391342163086,1,True,True,both_correct,0.9995,0.9923391342163086
1913.png,1,1,0.986,1,1,0.9880424737930298,1,True,True,both_correct,0.986,0.9880424737930298
1914.png,1,1,0.6914,1,1,0.8248420357704163,1,True,True,both_correct,0.6914,0.8248420357704163
1916.png,1,1,0.986,1,1,0.982399582862854,1,True,True,both_correct,0.986,0.982399582862854
1920.png,1,1,0.9927,1,1,0.9723557233810424,1,True,True,both_correct,0.9927,0.9723557233810424
1923.png,1,1,0.9814,1,1,0.9948953986167908,1,True,True,both_correct,0.9814,0.9948953986167908
1933.png,1,0,0.137,1,1,0.7821212410926819,1,False,True,r50_correct_swin_wrong,0.863,0.7821212410926819
1938.png,1,1,0.983,1,1,0.6443079113960266,1,True,True,both_correct,0.983,0.6443079113960266
1946.png,1,1,0.9976,1,1,0.9954089522361756,1,True,True,both_correct,0.9976,0.9954089522361756
1947.png,1,1,0.9756,1,1,0.9329424500465392,1,True,True,both_correct,0.9756,0.9329424500465392
1948.png,1,1,0.9985,1,1,0.8572680354118347,1,True,True,both_correct,0.9985,0.8572680354118347
1950.png,1,1,0.999,1,1,0.8040029406547546,1,True,True,both_correct,0.999,0.8040029406547546
1951.png,1,1,0.9976,1,1,0.9451931118965148,1,True,True,both_correct,0.9976,0.9451931118965148
1954.png,1,1,0.9824,1,1,0.8418618440628052,1,True,True,both_correct,0.9824,0.8418618440628052
1975.png,1,1,0.9995,1,1,0.9995064735412598,1,True,True,both_correct,0.9995,0.9995064735412598
1981.png,1,1,1.0,1,1,0.9936554431915284,1,True,True,both_correct,1.0,0.9936554431915284
2003.png,1,1,0.997,1,1,0.9435873031616212,1,True,True,both_correct,0.997,0.9435873031616212
2004.png,1,1,0.986,1,1,0.9862564206123352,1,True,True,both_correct,0.986,0.9862564206123352
2009.png,1,1,0.9995,1,1,0.9895058274269104,1,True,True,both_correct,0.9995,0.9895058274269104
2015.png,1,1,0.9995,1,1,0.9943721294403076,1,True,True,both_correct,0.9995,0.9943721294403076
2017.png,1,1,0.9995,1,1,0.9995373487472534,1,True,True,both_correct,0.9995,0.9995373487472534
2018.png,1,1,0.98,1,1,0.976918876171112,1,True,True,both_correct,0.98,0.976918876171112
2019.png,1,1,0.9717,1,0,0.3008386790752411,1,True,False,swin_correct_r50_wrong,0.9717,0.6991613209247589
2023.png,1,1,0.997,1,1,0.99703848361969,1,True,True,both_correct,0.997,0.99703848361969
2026.png,1,1,0.9995,1,1,0.9878668785095216,1,True,True,both_correct,0.9995,0.9878668785095216
2028.png,1,1,0.8306,1,1,0.765477180480957,1,True,True,both_correct,0.8306,0.765477180480957
2031.png,1,1,0.9893,1,1,0.9809855818748474,1,True,True,both_correct,0.9893,0.9809855818748474
2032.png,1,1,0.9404,1,0,0.303214818239212,1,True,False,swin_correct_r50_wrong,0.9404,0.696785181760788
2039.png,1,1,1.0,1,1,0.9994601607322692,1,True,True,both_correct,1.0,0.9994601607322692
2043.png,1,1,0.9897,1,1,0.9909290671348572,1,True,True,both_correct,0.9897,0.9909290671348572
2055.png,1,1,0.974,1,0,0.3843632340431213,1,True,False,swin_correct_r50_wrong,0.974,0.6156367659568787
2057.png,1,1,0.9976,1,1,0.9750661253929138,1,True,True,both_correct,0.9976,0.9750661253929138
2069.png,1,1,0.993,1,1,0.5103422999382019,1,True,True,both_correct,0.993,0.5103422999382019
2073.png,1,1,0.999,1,1,0.9866181015968324,1,True,True,both_correct,0.999,0.9866181015968324
2075.png,1,1,0.9907,1,1,0.9712594747543336,1,True,True,both_correct,0.9907,0.9712594747543336
2078.png,1,1,0.9976,1,1,0.9915952086448668,1,True,True,both_correct,0.9976,0.9915952086448668
2080.png,1,1,0.9995,1,1,0.995972454547882,1,True,True,both_correct,0.9995,0.995972454547882
2098.png,1,1,0.998,1,1,0.9650519490242004,1,True,True,both_correct,0.998,0.9650519490242004
2099.png,1,1,0.9995,1,1,0.997495412826538,1,True,True,both_correct,0.9995,0.997495412826538
2101.png,1,1,1.0,1,1,0.986334264278412,1,True,True,both_correct,1.0,0.986334264278412
2106.png,1,1,0.9985,1,1,0.9960700273513794,1,True,True,both_correct,0.9985,0.9960700273513794
2110.png,1,1,0.995,1,1,0.996915340423584,1,True,True,both_correct,0.995,0.996915340423584
2112.png,1,1,0.9927,1,1,0.9982694387435912,1,True,True,both_correct,0.9927,0.9982694387435912
2126.png,1,1,0.8657,1,1,0.8545276522636414,1,True,True,both_correct,0.8657,0.8545276522636414
2129.png,1,1,0.9985,1,1,0.978120744228363,1,True,True,both_correct,0.9985,0.978120744228363
2141.png,1,1,0.9985,1,1,0.987385392189026,1,True,True,both_correct,0.9985,0.987385392189026
2142.png,1,1,0.9946,1,1,0.9924564361572266,1,True,True,both_correct,0.9946,0.9924564361572266
2144.png,1,1,0.5557,1,0,0.1183807700872421,1,True,False,swin_correct_r50_wrong,0.5557,0.8816192299127579
2149.png,1,1,0.9985,1,1,0.972923755645752,1,True,True,both_correct,0.9985,0.972923755645752
2155.png,1,1,0.995,1,0,0.3479677438735962,1,True,False,swin_correct_r50_wrong,0.995,0.6520322561264038
2160.png,1,1,1.0,1,1,0.9986838698387146,1,True,True,both_correct,1.0,0.9986838698387146
2164.png,1,0,0.03632,1,0,0.0968885943293571,1,False,False,both_wrong,0.96368,0.9031114056706429
2167.png,1,1,0.9736,1,0,0.3888760507106781,1,True,False,swin_correct_r50_wrong,0.9736,0.6111239492893219
2169.png,1,1,1.0,1,1,0.9990836381912231,1,True,True,both_correct,1.0,0.9990836381912231
2172.png,1,1,1.0,1,1,0.9971994161605836,1,True,True,both_correct,1.0,0.9971994161605836
2177.png,1,1,0.853,1,1,0.9745817184448242,1,True,True,both_correct,0.853,0.9745817184448242
2179.png,1,1,1.0,1,1,0.9990035891532898,1,True,True,both_correct,1.0,0.9990035891532898
2181.png,1,1,0.94,1,1,0.5575657486915588,1,True,True,both_correct,0.94,0.5575657486915588
2183.png,1,1,0.9663,1,1,0.951222836971283,1,True,True,both_correct,0.9663,0.951222836971283
2196.png,1,1,0.9985,1,1,0.9988848567008972,1,True,True,both_correct,0.9985,0.9988848567008972
2204.png,1,1,0.9995,1,1,0.998611330986023,1,True,True,both_correct,0.9995,0.998611330986023
2222.png,1,1,0.6626,1,1,0.6341296434402466,1,True,True,both_correct,0.6626,0.6341296434402466
2226.png,1,1,0.995,1,1,0.9938883185386658,1,True,True,both_correct,0.995,0.9938883185386658
2233.png,1,1,0.9995,1,1,0.9821848273277284,1,True,True,both_correct,0.9995,0.9821848273277284
2240.png,1,1,0.999,1,1,0.9724352955818176,1,True,True,both_correct,0.999,0.9724352955818176
2244.png,1,1,0.9995,1,1,0.9980271458625792,1,True,True,both_correct,0.9995,0.9980271458625792
2245.png,1,1,0.9995,1,1,0.9988749623298644,1,True,True,both_correct,0.9995,0.9988749623298644
2248.png,1,1,1.0,1,1,0.9987620115280152,1,True,True,both_correct,1.0,0.9987620115280152
2255.png,1,1,0.9854,1,1,0.9850826263427734,1,True,True,both_correct,0.9854,0.9850826263427734
2258.png,1,1,0.9966,1,1,0.994564175605774,1,True,True,both_correct,0.9966,0.994564175605774
2263.png,1,1,0.9946,1,1,0.993339478969574,1,True,True,both_correct,0.9946,0.993339478969574
2269.png,1,1,0.997,1,1,0.999683141708374,1,True,True,both_correct,0.997,0.999683141708374
2276.png,1,1,0.9966,1,1,0.9764753580093384,1,True,True,both_correct,0.9966,0.9764753580093384
2279.png,1,1,0.991,1,1,0.9531404376029968,1,True,True,both_correct,0.991,0.9531404376029968
2284.png,1,1,1.0,1,1,0.9964630007743835,1,True,True,both_correct,1.0,0.9964630007743835
2288.png,1,1,0.68,1,1,0.6479830145835876,1,True,True,both_correct,0.68,0.6479830145835876
2295.png,1,1,0.997,1,1,0.9556853175163268,1,True,True,both_correct,0.997,0.9556853175163268
2296.png,1,1,1.0,1,1,0.9991857409477234,1,True,True,both_correct,1.0,0.9991857409477234
2297.png,1,1,0.978,1,1,0.978640079498291,1,True,True,both_correct,0.978,0.978640079498291
2298.png,1,1,0.969,1,1,0.8721858859062195,1,True,True,both_correct,0.969,0.8721858859062195
2301.png,1,1,1.0,1,1,0.993147313594818,1,True,True,both_correct,1.0,0.993147313594818
2317.png,1,0,0.3599,1,1,0.5492510199546814,1,False,True,r50_correct_swin_wrong,0.6401,0.5492510199546814
2325.png,1,1,0.9614,1,1,0.6715430617332458,1,True,True,both_correct,0.9614,0.6715430617332458
2327.png,1,1,0.9995,1,1,0.9876232147216796,1,True,True,both_correct,0.9995,0.9876232147216796
2333.png,1,1,0.9893,1,1,0.879577100276947,1,True,True,both_correct,0.9893,0.879577100276947
2339.png,1,1,0.875,1,0,0.3153697550296783,1,True,False,swin_correct_r50_wrong,0.875,0.6846302449703217
2343.png,1,1,0.9995,1,1,0.9200412034988404,1,True,True,both_correct,0.9995,0.9200412034988404
2349.png,1,1,1.0,1,1,0.9978649020195008,1,True,True,both_correct,1.0,0.9978649020195008
2353.png,1,1,0.735,1,1,0.9935006499290466,1,True,True,both_correct,0.735,0.9935006499290466
2359.png,1,1,1.0,1,1,0.9927654266357422,1,True,True,both_correct,1.0,0.9927654266357422
2364.png,1,1,0.9995,1,1,0.9950619339942932,1,True,True,both_correct,0.9995,0.9950619339942932
2367.png,1,1,0.984,1,1,0.9848191738128662,1,True,True,both_correct,0.984,0.9848191738128662
2368.png,1,1,0.992,1,1,0.9841070175170898,1,True,True,both_correct,0.992,0.9841070175170898
2370.png,1,1,0.9995,1,1,0.994936466217041,1,True,True,both_correct,0.9995,0.994936466217041
2371.png,1,1,0.995,1,1,0.9982890486717224,1,True,True,both_correct,0.995,0.9982890486717224
2372.png,1,1,0.9995,1,1,0.9902929067611694,1,True,True,both_correct,0.9995,0.9902929067611694
2373.png,1,1,0.9434,1,1,0.9841258525848388,1,True,True,both_correct,0.9434,0.9841258525848388
2374.png,1,1,0.782,1,1,0.8792961239814758,1,True,True,both_correct,0.782,0.8792961239814758
2376.png,1,1,0.9844,1,1,0.8591744303703308,1,True,True,both_correct,0.9844,0.8591744303703308
2379.png,1,1,0.599,1,1,0.9497522711753844,1,True,True,both_correct,0.599,0.9497522711753844
2386.png,1,1,0.92,1,1,0.9250957369804382,1,True,True,both_correct,0.92,0.9250957369804382
2392.png,1,1,0.9927,1,1,0.8422386050224304,1,True,True,both_correct,0.9927,0.8422386050224304
2399.png,1,1,0.858,1,1,0.9059272408485411,1,True,True,both_correct,0.858,0.9059272408485411
2404.png,1,1,0.9985,1,1,0.9948484897613524,1,True,True,both_correct,0.9985,0.9948484897613524
2414.png,1,1,1.0,1,1,0.9995076656341552,1,True,True,both_correct,1.0,0.9995076656341552
2415.png,1,1,0.981,1,1,0.7863531708717346,1,True,True,both_correct,0.981,0.7863531708717346
2417.png,1,1,0.9995,1,1,0.9744344353675842,1,True,True,both_correct,0.9995,0.9744344353675842
2430.png,1,1,0.999,1,1,0.9974306225776672,1,True,True,both_correct,0.999,0.9974306225776672
2431.png,1,1,1.0,1,1,0.9963836669921876,1,True,True,both_correct,1.0,0.9963836669921876
2433.png,1,1,0.997,1,1,0.786320149898529,1,True,True,both_correct,0.997,0.786320149898529
2443.png,1,1,0.983,1,1,0.9349687695503236,1,True,True,both_correct,0.983,0.9349687695503236
2447.png,1,1,0.974,1,1,0.9985955357551576,1,True,True,both_correct,0.974,0.9985955357551576
2457.png,1,1,0.963,1,1,0.9542545080184937,1,True,True,both_correct,0.963,0.9542545080184937
2458.png,1,1,0.999,1,1,0.9815178513526917,1,True,True,both_correct,0.999,0.9815178513526917
2463.png,1,1,0.9995,1,1,0.9976898431777954,1,True,True,both_correct,0.9995,0.9976898431777954
2465.png,1,1,0.9985,1,1,0.8043591976165771,1,True,True,both_correct,0.9985,0.8043591976165771
2471.png,1,1,0.9976,1,1,0.9902064204216005,1,True,True,both_correct,0.9976,0.9902064204216005
2474.png,1,1,0.907,1,1,0.7687304019927979,1,True,True,both_correct,0.907,0.7687304019927979
2480.png,1,1,0.998,1,1,0.9972219467163086,1,True,True,both_correct,0.998,0.9972219467163086
2491.png,1,1,0.988,1,1,0.9618712663650512,1,True,True,both_correct,0.988,0.9618712663650512
2493.png,1,1,0.9717,1,1,0.5145736932754517,1,True,True,both_correct,0.9717,0.5145736932754517
2501.png,1,1,0.833,1,1,0.8707988262176514,1,True,True,both_correct,0.833,0.8707988262176514
2504.png,1,1,0.9907,1,0,0.3608567118644714,1,True,False,swin_correct_r50_wrong,0.9907,0.6391432881355286
2506.png,1,1,0.999,1,1,0.9995044469833374,1,True,True,both_correct,0.999,0.9995044469833374
2517.png,1,1,0.963,1,0,0.3071244657039642,1,True,False,swin_correct_r50_wrong,0.963,0.6928755342960358
2519.png,1,1,0.9824,1,1,0.968778431415558,1,True,True,both_correct,0.9824,0.968778431415558
2528.png,1,1,0.9976,1,1,0.9777418971061708,1,True,True,both_correct,0.9976,0.9777418971061708
2530.png,1,1,0.985,1,1,0.7361968159675598,1,True,True,both_correct,0.985,0.7361968159675598
2534.png,1,1,0.9673,1,1,0.8340870141983032,1,True,True,both_correct,0.9673,0.8340870141983032
2537.png,1,1,0.998,1,1,0.9504206776618958,1,True,True,both_correct,0.998,0.9504206776618958
2539.png,1,1,0.9023,1,1,0.5288169384002686,1,True,True,both_correct,0.9023,0.5288169384002686
2540.png,1,1,0.992,1,1,0.9054743647575378,1,True,True,both_correct,0.992,0.9054743647575378
2546.png,1,1,0.9985,1,1,0.9852861166000366,1,True,True,both_correct,0.9985,0.9852861166000366
2547.png,1,1,1.0,1,1,0.9983738660812378,1,True,True,both_correct,1.0,0.9983738660812378
2548.png,1,1,0.9995,1,1,0.9978760480880736,1,True,True,both_correct,0.9995,0.9978760480880736
2549.png,1,1,0.971,1,1,0.964197278022766,1,True,True,both_correct,0.971,0.964197278022766
2550.png,1,1,0.9883,1,1,0.8789093494415283,1,True,True,both_correct,0.9883,0.8789093494415283
2553.png,1,1,0.9995,1,1,0.9973303079605104,1,True,True,both_correct,0.9995,0.9973303079605104
2555.png,1,1,0.9995,1,1,0.9995030164718628,1,True,True,both_correct,0.9995,0.9995030164718628
2557.png,1,1,0.85,1,1,0.8112055659294128,1,True,True,both_correct,0.85,0.8112055659294128
2559.png,1,1,0.945,1,1,0.9059070944786072,1,True,True,both_correct,0.945,0.9059070944786072
2568.png,1,1,1.0,1,1,0.9990679621696472,1,True,True,both_correct,1.0,0.9990679621696472
2575.png,1,1,0.839,1,1,0.6569333672523499,1,True,True,both_correct,0.839,0.6569333672523499
2578.png,1,1,0.9976,1,1,0.988801121711731,1,True,True,both_correct,0.9976,0.988801121711731
2579.png,1,1,0.991,1,1,0.895689070224762,1,True,True,both_correct,0.991,0.895689070224762
2580.png,1,1,0.99,1,1,0.9457494020462036,1,True,True,both_correct,0.99,0.9457494020462036
2584.png,1,1,0.9976,1,1,0.9667879343032836,1,True,True,both_correct,0.9976,0.9667879343032836
2592.png,0,1,0.969,0,1,0.9701335430145264,0,False,False,both_wrong,0.969,0.9701335430145264
2594.png,1,1,0.884,1,1,0.6105383038520813,1,True,True,both_correct,0.884,0.6105383038520813
2596.png,1,1,1.0,1,1,0.9989134073257446,1,True,True,both_correct,1.0,0.9989134073257446
2599.png,1,1,0.9995,1,1,0.9996156692504884,1,True,True,both_correct,0.9995,0.9996156692504884
2602.png,1,1,0.8887,1,0,0.1937649250030517,1,True,False,swin_correct_r50_wrong,0.8887,0.8062350749969482
2604.png,1,1,0.998,1,1,0.999420166015625,1,True,True,both_correct,0.998,0.999420166015625
2605.png,1,1,0.9985,1,1,0.999216079711914,1,True,True,both_correct,0.9985,0.999216079711914
2616.png,1,1,0.999,1,1,0.9864770174026488,1,True,True,both_correct,0.999,0.9864770174026488
2617.png,1,1,0.984,1,1,0.9865259528160096,1,True,True,both_correct,0.984,0.9865259528160096
2618.png,1,1,0.9937,1,1,0.989825963973999,1,True,True,both_correct,0.9937,0.989825963973999
2619.png,1,1,0.984,1,1,0.9725353121757508,1,True,True,both_correct,0.984,0.9725353121757508
2623.png,1,1,0.9907,1,1,0.915648877620697,1,True,True,both_correct,0.9907,0.915648877620697
2627.png,1,0,0.448,1,1,0.6131114363670349,1,False,True,r50_correct_swin_wrong,0.552,0.6131114363670349
2628.png,1,1,0.974,1,1,0.7979407906532288,1,True,True,both_correct,0.974,0.7979407906532288
2629.png,1,1,0.9985,1,1,0.995765209197998,1,True,True,both_correct,0.9985,0.995765209197998
2634.png,1,1,0.999,1,1,0.980952799320221,1,True,True,both_correct,0.999,0.980952799320221
2637.png,1,1,0.9995,1,1,0.978199541568756,1,True,True,both_correct,0.9995,0.978199541568756
2639.png,1,1,0.999,1,1,0.9769556522369384,1,True,True,both_correct,0.999,0.9769556522369384
2645.png,1,1,0.9995,1,1,0.9994164705276488,1,True,True,both_correct,0.9995,0.9994164705276488
2650.png,1,1,0.983,1,1,0.5300230383872986,1,True,True,both_correct,0.983,0.5300230383872986
2656.png,1,1,0.9995,1,1,0.9661521315574646,1,True,True,both_correct,0.9995,0.9661521315574646
2658.png,1,1,0.999,1,1,0.9769287705421448,1,True,True,both_correct,0.999,0.9769287705421448
2661.png,1,1,0.95,1,1,0.8856271505355835,1,True,True,both_correct,0.95,0.8856271505355835
2671.png,1,1,0.999,1,1,0.9944260120391846,1,True,True,both_correct,0.999,0.9944260120391846
2672.png,1,1,0.7974,1,1,0.8796634674072266,1,True,True,both_correct,0.7974,0.8796634674072266
2673.png,0,0,0.002216,0,0,0.1300392001867294,0,True,True,both_correct,0.997784,0.8699607998132706
2675.png,1,1,0.998,1,1,0.9996544122695924,1,True,True,both_correct,0.998,0.9996544122695924
2677.png,1,1,0.9956,1,1,0.9986911416053772,1,True,True,both_correct,0.9956,0.9986911416053772
2684.png,1,1,0.997,1,1,0.9496532082557678,1,True,True,both_correct,0.997,0.9496532082557678
2685.png,1,1,0.9526,1,1,0.9789682030677797,1,True,True,both_correct,0.9526,0.9789682030677797
2690.png,1,1,0.994,1,1,0.9811668992042542,1,True,True,both_correct,0.994,0.9811668992042542
2695.png,1,1,0.987,1,1,0.7879730463027954,1,True,True,both_correct,0.987,0.7879730463027954
2697.png,1,1,0.9937,1,1,0.81232750415802,1,True,True,both_correct,0.9937,0.81232750415802
2698.png,1,1,0.9995,1,1,0.9505015015602112,1,True,True,both_correct,0.9995,0.9505015015602112
2706.png,1,1,0.991,1,1,0.9947007894515992,1,True,True,both_correct,0.991,0.9947007894515992
2707.png,0,1,0.9834,0,1,0.9881145358085632,0,False,False,both_wrong,0.9834,0.9881145358085632
2709.png,1,1,1.0,1,1,0.9999465942382812,1,True,True,both_correct,1.0,0.9999465942382812
2713.png,0,1,0.9443,0,1,0.8936384916305542,0,False,False,both_wrong,0.9443,0.8936384916305542
2718.png,1,1,0.7495,1,0,0.4551734030246734,1,True,False,swin_correct_r50_wrong,0.7495,0.5448265969753265
2719.png,1,1,0.998,1,1,0.992643415927887,1,True,True,both_correct,0.998,0.992643415927887
2720.png,1,1,0.998,1,1,0.6882112622261047,1,True,True,both_correct,0.998,0.6882112622261047
2725.png,1,1,0.9927,1,1,0.9465198516845704,1,True,True,both_correct,0.9927,0.9465198516845704
2731.png,1,1,0.9995,1,1,0.963330090045929,1,True,True,both_correct,0.9995,0.963330090045929
2733.png,1,1,0.54,1,0,0.2182816714048385,1,True,False,swin_correct_r50_wrong,0.54,0.7817183285951614
2734.png,1,1,0.9595,1,1,0.8882219791412354,1,True,True,both_correct,0.9595,0.8882219791412354
2744.png,1,1,0.9995,1,1,0.9954729676246644,1,True,True,both_correct,0.9995,0.9954729676246644
2749.png,1,1,0.987,1,1,0.9540061950683594,1,True,True,both_correct,0.987,0.9540061950683594
2750.png,1,0,0.2551,1,1,0.9078969359397888,1,False,True,r50_correct_swin_wrong,0.7449,0.9078969359397888
2755.png,1,1,1.0,1,1,0.9821359515190125,1,True,True,both_correct,1.0,0.9821359515190125
2756.png,1,1,0.9937,1,1,0.9961712956428528,1,True,True,both_correct,0.9937,0.9961712956428528
2759.png,1,1,0.9897,1,1,0.9921200275421144,1,True,True,both_correct,0.9897,0.9921200275421144
2765.png,1,1,0.9995,1,1,0.993627667427063,1,True,True,both_correct,0.9995,0.993627667427063
2766.png,1,1,0.9956,1,0,0.3898156285285949,1,True,False,swin_correct_r50_wrong,0.9956,0.610184371471405
2769.png,1,1,0.6436,1,0,0.0806765332818031,1,True,False,swin_correct_r50_wrong,0.6436,0.9193234667181969
2771.png,0,1,0.9404,0,1,0.9715279936790466,0,False,False,both_wrong,0.9404,0.9715279936790466
2781.png,1,1,1.0,1,1,0.984351634979248,1,True,True,both_correct,1.0,0.984351634979248
2782.png,1,1,0.999,1,1,0.9987177848815918,1,True,True,both_correct,0.999,0.9987177848815918
2784.png,0,1,0.998,0,1,0.989775776863098,0,False,False,both_wrong,0.998,0.989775776863098
2789.png,1,1,0.9985,1,1,0.9638720154762268,1,True,True,both_correct,0.9985,0.9638720154762268
2797.png,1,1,0.9863,1,1,0.9779199361801147,1,True,True,both_correct,0.9863,0.9779199361801147
2801.png,1,1,0.999,1,1,0.9989696741104126,1,True,True,both_correct,0.999,0.9989696741104126
2804.png,1,1,0.9985,1,1,0.992518424987793,1,True,True,both_correct,0.9985,0.992518424987793
2811.png,1,1,0.932,1,1,0.6373201608657837,1,True,True,both_correct,0.932,0.6373201608657837
2816.png,1,1,0.999,1,1,0.9888677000999452,1,True,True,both_correct,0.999,0.9888677000999452
2818.png,1,1,0.997,1,1,0.9985378980636596,1,True,True,both_correct,0.997,0.9985378980636596
2826.png,1,1,1.0,1,1,0.9999748468399048,1,True,True,both_correct,1.0,0.9999748468399048
2831.png,1,1,0.9995,1,1,0.9997759461402892,1,True,True,both_correct,0.9995,0.9997759461402892
2833.png,1,1,1.0,1,1,0.999842405319214,1,True,True,both_correct,1.0,0.999842405319214
2835.png,1,1,0.992,1,1,0.5790682435035706,1,True,True,both_correct,0.992,0.5790682435035706
2838.png,1,1,0.9,1,1,0.9253907799720764,1,True,True,both_correct,0.9,0.9253907799720764
2840.png,1,1,0.997,1,1,0.95795339345932,1,True,True,both_correct,0.997,0.95795339345932
2842.png,1,1,0.99,1,1,0.8766584396362305,1,True,True,both_correct,0.99,0.8766584396362305
2846.png,1,0,0.4043,1,1,0.5046000480651855,1,False,True,r50_correct_swin_wrong,0.5957,0.5046000480651855
2850.png,1,1,0.977,1,1,0.930420994758606,1,True,True,both_correct,0.977,0.930420994758606
2851.png,1,1,1.0,1,1,0.999535322189331,1,True,True,both_correct,1.0,0.999535322189331
2856.png,1,1,0.9985,1,1,0.9734235405921936,1,True,True,both_correct,0.9985,0.9734235405921936
2860.png,1,1,0.98,1,1,0.649783730506897,1,True,True,both_correct,0.98,0.649783730506897
2861.png,1,1,0.979,1,1,0.9894781708717346,1,True,True,both_correct,0.979,0.9894781708717346
2862.png,1,1,1.0,1,1,0.964011549949646,1,True,True,both_correct,1.0,0.964011549949646
2864.png,1,1,0.9976,1,1,0.9963678121566772,1,True,True,both_correct,0.9976,0.9963678121566772
2865.png,1,1,0.98,1,1,0.653465986251831,1,True,True,both_correct,0.98,0.653465986251831
2871.png,1,0,0.331,1,1,0.617053210735321,1,False,True,r50_correct_swin_wrong,0.669,0.617053210735321
2905.png,1,1,0.9946,1,1,0.9405741095542908,1,True,True,both_correct,0.9946,0.9405741095542908
2906.png,1,1,0.9985,1,1,0.9946704506874084,1,True,True,both_correct,0.9985,0.9946704506874084
2907.png,1,1,0.9927,1,1,0.9403721690177916,1,True,True,both_correct,0.9927,0.9403721690177916
2914.png,1,1,0.999,1,1,0.8706069588661194,1,True,True,both_correct,0.999,0.8706069588661194
2925.png,1,1,0.5283,1,1,0.9498683214187622,1,True,True,both_correct,0.5283,0.9498683214187622
2937.png,0,0,0.07886,0,1,0.7702671885490417,0,True,False,swin_correct_r50_wrong,0.92114,0.7702671885490417
2942.png,1,1,0.9985,1,1,0.9746116399765016,1,True,True,both_correct,0.9985,0.9746116399765016
2954.png,1,1,0.9976,1,1,0.9334673285484314,1,True,True,both_correct,0.9976,0.9334673285484314
2958.png,1,1,0.9985,1,1,0.9918322563171388,1,True,True,both_correct,0.9985,0.9918322563171388
2959.png,1,1,0.985,1,1,0.9658573269844056,1,True,True,both_correct,0.985,0.9658573269844056
2963.png,1,1,0.9927,1,1,0.9992290735244752,1,True,True,both_correct,0.9927,0.9992290735244752
2965.png,1,1,0.993,1,1,0.985052227973938,1,True,True,both_correct,0.993,0.985052227973938
2966.png,1,0,0.4268,1,1,0.9856049418449402,1,False,True,r50_correct_swin_wrong,0.5731999999999999,0.9856049418449402
2970.png,1,1,0.9995,1,1,0.9998879432678224,1,True,True,both_correct,0.9995,0.9998879432678224
2974.png,1,1,0.9966,1,1,0.8639712333679199,1,True,True,both_correct,0.9966,0.8639712333679199
2979.png,1,1,0.9473,1,1,0.8729997873306274,1,True,True,both_correct,0.9473,0.8729997873306274
2987.png,0,0,0.2637,0,0,0.2679652869701385,0,True,True,both_correct,0.7363,0.7320347130298615
2989.png,0,1,0.999,0,1,0.9385815262794496,0,False,False,both_wrong,0.999,0.9385815262794496
2990.png,1,1,0.999,1,1,0.9997608065605164,1,True,True,both_correct,0.999,0.9997608065605164
2991.png,1,1,0.999,1,1,0.996383547782898,1,True,True,both_correct,0.999,0.996383547782898
2994.png,1,1,0.996,1,1,0.9927992820739746,1,True,True,both_correct,0.996,0.9927992820739746
2997.png,1,1,0.9995,1,1,0.999438226222992,1,True,True,both_correct,0.9995,0.999438226222992
3000.png,1,1,0.9995,1,1,0.9998123049736024,1,True,True,both_correct,0.9995,0.9998123049736024
3006.png,1,1,0.7344,1,1,0.6317970752716064,1,True,True,both_correct,0.7344,0.6317970752716064
3021.png,1,1,0.8643,1,1,0.6839458346366882,1,True,True,both_correct,0.8643,0.6839458346366882
3022.png,1,1,0.9995,1,1,0.981438398361206,1,True,True,both_correct,0.9995,0.981438398361206
3024.png,1,1,0.99,1,1,0.978563666343689,1,True,True,both_correct,0.99,0.978563666343689
3029.png,1,1,0.9985,1,1,0.9689511060714722,1,True,True,both_correct,0.9985,0.9689511060714722
3031.png,0,0,0.2537,0,0,0.2813046872615814,0,True,True,both_correct,0.7463,0.7186953127384186
3032.png,1,1,1.0,1,1,0.9989930987358092,1,True,True,both_correct,1.0,0.9989930987358092
3037.png,0,0,0.3918,0,1,0.8829780220985413,0,True,False,swin_correct_r50_wrong,0.6082000000000001,0.8829780220985413
3038.png,1,1,0.9976,1,1,0.9919720888137816,1,True,True,both_correct,0.9976,0.9919720888137816
3043.png,1,1,0.8857,1,0,0.1515230536460876,1,True,False,swin_correct_r50_wrong,0.8857,0.8484769463539124
3052.png,1,1,0.848,1,1,0.7255641222000122,1,True,True,both_correct,0.848,0.7255641222000122
3055.png,1,1,0.9854,1,0,0.0595206655561924,1,True,False,swin_correct_r50_wrong,0.9854,0.9404793344438076
3061.png,1,1,1.0,1,1,0.9737715721130372,1,True,True,both_correct,1.0,0.9737715721130372
3068.png,0,0,0.002714,0,0,5.994563707645284e-06,0,True,True,both_correct,0.997286,0.9999940054362924
3070.png,1,1,0.9946,1,1,0.5930266976356506,1,True,True,both_correct,0.9946,0.5930266976356506
3075.png,1,0,0.0267,1,1,0.9488226175308228,1,False,True,r50_correct_swin_wrong,0.9733,0.9488226175308228
3077.png,0,0,0.004547,0,0,0.0343312658369541,0,True,True,both_correct,0.995453,0.9656687341630459
3082.png,1,1,0.956,1,1,0.9819248914718628,1,True,True,both_correct,0.956,0.9819248914718628
3084.png,1,1,0.8755,1,1,0.937534511089325,1,True,True,both_correct,0.8755,0.937534511089325
3087.png,0,0,0.138,0,1,0.9110300540924072,0,True,False,swin_correct_r50_wrong,0.862,0.9110300540924072
3093.png,0,0,0.0009604,0,0,0.0028881963808089,0,True,True,both_correct,0.9990396,0.997111803619191
3099.png,1,1,1.0,1,1,0.998241662979126,1,True,True,both_correct,1.0,0.998241662979126
3114.png,1,1,0.9937,1,1,0.9997029900550842,1,True,True,both_correct,0.9937,0.9997029900550842
3121.png,1,1,0.868,1,1,0.9625647068023682,1,True,True,both_correct,0.868,0.9625647068023682
3123.png,1,1,0.999,1,1,0.9992936849594116,1,True,True,both_correct,0.999,0.9992936849594116
3128.png,1,1,0.998,1,1,0.9938042163848876,1,True,True,both_correct,0.998,0.9938042163848876
3130.png,1,1,0.9995,1,1,0.939279854297638,1,True,True,both_correct,0.9995,0.939279854297638
3135.png,1,1,0.9634,1,1,0.9982315897941588,1,True,True,both_correct,0.9634,0.9982315897941588
3147.png,0,1,0.9443,0,1,0.5081347227096558,0,False,False,both_wrong,0.9443,0.5081347227096558
3148.png,1,1,0.999,1,1,0.9953475594520568,1,True,True,both_correct,0.999,0.9953475594520568
3149.png,1,1,0.887,1,1,0.7673413753509521,1,True,True,both_correct,0.887,0.7673413753509521
3153.png,0,0,0.1715,0,0,0.0016977846389636,0,True,True,both_correct,0.8285,0.9983022153610364
3157.png,1,1,0.8906,1,1,0.8131202459335327,1,True,True,both_correct,0.8906,0.8131202459335327
3168.png,1,1,0.999,1,1,0.9734517931938172,1,True,True,both_correct,0.999,0.9734517931938172
3175.png,1,1,0.998,1,1,0.7853017449378967,1,True,True,both_correct,0.998,0.7853017449378967
3176.png,1,1,0.9966,1,1,0.7489668130874634,1,True,True,both_correct,0.9966,0.7489668130874634
3179.png,1,1,0.9487,1,1,0.9275139570236206,1,True,True,both_correct,0.9487,0.9275139570236206
3182.png,1,1,0.9995,1,1,0.996299922466278,1,True,True,both_correct,0.9995,0.996299922466278
3185.png,1,1,0.9907,1,1,0.8626493811607361,1,True,True,both_correct,0.9907,0.8626493811607361
3189.png,0,0,0.02112,0,0,0.2335344552993774,0,True,True,both_correct,0.97888,0.7664655447006226
3195.png,1,1,0.9985,1,1,0.7831040024757385,1,True,True,both_correct,0.9985,0.7831040024757385
3196.png,1,1,0.953,1,1,0.9752334356307985,1,True,True,both_correct,0.953,0.9752334356307985
3198.png,1,1,0.6123,1,1,0.9734551906585692,1,True,True,both_correct,0.6123,0.9734551906585692
3204.png,1,1,1.0,1,1,0.9986388087272644,1,True,True,both_correct,1.0,0.9986388087272644
3206.png,1,1,0.9937,1,1,0.9843645691871644,1,True,True,both_correct,0.9937,0.9843645691871644
3215.png,1,1,0.8047,1,1,0.8045475482940674,1,True,True,both_correct,0.8047,0.8045475482940674
3216.png,1,0,0.10205,1,1,0.5752718448638916,1,False,True,r50_correct_swin_wrong,0.89795,0.5752718448638916
3217.png,1,1,0.9937,1,1,0.8056025505065918,1,True,True,both_correct,0.9937,0.8056025505065918
3218.png,1,1,0.9346,1,1,0.53804612159729,1,True,True,both_correct,0.9346,0.53804612159729
3220.png,1,1,0.9976,1,1,0.993194341659546,1,True,True,both_correct,0.9976,0.993194341659546
3229.png,0,1,0.99,0,1,0.8358513712882996,0,False,False,both_wrong,0.99,0.8358513712882996
3239.png,1,1,0.9995,1,1,0.9941421151161194,1,True,True,both_correct,0.9995,0.9941421151161194
3241.png,1,1,0.968,1,1,0.7033441066741943,1,True,True,both_correct,0.968,0.7033441066741943
3243.png,1,1,0.9946,1,1,0.9982587695121764,1,True,True,both_correct,0.9946,0.9982587695121764
3244.png,1,1,0.484,1,1,0.6524899005889893,1,True,True,both_correct,0.484,0.6524899005889893
3252.png,1,1,0.995,1,1,0.9994841814041138,1,True,True,both_correct,0.995,0.9994841814041138
3254.png,1,1,0.995,1,1,0.9041936993598938,1,True,True,both_correct,0.995,0.9041936993598938
3259.png,1,1,0.945,1,1,0.8478636145591736,1,True,True,both_correct,0.945,0.8478636145591736
3263.png,1,1,0.9937,1,1,0.798078179359436,1,True,True,both_correct,0.9937,0.798078179359436
3265.png,0,1,0.9746,0,1,0.9883308410644532,0,False,False,both_wrong,0.9746,0.9883308410644532
3266.png,1,1,0.991,1,1,0.8915550708770752,1,True,True,both_correct,0.991,0.8915550708770752
3268.png,1,1,0.997,1,1,0.9981594681739808,1,True,True,both_correct,0.997,0.9981594681739808
3273.png,1,1,0.97,1,1,0.986642599105835,1,True,True,both_correct,0.97,0.986642599105835
3275.png,1,1,0.9614,1,1,0.9853089451789856,1,True,True,both_correct,0.9614,0.9853089451789856
3277.png,1,1,0.986,1,1,0.997386634349823,1,True,True,both_correct,0.986,0.997386634349823
3282.png,1,1,0.9985,1,1,0.7711454629898071,1,True,True,both_correct,0.9985,0.7711454629898071
3283.png,1,1,0.4546,1,1,0.662676990032196,1,True,True,both_correct,0.4546,0.662676990032196
3288.png,1,1,0.999,1,1,0.9957977533340454,1,True,True,both_correct,0.999,0.9957977533340454
3289.png,1,1,0.9985,1,1,0.996828019618988,1,True,True,both_correct,0.9985,0.996828019618988
3297.png,1,1,0.989,1,1,0.9830251932144164,1,True,True,both_correct,0.989,0.9830251932144164
3300.png,1,1,0.9424,1,1,0.7959328889846802,1,True,True,both_correct,0.9424,0.7959328889846802
3304.png,1,1,0.999,1,1,0.9595394730567932,1,True,True,both_correct,0.999,0.9595394730567932
3308.png,1,1,0.6123,1,0,0.4201095402240753,1,True,False,swin_correct_r50_wrong,0.6123,0.5798904597759247
3311.png,1,1,0.8047,1,1,0.975844144821167,1,True,True,both_correct,0.8047,0.975844144821167
3312.png,1,1,0.998,1,1,0.9072701334953308,1,True,True,both_correct,0.998,0.9072701334953308
3317.png,1,1,0.993,1,1,0.8807305693626404,1,True,True,both_correct,0.993,0.8807305693626404
3324.png,1,1,0.9766,1,1,0.951712727546692,1,True,True,both_correct,0.9766,0.951712727546692
3325.png,1,0,0.3198,1,0,0.4528705775737762,1,False,False,both_wrong,0.6802,0.5471294224262238
3326.png,1,1,0.828,1,1,0.9216373562812804,1,True,True,both_correct,0.828,0.9216373562812804
3333.png,1,1,0.9995,1,1,0.9889463782310486,1,True,True,both_correct,0.9995,0.9889463782310486
3334.png,1,1,0.999,1,1,0.9982820749282836,1,True,True,both_correct,0.999,0.9982820749282836
3340.png,1,1,0.9995,1,1,0.990874171257019,1,True,True,both_correct,0.9995,0.990874171257019
3344.png,1,1,0.994,1,1,0.8099634051322937,1,True,True,both_correct,0.994,0.8099634051322937
3353.png,1,1,0.815,1,0,0.3130407631397247,1,True,False,swin_correct_r50_wrong,0.815,0.6869592368602753
3354.png,1,0,0.3362,1,1,0.9813045263290404,1,False,True,r50_correct_swin_wrong,0.6638,0.9813045263290404
3355.png,1,0,0.003817,1,0,0.0016310240607708,1,False,False,both_wrong,0.996183,0.9983689759392292
3356.png,1,0,0.01031,1,0,0.0692788586020469,1,False,False,both_wrong,0.98969,0.9307211413979531
3362.png,1,1,0.9717,1,0,0.0964117646217346,1,True,False,swin_correct_r50_wrong,0.9717,0.9035882353782654
3363.png,1,1,0.987,1,1,0.9900935292243958,1,True,True,both_correct,0.987,0.9900935292243958
3366.png,1,1,0.9355,1,1,0.9345002770423888,1,True,True,both_correct,0.9355,0.9345002770423888
3367.png,1,1,0.999,1,1,0.9997050166130066,1,True,True,both_correct,0.999,0.9997050166130066
3370.png,1,0,0.0918,1,0,0.1939673721790313,1,False,False,both_wrong,0.9082,0.8060326278209687
3374.png,1,1,0.989,1,1,0.9916977882385254,1,True,True,both_correct,0.989,0.9916977882385254
3376.png,1,1,0.985,1,1,0.9774412512779236,1,True,True,both_correct,0.985,0.9774412512779236
3377.png,1,1,0.9614,1,0,0.0380156897008419,1,True,False,swin_correct_r50_wrong,0.9614,0.9619843102991581
3379.png,1,1,0.846,1,0,0.4437251091003418,1,True,False,swin_correct_r50_wrong,0.846,0.5562748908996582
3380.png,1,1,0.9995,1,1,0.9998676776885986,1,True,True,both_correct,0.9995,0.9998676776885986
3383.png,1,1,0.9956,1,1,0.9670252203941344,1,True,True,both_correct,0.9956,0.9670252203941344
3385.png,1,1,1.0,1,1,0.9986685514450072,1,True,True,both_correct,1.0,0.9986685514450072
3389.png,1,1,0.9995,1,1,0.9836470484733582,1,True,True,both_correct,0.9995,0.9836470484733582
3397.png,0,0,0.001209,0,0,0.000367870030459,0,True,True,both_correct,0.998791,0.999632129969541
3403.png,1,1,0.9307,1,0,0.4570696949958801,1,True,False,swin_correct_r50_wrong,0.9307,0.5429303050041199
3409.png,1,1,0.923,1,0,0.2907222807407379,1,True,False,swin_correct_r50_wrong,0.923,0.7092777192592621
3411.png,1,1,0.998,1,1,0.9936925172805786,1,True,True,both_correct,0.998,0.9936925172805786
3419.png,0,1,0.6865,0,1,0.9651945233345032,0,False,False,both_wrong,0.6865,0.9651945233345032
3420.png,0,1,0.6484,0,1,0.8020330667495728,0,False,False,both_wrong,0.6484,0.8020330667495728
3424.png,1,1,0.999,1,1,0.97507506608963,1,True,True,both_correct,0.999,0.97507506608963
3425.png,1,1,0.9854,1,1,0.965774953365326,1,True,True,both_correct,0.9854,0.965774953365326
3431.png,1,1,0.998,1,1,0.9653298258781432,1,True,True,both_correct,0.998,0.9653298258781432
3434.png,1,1,0.9087,1,1,0.8615068793296814,1,True,True,both_correct,0.9087,0.8615068793296814
3440.png,1,1,0.998,1,1,0.9337934255599976,1,True,True,both_correct,0.998,0.9337934255599976
3445.png,1,1,0.8438,1,0,0.4498333930969238,1,True,False,swin_correct_r50_wrong,0.8438,0.5501666069030762
3446.png,1,1,0.9795,1,1,0.7586017847061157,1,True,True,both_correct,0.9795,0.7586017847061157
3447.png,1,1,0.967,1,1,0.9778286218643188,1,True,True,both_correct,0.967,0.9778286218643188
3448.png,1,1,0.961,1,1,0.912686049938202,1,True,True,both_correct,0.961,0.912686049938202
3458.png,1,1,0.611,1,0,0.2003683745861053,1,True,False,swin_correct_r50_wrong,0.611,0.7996316254138947
3461.png,1,0,0.2196,1,1,0.8980708122253418,1,False,True,r50_correct_swin_wrong,0.7804,0.8980708122253418
3468.png,1,1,0.988,1,1,0.9632436633110046,1,True,True,both_correct,0.988,0.9632436633110046
3472.png,1,1,1.0,1,1,0.9912671446800232,1,True,True,both_correct,1.0,0.9912671446800232
3481.png,0,0,0.0006275,0,0,0.0018616714514791,0,True,True,both_correct,0.9993725,0.9981383285485209
3485.png,0,0,0.04526,0,0,0.0069369957782328,0,True,True,both_correct,0.95474,0.9930630042217672
3488.png,0,0,0.001642,0,0,1.4164942513161805e-05,0,True,True,both_correct,0.998358,0.9999858350574868
3491.png,0,0,0.0375,0,0,0.2545094192028045,0,True,True,both_correct,0.9625,0.7454905807971954
3493.png,1,1,0.9966,1,1,0.9989069700241088,1,True,True,both_correct,0.9966,0.9989069700241088
3498.png,0,0,0.0333,0,0,0.0002603142347652,0,True,True,both_correct,0.9667,0.9997396857652348
3500.png,0,0,0.0001432,0,0,2.210174443462165e-08,0,True,True,both_correct,0.9998568,0.9999999778982556
3512.png,0,0,0.2537,0,0,0.0538567900657653,0,True,True,both_correct,0.7463,0.9461432099342347
3513.png,0,0,0.277,0,0,0.3659071326255798,0,True,True,both_correct,0.723,0.6340928673744202
3514.png,0,0,0.0004628,0,0,2.894835051847621e-05,0,True,True,both_correct,0.9995372,0.9999710516494815
3518.png,0,0,0.0004547,0,0,2.3512791358371038e-07,0,True,True,both_correct,0.9995453,0.9999997648720864
3519.png,0,0,0.00138,0,0,0.0030562167521566,0,True,True,both_correct,0.99862,0.9969437832478434
3520.png,0,0,0.001516,0,0,0.00011547991744,0,True,True,both_correct,0.998484,0.99988452008256
3528.png,0,0,0.000377,0,0,0.000354285177309,0,True,True,both_correct,0.999623,0.999645714822691
3530.png,0,0,0.0002673,0,0,5.929439907959022e-07,0,True,True,both_correct,0.9997327,0.9999994070560092
3535.png,0,0,0.0008135,0,0,8.149144377966877e-06,0,True,True,both_correct,0.9991865,0.999991850855622
3537.png,0,0,0.01459,0,0,0.1157249435782432,0,True,True,both_correct,0.98541,0.8842750564217567
3540.png,0,0,0.0001817,0,0,0.0010101103689521,0,True,True,both_correct,0.9998183,0.9989898896310478
3545.png,0,0,0.0009985,0,0,0.1298216134309768,0,True,True,both_correct,0.9990015,0.8701783865690231
3546.png,0,0,0.01086,0,0,0.0692007094621658,0,True,True,both_correct,0.98914,0.9307992905378342
3547.png,0,0,0.004383,0,0,5.518781108548865e-05,0,True,True,both_correct,0.995617,0.9999448121889145
3549.png,0,0,0.00878,0,0,0.0086249038577079,0,True,True,both_correct,0.99122,0.9913750961422921
3556.png,0,0,0.04648,0,1,0.5621173977851868,0,True,False,swin_correct_r50_wrong,0.95352,0.5621173977851868
3560.png,1,1,0.7163,1,1,0.6508587002754211,1,True,True,both_correct,0.7163,0.6508587002754211
3564.png,0,0,0.0004878,0,0,0.0002112215297529,0,True,True,both_correct,0.9995122,0.999788778470247
3565.png,0,0,0.002602,0,0,0.000405656552175,0,True,True,both_correct,0.997398,0.999594343447825
3575.png,0,0,0.0002732,0,0,9.069751104107128e-05,0,True,True,both_correct,0.9997268,0.9999093024889589
3577.png,0,0,0.003021,0,0,0.0071076890453696,0,True,True,both_correct,0.996979,0.9928923109546304
3578.png,0,0,0.001262,0,0,2.92586742034473e-06,0,True,True,both_correct,0.998738,0.9999970741325797
3585.png,0,0,0.0001559,0,0,5.200977102504112e-05,0,True,True,both_correct,0.9998441,0.999947990228975
3587.png,0,0,0.0002491,0,0,5.075870745940848e-08,0,True,True,both_correct,0.9997509,0.9999999492412925
3596.png,0,0,0.0002066,0,0,0.0018747091526165,0,True,True,both_correct,0.9997934,0.9981252908473836
3597.png,0,0,0.1616,0,0,0.3042336106300354,0,True,True,both_correct,0.8384,0.6957663893699646
3599.png,0,0,0.003185,0,0,0.0529012009501457,0,True,True,both_correct,0.996815,0.9470987990498543
3602.png,0,0,0.0006,0,0,0.0001817990560084,0,True,True,both_correct,0.9994,0.9998182009439917
3611.png,0,0,0.0004897,0,0,0.0002651253598742,0,True,True,both_correct,0.9995103,0.9997348746401258
3615.png,0,0,0.0003226,0,0,2.722572617130936e-06,0,True,True,both_correct,0.9996774,0.9999972774273829
3622.png,0,0,0.0002332,0,0,0.0001457256294088,0,True,True,both_correct,0.9997668,0.9998542743705912
3628.png,0,0,0.012314,0,0,0.0016209156019613,0,True,True,both_correct,0.987686,0.9983790843980387
3629.png,0,0,5.37e-05,0,0,4.118930519325659e-06,0,True,True,both_correct,0.9999463,0.9999958810694807
3638.png,0,0,0.002602,0,0,0.002473906846717,0,True,True,both_correct,0.997398,0.997526093153283
3656.png,0,1,0.7363,0,1,0.8086797595024109,0,False,False,both_wrong,0.7363,0.8086797595024109
3658.png,0,0,0.09485,0,0,0.048672929406166,0,True,True,both_correct,0.90515,0.951327070593834
3660.png,0,0,0.000277,0,0,8.142254046106245e-06,0,True,True,both_correct,0.999723,0.9999918577459539
3662.png,0,0,0.002283,0,0,3.908463258994743e-05,0,True,True,both_correct,0.997717,0.99996091536741
3663.png,0,0,0.002424,0,0,0.0013088405830785,0,True,True,both_correct,0.997576,0.9986911594169215
3664.png,1,1,0.9956,1,1,0.976428747177124,1,True,True,both_correct,0.9956,0.976428747177124
3665.png,0,0,0.2395,0,0,0.0323131121695041,0,True,True,both_correct,0.7605,0.967686887830496
3670.png,0,0,0.05685,0,0,0.0006540867034345,0,True,True,both_correct,0.94315,0.9993459132965655
3671.png,0,0,0.0004992,0,0,0.0010930664138868,0,True,True,both_correct,0.9995008,0.9989069335861132
3678.png,0,0,6.205e-05,0,0,8.219736855608062e-07,0,True,True,both_correct,0.99993795,0.9999991780263144
3688.png,0,0,0.005707,0,0,0.000196394714294,0,True,True,both_correct,0.994293,0.999803605285706
3694.png,0,0,0.0005264,0,0,5.39784927866549e-08,0,True,True,both_correct,0.9994736,0.9999999460215072
3696.png,0,0,0.001968,0,0,4.826387794309994e-06,0,True,True,both_correct,0.998032,0.9999951736122057
3706.png,0,0,0.00011146,0,0,2.0216668417560868e-05,0,True,True,both_correct,0.99988854,0.9999797833315824
3716.png,0,0,0.003141,0,0,0.003139391541481,0,True,True,both_correct,0.996859,0.996860608458519
3723.png,1,1,0.9746,1,1,0.887420654296875,1,True,True,both_correct,0.9746,0.887420654296875
3728.png,0,0,0.000972,0,0,0.0007225113804452,0,True,True,both_correct,0.999028,0.9992774886195548
3733.png,0,0,0.1703,0,1,0.7920405864715576,0,True,False,swin_correct_r50_wrong,0.8297,0.7920405864715576
3734.png,0,0,9.996e-05,0,0,2.415385279164184e-05,0,True,True,both_correct,0.99990004,0.9999758461472084
3736.png,0,0,0.001984,0,0,0.0011403891257941,0,True,True,both_correct,0.998016,0.9988596108742059
3754.png,0,1,0.4514,0,0,0.0017625717446208,0,False,True,r50_correct_swin_wrong,0.4514,0.9982374282553792
3761.png,0,0,0.01631,0,0,0.04445606097579,0,True,True,both_correct,0.98369,0.95554393902421
3770.png,0,0,1.43e-05,0,0,2.9954637881246526e-08,0,True,True,both_correct,0.9999857,0.9999999700453621
3772.png,0,0,7.37e-05,0,0,3.092549150096602e-07,0,True,True,both_correct,0.9999263,0.999999690745085
3773.png,1,1,0.9985,1,1,0.9380021691322328,1,True,True,both_correct,0.9985,0.9380021691322328
3775.png,0,0,0.000758,0,0,1.916591281769797e-05,0,True,True,both_correct,0.999242,0.9999808340871823
3781.png,0,0,0.003855,0,0,0.0002262353955302,0,True,True,both_correct,0.996145,0.9997737646044698
3785.png,0,0,0.0001651,0,0,1.973844661051772e-07,0,True,True,both_correct,0.9998349,0.9999998026155339
3790.png,0,0,0.0001259,0,0,5.755950951424893e-07,0,True,True,both_correct,0.9998741,0.9999994244049049
3792.png,0,0,6.38e-05,0,0,2.188654661949841e-07,0,True,True,both_correct,0.9999362,0.9999997811345338
3794.png,0,0,5.78e-05,0,0,4.049076949286246e-07,0,True,True,both_correct,0.9999422,0.9999995950923051
3799.png,0,0,4.3e-05,0,0,2.434756041225228e-08,0,True,True,both_correct,0.999957,0.9999999756524396
3801.png,0,0,0.0001581,0,0,6.440226485437961e-08,0,True,True,both_correct,0.9998419,0.9999999355977351
3821.png,0,0,0.0002378,0,0,0.0010016632732003,0,True,True,both_correct,0.9997622,0.9989983367267997
3827.png,0,0,0.0006337,0,0,0.0001900406059576,0,True,True,both_correct,0.9993663,0.9998099593940424
3833.png,0,0,0.001525,0,0,9.980870527215302e-05,0,True,True,both_correct,0.998475,0.9999001912947278
3837.png,0,0,0.0005965,0,0,3.963125436712289e-06,0,True,True,both_correct,0.9994035,0.9999960368745633
3844.png,0,0,0.0003,0,0,2.9247097700135782e-05,0,True,True,both_correct,0.9997,0.9999707529022999
3846.png,0,0,0.000968,0,0,0.0101462127640843,0,True,True,both_correct,0.999032,0.9898537872359157
3855.png,0,0,0.000775,0,0,0.0024645635858178,0,True,True,both_correct,0.999225,0.9975354364141822
3865.png,0,0,0.001744,0,0,0.0028498808387666,0,True,True,both_correct,0.998256,0.9971501191612334
3867.png,0,0,0.001211,0,0,0.0028348984196782,0,True,True,both_correct,0.998789,0.9971651015803218
3869.png,0,0,0.0009418,0,0,0.0011221889872103,0,True,True,both_correct,0.9990582,0.9988778110127897
3872.png,0,0,0.011894,0,0,0.0002298544713994,0,True,True,both_correct,0.988106,0.9997701455286006
3874.png,0,0,0.000931,0,0,3.963171184295789e-05,0,True,True,both_correct,0.999069,0.999960368288157
3881.png,0,0,0.008156,0,0,0.037804577499628,0,True,True,both_correct,0.991844,0.962195422500372
3884.png,0,0,0.001772,0,0,1.2380722580473957e-07,0,True,True,both_correct,0.998228,0.9999998761927742
3891.png,0,0,0.0003936,0,0,9.552848467819788e-08,0,True,True,both_correct,0.9996064,0.9999999044715153
3893.png,0,0,0.006718,0,0,0.0727806910872459,0,True,True,both_correct,0.993282,0.9272193089127541
3897.png,0,0,0.0007353,0,0,2.698452590266242e-06,0,True,True,both_correct,0.9992647,0.9999973015474097
3900.png,0,0,9.8e-05,0,0,6.550229159074661e-07,0,True,True,both_correct,0.999902,0.9999993449770841
3902.png,0,0,0.0006604,0,0,0.0037278805393725,0,True,True,both_correct,0.9993396,0.9962721194606275
3904.png,0,0,0.0009456,0,0,2.7328085707267743e-05,0,True,True,both_correct,0.9990544,0.9999726719142927
3905.png,0,0,0.0001754,0,0,0.0008566912729293,0,True,True,both_correct,0.9998246,0.9991433087270707
3908.png,0,0,0.000312,0,0,9.20484817470424e-05,0,True,True,both_correct,0.999688,0.999907951518253
3909.png,0,1,0.8022,0,0,0.4507595002651214,0,False,True,r50_correct_swin_wrong,0.8022,0.5492404997348785
3911.png,0,0,0.0006566,0,0,0.000252929108683,0,True,True,both_correct,0.9993434,0.999747070891317
3913.png,0,0,0.00749,0,0,0.0012662051012739,0,True,True,both_correct,0.99251,0.998733794898726
3920.png,0,0,0.0002759,0,0,0.0001057759873219,0,True,True,both_correct,0.9997241,0.9998942240126781
3938.png,0,0,0.0004702,0,0,1.098842312785564e-05,0,True,True,both_correct,0.9995298,0.9999890115768721
3944.png,0,0,0.0052,0,0,3.786584784393199e-06,0,True,True,both_correct,0.9948,0.9999962134152156
3949.png,0,0,0.0002966,0,0,1.4051116750124493e-06,0,True,True,both_correct,0.9997034,0.999998594888325
3950.png,0,0,0.005688,0,0,9.279380174120888e-05,0,True,True,both_correct,0.994312,0.9999072061982588
3955.png,0,0,0.01009,0,0,0.0013830304378643,0,True,True,both_correct,0.98991,0.9986169695621357
3956.png,0,0,0.000664,0,0,1.9349006379343336e-06,0,True,True,both_correct,0.999336,0.9999980650993621
3960.png,0,0,0.001351,0,0,0.0205791145563125,0,True,True,both_correct,0.998649,0.9794208854436875
3969.png,0,0,0.001127,0,0,7.739732836853364e-07,0,True,True,both_correct,0.998873,0.9999992260267163
3974.png,0,0,0.007065,0,0,0.0002185131743317,0,True,True,both_correct,0.992935,0.9997814868256683
3976.png,0,0,0.0004964,0,0,0.0010921410284936,0,True,True,both_correct,0.9995036,0.9989078589715064
3978.png,0,0,0.0002632,0,0,1.75892473919248e-08,0,True,True,both_correct,0.9997368,0.9999999824107526
3980.png,0,0,0.001034,0,0,2.2536798951477977e-06,0,True,True,both_correct,0.998966,0.9999977463201049
3987.png,0,0,0.001233,0,0,2.144093514289125e-06,0,True,True,both_correct,0.998767,0.9999978559064857
3995.png,0,0,0.01892,0,0,0.0163848400115966,0,True,True,both_correct,0.98108,0.9836151599884034
4000.png,0,0,8e-05,0,0,3.659449430415407e-05,0,True,True,both_correct,0.99992,0.9999634055056958
4001.png,0,0,0.000904,0,0,0.0022017266601324,0,True,True,both_correct,0.999096,0.9977982733398676
4002.png,0,0,0.000174,0,0,3.2123573419085005e-06,0,True,True,both_correct,0.999826,0.9999967876426581
4004.png,1,1,0.6978,1,0,0.2016298770904541,1,True,False,swin_correct_r50_wrong,0.6978,0.7983701229095459
4007.png,0,0,0.000614,0,0,0.0012899609282612,0,True,True,both_correct,0.999386,0.9987100390717388
4009.png,0,0,0.000134,0,0,5.78337505885429e-07,0,True,True,both_correct,0.999866,0.9999994216624941
4013.png,0,0,0.002516,0,0,0.0005250153481028,0,True,True,both_correct,0.997484,0.9994749846518972
4017.png,0,0,0.001,0,0,0.0020786321256309,0,True,True,both_correct,0.999,0.9979213678743691
4019.png,0,0,0.00011325,0,0,5.112560029374436e-05,0,True,True,both_correct,0.99988675,0.9999488743997063
4028.png,0,0,0.1285,0,0,0.1196083724498748,0,True,True,both_correct,0.8714999999999999,0.8803916275501252
4031.png,0,0,0.0008526,0,0,0.0001711674412945,0,True,True,both_correct,0.9991474,0.9998288325587055
4034.png,0,0,0.01011,0,0,0.0424865037202835,0,True,True,both_correct,0.98989,0.9575134962797165
4038.png,0,0,0.008286,0,0,0.0040047359652817,0,True,True,both_correct,0.991714,0.9959952640347183
4043.png,1,1,0.998,1,1,0.9957916736602784,1,True,True,both_correct,0.998,0.9957916736602784
4044.png,0,0,0.0001911,0,0,6.79129661875777e-05,0,True,True,both_correct,0.9998089,0.9999320870338124
4045.png,0,0,6.76e-05,0,0,8.586618491790432e-07,0,True,True,both_correct,0.9999324,0.9999991413381508
4047.png,1,1,0.9995,1,1,0.9872429370880128,1,True,True,both_correct,0.9995,0.9872429370880128
4048.png,0,0,0.0001622,0,0,5.235276148596313e-06,0,True,True,both_correct,0.9998378,0.9999947647238514
4052.png,0,0,0.0009165,0,0,5.830227382830344e-05,0,True,True,both_correct,0.9990835,0.9999416977261717
4055.png,0,0,0.001294,0,0,8.246963261626661e-05,0,True,True,both_correct,0.998706,0.9999175303673837
4061.png,0,0,0.001372,0,0,0.004891775548458,0,True,True,both_correct,0.998628,0.995108224451542
4071.png,0,0,0.045,0,0,0.4778266847133636,0,True,True,both_correct,0.955,0.5221733152866364
4073.png,0,0,0.000522,0,0,6.842222501290962e-05,0,True,True,both_correct,0.999478,0.9999315777749871
4086.png,0,0,0.0003543,0,0,7.341134187299758e-05,0,True,True,both_correct,0.9996457,0.999926588658127
4087.png,1,1,0.7983,1,1,0.8565145134925842,1,True,True,both_correct,0.7983,0.8565145134925842
4098.png,0,0,0.000744,0,0,2.594708348624408e-06,0,True,True,both_correct,0.999256,0.9999974052916514
4104.png,0,0,0.00079,0,0,4.316226750233909e-06,0,True,True,both_correct,0.99921,0.9999956837732498
4115.png,0,0,0.0323,0,0,0.0041691972874104,0,True,True,both_correct,0.9677,0.9958308027125896
4119.png,0,0,0.00505,0,0,9.720528760226443e-05,0,True,True,both_correct,0.99495,0.9999027947123977
4123.png,0,0,0.000599,0,0,1.0279137541147063e-06,0,True,True,both_correct,0.999401,0.9999989720862459
4124.png,1,1,0.9966,1,1,0.9903019070625304,1,True,True,both_correct,0.9966,0.9903019070625304
4126.png,0,0,0.0001845,0,0,9.058782779902684e-06,0,True,True,both_correct,0.9998155,0.9999909412172201
4132.png,0,0,0.001419,0,0,3.5735767596634105e-05,0,True,True,both_correct,0.998581,0.9999642642324034
4135.png,0,0,0.0006275,0,0,0.0001636562228668,0,True,True,both_correct,0.9993725,0.9998363437771332
4138.png,0,0,0.002388,0,0,0.0001242363796336,0,True,True,both_correct,0.997612,0.9998757636203665
4148.png,0,0,0.0009165,0,0,0.0004563098191283,0,True,True,both_correct,0.9990835,0.9995436901808717
4153.png,0,0,0.000567,0,0,0.0012740041129291,0,True,True,both_correct,0.999433,0.9987259958870709
4154.png,0,0,0.000854,0,0,0.0003549944667611,0,True,True,both_correct,0.999146,0.9996450055332389
4155.png,0,0,0.00051,0,0,6.514590495498851e-06,0,True,True,both_correct,0.99949,0.9999934854095045
4159.png,0,0,0.0017,0,0,0.0006880098953843,0,True,True,both_correct,0.9983,0.9993119901046157
4162.png,0,0,0.000539,0,0,1.6653279089950956e-05,0,True,True,both_correct,0.999461,0.99998334672091
4168.png,0,0,9.537e-05,0,0,2.1744629707942664e-10,0,True,True,both_correct,0.99990463,0.9999999997825537
4173.png,0,0,0.007133,0,0,0.039199624210596,0,True,True,both_correct,0.992867,0.960800375789404
4179.png,0,0,0.0005093,0,0,0.0002733477158471,0,True,True,both_correct,0.9994907,0.9997266522841529
4181.png,0,0,0.000841,0,0,1.2557462468976157e-05,0,True,True,both_correct,0.999159,0.999987442537531
4184.png,0,0,0.000393,0,0,0.0015210347482934,0,True,True,both_correct,0.999607,0.9984789652517067
4191.png,0,0,0.002747,0,0,2.8573882445925847e-05,0,True,True,both_correct,0.997253,0.9999714261175541
4195.png,0,0,0.0005274,0,0,0.0007198883104138,0,True,True,both_correct,0.9994726,0.9992801116895862
4196.png,0,0,0.0001494,0,0,0.0005249524838291,0,True,True,both_correct,0.9998506,0.9994750475161709
4206.png,0,0,0.0002148,0,0,2.690489736778545e-06,0,True,True,both_correct,0.9997852,0.9999973095102632
4211.png,0,0,0.01219,0,0,0.0026577902026474,0,True,True,both_correct,0.98781,0.9973422097973526
4213.png,0,0,6.866e-05,0,0,7.606003009641427e-07,0,True,True,both_correct,0.99993134,0.999999239399699
4220.png,0,0,0.00978,0,0,0.0092770466580986,0,True,True,both_correct,0.99022,0.9907229533419014
4221.png,0,0,0.0002148,0,0,9.191113349515945e-06,0,True,True,both_correct,0.9997852,0.9999908088866505
4222.png,0,0,0.0263,0,0,0.0004228918987791,0,True,True,both_correct,0.9737,0.9995771081012209
4225.png,0,0,0.0008445,0,0,5.510887422133237e-05,0,True,True,both_correct,0.9991555,0.9999448911257787
4232.png,0,0,0.00439,0,0,0.000112264388008,0,True,True,both_correct,0.99561,0.999887735611992
4234.png,0,0,0.000839,0,0,0.0013402885524556,0,True,True,both_correct,0.999161,0.9986597114475444
4236.png,0,1,0.769,0,0,0.2941887676715851,0,False,True,r50_correct_swin_wrong,0.769,0.7058112323284149
4239.png,0,0,0.0003412,0,0,1.1410138540668411e-05,0,True,True,both_correct,0.9996588,0.9999885898614593
4243.png,0,0,0.0005074,0,0,5.8648497542890254e-06,0,True,True,both_correct,0.9994926,0.9999941351502457
4248.png,0,0,0.0001788,0,0,8.17906709471572e-07,0,True,True,both_correct,0.9998212,0.9999991820932905
4266.png,1,0,0.253,1,0,0.3253270983695984,1,False,False,both_wrong,0.747,0.6746729016304016
4269.png,0,0,0.007164,0,0,0.0073671853169798,0,True,True,both_correct,0.992836,0.9926328146830202
4275.png,0,0,0.00271,0,0,0.0038147149607539,0,True,True,both_correct,0.99729,0.9961852850392461
4280.png,0,0,5.56e-05,0,0,3.6164606171951168e-06,0,True,True,both_correct,0.9999444,0.9999963835393828
4282.png,0,0,0.0005155,0,0,2.5373291023811362e-08,0,True,True,both_correct,0.9994845,0.999999974626709
4283.png,0,0,0.001614,0,0,0.036863088607788,0,True,True,both_correct,0.998386,0.963136911392212
4285.png,0,0,0.0006485,0,0,1.3160223488739575e-06,0,True,True,both_correct,0.9993515,0.9999986839776511
4286.png,1,0,0.1913,1,1,0.5011007785797119,1,False,True,r50_correct_swin_wrong,0.8087,0.5011007785797119
4296.png,0,1,0.9854,0,1,0.8389976620674133,0,False,False,both_wrong,0.9854,0.8389976620674133
4304.png,0,0,0.00285,0,0,0.0006184301455505,0,True,True,both_correct,0.99715,0.9993815698544495
4312.png,0,0,0.0006824,0,0,3.062803443754092e-05,0,True,True,both_correct,0.9993176,0.9999693719655625
4316.png,0,0,0.000897,0,0,0.0007483699009753,0,True,True,both_correct,0.999103,0.9992516300990247
4318.png,0,0,0.00559,0,0,0.02329414896667,0,True,True,both_correct,0.99441,0.97670585103333
4321.png,0,0,0.0003712,0,0,3.785317312576808e-05,0,True,True,both_correct,0.9996288,0.9999621468268742
4324.png,0,1,0.9634,0,1,0.5356582403182983,0,False,False,both_wrong,0.9634,0.5356582403182983
4325.png,0,0,0.000364,0,0,0.0012726366985589,0,True,True,both_correct,0.999636,0.9987273633014411
4327.png,1,0,0.314,1,1,0.6780140399932861,1,False,True,r50_correct_swin_wrong,0.6859999999999999,0.6780140399932861
4328.png,1,1,0.7534,1,0,0.1127671375870704,1,True,False,swin_correct_r50_wrong,0.7534,0.8872328624129296
4337.png,1,0,0.3032,1,0,0.0810072347521781,1,False,False,both_wrong,0.6968,0.9189927652478219
4345.png,1,1,0.753,1,0,0.4338391125202179,1,True,False,swin_correct_r50_wrong,0.753,0.5661608874797821
4347.png,0,0,0.03745,0,0,0.073841318488121,0,True,True,both_correct,0.96255,0.926158681511879
4351.png,0,0,9.686e-05,0,0,1.4357917166307748e-07,0,True,True,both_correct,0.99990314,0.9999998564208283
4355.png,0,0,0.0002099,0,0,6.857434868834389e-07,0,True,True,both_correct,0.9997901,0.9999993142565131
4356.png,0,0,0.0003347,0,0,5.040636551711941e-06,0,True,True,both_correct,0.9996653,0.9999949593634483
4357.png,0,0,0.00559,0,0,9.091615356737748e-05,0,True,True,both_correct,0.99441,0.9999090838464326
4368.png,0,0,0.001645,0,0,5.938505864833132e-07,0,True,True,both_correct,0.998355,0.9999994061494135
4393.png,0,0,0.000278,0,0,0.0001118820146075,0,True,True,both_correct,0.999722,0.9998881179853925
4398.png,0,0,0.0003433,0,0,0.0015132452826946,0,True,True,both_correct,0.9996567,0.9984867547173054
4403.png,0,0,0.004486,0,0,0.0065895998850464,0,True,True,both_correct,0.995514,0.9934104001149536
4405.png,0,0,0.00097,0,0,0.0627079829573631,0,True,True,both_correct,0.99903,0.9372920170426369
4416.png,0,0,0.001995,0,0,7.014138191152597e-06,0,True,True,both_correct,0.998005,0.9999929858618088
4418.png,0,0,0.000288,0,0,0.000152442822582,0,True,True,both_correct,0.999712,0.999847557177418
4420.png,0,0,8.19e-05,0,0,0.0009460592409595,0,True,True,both_correct,0.9999181,0.9990539407590405
4425.png,0,0,8.38e-05,0,0,3.653970566119824e-07,0,True,True,both_correct,0.9999162,0.9999996346029434
4439.png,0,0,0.0007334,0,0,5.95442543271929e-05,0,True,True,both_correct,0.9992666,0.9999404557456728
4443.png,0,0,0.0007267,0,0,1.450584295525914e-05,0,True,True,both_correct,0.9992733,0.9999854941570447
4450.png,0,0,0.001365,0,0,0.0007273572846315,0,True,True,both_correct,0.998635,0.9992726427153685
4461.png,0,0,0.001741,0,0,0.2691453695297241,0,True,True,both_correct,0.998259,0.7308546304702759
4464.png,0,0,0.000593,0,0,5.676850923919119e-05,0,True,True,both_correct,0.999407,0.9999432314907608
4468.png,1,0,0.3005,1,0,0.1978231817483902,1,False,False,both_wrong,0.6995,0.8021768182516098
4469.png,0,0,0.0002818,0,0,1.062864043888112e-06,0,True,True,both_correct,0.9997182,0.9999989371359561
4476.png,0,0,0.2292,0,0,0.0790775269269943,0,True,True,both_correct,0.7708,0.9209224730730057
4480.png,1,1,0.5205,1,1,0.9108436703681946,1,True,True,both_correct,0.5205,0.9108436703681946
4483.png,0,0,8.89e-05,0,0,0.0001302422751905,0,True,True,both_correct,0.9999111,0.9998697577248095
4485.png,0,0,0.0002217,0,0,8.32047408039216e-06,0,True,True,both_correct,0.9997783,0.9999916795259196
4486.png,0,0,0.0001713,0,0,8.481195834519897e-08,0,True,True,both_correct,0.9998287,0.9999999151880417
4489.png,0,0,0.008934,0,0,0.0001125198905356,0,True,True,both_correct,0.991066,0.9998874801094644
4492.png,0,0,0.07227,0,0,0.0259808525443077,0,True,True,both_correct,0.9277299999999999,0.9740191474556923
4501.png,0,0,0.0004785,0,0,7.887186256994028e-06,0,True,True,both_correct,0.9995215,0.999992112813743
4503.png,0,0,0.0001318,0,0,1.4698632639920106e-06,0,True,True,both_correct,0.9998682,0.999998530136736
4505.png,0,0,0.006313,0,0,9.655324538471176e-05,0,True,True,both_correct,0.993687,0.9999034467546153
4509.png,0,0,0.001134,0,0,0.0002281672786921,0,True,True,both_correct,0.998866,0.9997718327213079
4518.png,0,0,0.116,0,0,0.0024394521024078,0,True,True,both_correct,0.884,0.9975605478975922
4520.png,0,0,0.01185,0,0,0.024307956919074,0,True,True,both_correct,0.98815,0.975692043080926
4523.png,0,0,0.001714,0,0,0.0028492144774645,0,True,True,both_correct,0.998286,0.9971507855225356
4525.png,0,0,0.0003698,0,0,6.309132731985301e-05,0,True,True,both_correct,0.9996302,0.9999369086726801
4532.png,0,0,0.05682,0,0,0.0856472328305244,0,True,True,both_correct,0.94318,0.9143527671694756
4533.png,0,0,0.001034,0,0,3.399734850972891e-05,0,True,True,both_correct,0.998966,0.9999660026514903
4539.png,0,0,0.0006213,0,0,4.4290709411143325e-06,0,True,True,both_correct,0.9993787,0.9999955709290589
4542.png,1,1,0.9883,1,1,0.9856871962547302,1,True,True,both_correct,0.9883,0.9856871962547302
4547.png,0,0,0.04132,0,0,0.0326187051832675,0,True,True,both_correct,0.95868,0.9673812948167325
4561.png,0,0,0.001727,0,0,2.0203140593366697e-05,0,True,True,both_correct,0.998273,0.9999797968594066
4563.png,0,0,0.00026,0,0,0.0013153302716091,0,True,True,both_correct,0.99974,0.9986846697283909
4566.png,0,0,0.001008,0,0,1.584597043802205e-06,0,True,True,both_correct,0.998992,0.9999984154029562
4569.png,0,0,0.03918,0,0,0.1009673178195953,0,True,True,both_correct,0.96082,0.8990326821804047
4588.png,0,0,0.001335,0,0,0.0029201616998761,0,True,True,both_correct,0.998665,0.9970798383001239
4593.png,0,0,0.0001334,0,0,0.0021348563022911,0,True,True,both_correct,0.9998666,0.9978651436977088
4594.png,1,1,0.984,1,1,0.9692408442497252,1,True,True,both_correct,0.984,0.9692408442497252
4597.png,0,0,0.01683,0,0,0.000125801510876,0,True,True,both_correct,0.98317,0.999874198489124
4607.png,0,0,0.0005245,0,0,3.304192830455577e-07,0,True,True,both_correct,0.9994755,0.999999669580717
4617.png,0,0,0.0002351,0,0,0.0004079134378116,0,True,True,both_correct,0.9997649,0.9995920865621885
4631.png,0,1,0.937,0,1,0.9567906260490416,0,False,False,both_wrong,0.937,0.9567906260490416
4632.png,0,0,0.0003598,0,0,0.0001054347958415,0,True,True,both_correct,0.9996402,0.9998945652041585
4633.png,0,0,0.0001043,0,0,2.605775817343669e-09,0,True,True,both_correct,0.9998957,0.9999999973942242
4642.png,0,0,0.0001259,0,0,4.096953034604667e-06,0,True,True,both_correct,0.9998741,0.9999959030469654
4644.png,0,0,0.02065,0,0,0.086986631155014,0,True,True,both_correct,0.9793499999999999,0.913013368844986
4663.png,0,0,0.1555,0,0,0.2369146943092346,0,True,True,both_correct,0.8445,0.7630853056907654
4665.png,0,0,0.0004954,0,0,1.0863266197702617e-07,0,True,True,both_correct,0.9995046,0.999999891367338
4667.png,1,1,0.998,1,1,0.9305317401885986,1,True,True,both_correct,0.998,0.9305317401885986
4671.png,0,0,0.0005345,0,0,4.802426701644436e-05,0,True,True,both_correct,0.9994655,0.9999519757329836
4685.png,1,1,0.885,1,1,0.8023102879524231,1,True,True,both_correct,0.885,0.8023102879524231
4687.png,0,0,0.00982,0,0,0.0001472121948609,0,True,True,both_correct,0.99018,0.9998527878051391
4689.png,0,0,0.001214,0,0,8.725568477530032e-06,0,True,True,both_correct,0.998786,0.9999912744315225
4692.png,0,0,0.00628,0,0,0.0771695524454116,0,True,True,both_correct,0.99372,0.9228304475545884
4702.png,0,0,9.72e-05,0,0,5.332175234684655e-08,0,True,True,both_correct,0.9999028,0.9999999466782477
4707.png,0,0,0.04553,0,0,0.0440102145075798,0,True,True,both_correct,0.95447,0.9559897854924202
4709.png,0,0,0.127,0,0,0.4745632112026214,0,True,True,both_correct,0.873,0.5254367887973785
4719.png,0,0,0.00025,0,0,8.068916213233024e-05,0,True,True,both_correct,0.99975,0.9999193108378677
4723.png,0,0,0.001846,0,0,5.243161012913333e-06,0,True,True,both_correct,0.998154,0.9999947568389871
4727.png,0,0,0.01318,0,0,0.0012064202455803,0,True,True,both_correct,0.98682,0.9987935797544197
4729.png,0,0,0.0004513,0,0,5.568431333813351e-06,0,True,True,both_correct,0.9995487,0.9999944315686662
4734.png,0,1,0.548,0,1,0.5349878072738647,0,False,False,both_wrong,0.548,0.5349878072738647
4735.png,0,0,0.00011235,0,0,3.543969796737656e-05,0,True,True,both_correct,0.99988765,0.9999645603020326
4736.png,0,0,0.000269,0,0,0.0126530602574348,0,True,True,both_correct,0.999731,0.9873469397425652
4743.png,0,0,0.005405,0,0,0.0198666304349899,0,True,True,both_correct,0.994595,0.9801333695650101
4750.png,0,0,0.0008745,0,0,0.0004143814730923,0,True,True,both_correct,0.9991255,0.9995856185269077
4751.png,0,0,0.1886,0,0,0.1307629197835922,0,True,True,both_correct,0.8114,0.8692370802164078
4770.png,0,0,0.14,0,0,0.116136148571968,0,True,True,both_correct,0.86,0.883863851428032
4785.png,0,0,0.0003264,0,0,0.0002403385879006,0,True,True,both_correct,0.9996736,0.9997596614120994
4786.png,0,0,0.04077,0,0,0.1758123636245727,0,True,True,both_correct,0.95923,0.8241876363754272
4787.png,0,0,0.0006576,0,0,7.960568382259225e-07,0,True,True,both_correct,0.9993424,0.9999992039431618
4788.png,0,0,0.0002825,0,0,2.84571774500364e-06,0,True,True,both_correct,0.9997175,0.999997154282255
4789.png,0,0,0.000205,0,0,0.0045392010360956,0,True,True,both_correct,0.999795,0.9954607989639044
4791.png,0,0,0.001853,0,0,0.016134051606059,0,True,True,both_correct,0.998147,0.983865948393941
4792.png,0,1,0.802,0,1,0.8067973852157593,0,False,False,both_wrong,0.802,0.8067973852157593
4794.png,0,0,0.001015,0,0,0.0025862506590783,0,True,True,both_correct,0.998985,0.9974137493409218
4795.png,0,0,0.000359,0,0,3.083390822666843e-07,0,True,True,both_correct,0.999641,0.9999996916609177
4800.png,0,0,0.00574,0,0,0.0037903736811131,0,True,True,both_correct,0.99426,0.9962096263188869
4807.png,1,1,0.608,1,1,0.9772343635559082,1,True,True,both_correct,0.608,0.9772343635559082
4809.png,0,0,0.3735,0,0,0.1228222697973251,0,True,True,both_correct,0.6265000000000001,0.8771777302026749
4813.png,0,0,0.3384,0,0,0.1322979032993316,0,True,True,both_correct,0.6616,0.8677020967006683
4823.png,0,0,0.003035,0,0,0.0020544179715216,0,True,True,both_correct,0.996965,0.9979455820284784
4824.png,0,0,0.0005636,0,0,7.05905185895972e-05,0,True,True,both_correct,0.9994364,0.9999294094814104
4826.png,0,0,7.06e-05,0,0,0.0002738756884355,0,True,True,both_correct,0.9999294,0.9997261243115645
4827.png,0,0,0.00068,0,0,0.0028765611350536,0,True,True,both_correct,0.99932,0.9971234388649464
4830.png,0,0,0.000542,0,0,3.724690031958744e-05,0,True,True,both_correct,0.999458,0.9999627530996804
4833.png,0,0,0.0008492,0,0,0.0013409319799393,0,True,True,both_correct,0.9991508,0.9986590680200607
4836.png,0,0,0.006218,0,0,0.0008381227380596,0,True,True,both_correct,0.993782,0.9991618772619404
4837.png,0,0,0.1783,0,0,0.0418793000280857,0,True,True,both_correct,0.8217,0.9581206999719143
4848.png,1,1,0.932,1,1,0.971068799495697,1,True,True,both_correct,0.932,0.971068799495697
4849.png,0,0,0.003204,0,0,0.00107242166996,0,True,True,both_correct,0.996796,0.99892757833004
4854.png,1,1,0.974,1,1,0.909766435623169,1,True,True,both_correct,0.974,0.909766435623169
4856.png,0,0,0.004425,0,0,0.0015618429752066,0,True,True,both_correct,0.995575,0.9984381570247934
4858.png,0,0,0.1062,0,0,0.0307724475860595,0,True,True,both_correct,0.8938,0.9692275524139405
4863.png,0,0,0.0009146,0,0,5.398832581704482e-05,0,True,True,both_correct,0.9990854,0.999946011674183
4866.png,0,0,0.02148,0,0,0.0044701346196234,0,True,True,both_correct,0.9785200000000001,0.9955298653803766
4873.png,0,0,0.000871,0,0,9.266399138141423e-05,0,True,True,both_correct,0.999129,0.9999073360086186
4874.png,0,0,0.0008917,0,0,2.8632066459977068e-05,0,True,True,both_correct,0.9991083,0.99997136793354
4875.png,0,0,0.001472,0,0,0.0100313397124409,0,True,True,both_correct,0.998528,0.9899686602875591
4877.png,0,0,0.00838,0,0,0.0006023144815117,0,True,True,both_correct,0.99162,0.9993976855184883
4880.png,0,1,0.7783,0,1,0.683092474937439,0,False,False,both_wrong,0.7783,0.683092474937439
4886.png,0,0,0.2003,0,0,0.0445580556988716,0,True,True,both_correct,0.7997,0.9554419443011284
4888.png,0,0,0.0001647,0,0,0.0001398886233801,0,True,True,both_correct,0.9998353,0.9998601113766199
4889.png,0,0,0.00321,0,0,0.0002437849470879,0,True,True,both_correct,0.99679,0.9997562150529121
4892.png,0,0,0.002577,0,0,0.0004829065874218,0,True,True,both_correct,0.997423,0.9995170934125782
4897.png,0,0,0.0003226,0,0,1.557947229002821e-07,0,True,True,both_correct,0.9996774,0.9999998442052771
4900.png,0,0,0.001484,0,0,0.0002115244278684,0,True,True,both_correct,0.998516,0.9997884755721316
4901.png,0,0,0.0002632,0,0,6.757845403626561e-05,0,True,True,both_correct,0.9997368,0.9999324215459637
4909.png,0,0,0.000689,0,0,0.0015079387230798,0,True,True,both_correct,0.999311,0.9984920612769203
4913.png,0,0,0.000389,0,0,3.88977859984152e-05,0,True,True,both_correct,0.999611,0.9999611022140016
4917.png,0,0,0.03802,0,0,0.0144146624952554,0,True,True,both_correct,0.9619800000000001,0.9855853375047446
4919.png,0,0,0.0849,0,0,0.0648648217320442,0,True,True,both_correct,0.9151,0.9351351782679558
4922.png,0,0,0.0006475,0,0,0.0212563369423151,0,True,True,both_correct,0.9993525,0.9787436630576849
4924.png,0,0,0.0001609,0,0,1.01812638604315e-05,0,True,True,both_correct,0.9998391,0.9999898187361396
4925.png,0,0,0.005844,0,0,0.0005872182664461,0,True,True,both_correct,0.994156,0.9994127817335539
4929.png,0,0,0.003403,0,0,0.003932022023946,0,True,True,both_correct,0.996597,0.996067977976054
4935.png,0,0,0.0005193,0,0,1.966638046724256e-05,0,True,True,both_correct,0.9994807,0.9999803336195328
4946.png,0,0,0.008675,0,0,0.0002980280551128,0,True,True,both_correct,0.991325,0.9997019719448872
4951.png,0,0,0.0004272,0,0,1.4959125493874126e-08,0,True,True,both_correct,0.9995728,0.9999999850408745
4954.png,0,0,0.003496,0,0,0.0044503225944936,0,True,True,both_correct,0.996504,0.9955496774055064
4962.png,0,0,0.0001647,0,0,0.0080611295998096,0,True,True,both_correct,0.9998353,0.9919388704001904
4964.png,0,0,0.000612,0,0,7.148844360926887e-06,0,True,True,both_correct,0.999388,0.9999928511556391
4971.png,0,0,0.00035,0,0,0.0228325985372066,0,True,True,both_correct,0.99965,0.9771674014627934
4976.png,0,0,0.003817,0,0,0.0008277230081148,0,True,True,both_correct,0.996183,0.9991722769918852
4980.png,0,0,0.0006514,0,0,4.8209785745712e-05,0,True,True,both_correct,0.9993486,0.9999517902142543
4981.png,0,1,0.8926,0,1,0.8276358842849731,0,False,False,both_wrong,0.8926,0.8276358842849731
4992.png,0,0,0.0004013,0,0,6.207434489624575e-05,0,True,True,both_correct,0.9995987,0.9999379256551038
4995.png,0,0,0.002878,0,0,0.0068386001512408,0,True,True,both_correct,0.997122,0.9931613998487592
5008.png,0,0,0.0008626,0,0,4.152725887252018e-05,0,True,True,both_correct,0.9991374,0.9999584727411275
5011.png,0,0,0.007133,0,0,0.0132792359218001,0,True,True,both_correct,0.992867,0.9867207640781999
5016.png,0,0,0.005753,0,0,0.0038992760237306,0,True,True,both_correct,0.994247,0.9961007239762694
5019.png,0,0,0.0001283,0,0,4.737535164167639e-06,0,True,True,both_correct,0.9998717,0.9999952624648358
5026.png,0,0,0.002314,0,0,0.0046845921315252,0,True,True,both_correct,0.997686,0.9953154078684748
5027.png,0,0,0.0898,0,0,0.0483941547572612,0,True,True,both_correct,0.9102,0.9516058452427388
5029.png,0,0,0.002556,0,1,0.517760694026947,0,True,False,swin_correct_r50_wrong,0.997444,0.517760694026947
5032.png,0,0,0.00458,0,0,0.2148795127868652,0,True,True,both_correct,0.99542,0.7851204872131348
5035.png,0,0,0.00285,0,0,0.2286829054355621,0,True,True,both_correct,0.99715,0.7713170945644379
5039.png,0,0,0.03772,0,0,0.0132086314260959,0,True,True,both_correct,0.96228,0.9867913685739041
5042.png,0,0,0.0003195,0,0,0.0063176206313073,0,True,True,both_correct,0.9996805,0.9936823793686927
5044.png,0,0,0.06604,0,0,0.0335053727030754,0,True,True,both_correct,0.93396,0.9664946272969246
5056.png,0,0,0.0006566,0,0,0.0003673350147437,0,True,True,both_correct,0.9993434,0.9996326649852563
5057.png,0,0,0.001965,0,0,4.634322976926342e-06,0,True,True,both_correct,0.998035,0.9999953656770231
5061.png,0,0,0.000372,0,0,1.4250643289415166e-05,0,True,True,both_correct,0.999628,0.9999857493567106
5064.png,0,0,0.001916,0,0,0.0099104223772883,0,True,True,both_correct,0.998084,0.9900895776227117
5071.png,0,0,0.0009494,0,0,6.679647776763886e-05,0,True,True,both_correct,0.9990506,0.9999332035222324
5080.png,0,0,0.03613,0,0,0.0143188489601016,0,True,True,both_correct,0.96387,0.9856811510398984
5084.png,0,0,0.004356,0,0,0.0011668008519336,0,True,True,both_correct,0.995644,0.9988331991480665
5087.png,0,1,0.8916,0,1,0.9700356125831604,0,False,False,both_wrong,0.8916,0.9700356125831604
5088.png,0,0,0.0010605,0,0,2.0384635718073696e-05,0,True,True,both_correct,0.9989395,0.9999796153642819
5095.png,0,0,0.001032,0,0,0.0002029441820923,0,True,True,both_correct,0.998968,0.9997970558179077
5098.png,0,0,0.1827,0,0,0.0072533981874585,0,True,True,both_correct,0.8173,0.9927466018125415
5101.png,0,0,0.000854,0,0,0.0004289569042157,0,True,True,both_correct,0.999146,0.9995710430957843
5102.png,0,0,0.000607,0,0,0.0048015359789133,0,True,True,both_correct,0.999393,0.9951984640210867
5106.png,0,0,0.01363,0,0,0.0001202547573484,0,True,True,both_correct,0.98637,0.9998797452426516
5108.png,0,0,0.001564,0,0,3.895588088198565e-05,0,True,True,both_correct,0.998436,0.999961044119118
5113.png,0,0,0.03574,0,1,0.7687995433807373,0,True,False,swin_correct_r50_wrong,0.96426,0.7687995433807373
5124.png,0,0,0.0002491,0,0,4.086308035766706e-05,0,True,True,both_correct,0.9997509,0.9999591369196423
5128.png,0,1,0.6465,0,0,0.0506778098642826,0,False,True,r50_correct_swin_wrong,0.6465,0.9493221901357174
5131.png,0,0,0.09656,0,0,0.223950520157814,0,True,True,both_correct,0.90344,0.776049479842186
5132.png,0,0,0.06183,0,0,0.0312129855155944,0,True,True,both_correct,0.93817,0.9687870144844056
5134.png,0,0,0.0896,0,0,0.0748641788959503,0,True,True,both_correct,0.9104,0.9251358211040497
5135.png,0,0,0.000227,0,0,0.0002837020729202,0,True,True,both_correct,0.999773,0.9997162979270798
5136.png,0,1,0.977,0,1,0.7806861996650696,0,False,False,both_wrong,0.977,0.7806861996650696
5138.png,0,0,0.0003211,0,0,0.0009174862061627,0,True,True,both_correct,0.9996789,0.9990825137938373
5160.png,0,0,0.00846,0,0,0.0068669668398797,0,True,True,both_correct,0.99154,0.9931330331601202
5166.png,0,0,0.0002663,0,0,7.924966485006735e-05,0,True,True,both_correct,0.9997337,0.9999207503351499
5168.png,0,0,0.0015335,0,0,0.0180894080549478,0,True,True,both_correct,0.9984665,0.9819105919450521
5170.png,0,0,0.012054,0,0,0.0362053103744983,0,True,True,both_correct,0.987946,0.9637946896255017
5180.png,0,1,0.4941,0,0,0.0158796105533838,0,False,True,r50_correct_swin_wrong,0.4941,0.9841203894466162
5185.png,0,0,0.003351,0,0,0.0004819647874683,0,True,True,both_correct,0.996649,0.9995180352125317
5193.png,0,0,0.000424,0,0,0.0001828135136747,0,True,True,both_correct,0.999576,0.9998171864863253
5196.png,0,0,0.0001553,0,0,6.673976145066263e-07,0,True,True,both_correct,0.9998447,0.9999993326023855
5200.png,0,0,2.64e-05,0,0,2.2511456336360425e-05,0,True,True,both_correct,0.9999736,0.9999774885436636
5214.png,0,0,3.994e-05,0,0,6.752544322807808e-06,0,True,True,both_correct,0.99996006,0.9999932474556772
5217.png,0,0,0.0003264,0,0,4.0806967263051774e-06,0,True,True,both_correct,0.9996736,0.9999959193032737
5220.png,0,0,0.0001068,0,0,2.0394136299728416e-06,0,True,True,both_correct,0.9998932,0.99999796058637
5222.png,0,0,0.00011414,0,0,1.1083231754582813e-07,0,True,True,both_correct,0.99988586,0.9999998891676825
5223.png,0,0,0.0001278,0,0,1.6184042124223197e-06,0,True,True,both_correct,0.9998722,0.9999983815957876
5233.png,0,0,3.82e-05,0,0,1.3275061050421756e-08,0,True,True,both_correct,0.9999618,0.999999986724939
5236.png,0,0,0.003166,0,0,0.1496356874704361,0,True,True,both_correct,0.996834,0.8503643125295639
5246.png,0,0,5.33e-05,0,0,5.02682087244466e-06,0,True,True,both_correct,0.9999467,0.9999949731791276
5249.png,0,0,0.00454,0,0,0.0307766310870647,0,True,True,both_correct,0.99546,0.9692233689129353
5252.png,0,0,0.04468,0,0,0.0001175386350951,0,True,True,both_correct,0.95532,0.9998824613649049
5258.png,0,0,0.000951,0,0,0.0035411489661782,0,True,True,both_correct,0.999049,0.9964588510338218
5259.png,0,0,0.2206,0,0,0.0109711922705173,0,True,True,both_correct,0.7794,0.9890288077294827
5261.png,0,0,0.00076,0,0,0.0038118297234177,0,True,True,both_correct,0.99924,0.9961881702765824
5269.png,0,0,0.0007763,0,0,0.0002872977638617,0,True,True,both_correct,0.9992237,0.9997127022361383
5273.png,0,0,0.00819,0,0,0.0018782913684844,0,True,True,both_correct,0.99181,0.9981217086315156
5274.png,0,0,0.004173,0,0,0.0095770312473177,0,True,True,both_correct,0.995827,0.9904229687526823
5285.png,0,0,0.000593,0,0,7.545742846559733e-06,0,True,True,both_correct,0.999407,0.9999924542571534
5286.png,0,0,0.001026,0,0,0.0005040480755269,0,True,True,both_correct,0.998974,0.999495951924473
5289.png,1,0,0.09235,1,1,0.7165943384170532,1,False,True,r50_correct_swin_wrong,0.90765,0.7165943384170532
5290.png,0,0,0.004433,0,0,9.414152373210529e-06,0,True,True,both_correct,0.995567,0.9999905858476268
5291.png,0,0,0.2805,0,0,0.0331859178841114,0,True,True,both_correct,0.7195,0.9668140821158886
5298.png,0,0,0.0004013,0,0,3.896438647643663e-05,0,True,True,both_correct,0.9995987,0.9999610356135236
5300.png,0,0,0.0004356,0,0,0.0038864070083945,0,True,True,both_correct,0.9995644,0.9961135929916055
5302.png,0,0,0.000685,0,0,1.819375825107272e-06,0,True,True,both_correct,0.999315,0.9999981806241749
5306.png,0,0,0.001097,0,0,6.0669510276056826e-05,0,True,True,both_correct,0.998903,0.9999393304897239
5310.png,0,0,0.001995,0,0,0.0008803571108728,0,True,True,both_correct,0.998005,0.9991196428891272
5315.png,0,0,0.003279,0,0,0.0001107775387936,0,True,True,both_correct,0.996721,0.9998892224612064
5316.png,0,0,0.0003042,0,0,1.3139458133082371e-05,0,True,True,both_correct,0.9996958,0.9999868605418669
5321.png,0,0,0.000159,0,0,4.716244802693836e-06,0,True,True,both_correct,0.999841,0.9999952837551973
5327.png,0,0,0.0001278,0,0,1.2969548151886556e-05,0,True,True,both_correct,0.9998722,0.9999870304518481
5329.png,0,0,0.001065,0,0,0.0001672821235843,0,True,True,both_correct,0.998935,0.9998327178764157
5330.png,0,0,0.0002337,0,0,0.0001581634714966,0,True,True,both_correct,0.9997663,0.9998418365285034
5331.png,0,0,0.005512,0,0,8.657656144350767e-05,0,True,True,both_correct,0.994488,0.9999134234385565
5341.png,0,0,0.003878,0,0,0.0090144714340567,0,True,True,both_correct,0.996122,0.9909855285659434
5349.png,0,0,0.001086,0,0,0.0001753197866491,0,True,True,both_correct,0.998914,0.9998246802133509
5350.png,0,0,0.00623,0,0,0.0037778192199766,0,True,True,both_correct,0.99377,0.9962221807800234
5364.png,0,0,0.000106,0,0,2.081918495377977e-07,0,True,True,both_correct,0.999894,0.9999997918081505
5377.png,0,0,0.0001428,0,0,6.970767003622313e-07,0,True,True,both_correct,0.9998572,0.9999993029232996
5401.png,0,0,0.000318,0,0,0.0004765944613609,0,True,True,both_correct,0.999682,0.999523405538639
5402.png,0,0,7.844e-05,0,0,4.095795258507451e-09,0,True,True,both_correct,0.99992156,0.9999999959042047
5403.png,0,0,7.755e-05,0,0,3.5758724870049723e-09,0,True,True,both_correct,0.99992245,0.9999999964241275
5408.png,0,0,0.0001093,0,0,5.902488283027196e-06,0,True,True,both_correct,0.9998907,0.999994097511717
5412.png,0,0,0.02734,0,0,0.0005340194911696,0,True,True,both_correct,0.97266,0.9994659805088304
5414.png,0,0,6.455e-05,0,0,2.4376927143521243e-08,0,True,True,both_correct,0.99993545,0.9999999756230729
5418.png,0,0,6.3e-05,0,0,3.097071044066979e-07,0,True,True,both_correct,0.999937,0.9999996902928956
5423.png,1,0,0.0856,1,0,0.3356119692325592,1,False,False,both_wrong,0.9144,0.6643880307674408
5427.png,0,0,0.01324,0,0,0.0250948909670114,0,True,True,both_correct,0.98676,0.9749051090329885
5432.png,0,0,9.46e-05,0,0,2.8550539354910143e-05,0,True,True,both_correct,0.9999054,0.9999714494606451
5433.png,0,0,0.00010353,0,0,7.562751136447332e-08,0,True,True,both_correct,0.99989647,0.9999999243724886
5436.png,0,0,0.1787,0,0,0.0627014487981796,0,True,True,both_correct,0.8213,0.9372985512018204
5438.png,0,0,0.0002532,0,0,6.507219950435683e-06,0,True,True,both_correct,0.9997468,0.9999934927800496
5439.png,0,0,0.01003,0,0,0.0003719179658219,0,True,True,both_correct,0.98997,0.9996280820341781
5443.png,0,0,0.0003355,0,0,4.293755182516179e-07,0,True,True,both_correct,0.9996645,0.9999995706244817
5445.png,0,0,0.0001182,0,0,3.2395842026744504e-06,0,True,True,both_correct,0.9998818,0.9999967604157973
5446.png,0,0,6.086e-05,0,0,2.3894117795464354e-09,0,True,True,both_correct,0.99993914,0.9999999976105882
5448.png,0,0,0.00279,0,0,0.0095233302563428,0,True,True,both_correct,0.99721,0.9904766697436572
5454.png,0,0,0.000806,0,0,8.902980334823951e-05,0,True,True,both_correct,0.999194,0.9999109701966518
5456.png,0,0,0.0056,0,0,0.1278022229671478,0,True,True,both_correct,0.9944,0.8721977770328522
5457.png,0,0,0.0001581,0,0,8.960248669609427e-05,0,True,True,both_correct,0.9998419,0.9999103975133039
5469.png,0,0,0.01472,0,0,0.0888791307806968,0,True,True,both_correct,0.98528,0.9111208692193032
5470.png,0,0,0.0001824,0,0,5.866690116818063e-06,0,True,True,both_correct,0.9998176,0.9999941333098832
5471.png,0,0,0.02925,0,0,0.0100866574794054,0,True,True,both_correct,0.97075,0.9899133425205946
5473.png,0,0,7.904e-05,0,0,4.136906639473637e-08,0,True,True,both_correct,0.99992096,0.9999999586309336
5474.png,0,0,0.002806,0,0,0.0004753648827318,0,True,True,both_correct,0.997194,0.9995246351172682
5479.png,0,0,0.01356,0,0,0.0106453178450465,0,True,True,both_correct,0.98644,0.9893546821549535
5481.png,0,0,5.37e-05,0,0,0.0001533016911707,0,True,True,both_correct,0.9999463,0.9998466983088293
5483.png,0,0,9.5e-05,0,0,1.4553851457321798e-08,0,True,True,both_correct,0.999905,0.9999999854461485
5487.png,0,0,0.0001253,0,0,3.656020339803945e-07,0,True,True,both_correct,0.9998747,0.999999634397966
5490.png,0,0,0.000511,0,0,0.0001865145168267,0,True,True,both_correct,0.999489,0.9998134854831733
5491.png,0,0,0.0001653,0,0,6.3641736325337214e-09,0,True,True,both_correct,0.9998347,0.9999999936358264
5502.png,0,0,8.82e-05,0,0,1.932031340468044e-10,0,True,True,both_correct,0.9999118,0.9999999998067969
5503.png,0,0,0.000543,0,0,2.669307832547929e-06,0,True,True,both_correct,0.999457,0.9999973306921675
5506.png,0,0,0.0005054,0,0,5.393711148826696e-07,0,True,True,both_correct,0.9994946,0.9999994606288851
5510.png,0,0,0.0001489,0,0,1.8100335452686522e-08,0,True,True,both_correct,0.9998511,0.9999999818996645
5517.png,0,0,0.0005527,0,0,3.201829940735479e-06,0,True,True,both_correct,0.9994473,0.9999967981700593
5521.png,0,0,0.000672,0,0,0.0013567648129537,0,True,True,both_correct,0.999328,0.9986432351870463
5524.png,0,0,0.0004485,0,0,0.0006483667530119,0,True,True,both_correct,0.9995515,0.9993516332469881
5533.png,0,0,0.0001373,0,0,7.861929702812631e-07,0,True,True,both_correct,0.9998627,0.9999992138070297
5539.png,0,0,7.725e-05,0,0,2.0353141394480187e-10,0,True,True,both_correct,0.99992275,0.9999999997964686
5540.png,0,0,0.0005703,0,0,0.0001630123733775,0,True,True,both_correct,0.9994297,0.9998369876266225
5546.png,0,1,0.861,0,0,0.2783154845237732,0,False,True,r50_correct_swin_wrong,0.861,0.7216845154762268
5555.png,0,0,0.000613,0,0,0.0035861833021044,0,True,True,both_correct,0.999387,0.9964138166978956
5557.png,0,0,0.00396,0,0,0.0037580905482172,0,True,True,both_correct,0.99604,0.9962419094517828
5558.png,0,0,0.00524,0,0,1.890788894343132e-06,0,True,True,both_correct,0.99476,0.9999981092111057
5559.png,0,0,0.01784,0,0,0.0012146639637649,0,True,True,both_correct,0.98216,0.9987853360362351
5560.png,0,0,0.001057,0,0,0.0001902008516481,0,True,True,both_correct,0.998943,0.9998097991483519
5574.png,0,0,0.000612,0,0,0.0008072413038462,0,True,True,both_correct,0.999388,0.9991927586961538
5578.png,0,0,0.0001754,0,0,2.1964889629355608e-10,0,True,True,both_correct,0.9998246,0.9999999997803511
5579.png,0,0,0.000636,0,0,3.36244520440232e-05,0,True,True,both_correct,0.999364,0.999966375547956
5587.png,0,0,0.00596,0,0,5.5247242016776e-06,0,True,True,both_correct,0.99404,0.9999944752757983
5600.png,0,1,0.639,0,0,0.3743767440319061,0,False,True,r50_correct_swin_wrong,0.639,0.6256232559680939
5603.png,0,0,0.0002763,0,0,2.3393270112137543e-06,0,True,True,both_correct,0.9997237,0.9999976606729888
5605.png,0,0,0.0005627,0,0,0.0005059431423433,0,True,True,both_correct,0.9994373,0.9994940568576567
5614.png,0,0,0.01779,0,0,0.0025388372596353,0,True,True,both_correct,0.98221,0.9974611627403647
5618.png,0,0,0.002731,0,0,8.356388434549444e-07,0,True,True,both_correct,0.997269,0.9999991643611565
5627.png,0,0,0.02493,0,0,0.0009206570102833,0,True,True,both_correct,0.97507,0.9990793429897167
5628.png,0,0,0.0001106,0,0,1.098953745781728e-07,0,True,True,both_correct,0.9998894,0.9999998901046254
5630.png,0,0,0.01377,0,0,0.0275759156793355,0,True,True,both_correct,0.98623,0.9724240843206645
5633.png,0,0,0.002556,0,0,0.0002668205706868,0,True,True,both_correct,0.997444,0.9997331794293132
5637.png,0,0,8.583e-05,0,0,1.6138534192577936e-05,0,True,True,both_correct,0.99991417,0.9999838614658074
5646.png,0,0,0.000424,0,0,9.007077892420057e-07,0,True,True,both_correct,0.999576,0.9999990992922108
5651.png,0,1,0.874,0,0,0.0455723889172077,0,False,True,r50_correct_swin_wrong,0.874,0.9544276110827923
5655.png,0,0,0.0002673,0,0,9.684163160272874e-07,0,True,True,both_correct,0.9997327,0.999999031583684
5659.png,0,0,0.01195,0,0,0.0227803885936737,0,True,True,both_correct,0.98805,0.9772196114063263
5666.png,0,0,0.000866,0,0,0.0008111545466817,0,True,True,both_correct,0.999134,0.9991888454533183
5668.png,0,0,0.00011414,0,0,3.005851795023773e-05,0,True,True,both_correct,0.99988586,0.9999699414820498
5669.png,0,0,0.0008507,0,0,0.0005756425089202,0,True,True,both_correct,0.9991493,0.9994243574910798
5671.png,0,0,0.00543,0,0,1.96047367353458e-05,0,True,True,both_correct,0.99457,0.9999803952632647
5676.png,0,0,0.2136,0,0,0.0132618090137839,0,True,True,both_correct,0.7864,0.9867381909862161
5678.png,1,0,0.3643,1,1,0.7372542023658752,1,False,True,r50_correct_swin_wrong,0.6356999999999999,0.7372542023658752
5680.png,0,0,0.001926,0,0,4.456541137187742e-05,0,True,True,both_correct,0.998074,0.9999554345886281
5683.png,0,0,8.786e-05,0,0,9.794274228625e-05,0,True,True,both_correct,0.99991214,0.9999020572577138
5684.png,0,0,0.0001259,0,0,3.86753026759834e-06,0,True,True,both_correct,0.9998741,0.9999961324697324
5687.png,0,0,0.003311,0,0,0.0112197715789079,0,True,True,both_correct,0.996689,0.9887802284210921
5690.png,0,0,0.0003035,0,0,3.2666983315721154e-05,0,True,True,both_correct,0.9996965,0.9999673330166843
5698.png,0,0,0.0001518,0,0,5.339324502529053e-07,0,True,True,both_correct,0.9998482,0.9999994660675497
5702.png,0,0,0.0001987,0,0,0.0007483388180844,0,True,True,both_correct,0.9998013,0.9992516611819156
5703.png,0,0,0.0001918,0,0,1.0557217819950893e-06,0,True,True,both_correct,0.9998082,0.999998944278218
5709.png,0,0,0.00293,0,0,3.332593769300729e-05,0,True,True,both_correct,0.99707,0.999966674062307
5711.png,0,1,0.8643,0,0,0.3596459627151489,0,False,True,r50_correct_swin_wrong,0.8643,0.6403540372848511
5723.png,0,0,0.001893,0,0,0.0005095282103866,0,True,True,both_correct,0.998107,0.9994904717896134
5724.png,0,0,8.96e-05,0,0,3.5581895190262003e-06,0,True,True,both_correct,0.9999104,0.999996441810481
5735.png,0,0,0.0001584,0,0,1.2944815352966546e-07,0,True,True,both_correct,0.9998416,0.9999998705518465
5739.png,0,0,0.0001329,0,0,4.453583824215457e-05,0,True,True,both_correct,0.9998671,0.9999554641617578
5741.png,0,0,0.0016775,0,0,0.0002907945017796,0,True,True,both_correct,0.9983225,0.9997092054982204
5744.png,0,0,0.008934,0,0,0.0016442991327494,0,True,True,both_correct,0.991066,0.9983557008672506
5759.png,1,0,0.2886,1,0,0.0034481615293771,1,False,False,both_wrong,0.7114,0.9965518384706229
5767.png,0,1,0.716,0,0,0.448967307806015,0,False,True,r50_correct_swin_wrong,0.716,0.551032692193985
5771.png,0,0,5.436e-05,0,0,5.517528552445583e-05,0,True,True,both_correct,0.99994564,0.9999448247144755
5772.png,0,0,0.00010973,0,0,1.0414278222015128e-05,0,True,True,both_correct,0.99989027,0.999989585721778
5773.png,0,1,0.6475,0,1,0.5249536633491516,0,False,False,both_wrong,0.6475,0.5249536633491516
5775.png,0,0,0.03445,0,0,0.0449054203927516,0,True,True,both_correct,0.96555,0.9550945796072484
5777.png,0,0,0.002153,0,0,0.0270507428795099,0,True,True,both_correct,0.997847,0.9729492571204901
5780.png,1,1,0.969,1,1,0.750789225101471,1,True,True,both_correct,0.969,0.750789225101471
5792.png,0,0,0.00482,0,0,0.000488159013912,0,True,True,both_correct,0.99518,0.999511840986088
5793.png,0,0,0.00522,0,0,0.0004695770621765,0,True,True,both_correct,0.99478,0.9995304229378235
5795.png,0,0,0.1147,0,0,0.4127155840396881,0,True,True,both_correct,0.8853,0.5872844159603119
5796.png,0,0,0.04724,0,0,0.18152816593647,0,True,True,both_correct,0.95276,0.81847183406353
5797.png,0,0,0.00092,0,0,7.145613380998839e-06,0,True,True,both_correct,0.99908,0.999992854386619
5800.png,0,0,0.0002925,0,0,0.0073109995573759,0,True,True,both_correct,0.9997075,0.9926890004426241
5803.png,0,0,0.129,0,0,0.0281845163553953,0,True,True,both_correct,0.871,0.9718154836446047
5804.png,0,0,0.0008726,0,0,1.0595657613521323e-06,0,True,True,both_correct,0.9991274,0.9999989404342386
5810.png,0,0,0.000539,0,0,2.7552589543233807e-08,0,True,True,both_correct,0.999461,0.9999999724474105
5815.png,0,0,0.0003815,0,0,6.776675581932068e-05,0,True,True,both_correct,0.9996185,0.9999322332441807
5817.png,0,0,0.0001713,0,0,2.4455048333038576e-05,0,True,True,both_correct,0.9998287,0.999975544951667
5818.png,0,0,0.000181,0,0,0.0001929221180034,0,True,True,both_correct,0.999819,0.9998070778819966
5821.png,0,0,0.00010556,0,0,0.0001100131703424,0,True,True,both_correct,0.99989444,0.9998899868296576
5822.png,0,0,0.01248,0,0,0.0040366547182202,0,True,True,both_correct,0.98752,0.9959633452817798
5823.png,0,0,0.000255,0,0,0.0010273992083966,0,True,True,both_correct,0.999745,0.9989726007916034
5826.png,0,0,0.0007057,0,0,0.0005833185277879,0,True,True,both_correct,0.9992943,0.9994166814722121
5827.png,0,0,0.007477,0,0,0.0001755584962666,0,True,True,both_correct,0.992523,0.9998244415037334
5828.png,0,0,9.28e-05,0,0,0.0003241214435547,0,True,True,both_correct,0.9999072,0.9996758785564454
5833.png,0,0,0.0003066,0,0,6.830018537584692e-05,0,True,True,both_correct,0.9996934,0.9999316998146242
5834.png,0,0,0.001169,0,0,0.0001891495339805,0,True,True,both_correct,0.998831,0.9998108504660195
5840.png,0,0,0.001149,0,0,0.0009157363674603,0,True,True,both_correct,0.998851,0.9990842636325397
5842.png,0,0,0.03284,0,0,0.0018475517863407,0,True,True,both_correct,0.96716,0.9981524482136593
5852.png,0,0,0.0001553,0,0,4.087138677277835e-06,0,True,True,both_correct,0.9998447,0.9999959128613227
5853.png,0,0,0.001214,0,0,0.000366436492186,0,True,True,both_correct,0.998786,0.999633563507814
5858.png,0,0,0.0001459,0,0,0.0029019336216151,0,True,True,both_correct,0.9998541,0.9970980663783849
5863.png,0,0,0.0005584,0,0,9.117684385273606e-06,0,True,True,both_correct,0.9994416,0.9999908823156147
5866.png,1,1,0.4949,1,0,0.4626356661319732,1,True,False,swin_correct_r50_wrong,0.4949,0.5373643338680267
5878.png,0,0,0.002253,0,0,3.084411218878813e-05,0,True,True,both_correct,0.997747,0.9999691558878112
5879.png,0,1,0.821,0,0,0.2895098030567169,0,False,True,r50_correct_swin_wrong,0.821,0.7104901969432831
5881.png,0,0,0.0002856,0,0,0.0008618046995252,0,True,True,both_correct,0.9997144,0.9991381953004748
5882.png,0,0,0.005764,0,0,9.7945929155685e-05,0,True,True,both_correct,0.994236,0.9999020540708443
5884.png,0,0,0.001438,0,0,0.000191986808204,0,True,True,both_correct,0.998562,0.999808013191796
5892.png,0,0,0.01863,0,0,0.0009562520426698,0,True,True,both_correct,0.98137,0.9990437479573302
5893.png,0,0,0.0001897,0,0,4.372101557237329e-06,0,True,True,both_correct,0.9998103,0.9999956278984428
5895.png,0,0,0.1283,0,0,0.0807485282421112,0,True,True,both_correct,0.8717,0.9192514717578888
5898.png,0,0,0.008095,0,0,0.005474837962538,0,True,True,both_correct,0.991905,0.994525162037462
5902.png,0,0,0.0004323,0,0,6.212166226760019e-06,0,True,True,both_correct,0.9995677,0.9999937878337732
5903.png,0,0,0.001219,0,0,0.0021560816094279,0,True,True,both_correct,0.998781,0.9978439183905721
5914.png,0,0,0.001748,0,0,0.0024093966931104,0,True,True,both_correct,0.998252,0.9975906033068896
5916.png,0,0,0.003832,0,0,1.209260335599538e-05,0,True,True,both_correct,0.996168,0.999987907396644
5917.png,0,0,0.012215,0,0,0.0045369453728199,0,True,True,both_correct,0.987785,0.9954630546271801
5921.png,0,0,0.2097,0,1,0.8110232353210449,0,True,False,swin_correct_r50_wrong,0.7903,0.8110232353210449
5926.png,0,0,0.001444,0,0,0.0040465011261403,0,True,True,both_correct,0.998556,0.9959534988738598
5927.png,0,0,0.04196,0,0,0.0006737865041941,0,True,True,both_correct,0.95804,0.9993262134958059
5928.png,0,1,0.9062,0,1,0.5660132765769958,0,False,False,both_wrong,0.9062,0.5660132765769958
5930.png,0,0,0.0002472,0,0,2.0705483620986342e-06,0,True,True,both_correct,0.9997528,0.9999979294516379
5933.png,0,0,0.0007253,0,0,5.375684850150719e-06,0,True,True,both_correct,0.9992747,0.9999946243151498
5936.png,0,0,0.0002642,0,0,1.0613714948704e-05,0,True,True,both_correct,0.9997358,0.9999893862850513
5938.png,0,0,0.0008693,0,0,0.0004762134922202,0,True,True,both_correct,0.9991307,0.9995237865077798
5941.png,0,0,0.000566,0,0,0.0003141011984553,0,True,True,both_correct,0.999434,0.9996858988015447
5946.png,0,0,0.009415,0,0,0.0015356425428763,0,True,True,both_correct,0.990585,0.9984643574571237
5947.png,0,0,0.00124,0,0,4.4622865971177816e-05,0,True,True,both_correct,0.99876,0.9999553771340288
5948.png,0,0,0.0002191,0,0,1.8602236195874863e-08,0,True,True,both_correct,0.9997809,0.9999999813977638
5950.png,0,0,0.007812,0,0,0.0061749615706503,0,True,True,both_correct,0.992188,0.9938250384293497
5955.png,0,0,0.0001224,0,0,3.8271078750540255e-08,0,True,True,both_correct,0.9998776,0.9999999617289212
5962.png,0,0,0.0002759,0,0,4.771351086674258e-06,0,True,True,both_correct,0.9997241,0.9999952286489133
5982.png,0,0,0.0002208,0,0,7.817660662112758e-05,0,True,True,both_correct,0.9997792,0.9999218233933789
5983.png,0,0,0.007534,0,0,0.0047815446741878,0,True,True,both_correct,0.992466,0.9952184553258122
5985.png,0,0,0.006374,0,0,0.0014335942687466,0,True,True,both_correct,0.993626,0.9985664057312534
5991.png,0,0,0.001228,0,0,0.0061140186153352,0,True,True,both_correct,0.998772,0.9938859813846648
5993.png,0,0,0.0002482,0,0,1.2509340194810648e-05,0,True,True,both_correct,0.9997518,0.9999874906598052
6002.png,0,0,0.0001442,0,0,5.851871378581563e-07,0,True,True,both_correct,0.9998558,0.9999994148128621
6007.png,0,0,9.173e-05,0,0,0.0002156605187337,0,True,True,both_correct,0.99990827,0.9997843394812663
6011.png,0,0,0.0001323,0,0,6.614836820517667e-07,0,True,True,both_correct,0.9998677,0.999999338516318
6017.png,0,0,0.0001926,0,0,1.9262293790234253e-05,0,True,True,both_correct,0.9998074,0.9999807377062098
6020.png,0,0,0.0002885,0,0,5.837726712343283e-05,0,True,True,both_correct,0.9997115,0.9999416227328766
6023.png,0,0,0.001305,0,0,0.0035450104624032,0,True,True,both_correct,0.998695,0.9964549895375968
6028.png,0,0,0.0004785,0,0,0.0012001581490039,0,True,True,both_correct,0.9995215,0.9987998418509961
6029.png,0,0,0.000106,0,0,0.0007070888532325,0,True,True,both_correct,0.999894,0.9992929111467675
6034.png,0,0,0.001582,0,0,0.0005433166516013,0,True,True,both_correct,0.998418,0.9994566833483987
6035.png,0,0,0.004486,0,0,0.0939549580216407,0,True,True,both_correct,0.995514,0.9060450419783593
6037.png,0,0,0.0006695,0,0,3.4437205158610595e-06,0,True,True,both_correct,0.9993305,0.9999965562794841
6045.png,0,0,7.033e-05,0,0,0.0003569968394003,0,True,True,both_correct,0.99992967,0.9996430031605997
6046.png,0,0,0.01729,0,0,0.0337180756032466,0,True,True,both_correct,0.98271,0.9662819243967534
6050.png,0,0,0.003216,0,0,0.0036287263501435,0,True,True,both_correct,0.996784,0.9963712736498564
6051.png,0,0,0.003504,0,0,0.0446881614625453,0,True,True,both_correct,0.996496,0.9553118385374547
6056.png,0,0,0.0001377,0,0,1.5091015370671812e-07,0,True,True,both_correct,0.9998623,0.9999998490898463
6057.png,0,0,0.01118,0,0,0.0015873610973358,0,True,True,both_correct,0.98882,0.9984126389026642
6067.png,0,0,0.0001768,0,0,3.385751199402876e-07,0,True,True,both_correct,0.9998232,0.9999996614248801
6086.png,0,0,0.000781,0,0,0.0001921208604471,0,True,True,both_correct,0.999219,0.9998078791395529
6090.png,0,0,0.000904,0,0,0.0018557477742433,0,True,True,both_correct,0.999096,0.9981442522257566
6091.png,0,0,0.08276,0,0,0.0619230680167675,0,True,True,both_correct,0.91724,0.9380769319832325
6093.png,0,0,0.0002027,0,0,3.5259037911572477e-09,0,True,True,both_correct,0.9997973,0.9999999964740962
6098.png,0,0,0.003477,0,0,0.0051353801973164,0,True,True,both_correct,0.996523,0.9948646198026836
6102.png,0,0,0.002779,0,0,0.0038393032737076,0,True,True,both_correct,0.997221,0.9961606967262924
6124.png,0,1,0.634,0,0,0.497635543346405,0,False,True,r50_correct_swin_wrong,0.634,0.502364456653595
6128.png,0,0,0.00271,0,0,8.50692595122382e-05,0,True,True,both_correct,0.99729,0.9999149307404878
6137.png,0,1,0.915,0,0,0.0968128070235252,0,False,True,r50_correct_swin_wrong,0.915,0.9031871929764748
6138.png,0,0,0.005924,0,0,0.0027067195624113,0,True,True,both_correct,0.994076,0.9972932804375887
6140.png,0,0,0.0003846,0,0,1.3225951533968328e-06,0,True,True,both_correct,0.9996154,0.9999986774048466
6144.png,0,1,0.6963,0,1,0.8417429327964783,0,False,False,both_wrong,0.6963,0.8417429327964783
6148.png,0,0,0.001114,0,0,4.575705315801315e-05,0,True,True,both_correct,0.998886,0.999954242946842
6150.png,0,0,0.000767,0,0,1.7632817616686225e-05,0,True,True,both_correct,0.999233,0.9999823671823833
6155.png,0,0,0.0002897,0,0,0.0003207566041965,0,True,True,both_correct,0.9997103,0.9996792433958035
6160.png,0,0,0.0001622,0,0,1.6703017990948863e-06,0,True,True,both_correct,0.9998378,0.9999983296982009
6162.png,0,0,0.0003989,0,0,0.0027300368528813,0,True,True,both_correct,0.9996011,0.9972699631471187
6167.png,0,0,0.01357,0,0,0.0020287807565182,0,True,True,both_correct,0.98643,0.9979712192434818
6169.png,0,0,0.0001535,0,0,2.33395823556748e-07,0,True,True,both_correct,0.9998465,0.9999997666041764
6172.png,0,0,0.002758,0,0,0.0367171987891197,0,True,True,both_correct,0.997242,0.9632828012108803
6174.png,0,0,0.0001523,0,0,0.0003580148913897,0,True,True,both_correct,0.9998477,0.9996419851086104
6187.png,0,0,5.99e-05,0,0,8.636570214548558e-08,0,True,True,both_correct,0.9999401,0.9999999136342979
6188.png,0,0,0.01469,0,0,0.1050124689936637,0,True,True,both_correct,0.98531,0.8949875310063363
6190.png,0,0,0.0004897,0,0,4.259357592673041e-05,0,True,True,both_correct,0.9995103,0.9999574064240733
6191.png,0,0,0.2522,0,0,0.1413517743349075,0,True,True,both_correct,0.7478,0.8586482256650925
6192.png,0,0,0.408,0,0,0.3994084596633911,0,True,True,both_correct,0.5920000000000001,0.6005915403366089
6193.png,0,0,0.0004628,0,0,1.8867340259021148e-05,0,True,True,both_correct,0.9995372,0.999981132659741
6200.png,0,0,4.95e-05,0,0,1.3462236893246882e-05,0,True,True,both_correct,0.9999505,0.9999865377631068
6201.png,0,0,0.0001173,0,0,1.522702405054588e-06,0,True,True,both_correct,0.9998827,0.999998477297595
6204.png,0,0,0.03105,0,0,0.0032210692297667,0,True,True,both_correct,0.96895,0.9967789307702333
6210.png,0,0,0.0003386,0,0,4.809048164133856e-07,0,True,True,both_correct,0.9996614,0.9999995190951836
6212.png,1,1,0.9937,1,1,0.8588451147079468,1,True,True,both_correct,0.9937,0.8588451147079468
6226.png,0,0,0.263,0,0,0.4032642245292663,0,True,True,both_correct,0.737,0.5967357754707336
6234.png,0,0,0.00899,0,0,0.011238825507462,0,True,True,both_correct,0.99101,0.988761174492538
6235.png,0,0,0.004166,0,0,5.706688625650713e-06,0,True,True,both_correct,0.995834,0.9999942933113743
6248.png,0,0,0.00375,0,0,0.0054912534542381,0,True,True,both_correct,0.99625,0.9945087465457619
6251.png,0,0,8.094e-05,0,0,1.3917589569700797e-07,0,True,True,both_correct,0.99991906,0.9999998608241043
6257.png,0,0,0.002007,0,0,0.0177840311080217,0,True,True,both_correct,0.997993,0.9822159688919783
6260.png,0,0,0.000419,0,0,2.894937279052101e-05,0,True,True,both_correct,0.999581,0.9999710506272095
6263.png,0,0,0.002773,0,0,0.0117613589391112,0,True,True,both_correct,0.997227,0.9882386410608888
6264.png,0,0,0.001734,0,0,0.0159863326698541,0,True,True,both_correct,0.998266,0.984013667330146
6268.png,0,0,0.1255,0,0,0.0066970181651413,0,True,True,both_correct,0.8745,0.9933029818348587
6269.png,0,0,0.0003283,0,0,1.036307324397967e-07,0,True,True,both_correct,0.9996717,0.9999998963692676
6281.png,0,0,0.0009074,0,0,0.0035867074038833,0,True,True,both_correct,0.9990926,0.9964132925961167
6282.png,1,0,0.0379,1,1,0.729138970375061,1,False,True,r50_correct_swin_wrong,0.9621,0.729138970375061
6292.png,0,0,0.0003035,0,0,0.0004010872216895,0,True,True,both_correct,0.9996965,0.9995989127783105
6293.png,0,0,0.00859,0,0,0.0095117604359984,0,True,True,both_correct,0.99141,0.9904882395640016
6296.png,0,0,0.0004349,0,0,0.0233175344765186,0,True,True,both_correct,0.9995651,0.9766824655234814
6298.png,0,0,0.10376,0,0,0.0755390748381614,0,True,True,both_correct,0.89624,0.9244609251618386
6299.png,0,0,0.00119,0,0,7.095983164617792e-05,0,True,True,both_correct,0.99881,0.9999290401683538
6303.png,0,0,0.03226,0,0,0.0002883866545744,0,True,True,both_correct,0.96774,0.9997116133454256
6305.png,0,0,0.0008264,0,0,0.0010104230605065,0,True,True,both_correct,0.9991736,0.9989895769394935
6311.png,0,0,8.124e-05,0,0,2.946897257061209e-05,0,True,True,both_correct,0.99991876,0.9999705310274294
6317.png,0,0,0.0656,0,0,0.0073453076183795,0,True,True,both_correct,0.9344,0.9926546923816205
6320.png,0,0,0.007107,0,0,0.0095923142507672,0,True,True,both_correct,0.992893,0.9904076857492328
6322.png,0,0,0.01335,0,0,0.0597386360168457,0,True,True,both_correct,0.98665,0.9402613639831543
6328.png,0,0,0.00835,0,0,0.0291093345731496,0,True,True,both_correct,0.99165,0.9708906654268504
6332.png,0,0,0.00223,0,0,0.0052941450849175,0,True,True,both_correct,0.99777,0.9947058549150825
6334.png,0,0,0.0002909,0,0,2.834942051777034e-06,0,True,True,both_correct,0.9997091,0.9999971650579482
6335.png,0,0,0.00563,0,0,0.0016142213717103,0,True,True,both_correct,0.99437,0.9983857786282897
6338.png,0,0,0.000881,0,0,0.0020080434624105,0,True,True,both_correct,0.999119,0.9979919565375895
6341.png,0,0,0.0007057,0,0,0.000108459375042,0,True,True,both_correct,0.9992943,0.999891540624958
6342.png,0,0,0.0001432,0,0,8.257074659923092e-05,0,True,True,both_correct,0.9998568,0.9999174292534008
6346.png,1,1,0.9976,1,1,0.9930068254470824,1,True,True,both_correct,0.9976,0.9930068254470824
6352.png,0,0,0.00424,0,0,0.0183884352445602,0,True,True,both_correct,0.99576,0.9816115647554398
6353.png,0,0,0.004356,0,0,0.0023933013435453,0,True,True,both_correct,0.995644,0.9976066986564547
6354.png,0,0,0.03326,0,0,0.0029476492200046,0,True,True,both_correct,0.96674,0.9970523507799954
6355.png,0,1,0.6196,0,1,0.7726913094520569,0,False,False,both_wrong,0.6196,0.7726913094520569
6358.png,0,0,0.3464,0,0,0.000514535466209,0,True,True,both_correct,0.6536,0.999485464533791
6366.png,0,0,0.00783,0,0,0.0002112994843628,0,True,True,both_correct,0.99217,0.9997887005156372
6367.png,0,0,0.0006237,0,0,0.0008863219409249,0,True,True,both_correct,0.9993763,0.9991136780590751
6371.png,0,0,0.2181,0,0,0.4805541038513183,0,True,True,both_correct,0.7819,0.5194458961486816
6379.png,0,0,0.0172,0,0,0.1163447424769401,0,True,True,both_correct,0.9828,0.8836552575230598
6383.png,0,0,0.002274,0,0,0.0016687170136719,0,True,True,both_correct,0.997726,0.9983312829863281
6389.png,0,0,0.003878,0,0,0.0004926582914777,0,True,True,both_correct,0.996122,0.9995073417085223
6400.png,0,0,9.996e-05,0,0,0.000349396810634,0,True,True,both_correct,0.99990004,0.999650603189366
6405.png,0,0,0.0006337,0,0,8.876449101080652e-06,0,True,True,both_correct,0.9993663,0.9999911235508989
6406.png,0,0,0.03754,0,0,0.0198518242686986,0,True,True,both_correct,0.96246,0.9801481757313014
6408.png,0,0,0.0001706,0,0,1.1369777439540485e-06,0,True,True,both_correct,0.9998294,0.999998863022256
6414.png,0,0,0.001806,0,0,0.0009036384290084,0,True,True,both_correct,0.998194,0.9990963615709916
6421.png,0,0,0.000696,0,0,1.0948797353194095e-06,0,True,True,both_correct,0.999304,0.9999989051202647
6424.png,0,0,0.002731,0,0,0.0012527735671028,0,True,True,both_correct,0.997269,0.9987472264328972
6432.png,0,0,0.00051,0,0,0.0010957969352602,0,True,True,both_correct,0.99949,0.9989042030647398
6433.png,0,0,0.0002226,0,0,0.0001718602143228,0,True,True,both_correct,0.9997774,0.9998281397856772
6434.png,0,0,0.0003042,0,0,0.0089426031336188,0,True,True,both_correct,0.9996958,0.9910573968663812
6447.png,0,0,0.0003207,0,0,0.0005428789881989,0,True,True,both_correct,0.9996793,0.9994571210118011
6458.png,0,0,0.2142,0,0,0.4244560003280639,0,True,True,both_correct,0.7858,0.575543999671936
6460.png,0,1,0.98,0,1,0.8354393243789673,0,False,False,both_wrong,0.98,0.8354393243789673
6462.png,0,0,0.00808,0,0,0.0024974427651613,0,True,True,both_correct,0.99192,0.9975025572348387
6465.png,0,0,0.0002716,0,0,0.0001227084139827,0,True,True,both_correct,0.9997284,0.9998772915860173
6474.png,0,0,0.0001293,0,0,2.2086758235673187e-06,0,True,True,both_correct,0.9998707,0.9999977913241764
6486.png,0,0,0.0007296,0,0,2.81692082353402e-05,0,True,True,both_correct,0.9992704,0.9999718307917647
6494.png,0,0,0.00347,0,0,0.0009999668691307,0,True,True,both_correct,0.99653,0.9990000331308693
6495.png,0,1,0.672,0,0,0.1928871124982834,0,False,True,r50_correct_swin_wrong,0.672,0.8071128875017166
6496.png,0,1,0.4668,0,0,0.031713705509901,0,False,True,r50_correct_swin_wrong,0.4668,0.968286294490099
6500.png,1,0,0.001107,1,0,0.0001857064053183,1,False,False,both_wrong,0.998893,0.9998142935946817
6503.png,0,0,0.0006166,0,0,0.0026511549949645,0,True,True,both_correct,0.9993834,0.9973488450050355
6505.png,0,0,0.0002995,0,0,5.716122814192204e-06,0,True,True,both_correct,0.9997005,0.9999942838771858
6507.png,0,0,0.0004582,0,0,3.388902086953749e-06,0,True,True,both_correct,0.9995418,0.999996611097913
6508.png,0,0,0.00088,0,0,0.0008118566474877,0,True,True,both_correct,0.99912,0.9991881433525123
6511.png,0,0,0.0004718,0,0,0.0012723567197099,0,True,True,both_correct,0.9995282,0.9987276432802901
6515.png,0,0,0.000989,0,0,0.000479470443679,0,True,True,both_correct,0.999011,0.999520529556321
6523.png,0,1,0.9565,0,0,0.4740872979164123,0,False,True,r50_correct_swin_wrong,0.9565,0.5259127020835876
6528.png,1,1,0.8145,1,1,0.6468325257301331,1,True,True,both_correct,0.8145,0.6468325257301331
6529.png,0,0,0.0004468,0,0,0.0046519869938492,0,True,True,both_correct,0.9995532,0.9953480130061508
6532.png,0,0,0.002726,0,0,0.0023719549644738,0,True,True,both_correct,0.997274,0.9976280450355262
6534.png,0,0,0.003944,0,0,0.0002988626074511,0,True,True,both_correct,0.996056,0.999701137392549
6537.png,0,0,0.0002685,0,0,1.1916655239474494e-05,0,True,True,both_correct,0.9997315,0.9999880833447605
6541.png,0,0,0.4304,0,0,0.0324331261217594,0,True,True,both_correct,0.5696,0.9675668738782406
6542.png,1,1,0.9844,1,1,0.9976245760917664,1,True,True,both_correct,0.9844,0.9976245760917664
6545.png,0,0,0.006424,0,0,0.0005314238369464,0,True,True,both_correct,0.993576,0.9994685761630536
6546.png,0,0,0.372,0,0,0.3328005969524383,0,True,True,both_correct,0.628,0.6671994030475616
6549.png,0,0,0.001519,0,0,0.0005361312068998,0,True,True,both_correct,0.998481,0.9994638687931002
6550.png,0,0,0.0002359,0,0,1.91119615919888e-05,0,True,True,both_correct,0.9997641,0.999980888038408
6553.png,0,0,0.007668,0,0,0.0036829821765422,0,True,True,both_correct,0.992332,0.9963170178234578
6562.png,0,0,0.002924,0,0,3.0510789201798616e-06,0,True,True,both_correct,0.997076,0.9999969489210798
6566.png,0,0,0.02692,0,0,0.0424801036715507,0,True,True,both_correct,0.97308,0.9575198963284492
6572.png,0,0,0.2966,0,0,0.2861069440841675,0,True,True,both_correct,0.7034,0.7138930559158325
6574.png,0,0,0.002993,0,0,0.0072341882623732,0,True,True,both_correct,0.997007,0.9927658117376268
6575.png,0,1,0.9785,0,1,0.782858669757843,0,False,False,both_wrong,0.9785,0.782858669757843
6577.png,0,0,0.1494,0,0,0.0210349559783935,0,True,True,both_correct,0.8506,0.9789650440216064
6580.png,0,0,0.1455,0,0,0.1390432566404342,0,True,True,both_correct,0.8545,0.8609567433595657
6584.png,0,0,0.003796,0,0,1.908474951051176e-05,0,True,True,both_correct,0.996204,0.9999809152504895
6589.png,0,0,0.001818,0,0,0.0001592436310602,0,True,True,both_correct,0.998182,0.9998407563689398
6592.png,0,0,0.01828,0,0,0.1837295591831207,0,True,True,both_correct,0.98172,0.8162704408168793
6599.png,0,0,0.03186,0,0,0.0440221056342124,0,True,True,both_correct,0.96814,0.9559778943657876
6603.png,0,1,0.648,0,0,0.1649574637413025,0,False,True,r50_correct_swin_wrong,0.648,0.8350425362586975
6623.png,0,0,0.000434,0,0,0.0004419991455506,0,True,True,both_correct,0.999566,0.9995580008544493
6628.png,0,0,0.4446,0,0,0.254664808511734,0,True,True,both_correct,0.5554,0.745335191488266
6632.png,0,0,0.000557,0,0,0.0017023698892444,0,True,True,both_correct,0.999443,0.9982976301107556
6635.png,0,0,0.0016165,0,0,0.0001301037555094,0,True,True,both_correct,0.9983835,0.9998698962444906
6636.png,0,0,0.005352,0,0,0.0991860553622245,0,True,True,both_correct,0.994648,0.9008139446377755
6651.png,0,0,0.0001398,0,0,4.489345144520485e-07,0,True,True,both_correct,0.9998602,0.9999995510654855
6656.png,0,0,0.0008507,0,0,0.00350640155375,0,True,True,both_correct,0.9991493,0.99649359844625
6659.png,0,0,0.000606,0,0,1.2865686585428192e-05,0,True,True,both_correct,0.999394,0.9999871343134146
6662.png,1,1,0.6646,1,1,0.9778721928596495,1,True,True,both_correct,0.6646,0.9778721928596495
6663.png,0,0,0.02928,0,0,0.0313496738672256,0,True,True,both_correct,0.97072,0.9686503261327744
6666.png,1,0,0.02153,1,0,0.2130614072084427,1,False,False,both_wrong,0.97847,0.7869385927915573
6673.png,0,0,0.00907,0,0,0.0055936449207365,0,True,True,both_correct,0.99093,0.9944063550792634
6674.png,0,0,0.0009546,0,0,0.0003301266115158,0,True,True,both_correct,0.9990454,0.9996698733884842
6677.png,0,1,0.8003,0,0,0.2472589910030365,0,False,True,r50_correct_swin_wrong,0.8003,0.7527410089969635
6678.png,0,0,0.01762,0,0,0.001061191316694,0,True,True,both_correct,0.98238,0.998938808683306
6682.png,0,0,0.0016775,0,0,5.767633410869166e-07,0,True,True,both_correct,0.9983225,0.9999994232366589
6683.png,0,0,0.00833,0,0,0.000229310724535,0,True,True,both_correct,0.99167,0.999770689275465
6684.png,0,0,0.001441,0,0,4.084438742779639e-08,0,True,True,both_correct,0.998559,0.9999999591556126
6686.png,0,0,0.000454,0,0,4.0984474480865174e-07,0,True,True,both_correct,0.999546,0.9999995901552552
6694.png,0,0,0.0005336,0,0,0.000169402512256,0,True,True,both_correct,0.9994664,0.999830597487744
6719.png,0,0,0.001638,0,0,0.0003504118940327,0,True,True,both_correct,0.998362,0.9996495881059673
6734.png,0,0,0.001839,0,0,0.0130367139354348,0,True,True,both_correct,0.998161,0.9869632860645652
6739.png,1,0,0.2915,1,0,0.0030726140830665,1,False,False,both_wrong,0.7085,0.9969273859169335
6749.png,0,0,0.3413,0,0,0.028220921754837,0,True,True,both_correct,0.6587000000000001,0.971779078245163
6753.png,0,0,0.001472,0,0,0.0007394190179184,0,True,True,both_correct,0.998528,0.9992605809820816
6763.png,1,1,0.989,1,0,0.4237260520458221,1,True,False,swin_correct_r50_wrong,0.989,0.5762739479541779
6765.png,0,0,0.05136,0,0,0.3709366619586944,0,True,True,both_correct,0.94864,0.6290633380413055
6771.png,0,0,0.0004296,0,0,0.0169524922966957,0,True,True,both_correct,0.9995704,0.9830475077033043
6773.png,0,0,0.02351,0,0,0.1062663942575454,0,True,True,both_correct,0.97649,0.8937336057424546
6776.png,0,0,0.000825,0,0,0.0008048409945331,0,True,True,both_correct,0.999175,0.9991951590054668
6783.png,0,0,0.0224,0,0,0.1649467647075653,0,True,True,both_correct,0.9776,0.8350532352924347
6794.png,0,0,0.002174,0,0,0.0130031770095229,0,True,True,both_correct,0.997826,0.9869968229904771
6799.png,0,0,0.000825,0,0,0.00069508474553,0,True,True,both_correct,0.999175,0.99930491525447
6806.png,0,0,0.0013,0,0,0.006470208056271,0,True,True,both_correct,0.9987,0.993529791943729
6811.png,1,1,0.9956,1,1,0.9953674077987672,1,True,True,both_correct,0.9956,0.9953674077987672
6813.png,0,0,0.0007977,0,0,3.423595626372844e-05,0,True,True,both_correct,0.9992023,0.9999657640437363
6814.png,0,0,0.01257,0,0,0.0096973609179258,0,True,True,both_correct,0.98743,0.9903026390820742
6819.png,0,1,0.994,0,1,0.9949567914009094,0,False,False,both_wrong,0.994,0.9949567914009094
6836.png,0,0,0.000828,0,0,0.0118484981358051,0,True,True,both_correct,0.999172,0.9881515018641949
6840.png,0,0,0.004913,0,0,0.0018021204741671,0,True,True,both_correct,0.995087,0.9981978795258329
6842.png,0,1,0.5415,0,0,0.4065492153167724,0,False,True,r50_correct_swin_wrong,0.5415,0.5934507846832275
6846.png,0,0,0.06744,0,0,0.0810387432575225,0,True,True,both_correct,0.9325600000000001,0.9189612567424775
6851.png,0,0,0.0589,0,0,0.0033913108054548,0,True,True,both_correct,0.9411,0.9966086891945451
6853.png,0,0,0.1511,0,1,0.6361642479896545,0,True,False,swin_correct_r50_wrong,0.8489,0.6361642479896545
6862.png,0,0,0.000846,0,0,0.3800248205661773,0,True,True,both_correct,0.999154,0.6199751794338226
6863.png,1,1,0.9883,1,1,0.9334112405776978,1,True,True,both_correct,0.9883,0.9334112405776978
6865.png,0,0,0.0336,0,0,0.271601140499115,0,True,True,both_correct,0.9664,0.728398859500885
6866.png,0,0,0.4353,0,0,0.2925684750080108,0,True,True,both_correct,0.5647,0.7074315249919891
6867.png,0,1,0.944,0,1,0.9743421077728271,0,False,False,both_wrong,0.944,0.9743421077728271
6885.png,0,1,0.999,0,1,0.9906710386276244,0,False,False,both_wrong,0.999,0.9906710386276244
6886.png,0,0,0.003443,0,0,3.345592267578468e-05,0,True,True,both_correct,0.996557,0.9999665440773242
6888.png,0,1,0.5015,0,0,0.1752667129039764,0,False,True,r50_correct_swin_wrong,0.5015,0.8247332870960236
6889.png,0,0,0.02063,0,0,0.1149413213133812,0,True,True,both_correct,0.97937,0.8850586786866188
6891.png,0,0,0.000541,0,0,0.0014578618574887,0,True,True,both_correct,0.999459,0.9985421381425112
6892.png,0,1,0.9854,0,1,0.9577847123146056,0,False,False,both_wrong,0.9854,0.9577847123146056
6893.png,0,0,0.04712,0,0,0.0053230402991175,0,True,True,both_correct,0.95288,0.9946769597008825
6899.png,0,0,0.0652,0,0,0.2397396117448806,0,True,True,both_correct,0.9348,0.7602603882551194
6909.png,1,1,0.668,1,1,0.636231005191803,1,True,True,both_correct,0.668,0.636231005191803
6911.png,0,0,0.0003042,0,0,0.0103250388056039,0,True,True,both_correct,0.9996958,0.9896749611943961
6912.png,0,0,0.0001907,0,0,2.231250391560025e-06,0,True,True,both_correct,0.9998093,0.9999977687496084
6916.png,0,0,0.001002,0,0,0.0054518235847353,0,True,True,both_correct,0.998998,0.9945481764152647
6917.png,0,0,0.000655,0,0,5.052552296547219e-06,0,True,True,both_correct,0.999345,0.9999949474477035
6918.png,1,0,0.03726,1,0,0.0032769581303,1,False,False,both_wrong,0.96274,0.9967230418697
6921.png,0,0,0.1322,0,0,0.2285245507955551,0,True,True,both_correct,0.8678,0.7714754492044449
6922.png,0,0,0.0008345,0,0,0.021207395941019,0,True,True,both_correct,0.9991655,0.978792604058981
6923.png,0,0,0.2039,0,0,0.0364369042217731,0,True,True,both_correct,0.7961,0.9635630957782269
6931.png,0,0,3.976e-05,0,0,5.096308264285199e-09,0,True,True,both_correct,0.99996024,0.9999999949036917
6933.png,0,0,0.001738,0,0,0.001205233274959,0,True,True,both_correct,0.998262,0.998794766725041
6935.png,0,0,0.0006566,0,0,4.268636621418409e-05,0,True,True,both_correct,0.9993434,0.9999573136337858
6939.png,0,0,1.454e-05,0,0,2.158745360247849e-08,0,True,True,both_correct,0.99998546,0.9999999784125464
6945.png,0,0,0.0009527,0,0,0.0008311574929393,0,True,True,both_correct,0.9990473,0.9991688425070607
6946.png,0,0,0.1179,0,1,0.8009854555130005,0,True,False,swin_correct_r50_wrong,0.8821,0.8009854555130005
6949.png,0,0,0.0002131,0,0,5.30843976775941e-07,0,True,True,both_correct,0.9997869,0.9999994691560232
6956.png,1,1,0.7354,1,1,0.735569179058075,1,True,True,both_correct,0.7354,0.735569179058075
6960.png,0,0,0.3667,0,0,0.4250461161136627,0,True,True,both_correct,0.6333,0.5749538838863373
6961.png,0,0,0.0527,0,0,0.1173325777053833,0,True,True,both_correct,0.9473,0.8826674222946167
6979.png,0,0,0.1255,0,0,0.2219971269369125,0,True,True,both_correct,0.8745,0.7780028730630875
6980.png,0,0,0.002388,0,0,0.0463316030800342,0,True,True,both_correct,0.997612,0.9536683969199657
6986.png,1,0,0.2932,1,1,0.8678606152534485,1,False,True,r50_correct_swin_wrong,0.7068,0.8678606152534485
6988.png,0,0,0.04407,0,0,0.2973672747611999,0,True,True,both_correct,0.95593,0.7026327252388
6990.png,0,0,0.000484,0,0,0.0030865476001054,0,True,True,both_correct,0.999516,0.9969134523998946
6994.png,0,1,0.783,0,0,0.0420399457216262,0,False,True,r50_correct_swin_wrong,0.783,0.9579600542783738
7006.png,0,0,0.2805,0,1,0.5173298716545105,0,True,False,swin_correct_r50_wrong,0.7195,0.5173298716545105
7007.png,0,0,0.00193,0,0,0.013440890237689,0,True,True,both_correct,0.99807,0.986559109762311
7010.png,0,0,0.2727,0,1,0.586090624332428,0,True,False,swin_correct_r50_wrong,0.7273000000000001,0.586090624332428
7012.png,0,0,0.001032,0,0,0.0183822903782129,0,True,True,both_correct,0.998968,0.9816177096217871
7013.png,0,0,0.001216,0,0,6.154499715194106e-05,0,True,True,both_correct,0.998784,0.9999384550028481
7022.png,0,0,0.0088,0,0,0.025036422535777,0,True,True,both_correct,0.9912,0.974963577464223
7028.png,0,0,0.003464,0,0,0.0201702136546373,0,True,True,both_correct,0.996536,0.9798297863453627
7046.png,0,0,0.1203,0,0,0.1742875427007675,0,True,True,both_correct,0.8797,0.8257124572992325
7051.png,0,0,0.2156,0,0,0.3132120072841644,0,True,True,both_correct,0.7844,0.6867879927158356
7055.png,0,0,0.007904,0,0,0.0507315583527088,0,True,True,both_correct,0.992096,0.9492684416472912
7057.png,0,0,0.003483,0,0,0.0019134725444018,0,True,True,both_correct,0.996517,0.9980865274555982
7059.png,0,0,2.53e-05,0,0,2.330065584921215e-10,0,True,True,both_correct,0.9999747,0.9999999997669935
7060.png,0,1,0.9795,0,1,0.8918253183364868,0,False,False,both_wrong,0.9795,0.8918253183364868
7061.png,0,0,0.001274,0,0,0.0858000069856643,0,True,True,both_correct,0.998726,0.9141999930143357
7064.png,0,0,0.0003536,0,0,0.0065868976525962,0,True,True,both_correct,0.9996464,0.9934131023474038
7067.png,0,0,0.01118,0,0,0.0029992910567671,0,True,True,both_correct,0.98882,0.9970007089432329
7071.png,0,0,0.0007334,0,0,1.1895751413248943e-05,0,True,True,both_correct,0.9992666,0.9999881042485868
7076.png,0,0,0.00503,0,0,9.929219959303735e-05,0,True,True,both_correct,0.99497,0.999900707800407
7079.png,0,0,0.006413,0,0,0.0165247060358524,0,True,True,both_correct,0.993587,0.9834752939641476
7080.png,0,0,0.0093,0,0,0.0085044363513588,0,True,True,both_correct,0.9907,0.9914955636486412
7084.png,0,0,0.002132,0,0,0.0095066325739026,0,True,True,both_correct,0.997868,0.9904933674260974
7088.png,0,0,0.0274,0,0,0.0387699268758297,0,True,True,both_correct,0.9726,0.9612300731241703
7100.png,0,0,0.0789,0,1,0.5040283799171448,0,True,False,swin_correct_r50_wrong,0.9211,0.5040283799171448
7106.png,0,0,0.02563,0,0,0.0639316663146019,0,True,True,both_correct,0.97437,0.9360683336853981
7109.png,0,0,0.02615,0,0,0.0535962060093879,0,True,True,both_correct,0.97385,0.9464037939906121
7126.png,0,0,0.00736,0,0,0.0004828306555282,0,True,True,both_correct,0.99264,0.9995171693444718
7130.png,0,0,0.03918,0,1,0.6393486261367798,0,True,False,swin_correct_r50_wrong,0.96082,0.6393486261367798
7133.png,0,0,0.002531,0,0,0.0883809477090835,0,True,True,both_correct,0.997469,0.9116190522909164
7134.png,1,0,0.001402,1,0,0.0029592458158731,1,False,False,both_wrong,0.998598,0.9970407541841269
7135.png,0,0,0.001984,0,0,0.0002214258856838,0,True,True,both_correct,0.998016,0.9997785741143163
7138.png,0,0,0.077,0,0,0.0548999048769474,0,True,True,both_correct,0.923,0.9451000951230526
7139.png,0,0,0.02338,0,0,0.0008862489485181,0,True,True,both_correct,0.97662,0.9991137510514819
7140.png,0,0,0.0002453,0,0,0.0001778120931703,0,True,True,both_correct,0.9997547,0.9998221879068298
7150.png,0,0,0.02611,0,0,0.2218218445777893,0,True,True,both_correct,0.97389,0.7781781554222107
7162.png,0,0,0.001626,0,0,0.0127747301012277,0,True,True,both_correct,0.998374,0.9872252698987724
7167.png,0,0,0.0001289,0,0,2.5110095521085896e-05,0,True,True,both_correct,0.9998711,0.9999748899044789
7176.png,0,0,4.72e-05,0,0,7.14492634870112e-05,0,True,True,both_correct,0.9999528,0.999928550736513
7180.png,0,0,0.1378,0,0,0.2537172734737396,0,True,True,both_correct,0.8622,0.7462827265262604
7188.png,0,1,0.921,0,0,0.0910071954131126,0,False,True,r50_correct_swin_wrong,0.921,0.9089928045868874
7189.png,1,0,0.4277,1,1,0.9806323051452636,1,False,True,r50_correct_swin_wrong,0.5723,0.9806323051452636
7194.png,0,0,0.002157,0,0,0.0039796228520572,0,True,True,both_correct,0.997843,0.9960203771479428
7212.png,0,0,0.01135,0,0,0.0727249085903167,0,True,True,both_correct,0.98865,0.9272750914096833
7218.png,0,1,0.8696,0,0,0.0085549280047416,0,False,True,r50_correct_swin_wrong,0.8696,0.9914450719952584
7221.png,1,1,0.4993,1,0,0.082273744046688,1,True,False,swin_correct_r50_wrong,0.4993,0.917726255953312
7222.png,0,0,0.002768,0,0,0.0006448113708756,0,True,True,both_correct,0.997232,0.9993551886291244
7230.png,0,1,0.553,0,1,0.7773285508155823,0,False,False,both_wrong,0.553,0.7773285508155823
7233.png,0,0,0.0006413,0,0,3.83048718504142e-05,0,True,True,both_correct,0.9993587,0.9999616951281496
7235.png,0,0,0.0002369,0,0,1.2621707355719993e-05,0,True,True,both_correct,0.9997631,0.9999873782926443
7236.png,0,0,0.0008426,0,0,0.0003368426405359,0,True,True,both_correct,0.9991574,0.9996631573594641
7238.png,0,0,0.003172,0,0,0.1069793179631233,0,True,True,both_correct,0.996828,0.8930206820368767
7243.png,0,0,0.0001366,0,0,4.89236988698849e-08,0,True,True,both_correct,0.9998634,0.9999999510763011
7245.png,0,0,0.0004036,0,0,3.277074483776232e-06,0,True,True,both_correct,0.9995964,0.9999967229255162
7246.png,0,0,0.000751,0,0,0.0015477108536288,0,True,True,both_correct,0.999249,0.9984522891463712
7251.png,0,0,1.56e-05,0,0,1.1578691783142858e-08,0,True,True,both_correct,0.9999844,0.9999999884213082
7254.png,0,0,0.0003066,0,0,3.259640288888477e-05,0,True,True,both_correct,0.9996934,0.9999674035971111
7256.png,1,1,0.9854,1,1,0.5419751405715942,1,True,True,both_correct,0.9854,0.5419751405715942
7257.png,0,0,0.0921,0,0,0.0756715238094329,0,True,True,both_correct,0.9079,0.9243284761905671
7259.png,0,0,0.01779,0,0,0.0049544489011168,0,True,True,both_correct,0.98221,0.9950455510988832
7261.png,0,0,0.001507,0,0,5.708914159185952e-07,0,True,True,both_correct,0.998493,0.9999994291085841
7262.png,0,0,0.0003138,0,0,6.814727981918622e-08,0,True,True,both_correct,0.9996862,0.9999999318527202
7263.png,1,0,0.1891,1,1,0.7416898012161255,1,False,True,r50_correct_swin_wrong,0.8109,0.7416898012161255
7264.png,0,0,0.0005264,0,0,1.383146081934683e-05,0,True,True,both_correct,0.9994736,0.9999861685391807
7269.png,0,0,9.35e-05,0,0,0.0016906631644815,0,True,True,both_correct,0.9999065,0.9983093368355185
7273.png,0,0,0.0009527,0,0,0.0021309899166226,0,True,True,both_correct,0.9990473,0.9978690100833774
7275.png,0,0,0.0003626,0,0,0.007503620814532,0,True,True,both_correct,0.9996374,0.992496379185468
7278.png,0,0,0.001592,0,0,0.0003523064369801,0,True,True,both_correct,0.998408,0.9996476935630199
7285.png,0,0,0.0001068,0,0,3.614753723013564e-06,0,True,True,both_correct,0.9998932,0.999996385246277
7289.png,0,0,0.0004811,0,0,2.331884388695471e-05,0,True,True,both_correct,0.9995189,0.999976681156113
7303.png,0,0,0.0002091,0,0,0.000363925093552,0,True,True,both_correct,0.9997909,0.999636074906448
7312.png,0,0,0.0002359,0,0,1.526902269688435e-05,0,True,True,both_correct,0.9997641,0.9999847309773031
7314.png,0,0,0.1843,0,0,0.0736808404326438,0,True,True,both_correct,0.8157,0.9263191595673562
7315.png,0,0,0.002958,0,0,0.0123338466510176,0,True,True,both_correct,0.997042,0.9876661533489824
7316.png,0,0,0.0001706,0,0,3.9681021007709205e-05,0,True,True,both_correct,0.9998294,0.9999603189789923
7324.png,0,0,0.000697,0,0,3.016438995473436e-06,0,True,True,both_correct,0.999303,0.9999969835610045
7328.png,0,0,0.000483,0,0,0.0364260114729404,0,True,True,both_correct,0.999517,0.9635739885270596
7330.png,0,0,0.0005174,0,0,2.9031175472482573e-06,0,True,True,both_correct,0.9994826,0.9999970968824528
7333.png,0,0,0.0001023,0,0,1.7383787053404376e-05,0,True,True,both_correct,0.9998977,0.9999826162129466
7342.png,0,0,0.001875,0,0,0.0011166060576215,0,True,True,both_correct,0.998125,0.9988833939423785
7352.png,0,0,0.002823,0,0,0.0051840580999851,0,True,True,both_correct,0.997177,0.9948159419000149
7356.png,0,0,6.66e-05,0,0,7.332960194617044e-06,0,True,True,both_correct,0.9999334,0.9999926670398054
7358.png,0,0,0.0005584,0,0,2.198529728048016e-06,0,True,True,both_correct,0.9994416,0.999997801470272
7362.png,0,0,0.01668,0,0,0.0769357532262802,0,True,True,both_correct,0.98332,0.9230642467737198
7377.png,0,0,0.000307,0,0,2.195416163885966e-05,0,True,True,both_correct,0.999693,0.9999780458383611
7380.png,0,0,0.0001426,0,0,2.74080917961328e-07,0,True,True,both_correct,0.9998574,0.999999725919082
7387.png,0,0,0.00272,0,0,0.0136861177161335,0,True,True,both_correct,0.9972799999999999,0.9863138822838665
7396.png,0,0,0.000635,0,0,3.7901176256127656e-05,0,True,True,both_correct,0.999365,0.9999620988237439
7398.png,0,0,0.0001893,0,0,0.0007963277748785,0,True,True,both_correct,0.9998107,0.9992036722251215
7405.png,0,1,0.9907,0,1,0.8093159198760986,0,False,False,both_wrong,0.9907,0.8093159198760986
7411.png,0,0,0.0013275,0,0,3.495823420962552e-06,0,True,True,both_correct,0.9986725,0.999996504176579
7421.png,0,0,0.000566,0,0,4.929659098706907e-06,0,True,True,both_correct,0.999434,0.9999950703409013
7432.png,0,0,0.0003583,0,0,4.410469773574732e-05,0,True,True,both_correct,0.9996417,0.9999558953022643
7443.png,0,0,0.000993,0,0,0.0211461074650287,0,True,True,both_correct,0.999007,0.9788538925349713
7447.png,1,1,0.9473,1,1,0.947986900806427,1,True,True,both_correct,0.9473,0.947986900806427
7457.png,0,0,0.0002174,0,0,7.126369894194795e-08,0,True,True,both_correct,0.9997826,0.9999999287363011
7462.png,0,1,0.7207,0,1,0.9534261226654052,0,False,False,both_wrong,0.7207,0.9534261226654052
7468.png,0,0,0.0001483,0,0,6.446518909797305e-07,0,True,True,both_correct,0.9998517,0.999999355348109
7469.png,0,0,0.002506,0,0,0.0001284759200643,0,True,True,both_correct,0.997494,0.9998715240799357
7474.png,0,0,0.00984,0,0,0.0007435427396558,0,True,True,both_correct,0.99016,0.9992564572603442
7475.png,0,0,0.000522,0,0,0.0002136160765076,0,True,True,both_correct,0.999478,0.9997863839234924
7481.png,0,1,0.8794,0,1,0.5524531602859497,0,False,False,both_wrong,0.8794,0.5524531602859497
7484.png,0,0,0.000997,0,0,3.778580139623955e-05,0,True,True,both_correct,0.999003,0.9999622141986038
7485.png,0,0,0.000168,0,0,3.7600071664201096e-05,0,True,True,both_correct,0.999832,0.9999623999283358
7491.png,0,0,0.0003853,0,0,0.0001680745044723,0,True,True,both_correct,0.9996147,0.9998319254955277
7493.png,0,0,0.0003612,0,0,0.0006457747076638,0,True,True,both_correct,0.9996388,0.9993542252923362
7502.png,0,0,0.004993,0,0,8.777145012572873e-06,0,True,True,both_correct,0.995007,0.9999912228549874
7504.png,0,0,0.0002191,0,0,1.0908358945016516e-06,0,True,True,both_correct,0.9997809,0.9999989091641055
7507.png,0,0,0.001498,0,0,1.4878226465953048e-05,0,True,True,both_correct,0.998502,0.999985121773534
7508.png,0,0,6.58e-05,0,0,7.825104694347829e-05,0,True,True,both_correct,0.9999342,0.9999217489530565
7515.png,0,1,0.8535,0,0,0.1952149420976638,0,False,True,r50_correct_swin_wrong,0.8535,0.8047850579023362
7518.png,0,0,0.0005736,0,0,9.69509801507229e-06,0,True,True,both_correct,0.9994264,0.9999903049019849
7525.png,0,0,0.005375,0,0,2.375663461862132e-05,0,True,True,both_correct,0.994625,0.9999762433653814
7535.png,0,0,0.00063,0,0,2.028437847911846e-05,0,True,True,both_correct,0.99937,0.9999797156215209
7537.png,0,0,0.02504,0,1,0.5814809203147888,0,True,False,swin_correct_r50_wrong,0.97496,0.5814809203147888
7541.png,0,0,0.0004964,0,0,8.903196430765092e-06,0,True,True,both_correct,0.9995036,0.9999910968035692
7542.png,0,0,9.876e-05,0,0,1.1871385140693748e-05,0,True,True,both_correct,0.99990124,0.9999881286148593
7550.png,0,0,0.0002434,0,0,2.813710295868077e-07,0,True,True,both_correct,0.9997566,0.9999997186289704
7552.png,0,0,0.00254,0,0,0.0208207070827484,0,True,True,both_correct,0.99746,0.9791792929172516
7555.png,0,1,0.673,0,0,0.173912912607193,0,False,True,r50_correct_swin_wrong,0.673,0.826087087392807
7560.png,0,0,0.015495,0,0,0.0041039981879293,0,True,True,both_correct,0.984505,0.9958960018120707
7567.png,0,0,0.07,0,0,0.0092676542699337,0,True,True,both_correct,0.9299999999999999,0.9907323457300663
7568.png,0,0,0.000838,0,0,2.863588997570332e-05,0,True,True,both_correct,0.999162,0.9999713641100243
7573.png,0,0,0.007374,0,0,0.0004924681852571,0,True,True,both_correct,0.992626,0.9995075318147429
7580.png,0,0,0.2957,0,0,0.1851677745580673,0,True,True,both_correct,0.7042999999999999,0.8148322254419327
7581.png,0,0,0.001796,0,0,0.0044396291486918,0,True,True,both_correct,0.998204,0.9955603708513082
7582.png,0,0,0.06915,0,0,0.2252787351608276,0,True,True,both_correct,0.93085,0.7747212648391724
7587.png,0,0,0.000833,0,0,0.0110590727999806,0,True,True,both_correct,0.999167,0.9889409272000194
7595.png,0,0,0.002182,0,0,0.0012013677041977,0,True,True,both_correct,0.997818,0.9987986322958023
7599.png,0,0,0.0003881,0,0,3.0485507522826083e-05,0,True,True,both_correct,0.9996119,0.9999695144924772
7610.png,0,0,0.000106,0,0,7.394322437903611e-06,0,True,True,both_correct,0.999894,0.9999926056775621
7615.png,0,0,0.001806,0,0,0.0016628069570288,0,True,True,both_correct,0.998194,0.9983371930429712
7619.png,0,0,0.001197,0,0,0.0001066929617081,0,True,True,both_correct,0.998803,0.9998933070382919
7623.png,0,0,0.0001483,0,0,1.8691437730922192e-08,0,True,True,both_correct,0.9998517,0.9999999813085623
7625.png,0,0,0.0001518,0,0,8.11197423900012e-06,0,True,True,both_correct,0.9998482,0.999991888025761
7632.png,0,0,0.0001845,0,0,2.380008027103031e-06,0,True,True,both_correct,0.9998155,0.9999976199919729
7638.png,0,0,0.00516,0,0,0.0046868775971233,0,True,True,both_correct,0.99484,0.9953131224028767
7639.png,0,0,0.0002897,0,0,1.4556023586465017e-07,0,True,True,both_correct,0.9997103,0.9999998544397641
7640.png,0,0,0.001861,0,0,2.8022754122503105e-05,0,True,True,both_correct,0.998139,0.9999719772458775
7642.png,0,0,0.00701,0,0,8.812557098281104e-06,0,True,True,both_correct,0.99299,0.9999911874429017
7647.png,0,0,0.0003815,0,0,0.0001150616808445,0,True,True,both_correct,0.9996185,0.9998849383191555
7649.png,0,0,0.0002378,0,0,9.159485614418372e-08,0,True,True,both_correct,0.9997622,0.9999999084051439
7657.png,0,0,0.004913,0,0,0.0135096469894051,0,True,True,both_correct,0.995087,0.9864903530105948
7660.png,0,0,0.000406,0,0,0.0001295773254241,0,True,True,both_correct,0.999594,0.9998704226745759
7664.png,0,0,0.4019,0,0,0.2126720696687698,0,True,True,both_correct,0.5981000000000001,0.7873279303312302
7667.png,0,0,2.98e-05,0,0,4.082308350916719e-06,0,True,True,both_correct,0.9999702,0.9999959176916491
7670.png,0,0,0.001124,0,0,0.0010079409694299,0,True,True,both_correct,0.998876,0.9989920590305701
7672.png,0,0,0.278,0,1,0.9412782788276672,0,True,False,swin_correct_r50_wrong,0.722,0.9412782788276672
7673.png,0,0,0.0001168,0,0,3.1805274858243144e-08,0,True,True,both_correct,0.9998832,0.9999999681947251
7675.png,0,0,0.0003626,0,0,0.0010040091583505,0,True,True,both_correct,0.9996374,0.9989959908416495
7677.png,0,0,0.0004992,0,0,3.2106305297929794e-05,0,True,True,both_correct,0.9995008,0.9999678936947021
7678.png,0,0,0.000567,0,0,2.6073290428030305e-05,0,True,True,both_correct,0.999433,0.999973926709572
7681.png,0,0,0.00411,0,0,0.0097304703667759,0,True,True,both_correct,0.99589,0.9902695296332241
7684.png,0,0,0.003172,0,0,0.0020969551987946,0,True,True,both_correct,0.996828,0.9979030448012054
7690.png,0,0,0.000336,0,0,0.0003421025758143,0,True,True,both_correct,0.999664,0.9996578974241856
7692.png,0,0,0.00088,0,0,5.659956627823703e-07,0,True,True,both_correct,0.99912,0.9999994340043372
7698.png,0,0,5.7e-06,0,0,6.603021574846935e-06,0,True,True,both_correct,0.9999943,0.9999933969784252
7701.png,0,0,7.34e-05,0,0,1.6755683418523404e-06,0,True,True,both_correct,0.9999266,0.9999983244316581
7706.png,0,0,0.0001518,0,0,1.5958346466504736e-06,0,True,True,both_correct,0.9998482,0.9999984041653533
7709.png,0,0,0.001367,0,0,3.616562025854364e-05,0,True,True,both_correct,0.998633,0.9999638343797415
7710.png,0,0,0.0003755,0,0,4.959420873973386e-09,0,True,True,both_correct,0.9996245,0.9999999950405791
7711.png,0,0,0.000964,0,0,0.0010114685865119,0,True,True,both_correct,0.999036,0.9989885314134881
7715.png,0,0,0.0002099,0,0,5.186686848901445e-07,0,True,True,both_correct,0.9997901,0.9999994813313151
7716.png,0,0,0.00017,0,0,0.0017717098817229,0,True,True,both_correct,0.99983,0.9982282901182771
7726.png,0,0,0.00549,0,0,0.0001471863797632,0,True,True,both_correct,0.99451,0.9998528136202368
7732.png,0,0,0.1109,0,0,0.0132615277543663,0,True,True,both_correct,0.8891,0.9867384722456337
7736.png,0,0,0.004375,0,0,0.0030353842303156,0,True,True,both_correct,0.995625,0.9969646157696844
7748.png,0,0,0.006413,0,0,2.859014102796209e-06,0,True,True,both_correct,0.993587,0.9999971409858972
7755.png,0,0,0.005554,0,0,0.0238390564918518,0,True,True,both_correct,0.994446,0.9761609435081482
7762.png,0,0,0.01071,0,0,0.017600430175662,0,True,True,both_correct,0.98929,0.982399569824338
7764.png,0,0,0.01267,0,0,0.0005710527184419,0,True,True,both_correct,0.98733,0.9994289472815581
7780.png,0,0,0.0007615,0,0,0.1113922968506813,0,True,True,both_correct,0.9992385,0.8886077031493187
7782.png,0,0,0.03305,0,0,0.022367175668478,0,True,True,both_correct,0.96695,0.977632824331522
7783.png,0,0,0.2113,0,0,0.0362664498388767,0,True,True,both_correct,0.7887,0.9637335501611233
7793.png,0,0,0.4106,0,0,0.1166978627443313,0,True,True,both_correct,0.5893999999999999,0.8833021372556686
7796.png,0,0,0.06757,0,0,0.0254311151802539,0,True,True,both_correct,0.93243,0.9745688848197461
7799.png,1,0,0.1748,1,0,0.0917998254299163,1,False,False,both_wrong,0.8251999999999999,0.9082001745700837
7801.png,0,0,0.04822,0,1,0.5692784190177917,0,True,False,swin_correct_r50_wrong,0.95178,0.5692784190177917
7802.png,0,0,0.001938,0,0,0.001631777267903,0,True,True,both_correct,0.998062,0.998368222732097
7803.png,0,0,0.000424,0,0,8.918427920434624e-05,0,True,True,both_correct,0.999576,0.9999108157207957
7805.png,0,0,0.004173,0,0,0.0369328372180461,0,True,True,both_correct,0.995827,0.9630671627819539
7808.png,1,0,0.2505,1,0,0.4781360030174255,1,False,False,both_wrong,0.7495,0.5218639969825745
7812.png,0,0,0.2673,0,0,0.3815006613731384,0,True,True,both_correct,0.7327,0.6184993386268616
7817.png,0,0,0.02753,0,0,0.0033232602290809,0,True,True,both_correct,0.97247,0.9966767397709191
7820.png,0,0,0.188,0,0,0.0015346638392657,0,True,True,both_correct,0.812,0.9984653361607343
7825.png,0,0,0.002024,0,0,0.0001128243675339,0,True,True,both_correct,0.997976,0.9998871756324661
7829.png,0,0,0.0001196,0,0,2.4229896666838613e-07,0,True,True,both_correct,0.9998804,0.9999997577010333
7833.png,0,0,0.3882,0,0,0.1290756464004516,0,True,True,both_correct,0.6118,0.8709243535995483
7834.png,0,0,8.65e-05,0,0,0.0030727132689207,0,True,True,both_correct,0.9999135,0.9969272867310793
7844.png,0,0,0.0982,0,1,0.8323226571083069,0,True,False,swin_correct_r50_wrong,0.9018,0.8323226571083069
7848.png,1,1,0.973,1,1,0.9370051622390748,1,True,True,both_correct,0.973,0.9370051622390748
7852.png,0,0,0.000692,0,0,0.0366202183067798,0,True,True,both_correct,0.999308,0.9633797816932202
7856.png,0,0,0.004364,0,0,0.0013503580121323,0,True,True,both_correct,0.995636,0.9986496419878677
7857.png,1,1,0.9795,1,1,0.6794624328613281,1,True,True,both_correct,0.9795,0.6794624328613281
7861.png,0,0,0.0977,0,0,0.0210613664239645,0,True,True,both_correct,0.9023,0.9789386335760355
7862.png,0,0,0.007755,0,0,0.0015876400284469,0,True,True,both_correct,0.992245,0.9984123599715531
7863.png,0,0,0.0002166,0,0,0.0002177394781028,0,True,True,both_correct,0.9997834,0.9997822605218972
7864.png,0,0,0.010345,0,0,0.00483427522704,0,True,True,both_correct,0.989655,0.99516572477296
7865.png,0,0,0.00581,0,0,0.0690223276615142,0,True,True,both_correct,0.99419,0.9309776723384858
7867.png,0,0,7.784e-05,0,0,3.465558862103536e-08,0,True,True,both_correct,0.99992216,0.9999999653444114
7872.png,0,0,0.001297,0,0,0.002695309696719,0,True,True,both_correct,0.998703,0.997304690303281
7886.png,0,0,0.01991,0,0,0.0007651967462152,0,True,True,both_correct,0.98009,0.9992348032537848
7889.png,0,1,0.843,0,1,0.5761598348617554,0,False,False,both_wrong,0.843,0.5761598348617554
7894.png,0,1,0.996,0,1,0.997883141040802,0,False,False,both_wrong,0.996,0.997883141040802
7896.png,0,0,0.0002296,0,0,8.278716268250719e-05,0,True,True,both_correct,0.9997704,0.9999172128373175
7901.png,0,0,0.039,0,0,0.0060543101280927,0,True,True,both_correct,0.961,0.9939456898719073
7902.png,0,0,0.00011414,0,0,2.289094993557228e-07,0,True,True,both_correct,0.99988586,0.9999997710905006
7905.png,0,0,0.0002156,0,0,0.0001893315929919,0,True,True,both_correct,0.9997844,0.999810668407008
7906.png,0,0,0.001006,0,0,0.0010636292863637,0,True,True,both_correct,0.998994,0.9989363707136363
7907.png,0,0,0.00676,0,0,0.0024672492872923,0,True,True,both_correct,0.99324,0.9975327507127077
7908.png,0,0,0.0004692,0,0,0.0002163886238122,0,True,True,both_correct,0.9995308,0.9997836113761878
7912.png,0,0,0.04492,0,0,0.2152892351150512,0,True,True,both_correct,0.95508,0.7847107648849488
7918.png,0,0,0.0001726,0,0,1.5059888482937822e-06,0,True,True,both_correct,0.9998274,0.9999984940111517
7919.png,0,0,0.01219,0,0,0.0054234135895967,0,True,True,both_correct,0.98781,0.9945765864104033
7921.png,0,1,0.645,0,0,0.2658004760742187,0,False,True,r50_correct_swin_wrong,0.645,0.7341995239257812
7938.png,0,0,0.000159,0,0,4.736821665574098e-06,0,True,True,both_correct,0.999841,0.9999952631783344
7940.png,0,0,0.0001926,0,0,8.191817357783293e-08,0,True,True,both_correct,0.9998074,0.9999999180818264
7943.png,0,0,0.0001972,0,0,1.1035516678248316e-07,0,True,True,both_correct,0.9998028,0.9999998896448332
7953.png,0,0,0.0006948,0,0,3.151078317387146e-06,0,True,True,both_correct,0.9993052,0.9999968489216826
7956.png,0,0,0.000738,0,0,4.721514414995909e-05,0,True,True,both_correct,0.999262,0.99995278485585
7957.png,0,0,0.0007553,0,0,0.0538230091333389,0,True,True,both_correct,0.9992447,0.9461769908666611
7958.png,1,1,0.9995,1,1,0.9774656295776368,1,True,True,both_correct,0.9995,0.9774656295776368
7959.png,0,1,0.8594,0,0,0.0627905800938606,0,False,True,r50_correct_swin_wrong,0.8594,0.9372094199061394
7962.png,0,0,0.00562,0,0,0.0043045245110988,0,True,True,both_correct,0.99438,0.9956954754889012
7963.png,0,0,0.000876,0,0,0.0005182449240237,0,True,True,both_correct,0.999124,0.9994817550759763
7964.png,0,0,0.0003083,0,0,4.290552624297561e-06,0,True,True,both_correct,0.9996917,0.9999957094473757
7968.png,0,0,0.00353,0,0,0.0014040246605873,0,True,True,both_correct,0.99647,0.9985959753394127
7971.png,0,0,0.0001334,0,0,0.0044587817974388,0,True,True,both_correct,0.9998666,0.9955412182025613
7973.png,0,0,0.0003488,0,0,0.0003232992894481,0,True,True,both_correct,0.9996512,0.9996767007105519
7974.png,1,1,0.8774,1,1,0.5587770342826843,1,True,True,both_correct,0.8774,0.5587770342826843
7978.png,0,0,0.001455,0,0,7.658376853214577e-05,0,True,True,both_correct,0.998545,0.9999234162314679
7979.png,0,0,7.576e-05,0,0,6.778267334084376e-07,0,True,True,both_correct,0.99992424,0.9999993221732666
7981.png,0,0,0.00468,0,0,8.565912139602005e-06,0,True,True,both_correct,0.99532,0.9999914340878604
7983.png,0,0,0.002752,0,0,0.0002125814498867,0,True,True,both_correct,0.997248,0.9997874185501133
7987.png,0,0,0.2031,0,0,0.0764601081609726,0,True,True,both_correct,0.7968999999999999,0.9235398918390274
7992.png,0,0,0.0001788,0,0,0.00050886295503,0,True,True,both_correct,0.9998212,0.99949113704497
7993.png,0,0,0.0002522,0,0,0.0006548188976012,0,True,True,both_correct,0.9997478,0.9993451811023988
8001.png,0,0,0.005608,0,0,3.803742947638966e-05,0,True,True,both_correct,0.994392,0.9999619625705236
8002.png,0,0,0.001611,0,0,0.0085677988827228,0,True,True,both_correct,0.998389,0.9914322011172771
8003.png,0,0,0.0001329,0,0,2.1751307940576226e-05,0,True,True,both_correct,0.9998671,0.9999782486920594
8014.png,0,0,0.008156,0,0,0.0030240574851632,0,True,True,both_correct,0.991844,0.9969759425148368
8021.png,0,0,0.0004222,0,0,8.093397809716407e-07,0,True,True,both_correct,0.9995778,0.999999190660219
8027.png,0,0,0.000744,0,0,1.3115871297486592e-05,0,True,True,both_correct,0.999256,0.9999868841287025
8028.png,0,0,0.001107,0,0,0.0005063976277597,0,True,True,both_correct,0.998893,0.9994936023722403
8030.png,0,0,0.0002613,0,0,3.330338586238213e-05,0,True,True,both_correct,0.9997387,0.9999666966141376
8038.png,0,0,0.0007,0,0,0.0051779779605567,0,True,True,both_correct,0.9993,0.9948220220394433
8041.png,0,1,0.8677,0,1,0.8457134366035461,0,False,False,both_wrong,0.8677,0.8457134366035461
8042.png,0,0,0.2394,0,0,0.0092093264684081,0,True,True,both_correct,0.7605999999999999,0.9907906735315919
8054.png,0,0,0.006836,0,0,0.0069061205722391,0,True,True,both_correct,0.993164,0.993093879427761
8065.png,0,0,0.0009365,0,0,6.513993866974488e-06,0,True,True,both_correct,0.9990635,0.999993486006133
8067.png,0,0,9.84e-05,0,0,7.102973995642969e-07,0,True,True,both_correct,0.9999016,0.9999992897026004
8071.png,0,0,0.000655,0,0,0.0019693945068866,0,True,True,both_correct,0.999345,0.9980306054931134
8076.png,0,0,0.0001366,0,0,0.0002691802510526,0,True,True,both_correct,0.9998634,0.9997308197489474
8081.png,0,0,0.0003626,0,0,0.0002757647889666,0,True,True,both_correct,0.9996374,0.9997242352110334
8083.png,0,0,0.0003302,0,0,0.0081638675183057,0,True,True,both_correct,0.9996698,0.9918361324816943
8085.png,0,0,0.0001489,0,0,5.0993530749110505e-06,0,True,True,both_correct,0.9998511,0.9999949006469251
8090.png,0,0,0.003878,0,0,0.0167481489479541,0,True,True,both_correct,0.996122,0.9832518510520459
8094.png,0,0,0.0002388,0,0,3.522751649143174e-05,0,True,True,both_correct,0.9997612,0.9999647724835086
8096.png,1,1,0.999,1,1,0.8167446851730347,1,True,True,both_correct,0.999,0.8167446851730347
8100.png,0,0,0.0001867,0,0,1.733514523039048e-06,0,True,True,both_correct,0.9998133,0.999998266485477
8116.png,0,0,0.001671,0,0,0.0662814751267433,0,True,True,both_correct,0.998329,0.9337185248732567
8118.png,0,0,0.000677,0,0,9.809117182157934e-05,0,True,True,both_correct,0.999323,0.9999019088281784
8121.png,0,1,0.8154,0,1,0.9060357213020324,0,False,False,both_wrong,0.8154,0.9060357213020324
8122.png,0,0,0.001127,0,0,2.0699735614471138e-05,0,True,True,both_correct,0.998873,0.9999793002643855
8124.png,0,0,0.00404,0,0,0.0003894165274687,0,True,True,both_correct,0.99596,0.9996105834725313
8127.png,0,0,0.003351,0,0,0.0007904484518803,0,True,True,both_correct,0.996649,0.9992095515481197
8139.png,0,0,0.01587,0,0,0.0404653921723365,0,True,True,both_correct,0.98413,0.9595346078276635
8140.png,0,0,0.002846,0,0,0.1062584370374679,0,True,True,both_correct,0.997154,0.893741562962532
8141.png,0,0,0.000812,0,0,0.0013124902034178,0,True,True,both_correct,0.999188,0.9986875097965822
8142.png,0,0,0.0003276,0,0,0.0011781029170379,0,True,True,both_correct,0.9996724,0.9988218970829621
8144.png,0,1,0.9956,0,1,0.9215503334999084,0,False,False,both_wrong,0.9956,0.9215503334999084
8156.png,0,0,0.0009775,0,0,0.0189962536096572,0,True,True,both_correct,0.9990225,0.9810037463903428
8172.png,0,0,0.0001205,0,0,3.1404887579356e-08,0,True,True,both_correct,0.9998795,0.9999999685951124
8174.png,0,0,0.3962,0,0,0.3792792558670044,0,True,True,both_correct,0.6038,0.6207207441329956
8179.png,0,0,0.0002323,0,0,4.3714939238270745e-05,0,True,True,both_correct,0.9997677,0.9999562850607617
8187.png,0,0,0.3818,0,1,0.8735547065734863,0,True,False,swin_correct_r50_wrong,0.6182000000000001,0.8735547065734863
8188.png,0,0,0.0217,0,0,0.0435842163860797,0,True,True,both_correct,0.9783,0.9564157836139203
8189.png,0,0,0.000878,0,0,1.5967914805514738e-05,0,True,True,both_correct,0.999122,0.9999840320851945
8192.png,0,0,0.02348,0,0,0.0005470752366818,0,True,True,both_correct,0.97652,0.9994529247633182
8193.png,0,0,0.00034,0,0,0.0004041679494548,0,True,True,both_correct,0.99966,0.9995958320505453
8201.png,0,0,0.0002453,0,0,4.639974577003159e-06,0,True,True,both_correct,0.9997547,0.999995360025423
8207.png,0,0,0.002617,0,0,0.1096780374646186,0,True,True,both_correct,0.997383,0.8903219625353814
8213.png,0,0,0.00664,0,0,0.0037963308859616,0,True,True,both_correct,0.99336,0.9962036691140383
8217.png,1,1,0.9937,1,1,0.8482303619384766,1,True,True,both_correct,0.9937,0.8482303619384766
8229.png,0,0,0.0002425,0,0,6.281895821302896e-07,0,True,True,both_correct,0.9997575,0.9999993718104179
8230.png,0,0,0.0004132,0,0,1.5498841321459622e-06,0,True,True,both_correct,0.9995868,0.9999984501158679
8233.png,0,0,0.0003188,0,0,6.0891970576904e-08,0,True,True,both_correct,0.9996812,0.9999999391080294
8234.png,0,0,0.0001371,0,0,2.549064447521232e-06,0,True,True,both_correct,0.9998629,0.9999974509355525
8237.png,0,0,0.00063,0,0,2.1772374125816896e-08,0,True,True,both_correct,0.99937,0.9999999782276259
8239.png,0,0,0.0002066,0,0,0.00029330374673,0,True,True,both_correct,0.9997934,0.99970669625327
8240.png,0,0,0.00759,0,0,9.448188939131796e-05,0,True,True,both_correct,0.99241,0.9999055181106087
8242.png,0,0,0.001279,0,0,0.0008761273347772,0,True,True,both_correct,0.998721,0.9991238726652228
8252.png,0,0,0.0001972,0,0,1.2556241017591674e-05,0,True,True,both_correct,0.9998028,0.9999874437589824
8254.png,0,0,0.0003529,0,0,0.0144748203456401,0,True,True,both_correct,0.9996471,0.9855251796543599
8256.png,0,0,0.0006666,0,0,2.206264980486594e-05,0,True,True,both_correct,0.9993334,0.9999779373501951
8259.png,1,1,0.9795,1,1,0.9177154898643494,1,True,True,both_correct,0.9795,0.9177154898643494
8266.png,0,0,0.013916,0,0,0.0007995086489245,0,True,True,both_correct,0.986084,0.9992004913510755
8267.png,0,0,0.01076,0,0,0.0009866227628663,0,True,True,both_correct,0.98924,0.9990133772371337
8271.png,0,0,0.001351,0,0,0.0003961969341617,0,True,True,both_correct,0.998649,0.9996038030658383
8275.png,1,1,0.9927,1,1,0.9941388368606568,1,True,True,both_correct,0.9927,0.9941388368606568
8280.png,1,1,0.9995,1,1,0.9998204112052916,1,True,True,both_correct,0.9995,0.9998204112052916
8290.png,0,0,0.0006614,0,0,0.0002082751016132,0,True,True,both_correct,0.9993386,0.9997917248983867
8292.png,0,0,0.004646,0,0,7.16895010555163e-05,0,True,True,both_correct,0.995354,0.9999283104989445
8296.png,0,0,9.1e-05,0,0,3.491015263534792e-07,0,True,True,both_correct,0.999909,0.9999996508984736
8298.png,0,0,0.000684,0,0,7.516401092289016e-05,0,True,True,both_correct,0.999316,0.9999248359890771
8300.png,0,0,0.003292,0,0,0.0306458920240402,0,True,True,both_correct,0.996708,0.9693541079759598
8301.png,0,0,0.0003529,0,0,1.710455762804486e-05,0,True,True,both_correct,0.9996471,0.999982895442372
8307.png,0,0,0.00384,0,0,0.0274231880903244,0,True,True,both_correct,0.99616,0.9725768119096756
8311.png,0,0,0.00669,0,0,0.004191359039396,0,True,True,both_correct,0.99331,0.995808640960604
8316.png,0,0,3.75e-05,0,0,1.7552122949515692e-11,0,True,True,both_correct,0.9999625,0.9999999999824479
8318.png,0,0,0.02971,0,0,0.0675979480147361,0,True,True,both_correct,0.97029,0.9324020519852639
8324.png,0,0,0.4436,0,1,0.5527758002281189,0,True,False,swin_correct_r50_wrong,0.5564,0.5527758002281189
8326.png,0,0,0.00848,0,0,0.0152804180979728,0,True,True,both_correct,0.99152,0.9847195819020272
8329.png,1,1,0.9663,1,1,0.8194485306739807,1,True,True,both_correct,0.9663,0.8194485306739807
8330.png,0,0,0.002144,0,0,0.023627758026123,0,True,True,both_correct,0.997856,0.976372241973877
8338.png,0,0,9.686e-05,0,0,1.523495575384004e-05,0,True,True,both_correct,0.99990314,0.9999847650442462
8340.png,0,0,0.0011425,0,0,0.0064051109366118,0,True,True,both_correct,0.9988575,0.9935948890633882
8344.png,1,0,0.1852,1,1,0.9115023612976074,1,False,True,r50_correct_swin_wrong,0.8148,0.9115023612976074
8352.png,0,0,0.0845,0,1,0.9381887912750244,0,True,False,swin_correct_r50_wrong,0.9155,0.9381887912750244
8353.png,0,0,0.005924,0,0,0.0001337555440841,0,True,True,both_correct,0.994076,0.9998662444559159
8363.png,0,0,0.009,0,0,0.1084019243717193,0,True,True,both_correct,0.991,0.8915980756282806
8367.png,0,0,0.02461,0,1,0.6561831831932068,0,True,False,swin_correct_r50_wrong,0.97539,0.6561831831932068
8377.png,1,0,0.0782,1,1,0.7150120139122009,1,False,True,r50_correct_swin_wrong,0.9218,0.7150120139122009
8380.png,0,0,6.205e-05,0,0,0.0001717753330012,0,True,True,both_correct,0.99993795,0.9998282246669988
8382.png,0,0,2.81e-05,0,0,1.8855061512113025e-07,0,True,True,both_correct,0.9999719,0.9999998114493849
8384.png,0,0,0.10126,0,1,0.5239917635917664,0,True,False,swin_correct_r50_wrong,0.89874,0.5239917635917664
8386.png,0,0,0.00035,0,0,1.0227498705717153e-06,0,True,True,both_correct,0.99965,0.9999989772501294
8392.png,0,0,0.01631,0,0,0.0154688525944948,0,True,True,both_correct,0.98369,0.9845311474055052
8393.png,0,0,0.001044,0,0,0.0005352494772523,0,True,True,both_correct,0.998956,0.9994647505227477
8396.png,0,1,0.8813,0,0,0.0548004023730754,0,False,True,r50_correct_swin_wrong,0.8813,0.9451995976269246
8402.png,0,0,0.0184,0,0,0.0308867059648036,0,True,True,both_correct,0.9816,0.9691132940351964
8403.png,0,0,0.0008917,0,0,0.0075214975513517,0,True,True,both_correct,0.9991083,0.9924785024486483
8408.png,0,0,0.2186,0,1,0.5852361917495728,0,True,False,swin_correct_r50_wrong,0.7814,0.5852361917495728
8414.png,0,1,0.997,0,1,0.9209485054016112,0,False,False,both_wrong,0.997,0.9209485054016112
8426.png,0,1,0.655,0,1,0.5328208804130554,0,False,False,both_wrong,0.655,0.5328208804130554
8430.png,1,0,0.07135,1,1,0.837039053440094,1,False,True,r50_correct_swin_wrong,0.92865,0.837039053440094
8434.png,0,0,0.00345,0,0,0.0027037090621888,0,True,True,both_correct,0.99655,0.9972962909378112
8439.png,0,0,0.07544,0,1,0.7889615297317505,0,True,False,swin_correct_r50_wrong,0.92456,0.7889615297317505
8444.png,0,0,0.01447,0,0,0.0167564135044813,0,True,True,both_correct,0.98553,0.9832435864955187
8455.png,0,0,0.0003655,0,0,1.0244747500109952e-05,0,True,True,both_correct,0.9996345,0.9999897552524999
8456.png,0,0,0.001221,0,0,0.0001427679817425,0,True,True,both_correct,0.998779,0.9998572320182575
8460.png,0,0,0.004635,0,0,0.0090897558256983,0,True,True,both_correct,0.995365,0.9909102441743017
8461.png,0,0,0.000556,0,0,2.8152076083642896e-06,0,True,True,both_correct,0.999444,0.9999971847923916
8466.png,0,0,0.10114,0,0,0.2213414460420608,0,True,True,both_correct,0.89886,0.7786585539579391
8471.png,0,0,0.0004172,0,0,2.9786194772896124e-06,0,True,True,both_correct,0.9995828,0.9999970213805227
8491.png,0,1,0.5103,0,0,0.1646151095628738,0,False,True,r50_correct_swin_wrong,0.5103,0.8353848904371262
8492.png,0,0,0.1665,0,1,0.5580368041992188,0,True,False,swin_correct_r50_wrong,0.8335,0.5580368041992188
8494.png,0,0,0.0005255,0,0,0.0097393877804279,0,True,True,both_correct,0.9994745,0.9902606122195721
8509.png,0,0,0.0001298,0,0,0.0005818711942993,0,True,True,both_correct,0.9998702,0.9994181288057007
8511.png,0,0,0.03308,0,0,0.0174391753971576,0,True,True,both_correct,0.96692,0.9825608246028424
8518.png,0,0,0.006798,0,0,0.0198946874588727,0,True,True,both_correct,0.993202,0.9801053125411273
8519.png,0,0,0.0004382,0,0,1.2558659364003688e-05,0,True,True,both_correct,0.9995618,0.999987441340636
8522.png,0,1,0.678,0,0,0.1979483515024185,0,False,True,r50_correct_swin_wrong,0.678,0.8020516484975815
8524.png,1,1,0.991,1,1,0.9613543748855592,1,True,True,both_correct,0.991,0.9613543748855592
8525.png,0,0,0.001399,0,0,1.659020881561446e-06,0,True,True,both_correct,0.998601,0.9999983409791184
8528.png,0,0,0.00961,0,0,0.0011592197697609,0,True,True,both_correct,0.99039,0.9988407802302391
8529.png,0,0,0.002901,0,0,7.906359678599983e-05,0,True,True,both_correct,0.997099,0.999920936403214
8532.png,0,0,0.000775,0,0,0.0001613109197933,0,True,True,both_correct,0.999225,0.9998386890802067
8536.png,0,0,0.001814,0,0,0.1543131172657013,0,True,True,both_correct,0.998186,0.8456868827342987
8544.png,0,0,0.02898,0,0,0.004879243671894,0,True,True,both_correct,0.97102,0.995120756328106
8554.png,0,0,0.11993,0,0,0.0718245580792427,0,True,True,both_correct,0.88007,0.9281754419207573
8566.png,1,0,0.085,1,0,0.2186734974384308,1,False,False,both_wrong,0.915,0.7813265025615692
8568.png,1,1,0.8467,1,1,0.719981849193573,1,True,True,both_correct,0.8467,0.719981849193573
8569.png,0,0,0.0002221,0,0,1.7099389959529532e-10,0,True,True,both_correct,0.9997779,0.9999999998290061
8572.png,0,0,0.1343,0,0,0.0450490191578865,0,True,True,both_correct,0.8657,0.9549509808421135
8588.png,0,0,0.0654,0,0,0.0088457493111491,0,True,True,both_correct,0.9346,0.9911542506888509
8589.png,0,0,0.1019,0,0,0.3408144116401672,0,True,True,both_correct,0.8981,0.6591855883598328
8595.png,0,0,0.005447,0,0,0.0034477957524359,0,True,True,both_correct,0.994553,0.9965522042475641
8611.png,0,0,0.0002835,0,0,0.0015208001714199,0,True,True,both_correct,0.9997165,0.9984791998285801
8612.png,0,0,0.3247,0,0,0.0007660014671273,0,True,True,both_correct,0.6753,0.9992339985328726
8616.png,0,0,0.0004637,0,0,7.424823706969619e-07,0,True,True,both_correct,0.9995363,0.9999992575176293
8617.png,0,0,0.004513,0,0,0.0002269109245389,0,True,True,both_correct,0.995487,0.9997730890754611
8622.png,0,0,0.1047,0,0,0.3024318516254425,0,True,True,both_correct,0.8953,0.6975681483745575
8632.png,0,1,0.8823,0,0,0.2688319385051727,0,False,True,r50_correct_swin_wrong,0.8823,0.7311680614948273
8634.png,0,1,0.6704,0,1,0.8073506951332092,0,False,False,both_wrong,0.6704,0.8073506951332092
8636.png,0,0,0.0012865,0,0,0.0008197696879506,0,True,True,both_correct,0.9987135,0.9991802303120494
8638.png,0,0,0.003172,0,0,0.0004655351513065,0,True,True,both_correct,0.996828,0.9995344648486935
8639.png,0,0,0.0004747,0,0,0.0074367094784975,0,True,True,both_correct,0.9995253,0.9925632905215025
8641.png,1,1,0.9033,1,1,0.9461892247200012,1,True,True,both_correct,0.9033,0.9461892247200012
8644.png,0,0,0.0002323,0,0,1.8998021914740093e-05,0,True,True,both_correct,0.9997677,0.9999810019780853
8647.png,0,0,0.005676,0,0,0.0390281416475772,0,True,True,both_correct,0.994324,0.9609718583524228
8654.png,1,1,0.9995,1,1,0.995976984500885,1,True,True,both_correct,0.9995,0.995976984500885
8683.png,0,0,0.1681,0,0,0.1518856287002563,0,True,True,both_correct,0.8319,0.8481143712997437
8689.png,0,0,0.03317,0,0,0.1157413721084594,0,True,True,both_correct,0.96683,0.8842586278915406
8690.png,0,0,3.594e-05,0,0,9.095694508687302e-07,0,True,True,both_correct,0.99996406,0.9999990904305491
8691.png,0,1,0.514,0,1,0.5117204189300537,0,False,False,both_wrong,0.514,0.5117204189300537
8696.png,0,0,0.3745,0,0,0.3426623344421386,0,True,True,both_correct,0.6255,0.6573376655578613
8702.png,0,0,0.093,0,0,0.0094418581575155,0,True,True,both_correct,0.907,0.9905581418424845
8707.png,0,0,0.0008507,0,0,0.0977537930011749,0,True,True,both_correct,0.9991493,0.9022462069988251
8709.png,0,0,0.000471,0,0,0.0008938632672652,0,True,True,both_correct,0.999529,0.9991061367327349
8710.png,0,0,0.002699,0,0,0.0158258024603128,0,True,True,both_correct,0.997301,0.9841741975396872
8715.png,0,0,0.0001388,0,0,5.3145631682127714e-05,0,True,True,both_correct,0.9998612,0.9999468543683179
8717.png,0,0,0.001513,0,0,1.4805672435613816e-05,0,True,True,both_correct,0.998487,0.9999851943275644
8722.png,0,0,0.0005918,0,0,2.606048838060815e-05,0,True,True,both_correct,0.9994082,0.9999739395116194
8726.png,0,0,0.000452,0,0,0.00222102063708,0,True,True,both_correct,0.999548,0.99777897936292
8728.png,0,0,8.96e-05,0,0,1.874694021353207e-06,0,True,True,both_correct,0.9999104,0.9999981253059786
8734.png,0,0,0.007175,0,0,0.0010436658049002,0,True,True,both_correct,0.992825,0.9989563341950998
8742.png,0,0,0.00885,0,0,0.0227608475834131,0,True,True,both_correct,0.99115,0.9772391524165869
8748.png,0,0,0.0702,0,1,0.6097930073738098,0,True,False,swin_correct_r50_wrong,0.9298,0.6097930073738098
8753.png,0,0,0.0006785,0,0,6.2270546550280415e-06,0,True,True,both_correct,0.9993215,0.999993772945345
8756.png,0,0,0.4192,0,1,0.8944380283355713,0,True,False,swin_correct_r50_wrong,0.5808,0.8944380283355713
8761.png,1,1,0.9976,1,1,0.9985287189483644,1,True,True,both_correct,0.9976,0.9985287189483644
8769.png,0,0,0.0002627,0,0,1.0294893399986904e-05,0,True,True,both_correct,0.9997373,0.9999897051066
8775.png,0,0,0.0004964,0,0,0.0002128359919879,0,True,True,both_correct,0.9995036,0.9997871640080122
8785.png,0,0,0.0001987,0,0,5.5428899941034615e-05,0,True,True,both_correct,0.9998013,0.999944571100059
8787.png,0,0,0.00145,0,0,2.350032082176768e-05,0,True,True,both_correct,0.99855,0.9999764996791782
8790.png,1,1,0.6807,1,0,0.1649616360664367,1,True,False,swin_correct_r50_wrong,0.6807,0.8350383639335632
8812.png,1,1,0.9995,1,1,0.95458722114563,1,True,True,both_correct,0.9995,0.95458722114563
8816.png,0,0,0.000389,0,0,0.0001851344568422,0,True,True,both_correct,0.999611,0.9998148655431578
8820.png,0,0,2.26e-05,0,0,7.413051150706451e-08,0,True,True,both_correct,0.9999774,0.9999999258694885
8823.png,0,0,0.008286,0,0,0.0153546975925564,0,True,True,both_correct,0.991714,0.9846453024074436
8828.png,0,0,0.0723,0,0,0.112990029156208,0,True,True,both_correct,0.9277,0.887009970843792
8829.png,0,0,0.02444,0,0,0.2451793253421783,0,True,True,both_correct,0.97556,0.7548206746578217
8831.png,1,1,0.9917,1,1,0.921596884727478,1,True,True,both_correct,0.9917,0.921596884727478
8834.png,0,0,0.1108,0,0,0.0482890009880065,0,True,True,both_correct,0.8892,0.9517109990119935
8838.png,0,0,0.004047,0,0,0.0470045544207096,0,True,True,both_correct,0.995953,0.9529954455792904
8843.png,0,0,0.02104,0,0,0.0053074602037668,0,True,True,both_correct,0.97896,0.9946925397962332
8854.png,1,1,0.9463,1,1,0.8990919589996338,1,True,True,both_correct,0.9463,0.8990919589996338
8859.png,0,0,3.74e-05,0,0,3.3440105653426144e-06,0,True,True,both_correct,0.9999626,0.9999966559894347
8865.png,0,0,0.0002252,0,0,2.982372643600684e-05,0,True,True,both_correct,0.9997748,0.999970176273564
8874.png,0,0,4.13e-05,0,0,4.684467000970473e-07,0,True,True,both_correct,0.9999587,0.9999995315532999
8879.png,0,0,0.02525,0,1,0.7894274592399597,0,True,False,swin_correct_r50_wrong,0.97475,0.7894274592399597
8881.png,0,0,0.0002306,0,0,6.64352000967483e-07,0,True,True,both_correct,0.9997694,0.999999335647999
8882.png,0,0,0.01408,0,0,0.0242982469499111,0,True,True,both_correct,0.98592,0.9757017530500889
8885.png,0,0,0.0003748,0,0,3.896005182468798e-06,0,True,True,both_correct,0.9996252,0.9999961039948175
8888.png,0,1,0.4666,0,0,0.0652955919504165,0,False,True,r50_correct_swin_wrong,0.4666,0.9347044080495835
8891.png,0,0,7.576e-05,0,0,3.212241495020862e-08,0,True,True,both_correct,0.99992424,0.999999967877585
8893.png,0,0,0.0001566,0,0,1.1812616321549284e-05,0,True,True,both_correct,0.9998434,0.9999881873836785
8894.png,0,0,8.994e-05,0,0,2.008912929341023e-07,0,True,True,both_correct,0.99991006,0.9999997991087071
8895.png,0,0,0.0009546,0,0,1.2556887668324634e-05,0,True,True,both_correct,0.9990454,0.9999874431123317
8896.png,0,0,0.00011194,0,0,0.0001383970666211,0,True,True,both_correct,0.99988806,0.9998616029333789
8899.png,0,0,0.0007915,0,0,3.137181465717731e-07,0,True,True,both_correct,0.9992085,0.9999996862818534
8904.png,0,0,0.006313,0,0,0.0574912875890731,0,True,True,both_correct,0.993687,0.9425087124109269
8917.png,0,0,0.0006437,0,0,2.31483718380332e-05,0,True,True,both_correct,0.9993563,0.999976851628162
8920.png,1,1,0.971,1,1,0.8837766051292419,1,True,True,both_correct,0.971,0.8837766051292419
8927.png,0,0,0.182,0,1,0.8472418189048767,0,True,False,swin_correct_r50_wrong,0.8180000000000001,0.8472418189048767
8928.png,0,0,0.001219,0,0,0.015653271228075,0,True,True,both_correct,0.998781,0.984346728771925
8931.png,0,0,0.00522,0,0,0.0008620934095233,0,True,True,both_correct,0.99478,0.9991379065904767
8935.png,0,0,0.0006824,0,0,5.138112464919686e-05,0,True,True,both_correct,0.9993176,0.9999486188753508
8944.png,0,0,0.2272,0,1,0.5457732081413269,0,True,False,swin_correct_r50_wrong,0.7727999999999999,0.5457732081413269
8950.png,0,0,0.0002482,0,0,7.036522674752632e-06,0,True,True,both_correct,0.9997518,0.9999929634773252
8954.png,0,0,0.0005035,0,0,0.0001056225737556,0,True,True,both_correct,0.9994965,0.9998943774262444
8956.png,0,1,0.4844,0,0,0.2221489697694778,0,False,True,r50_correct_swin_wrong,0.4844,0.7778510302305222
8958.png,0,0,0.00172,0,0,0.0004316399281378,0,True,True,both_correct,0.99828,0.9995683600718622
8960.png,0,0,0.0002288,0,0,1.2695982931631988e-08,0,True,True,both_correct,0.9997712,0.9999999873040171
8963.png,0,0,0.001279,0,0,0.0460385717451572,0,True,True,both_correct,0.998721,0.9539614282548428
8964.png,0,0,0.004772,0,0,0.0001136079445132,0,True,True,both_correct,0.995228,0.9998863920554868
8971.png,0,0,0.0002663,0,0,0.0002026487491093,0,True,True,both_correct,0.9997337,0.9997973512508908
8976.png,0,0,0.002993,0,0,0.0013499298365786,0,True,True,both_correct,0.997007,0.9986500701634214
8978.png,0,0,0.001984,0,0,0.0003559710166882,0,True,True,both_correct,0.998016,0.9996440289833118
8990.png,0,0,0.0004206,0,0,0.0375230722129344,0,True,True,both_correct,0.9995794,0.9624769277870656
8993.png,0,0,8.85e-05,0,0,6.927419690327952e-06,0,True,True,both_correct,0.9999115,0.9999930725803097
8995.png,0,0,0.00041,0,0,0.0003608204424381,0,True,True,both_correct,0.99959,0.9996391795575619
9000.png,0,0,0.0002513,0,0,7.135189434848144e-07,0,True,True,both_correct,0.9997487,0.9999992864810565
9005.png,0,0,9.8e-05,0,0,2.0676850454037776e-06,0,True,True,both_correct,0.999902,0.9999979323149546
9008.png,0,0,0.0001366,0,0,5.869023880222812e-06,0,True,True,both_correct,0.9998634,0.9999941309761198
9016.png,0,0,0.0002242,0,0,0.0006837284890934,0,True,True,both_correct,0.9997758,0.9993162715109066
9023.png,0,0,0.0714,0,0,0.1730236858129501,0,True,True,both_correct,0.9286,0.8269763141870499
9025.png,1,0,0.1083,1,0,0.0429956577718257,1,False,False,both_wrong,0.8917,0.9570043422281743
9029.png,0,0,0.00927,0,0,0.0283557157963514,0,True,True,both_correct,0.99073,0.9716442842036486
9033.png,0,0,0.0004888,0,0,0.0002100366400554,0,True,True,both_correct,0.9995112,0.9997899633599446
9036.png,0,0,0.005417,0,0,0.0007724469760432,0,True,True,both_correct,0.994583,0.9992275530239568
9037.png,0,0,0.00149,0,0,0.0093078799545764,0,True,True,both_correct,0.99851,0.9906921200454236
9039.png,0,0,0.2412,0,0,0.0378003120422363,0,True,True,both_correct,0.7588,0.9621996879577637
9050.png,0,0,0.001519,0,0,2.009825220739004e-05,0,True,True,both_correct,0.998481,0.9999799017477926
9057.png,0,0,0.0003626,0,0,0.0001915673492476,0,True,True,both_correct,0.9996374,0.9998084326507524
9059.png,0,0,0.001461,0,0,0.0004775107372552,0,True,True,both_correct,0.998539,0.9995224892627448
9060.png,0,0,0.0005836,0,0,0.0005518497200682,0,True,True,both_correct,0.9994164,0.9994481502799318
9063.png,0,0,0.0004022,0,0,0.0001150583921116,0,True,True,both_correct,0.9995978,0.9998849416078884
9064.png,0,0,0.001032,0,0,0.0063755973242223,0,True,True,both_correct,0.998968,0.9936244026757777
9069.png,0,0,0.0003598,0,0,7.439030923706014e-06,0,True,True,both_correct,0.9996402,0.9999925609690763
9101.png,0,0,0.000793,0,0,0.0002387599379289,0,True,True,both_correct,0.999207,0.9997612400620711
9107.png,1,1,0.9556,1,1,0.8336296677589417,1,True,True,both_correct,0.9556,0.8336296677589417
9112.png,0,0,0.08264,0,0,0.2072876393795013,0,True,True,both_correct,0.91736,0.7927123606204987
9116.png,0,1,0.6343,0,0,0.2450424879789352,0,False,True,r50_correct_swin_wrong,0.6343,0.7549575120210648
9117.png,0,0,0.0002491,0,0,1.0745196959760506e-05,0,True,True,both_correct,0.9997509,0.9999892548030402
9132.png,0,0,6.634e-05,0,0,7.152364105422748e-07,0,True,True,both_correct,0.99993366,0.9999992847635895
9134.png,0,0,3.916e-05,0,0,1.8149863478811312e-07,0,True,True,both_correct,0.99996084,0.9999998185013652
9135.png,0,0,8.416e-05,0,0,6.595579975510191e-07,0,True,True,both_correct,0.99991584,0.9999993404420024
9143.png,1,1,0.741,1,1,0.8130252957344055,1,True,True,both_correct,0.741,0.8130252957344055
9148.png,0,0,0.0002728,0,0,1.9411754692555405e-06,0,True,True,both_correct,0.9997272,0.9999980588245307
9150.png,0,0,0.0002613,0,0,3.0408478778554127e-05,0,True,True,both_correct,0.9997387,0.9999695915212214
9151.png,0,0,0.014885,0,0,0.0051812953315675,0,True,True,both_correct,0.985115,0.9948187046684325
9165.png,0,0,0.0003583,0,0,7.797261787345633e-05,0,True,True,both_correct,0.9996417,0.9999220273821265
9179.png,1,1,0.939,1,1,0.7356216311454773,1,True,True,both_correct,0.939,0.7356216311454773
9181.png,0,0,0.000593,0,0,2.150409454770852e-05,0,True,True,both_correct,0.999407,0.9999784959054523
9185.png,0,0,0.000839,0,0,5.839942969032563e-05,0,True,True,both_correct,0.999161,0.9999416005703097
9191.png,0,0,0.0001774,0,0,6.957093034998253e-08,0,True,True,both_correct,0.9998226,0.9999999304290697
9192.png,0,0,0.0005326,0,0,0.0001418328174622,0,True,True,both_correct,0.9994674,0.9998581671825378
9195.png,0,0,0.0003426,0,0,1.376840918965172e-05,0,True,True,both_correct,0.9996574,0.9999862315908103
9197.png,0,0,0.000403,0,0,1.4296679182734806e-05,0,True,True,both_correct,0.999597,0.9999857033208173
9204.png,0,0,0.001053,0,0,0.0001134537815232,0,True,True,both_correct,0.998947,0.9998865462184768
9212.png,1,1,0.997,1,1,0.910335123538971,1,True,True,both_correct,0.997,0.910335123538971
9225.png,0,0,0.0002099,0,0,2.845958260877524e-05,0,True,True,both_correct,0.9997901,0.9999715404173912
9227.png,0,1,0.6504,0,0,0.2472472786903381,0,False,True,r50_correct_swin_wrong,0.6504,0.7527527213096619
9231.png,0,0,0.00548,0,0,0.0629717409610748,0,True,True,both_correct,0.99452,0.9370282590389252
9235.png,0,0,0.0007887,0,0,0.0123125705868005,0,True,True,both_correct,0.9992113,0.9876874294131995
9236.png,0,1,0.4937,0,1,0.6472286581993103,0,False,False,both_wrong,0.4937,0.6472286581993103
9248.png,0,0,0.0004246,0,0,8.198433533834759e-06,0,True,True,both_correct,0.9995754,0.9999918015664662
9251.png,0,0,0.002424,0,0,0.0198302529752254,0,True,True,both_correct,0.997576,0.9801697470247746
9261.png,1,1,0.998,1,1,0.9796971678733826,1,True,True,both_correct,0.998,0.9796971678733826
9266.png,0,0,0.01907,0,0,0.1158771514892578,0,True,True,both_correct,0.98093,0.8841228485107422
9275.png,0,0,0.09607,0,0,0.0729200318455696,0,True,True,both_correct,0.90393,0.9270799681544304
9276.png,0,0,0.0009527,0,0,0.0417563989758491,0,True,True,both_correct,0.9990473,0.9582436010241508
9277.png,0,0,0.0211,0,0,0.0055124806240201,0,True,True,both_correct,0.9789,0.9944875193759799
9281.png,0,0,0.0001271,0,0,3.026787283033628e-07,0,True,True,both_correct,0.9998729,0.9999996973212717
9284.png,0,0,0.0004256,0,0,5.781406434834935e-05,0,True,True,both_correct,0.9995744,0.9999421859356517
9288.png,0,0,0.0001647,0,0,0.000479170033941,0,True,True,both_correct,0.9998353,0.999520829966059
9293.png,0,0,0.001071,0,0,0.0004006866947747,0,True,True,both_correct,0.998929,0.9995993133052253
9306.png,0,0,0.0001802,0,0,6.0503341956064105e-05,0,True,True,both_correct,0.9998198,0.9999394966580439
9310.png,0,0,0.0001382,0,0,6.518344162032008e-05,0,True,True,both_correct,0.9998618,0.9999348165583797
9313.png,1,1,0.8955,1,1,0.8664743900299072,1,True,True,both_correct,0.8955,0.8664743900299072
9319.png,0,0,0.002626,0,0,0.0204991325736045,0,True,True,both_correct,0.997374,0.9795008674263955
9329.png,0,0,0.0002191,0,0,2.957394826808013e-07,0,True,True,both_correct,0.9997809,0.9999997042605173
9332.png,0,0,0.00026,0,0,1.26760378407198e-05,0,True,True,both_correct,0.99974,0.9999873239621593
9334.png,0,0,0.00052,0,0,4.439299300429411e-05,0,True,True,both_correct,0.99948,0.9999556070069957
9337.png,0,0,0.0009055,0,0,4.398020973894745e-05,0,True,True,both_correct,0.9990945,0.999956019790261
9339.png,1,1,0.889,1,1,0.7352052330970764,1,True,True,both_correct,0.889,0.7352052330970764
9354.png,0,0,0.0002226,0,0,4.417824584379559e-06,0,True,True,both_correct,0.9997774,0.9999955821754156
9359.png,0,0,0.2258,0,0,0.1641230285167694,0,True,True,both_correct,0.7742,0.8358769714832306
9367.png,0,0,0.000255,0,0,1.2356788658962614e-07,0,True,True,both_correct,0.999745,0.9999998764321134
9375.png,0,0,0.10004,0,0,0.0370698496699333,0,True,True,both_correct,0.89996,0.9629301503300667
9388.png,0,0,0.0004888,0,0,1.3256085118484862e-08,0,True,True,both_correct,0.9995112,0.9999999867439149
9393.png,0,0,0.00479,0,0,0.0113772461190819,0,True,True,both_correct,0.99521,0.9886227538809181
9395.png,0,0,0.01196,0,0,0.0010691160568967,0,True,True,both_correct,0.98804,0.9989308839431033
9397.png,0,0,0.003708,0,0,4.839172470383346e-05,0,True,True,both_correct,0.996292,0.9999516082752962
9404.png,1,0,0.00668,1,0,4.974379407940432e-05,1,False,False,both_wrong,0.99332,0.9999502562059206
9409.png,0,0,0.0465,0,0,0.1602523475885391,0,True,True,both_correct,0.9535,0.8397476524114609
9419.png,0,0,0.002699,0,0,0.000907773268409,0,True,True,both_correct,0.997301,0.999092226731591
9421.png,0,0,0.01055,0,1,0.5149375796318054,0,True,False,swin_correct_r50_wrong,0.98945,0.5149375796318054
9422.png,0,0,0.0001853,0,0,0.000426392769441,0,True,True,both_correct,0.9998147,0.999573607230559
9423.png,0,0,0.0003698,0,0,6.886635674163699e-05,0,True,True,both_correct,0.9996302,0.9999311336432584
9429.png,0,0,0.000187,0,0,1.1850574082927778e-05,0,True,True,both_correct,0.999813,0.9999881494259171
9430.png,0,0,9.423e-05,0,0,5.744717054767534e-05,0,True,True,both_correct,0.99990577,0.9999425528294523
9436.png,0,0,0.0001177,0,0,8.835193909817465e-08,0,True,True,both_correct,0.9998823,0.9999999116480609
9438.png,0,0,0.0002637,0,0,1.8007167454925366e-05,0,True,True,both_correct,0.9997363,0.9999819928325451
9441.png,0,0,0.00010514,0,0,1.2120594305997656e-07,0,True,True,both_correct,0.99989486,0.9999998787940569
9443.png,0,0,0.134,0,0,0.0610578507184982,0,True,True,both_correct,0.866,0.9389421492815018
9444.png,0,0,0.001536,0,0,1.3724908320966732e-08,0,True,True,both_correct,0.998464,0.9999999862750917
9448.png,0,0,0.002213,0,0,2.408255795671721e-06,0,True,True,both_correct,0.997787,0.9999975917442043
9449.png,0,0,0.003075,0,0,0.0001936364278662,0,True,True,both_correct,0.996925,0.9998063635721338
9458.png,0,0,0.0004766,0,0,5.140754728927277e-05,0,True,True,both_correct,0.9995234,0.9999485924527107
9470.png,0,0,0.0005074,0,0,0.0017537901876494,0,True,True,both_correct,0.9994926,0.9982462098123506
9472.png,0,0,0.0706,0,0,0.0480919256806373,0,True,True,both_correct,0.9294,0.9519080743193628
9477.png,0,0,0.001908,0,0,3.058646689169109e-05,0,True,True,both_correct,0.998092,0.9999694135331083
9486.png,0,0,0.0003018,0,0,1.2092072211089544e-05,0,True,True,both_correct,0.9996982,0.9999879079277889
9487.png,0,0,0.001323,0,0,0.000923634681385,0,True,True,both_correct,0.998677,0.999076365318615
9492.png,0,0,0.0002491,0,0,0.0002773653541225,0,True,True,both_correct,0.9997509,0.9997226346458775
9497.png,0,0,3.81e-05,0,0,0.0001855007576523,0,True,True,both_correct,0.9999619,0.9998144992423477
9509.png,0,0,0.2202,0,0,0.005937167443335,0,True,True,both_correct,0.7798,0.994062832556665
9512.png,0,1,0.4521,0,0,0.4977262318134308,0,False,True,r50_correct_swin_wrong,0.4521,0.5022737681865692
9513.png,0,0,0.006565,0,0,0.0009853021474555,0,True,True,both_correct,0.993435,0.9990146978525445
9514.png,0,0,0.00198,0,0,0.0312593579292297,0,True,True,both_correct,0.99802,0.9687406420707703
9519.png,1,1,0.989,1,1,0.949839174747467,1,True,True,both_correct,0.989,0.949839174747467
9536.png,0,0,0.00026,0,0,0.002118433592841,0,True,True,both_correct,0.99974,0.997881566407159
9538.png,0,0,0.002632,0,0,0.0003776480152737,0,True,True,both_correct,0.997368,0.9996223519847263
9545.png,0,0,0.00271,0,0,0.0024384937714785,0,True,True,both_correct,0.99729,0.9975615062285215
9548.png,0,0,0.04388,0,0,0.00501449406147,0,True,True,both_correct,0.95612,0.99498550593853
9549.png,0,0,0.00945,0,0,0.0892920717597007,0,True,True,both_correct,0.99055,0.9107079282402993
9555.png,0,0,0.004566,0,0,0.0272995606064796,0,True,True,both_correct,0.995434,0.9727004393935204
9558.png,0,0,0.004078,0,0,6.386652239598334e-05,0,True,True,both_correct,0.995922,0.999936133477604
9564.png,0,0,0.002314,0,0,6.691397720715031e-05,0,True,True,both_correct,0.997686,0.9999330860227928
9567.png,0,0,0.01242,0,0,0.0387361608445644,0,True,True,both_correct,0.98758,0.9612638391554356
9572.png,0,0,0.001069,0,0,1.0608401680656245e-05,0,True,True,both_correct,0.998931,0.9999893915983193
9573.png,0,0,0.0001746,0,0,0.0002262541675008,0,True,True,both_correct,0.9998254,0.9997737458324992
9577.png,1,0,0.02454,1,0,0.0010823152260854,1,False,False,both_wrong,0.97546,0.9989176847739146
9581.png,0,0,0.01289,0,0,0.0008816078188829,0,True,True,both_correct,0.98711,0.9991183921811171
9587.png,0,0,0.4194,0,0,0.0384223945438861,0,True,True,both_correct,0.5806,0.9615776054561139
9594.png,0,0,0.0006666,0,0,0.0003105637151747,0,True,True,both_correct,0.9993334,0.9996894362848253
9599.png,0,0,8.89e-05,0,0,0.0007157840882427,0,True,True,both_correct,0.9999111,0.9992842159117573
9606.png,0,0,0.001513,0,0,2.874237179639749e-05,0,True,True,both_correct,0.998487,0.9999712576282036
9607.png,0,0,0.01585,0,0,0.0705206617712974,0,True,True,both_correct,0.98415,0.9294793382287025
9610.png,0,0,0.0003238,0,0,0.0001060106515069,0,True,True,both_correct,0.9996762,0.999893989348493
9612.png,0,0,6.18e-05,0,0,8.724281741478991e-09,0,True,True,both_correct,0.9999382,0.9999999912757183
9613.png,0,0,0.004692,0,0,0.0197182614356279,0,True,True,both_correct,0.995308,0.9802817385643721
9615.png,0,0,0.01964,0,0,0.0144018102437257,0,True,True,both_correct,0.98036,0.9855981897562743
9616.png,0,0,0.0001949,0,0,6.108010893512983e-06,0,True,True,both_correct,0.9998051,0.9999938919891065
9619.png,0,0,0.00053,0,0,1.568116232419925e-07,0,True,True,both_correct,0.99947,0.9999998431883768
9625.png,0,0,0.0007057,0,0,0.0210044737905263,0,True,True,both_correct,0.9992943,0.9789955262094737
9626.png,0,0,0.0006733,0,0,4.547483968053712e-06,0,True,True,both_correct,0.9993267,0.999995452516032
9627.png,0,0,0.014854,0,0,0.1978593468666076,0,True,True,both_correct,0.985146,0.8021406531333923
9628.png,0,0,0.0005636,0,0,6.565488001797348e-05,0,True,True,both_correct,0.9994364,0.999934345119982
9630.png,0,0,0.001174,0,0,6.040628704795381e-06,0,True,True,both_correct,0.998826,0.9999939593712952
9632.png,1,0,0.07556,1,1,0.8527535796165466,1,False,True,r50_correct_swin_wrong,0.92444,0.8527535796165466
9636.png,0,0,0.0001881,0,0,5.399409201345407e-05,0,True,True,both_correct,0.9998119,0.9999460059079865
9639.png,1,0,0.2207,1,0,0.0761941075325012,1,False,False,both_wrong,0.7793,0.9238058924674988
9643.png,1,1,0.946,1,1,0.9752436280250548,1,True,True,both_correct,0.946,0.9752436280250548
9646.png,0,0,0.04184,0,0,0.001241716905497,0,True,True,both_correct,0.95816,0.998758283094503
9651.png,0,0,8.124e-05,0,0,6.7623532231664285e-06,0,True,True,both_correct,0.99991876,0.9999932376467768
9652.png,0,0,0.002108,0,0,0.0039172600954771,0,True,True,both_correct,0.997892,0.9960827399045229
9661.png,0,0,0.0446,0,0,0.0245107281953096,0,True,True,both_correct,0.9554,0.9754892718046904
9662.png,0,0,5.203e-05,0,0,1.2507068269940191e-08,0,True,True,both_correct,0.99994797,0.9999999874929317
9668.png,0,0,0.0004766,0,0,5.803137355542276e-06,0,True,True,both_correct,0.9995234,0.9999941968626445
9671.png,0,0,0.0001239,0,0,1.467754771056207e-07,0,True,True,both_correct,0.9998761,0.9999998532245229
9674.png,0,0,4.85e-05,0,0,1.7661021090020768e-08,0,True,True,both_correct,0.9999515,0.9999999823389789
9678.png,0,0,6.4e-05,0,0,4.343268411588497e-09,0,True,True,both_correct,0.999936,0.9999999956567316
9683.png,0,0,0.0006237,0,0,0.0042117624543607,0,True,True,both_correct,0.9993763,0.9957882375456393
9685.png,0,0,0.0001881,0,0,4.342883585195523e-06,0,True,True,both_correct,0.9998119,0.9999956571164148
9689.png,0,0,0.00011194,0,0,6.64902231051201e-08,0,True,True,both_correct,0.99988806,0.9999999335097769
9691.png,0,0,8.85e-05,0,0,3.238300507746317e-07,0,True,True,both_correct,0.9999115,0.9999996761699492
9697.png,0,0,0.0001423,0,0,1.6064624333012034e-06,0,True,True,both_correct,0.9998577,0.9999983935375667
9698.png,0,0,0.0002623,0,0,1.091081927029336e-07,0,True,True,both_correct,0.9997377,0.9999998908918073
9702.png,0,0,8.89e-05,0,0,1.4799327345826896e-06,0,True,True,both_correct,0.9999111,0.9999985200672654
9712.png,0,0,0.0001918,0,0,0.0008935098885558,0,True,True,both_correct,0.9998082,0.9991064901114441
9713.png,0,0,0.0001533,0,0,6.944313213352872e-08,0,True,True,both_correct,0.9998467,0.9999999305568679
9714.png,0,0,0.00011104,0,0,2.1763975066591e-09,0,True,True,both_correct,0.99988896,0.9999999978236025
9720.png,0,0,0.00293,0,0,0.000355952855898,0,True,True,both_correct,0.99707,0.999644047144102
9747.png,0,0,0.0798,0,0,0.1300617456436157,0,True,True,both_correct,0.9202,0.8699382543563843
9749.png,0,0,0.0001019,0,0,1.8816630472429097e-05,0,True,True,both_correct,0.9998981,0.9999811833695276
9750.png,0,0,0.0001465,0,0,0.0011513963108882,0,True,True,both_correct,0.9998535,0.9988486036891118
9763.png,0,0,0.0001187,0,0,5.496328594745137e-05,0,True,True,both_correct,0.9998813,0.9999450367140525
9766.png,0,0,0.0002323,0,0,5.9257970860926434e-05,0,True,True,both_correct,0.9997677,0.9999407420291391
9771.png,0,0,4.1e-05,0,0,2.1311614545993507e-05,0,True,True,both_correct,0.999959,0.999978688385454
9780.png,0,0,0.001144,0,0,3.238472345401533e-06,0,True,True,both_correct,0.998856,0.9999967615276546
9783.png,0,0,0.003094,0,0,0.0001970367447938,0,True,True,both_correct,0.996906,0.9998029632552062
9793.png,0,0,0.04962,0,0,0.0065878620371222,0,True,True,both_correct,0.95038,0.9934121379628778
9797.png,0,0,0.0001523,0,0,0.0001755988487275,0,True,True,both_correct,0.9998477,0.9998244011512725
9798.png,0,0,0.0003035,0,0,0.0130250127986073,0,True,True,both_correct,0.9996965,0.9869749872013927
9799.png,0,0,0.0545,0,0,0.0013515925966203,0,True,True,both_correct,0.9455,0.9986484074033797
9800.png,0,0,0.0003676,0,0,0.0001106620329665,0,True,True,both_correct,0.9996324,0.9998893379670335
9801.png,0,0,0.00011545,0,0,0.0002986492763739,0,True,True,both_correct,0.99988455,0.9997013507236261
9802.png,0,0,8.094e-05,0,0,3.215661854483187e-05,0,True,True,both_correct,0.99991906,0.9999678433814552
9803.png,0,0,0.002104,0,0,0.0002366327826166,0,True,True,both_correct,0.997896,0.9997633672173833
9811.png,0,0,0.0001471,0,0,0.0003726657596416,0,True,True,both_correct,0.9998529,0.9996273342403584
9813.png,1,1,0.798,1,1,0.6765422821044922,1,True,True,both_correct,0.798,0.6765422821044922
9818.png,0,0,0.0009327,0,0,9.64136779657565e-05,0,True,True,both_correct,0.9990673,0.9999035863220342
9821.png,0,0,0.0003853,0,0,0.0001607872545719,0,True,True,both_correct,0.9996147,0.9998392127454281
9823.png,0,0,0.001245,0,0,0.0007082272786647,0,True,True,both_correct,0.998755,0.9992917727213353
9826.png,0,0,0.007122,0,0,0.0082293702289462,0,True,True,both_correct,0.992878,0.9917706297710538
9827.png,0,0,0.001949,0,0,8.124400210363092e-07,0,True,True,both_correct,0.998051,0.999999187559979
9829.png,0,0,0.4106,0,1,0.5329298973083496,0,True,False,swin_correct_r50_wrong,0.5893999999999999,0.5329298973083496
9830.png,0,0,0.1145,0,0,0.0818363055586814,0,True,True,both_correct,0.8855,0.9181636944413186
9831.png,0,0,0.001069,0,0,0.0020560473203659,0,True,True,both_correct,0.998931,0.9979439526796341
9835.png,0,0,0.01053,0,0,0.01453129760921,0,True,True,both_correct,0.98947,0.98546870239079
9839.png,0,0,0.0009346,0,0,2.5941886633518152e-05,0,True,True,both_correct,0.9990654,0.9999740581133665
9840.png,0,0,0.00010806,0,0,1.4175672731653322e-05,0,True,True,both_correct,0.99989194,0.9999858243272683
9847.png,0,0,6.974e-05,0,0,1.08765198092442e-06,0,True,True,both_correct,0.99993026,0.9999989123480191
9856.png,0,0,0.0006905,0,0,8.544158731638163e-07,0,True,True,both_correct,0.9993095,0.9999991455841268
9858.png,0,0,0.0001584,0,0,0.0007738043786957,0,True,True,both_correct,0.9998416,0.9992261956213043
9867.png,0,0,0.002161,0,0,0.0131994429975748,0,True,True,both_correct,0.997839,0.9868005570024252
9874.png,0,0,0.0001578,0,0,0.0002701286866795,0,True,True,both_correct,0.9998422,0.9997298713133205
9881.png,0,0,0.0006485,0,0,3.628799095167778e-05,0,True,True,both_correct,0.9993515,0.9999637120090483
9883.png,0,0,0.0003006,0,0,5.533783223654609e-06,0,True,True,both_correct,0.9996994,0.9999944662167763
9884.png,0,0,0.0007267,0,0,0.0001629191538086,0,True,True,both_correct,0.9992733,0.9998370808461914
9889.png,0,0,0.0005975,0,0,0.0003454958787187,0,True,True,both_correct,0.9994025,0.9996545041212813
9891.png,0,1,0.696,0,0,0.1658442020416259,0,False,True,r50_correct_swin_wrong,0.696,0.8341557979583741
9900.png,0,0,0.000966,0,0,1.071767746907426e-05,0,True,True,both_correct,0.999034,0.9999892823225309
9905.png,0,0,0.003878,0,0,0.0045269853435456,0,True,True,both_correct,0.996122,0.9954730146564544
9906.png,0,0,0.001458,0,0,1.8385379007668234e-05,0,True,True,both_correct,0.998542,0.9999816146209923
9907.png,1,1,0.999,1,1,0.987557053565979,1,True,True,both_correct,0.999,0.987557053565979
9911.png,0,0,0.0002042,0,0,2.884277819248382e-06,0,True,True,both_correct,0.9997958,0.9999971157221808
9915.png,0,0,0.0003195,0,0,4.890577656624373e-06,0,True,True,both_correct,0.9996805,0.9999951094223434
9916.png,0,0,0.0001881,0,0,0.0002202211180701,0,True,True,both_correct,0.9998119,0.9997797788819299
9917.png,0,0,0.00011325,0,0,1.1179894343626984e-08,0,True,True,both_correct,0.99988675,0.9999999888201057
9921.png,0,0,0.002136,0,0,0.000177661597263,0,True,True,both_correct,0.997864,0.999822338402737
9926.png,0,0,6.81e-05,0,0,4.636281119019259e-06,0,True,True,both_correct,0.9999319,0.999995363718881
9936.png,0,0,0.02324,0,0,0.0098679643124341,0,True,True,both_correct,0.97676,0.9901320356875659
9937.png,0,0,0.3716,0,0,0.0274991896003484,0,True,True,both_correct,0.6284000000000001,0.9725008103996516
9941.png,0,0,0.0003836,0,0,6.6459106164984405e-06,0,True,True,both_correct,0.9996164,0.9999933540893835
9946.png,0,0,0.0326,0,0,0.0069957412779331,0,True,True,both_correct,0.9674,0.9930042587220669
9951.png,0,0,0.000255,0,0,1.9556895495043136e-05,0,True,True,both_correct,0.999745,0.999980443104505
9952.png,0,0,0.013275,0,0,0.1836467683315277,0,True,True,both_correct,0.986725,0.8163532316684723
9957.png,1,1,0.997,1,1,0.9754608273506165,1,True,True,both_correct,0.997,0.9754608273506165
9965.png,0,0,0.00446,0,0,0.024029778316617,0,True,True,both_correct,0.99554,0.975970221683383
9975.png,0,0,0.3582,0,0,0.4607036113739013,0,True,True,both_correct,0.6417999999999999,0.5392963886260986
9985.png,0,0,0.00759,0,0,0.0036409636959433,0,True,True,both_correct,0.99241,0.9963590363040566
9990.png,0,0,0.2993,0,0,0.1232172176241874,0,True,True,both_correct,0.7007,0.8767827823758126
9992.png,0,0,4.99e-05,0,0,8.202016033465043e-05,0,True,True,both_correct,0.9999501,0.9999179798396653
9999.png,0,0,0.0722,0,0,0.017314238473773,0,True,True,both_correct,0.9278,0.982685761526227
10003.png,0,0,0.0001687,0,0,2.5437266231165268e-06,0,True,True,both_correct,0.9998313,0.9999974562733769
10008.png,0,0,0.0003386,0,0,4.290397100703558e-06,0,True,True,both_correct,0.9996614,0.9999957096028993
10018.png,1,0,0.2024,1,1,0.8959982395172119,1,False,True,r50_correct_swin_wrong,0.7976,0.8959982395172119
10025.png,0,0,9.537e-05,0,0,8.606408030686907e-09,0,True,True,both_correct,0.99990463,0.999999991393592
10026.png,0,1,0.554,0,0,0.0001029211853165,0,False,True,r50_correct_swin_wrong,0.554,0.9998970788146835
10031.png,0,0,0.00258,0,0,3.850182565656724e-06,0,True,True,both_correct,0.99742,0.9999961498174343
10032.png,0,0,0.000452,0,0,2.293069343295429e-07,0,True,True,both_correct,0.999548,0.9999997706930657
10036.png,0,0,9.21e-05,0,0,6.593182479264215e-05,0,True,True,both_correct,0.9999079,0.9999340681752074
10044.png,0,0,0.02151,0,0,0.0003685360425151,0,True,True,both_correct,0.97849,0.9996314639574849
10048.png,0,0,7.516e-05,0,0,6.433801172534004e-05,0,True,True,both_correct,0.99992484,0.9999356619882747
10050.png,0,0,0.0002632,0,0,1.930565304064657e-06,0,True,True,both_correct,0.9997368,0.9999980694346959
10054.png,0,0,0.0002759,0,0,4.472085777251778e-07,0,True,True,both_correct,0.9997241,0.9999995527914223
10055.png,0,0,0.0001972,0,0,0.0009555261931382,0,True,True,both_correct,0.9998028,0.9990444738068618
10064.png,0,0,0.01322,0,0,0.0032241269946098,0,True,True,both_correct,0.98678,0.9967758730053902
10067.png,0,0,0.00228,0,0,0.0006816750392317,0,True,True,both_correct,0.99772,0.9993183249607683
10075.png,0,0,0.00226,0,0,4.844847717322409e-05,0,True,True,both_correct,0.99774,0.9999515515228268
10077.png,0,0,6.11e-05,0,0,5.518784291780321e-06,0,True,True,both_correct,0.9999389,0.9999944812157082
10092.png,0,0,0.0001047,0,0,0.0074849901720881,0,True,True,both_correct,0.9998953,0.9925150098279119
10094.png,0,0,0.0005646,0,0,0.0002914895303547,0,True,True,both_correct,0.9994354,0.9997085104696453
10100.png,0,0,0.0002491,0,0,5.515953034773702e-06,0,True,True,both_correct,0.9997509,0.9999944840469652
10109.png,0,0,0.0001972,0,0,4.83260578221234e-08,0,True,True,both_correct,0.9998028,0.9999999516739422
10110.png,0,0,5.627e-05,0,0,1.164130367214966e-06,0,True,True,both_correct,0.99994373,0.9999988358696328
10116.png,0,0,0.0001489,0,0,8.665297173138242e-06,0,True,True,both_correct,0.9998511,0.9999913347028269
10118.png,0,0,0.0363,0,0,0.2577206194400787,0,True,True,both_correct,0.9637,0.7422793805599213
10120.png,0,0,0.003351,0,0,0.0004205561708658,0,True,True,both_correct,0.996649,0.9995794438291342
10121.png,0,0,0.0001234,0,0,2.7883063467015745e-06,0,True,True,both_correct,0.9998766,0.9999972116936533
10123.png,0,0,0.007652,0,0,0.010885028168559,0,True,True,both_correct,0.992348,0.989114971831441
10126.png,0,0,0.0002123,0,0,4.909209110337542e-07,0,True,True,both_correct,0.9997877,0.999999509079089
10127.png,0,0,0.0002166,0,0,5.907619424760924e-07,0,True,True,both_correct,0.9997834,0.9999994092380575
10132.png,0,0,0.0003507,0,0,0.0028184901457279,0,True,True,both_correct,0.9996493,0.9971815098542721
10136.png,0,0,0.003063,0,0,0.0005498876562342,0,True,True,both_correct,0.996937,0.9994501123437658
10145.png,0,0,0.00228,0,0,0.0002366661792621,0,True,True,both_correct,0.99772,0.9997633338207379
10150.png,0,0,9.65e-05,0,0,4.3219500867053284e-08,0,True,True,both_correct,0.9999035,0.9999999567804991
10152.png,0,0,0.0008135,0,0,9.919094009092078e-05,0,True,True,both_correct,0.9991865,0.9999008090599091
10158.png,0,0,0.000306,0,0,0.0054476642981171,0,True,True,both_correct,0.999694,0.994552335701883
10160.png,0,0,0.0109,0,0,0.0035880750510841,0,True,True,both_correct,0.9891,0.996411924948916
10161.png,0,0,0.08716,0,0,0.0026406745892018,0,True,True,both_correct,0.91284,0.9973593254107982
10165.png,0,0,0.0007567,0,0,0.0024879411794245,0,True,True,both_correct,0.9992433,0.9975120588205755
10173.png,0,0,0.000511,0,0,1.7643651517573744e-06,0,True,True,both_correct,0.999489,0.9999982356348482
10174.png,0,0,0.03772,0,0,0.3654492497444153,0,True,True,both_correct,0.96228,0.6345507502555847
10188.png,0,0,0.00324,0,0,1.544156802424368e-09,0,True,True,both_correct,0.99676,0.9999999984558432
10190.png,0,0,0.006134,0,0,0.1835141628980636,0,True,True,both_correct,0.993866,0.8164858371019363
10199.png,0,0,0.006004,0,0,0.0073993960395455,0,True,True,both_correct,0.993996,0.9926006039604545
10207.png,0,0,8.38e-05,0,0,0.0002945314045064,0,True,True,both_correct,0.9999162,0.9997054685954936
10216.png,0,0,0.006718,0,0,0.0007215005462057,0,True,True,both_correct,0.993282,0.9992784994537943
10218.png,0,0,0.0001541,0,0,1.838674620557868e-06,0,True,True,both_correct,0.9998459,0.9999981613253794
10231.png,0,0,0.002129,0,0,0.0247888658195734,0,True,True,both_correct,0.997871,0.9752111341804266
10232.png,0,0,8.446e-05,0,0,1.1971117430675804e-07,0,True,True,both_correct,0.99991554,0.9999998802888257
10235.png,0,0,0.0003018,0,0,3.65771193173714e-05,0,True,True,both_correct,0.9996982,0.9999634228806826
10238.png,0,0,0.0009775,0,0,4.918107879348099e-05,0,True,True,both_correct,0.9990225,0.9999508189212065
10246.png,0,0,0.001114,0,0,0.0003240528458263,0,True,True,both_correct,0.998886,0.9996759471541737
10264.png,0,0,6.33e-05,0,0,1.1080574040533977e-06,0,True,True,both_correct,0.9999367,0.999998891942596
10265.png,0,0,0.0002378,0,0,3.89177921533701e-06,0,True,True,both_correct,0.9997622,0.9999961082207847
10267.png,0,0,0.0003488,0,0,0.0003518238081596,0,True,True,both_correct,0.9996512,0.9996481761918404
10270.png,0,0,0.01088,0,0,0.0391270779073238,0,True,True,both_correct,0.98912,0.9608729220926762
10271.png,0,0,0.001734,0,0,2.259065695398021e-06,0,True,True,both_correct,0.998266,0.9999977409343046
10275.png,0,0,0.00145,0,0,0.0006394104566425,0,True,True,both_correct,0.99855,0.9993605895433575
10278.png,0,0,0.000636,0,0,1.0951222066069022e-05,0,True,True,both_correct,0.999364,0.9999890487779339
10279.png,0,0,0.04935,0,0,0.0062249088659882,0,True,True,both_correct,0.95065,0.9937750911340117
10285.png,0,0,0.0002506,0,0,5.979587876936421e-05,0,True,True,both_correct,0.9997494,0.9999402041212306
10286.png,0,0,0.001309,0,0,0.000416436290834,0,True,True,both_correct,0.998691,0.999583563709166
10290.png,0,0,0.000692,0,0,5.45316993338929e-07,0,True,True,both_correct,0.999308,0.9999994546830067
10294.png,0,0,0.004364,0,0,0.0003008947824127,0,True,True,both_correct,0.995636,0.9996991052175873
10295.png,0,0,9.954e-05,0,0,0.0001180940671474,0,True,True,both_correct,0.99990046,0.9998819059328526
10296.png,0,0,0.2747,0,0,0.008830870501697,0,True,True,both_correct,0.7253000000000001,0.991169129498303
10297.png,0,0,0.003298,0,0,0.0142462663352489,0,True,True,both_correct,0.996702,0.985753733664751
10321.png,0,1,0.752,0,0,0.4097792208194732,0,False,True,r50_correct_swin_wrong,0.752,0.5902207791805267
10322.png,0,0,0.1096,0,0,0.0157205443829298,0,True,True,both_correct,0.8904,0.9842794556170702
10328.png,0,0,0.001211,0,0,0.0080461585894227,0,True,True,both_correct,0.998789,0.9919538414105773
10334.png,0,0,0.00516,0,0,0.0021797670051455,0,True,True,both_correct,0.99484,0.9978202329948545
10335.png,0,0,0.003136,0,0,0.0156067283824086,0,True,True,both_correct,0.996864,0.9843932716175914
10340.png,0,0,0.08344,0,1,0.7007025480270386,0,True,False,swin_correct_r50_wrong,0.91656,0.7007025480270386
10346.png,0,0,0.00771,0,0,0.0005092851934023,0,True,True,both_correct,0.99229,0.9994907148065977
10348.png,0,0,0.0005274,0,0,2.61366750464731e-07,0,True,True,both_correct,0.9994726,0.9999997386332495
10351.png,0,0,0.0319,0,0,0.0187657065689563,0,True,True,both_correct,0.9681,0.9812342934310437
10359.png,0,0,0.002192,0,0,4.3927581572233976e-08,0,True,True,both_correct,0.997808,0.9999999560724184
10361.png,0,0,0.0195,0,0,0.2152773439884185,0,True,True,both_correct,0.9805,0.7847226560115815
10365.png,0,0,8.75e-05,0,0,2.665734427864664e-05,0,True,True,both_correct,0.9999125,0.9999733426557214
10370.png,0,0,0.002472,0,0,0.0008507805177941,0,True,True,both_correct,0.997528,0.9991492194822059
10378.png,0,1,0.797,0,1,0.7078854441642761,0,False,False,both_wrong,0.797,0.7078854441642761
10382.png,0,0,0.01033,0,0,3.397638295155048e-07,0,True,True,both_correct,0.98967,0.9999996602361705
10384.png,0,0,3.93e-05,0,0,1.0343062967876904e-05,0,True,True,both_correct,0.9999607,0.9999896569370321
10387.png,0,0,0.3564,0,0,0.4408382475376129,0,True,True,both_correct,0.6436,0.5591617524623871
10402.png,1,1,0.912,1,1,0.9846470355987548,1,True,True,both_correct,0.912,0.9846470355987548
10404.png,0,0,0.0003905,0,0,0.0084737977012991,0,True,True,both_correct,0.9996095,0.9915262022987009
10409.png,0,1,0.9336,0,0,0.1583360731601715,0,False,True,r50_correct_swin_wrong,0.9336,0.8416639268398285
10410.png,0,0,0.05975,0,0,0.0062305917963385,0,True,True,both_correct,0.94025,0.9937694082036616
10417.png,0,0,0.015,0,0,0.0266141984611749,0,True,True,both_correct,0.985,0.9733858015388251
10418.png,0,0,0.0003157,0,0,1.1215678341613966e-06,0,True,True,both_correct,0.9996843,0.9999988784321658
10419.png,0,0,0.01936,0,0,0.0440426655113697,0,True,True,both_correct,0.98064,0.9559573344886303
10423.png,0,0,0.0002685,0,0,5.979952675261302e-06,0,True,True,both_correct,0.9997315,0.9999940200473247
10426.png,0,0,0.00026,0,0,2.017007545873639e-06,0,True,True,both_correct,0.99974,0.9999979829924541
10443.png,0,1,0.599,0,0,0.0885448902845382,0,False,True,r50_correct_swin_wrong,0.599,0.9114551097154618
10463.png,0,0,0.0006275,0,0,1.5284624623745913e-06,0,True,True,both_correct,0.9993725,0.9999984715375376
10464.png,0,0,0.00939,0,0,0.0810004845261573,0,True,True,both_correct,0.99061,0.9189995154738427
10485.png,0,0,0.002062,0,0,0.0009373271604999,0,True,True,both_correct,0.997938,0.9990626728395001
10491.png,0,0,0.001127,0,0,8.574205025979609e-07,0,True,True,both_correct,0.998873,0.9999991425794974
10492.png,0,0,0.0005593,0,0,5.86350288358517e-05,0,True,True,both_correct,0.9994407,0.9999413649711641
10494.png,0,0,0.001661,0,0,9.583194469087175e-07,0,True,True,both_correct,0.998339,0.9999990416805531
10504.png,0,0,0.01243,0,0,0.156929612159729,0,True,True,both_correct,0.98757,0.843070387840271
10509.png,0,0,0.001926,0,0,0.0007307961350306,0,True,True,both_correct,0.998074,0.9992692038649694
10514.png,0,0,0.004856,0,0,6.166595267131925e-05,0,True,True,both_correct,0.995144,0.9999383340473287
10533.png,0,0,0.0006156,0,0,0.0025267836172133,0,True,True,both_correct,0.9993844,0.9974732163827867
10534.png,0,0,4.58e-05,0,0,1.2602990864252206e-05,0,True,True,both_correct,0.9999542,0.9999873970091357
10556.png,0,0,0.0001072,0,0,2.776482688204851e-06,0,True,True,both_correct,0.9998928,0.9999972235173118
10570.png,0,1,0.792,0,1,0.7760413885116577,0,False,False,both_wrong,0.792,0.7760413885116577
10588.png,0,0,0.00094,0,0,3.2943506084848195e-05,0,True,True,both_correct,0.99906,0.9999670564939152
10591.png,0,0,0.0002983,0,0,9.64647115324624e-05,0,True,True,both_correct,0.9997017,0.9999035352884675
10592.png,0,0,0.0015335,0,0,0.000698599149473,0,True,True,both_correct,0.9984665,0.999301400850527
10607.png,0,0,0.0007887,0,0,0.0081406021490693,0,True,True,both_correct,0.9992113,0.9918593978509307
10615.png,0,0,0.0002513,0,0,0.0034553948789834,0,True,True,both_correct,0.9997487,0.9965446051210166
10616.png,0,0,0.0004504,0,0,0.0401002392172813,0,True,True,both_correct,0.9995496,0.9598997607827187
10617.png,0,0,0.002266,0,0,0.0539971962571144,0,True,True,both_correct,0.997734,0.9460028037428856
10641.png,0,0,0.000766,0,0,0.0022793367970734,0,True,True,both_correct,0.999234,0.9977206632029266
10642.png,0,0,0.0006275,0,0,6.5857675508596e-05,0,True,True,both_correct,0.9993725,0.9999341423244914
10652.png,0,0,0.00375,0,0,0.000131189575768,0,True,True,both_correct,0.99625,0.999868810424232
10664.png,0,0,0.0001205,0,0,1.994316517084372e-05,0,True,True,both_correct,0.9998795,0.9999800568348292
10665.png,0,0,0.023,0,0,0.3899173438549042,0,True,True,both_correct,0.977,0.6100826561450958
10685.png,0,0,0.0006046,0,0,0.0003940039605367,0,True,True,both_correct,0.9993954,0.9996059960394633
10687.png,0,0,0.0073,0,0,0.0009628174593672,0,True,True,both_correct,0.9927,0.9990371825406328
10689.png,0,0,0.0005746,0,0,0.0003056929272133,0,True,True,both_correct,0.9994254,0.9996943070727867
10690.png,0,0,0.0002027,0,0,0.0005838591605424,0,True,True,both_correct,0.9997973,0.9994161408394576
10695.png,0,0,0.000931,0,0,1.223893718815816e-06,0,True,True,both_correct,0.999069,0.9999987761062812
10696.png,0,0,0.1987,0,0,0.2015592753887176,0,True,True,both_correct,0.8013,0.7984407246112823
10701.png,0,1,0.898,0,1,0.9208576679229736,0,False,False,both_wrong,0.898,0.9208576679229736
10705.png,0,0,0.00628,0,0,0.0013027064269408,0,True,True,both_correct,0.99372,0.9986972935730593
10706.png,0,0,0.000578,0,0,2.759115523076616e-05,0,True,True,both_correct,0.999422,0.9999724088447692
10739.png,0,0,0.0006275,0,0,0.0003294738708063,0,True,True,both_correct,0.9993725,0.9996705261291937
10740.png,0,0,0.0005264,0,0,1.076081480277935e-05,0,True,True,both_correct,0.9994736,0.9999892391851972
10746.png,0,0,0.2096,0,0,0.0493727438151836,0,True,True,both_correct,0.7904,0.9506272561848164
10755.png,0,0,0.02141,0,0,0.0563206523656845,0,True,True,both_correct,0.97859,0.9436793476343155
10758.png,0,0,0.002958,0,0,0.0006979479221627,0,True,True,both_correct,0.997042,0.9993020520778373
10767.png,0,0,0.0007057,0,0,0.0001243894075741,0,True,True,both_correct,0.9992943,0.9998756105924259
10768.png,0,0,0.0006413,0,0,3.14144890580792e-05,0,True,True,both_correct,0.9993587,0.9999685855109419
10769.png,0,0,0.0055,0,0,0.0005159508436918,0,True,True,both_correct,0.9945,0.9994840491563082
10770.png,0,0,0.292,0,0,0.0006683353567495,0,True,True,both_correct,0.708,0.9993316646432505
10783.png,0,0,0.003525,0,0,0.0038536062929779,0,True,True,both_correct,0.996475,0.9961463937070221
10784.png,0,0,3.74e-05,0,0,9.88358078757301e-06,0,True,True,both_correct,0.9999626,0.9999901164192124
10808.png,0,0,0.03143,0,0,0.0222456194460392,0,True,True,both_correct,0.96857,0.9777543805539608
10812.png,0,0,0.0002892,0,0,1.6825401871756185e-06,0,True,True,both_correct,0.9997108,0.9999983174598128
10815.png,0,0,0.001949,0,0,0.0085838129743933,0,True,True,both_correct,0.998051,0.9914161870256067
10818.png,0,0,0.01868,0,0,3.251450470997952e-05,0,True,True,both_correct,0.98132,0.99996748549529
10835.png,0,0,0.002125,0,0,0.0036817661020904,0,True,True,both_correct,0.997875,0.9963182338979096
10848.png,0,0,0.0056,0,0,0.1105941236019134,0,True,True,both_correct,0.9944,0.8894058763980865
10853.png,0,1,0.7354,0,0,0.1794582605361938,0,False,True,r50_correct_swin_wrong,0.7354,0.8205417394638062
10859.png,0,0,0.000377,0,0,0.0229571554809808,0,True,True,both_correct,0.999623,0.9770428445190192
10903.png,0,0,0.000613,0,0,2.404744191153441e-05,0,True,True,both_correct,0.999387,0.9999759525580885
10924.png,0,0,0.0046,0,0,0.0024556396529078,0,True,True,both_correct,0.9954,0.9975443603470922
10943.png,0,0,0.0005746,0,0,0.0003809304034803,0,True,True,both_correct,0.9994254,0.9996190695965197
10971.png,0,0,0.0059,0,0,4.416977026266977e-05,0,True,True,both_correct,0.9941,0.9999558302297373
10980.png,0,0,0.00231,0,0,2.144104485068965e-07,0,True,True,both_correct,0.99769,0.9999997855895515
10981.png,0,0,0.0005474,0,0,0.0018783577252179,0,True,True,both_correct,0.9994526,0.9981216422747821
10982.png,0,0,0.001333,0,0,0.0007168496958911,0,True,True,both_correct,0.998667,0.9992831503041089
10987.png,0,0,0.0005083,0,0,0.005346733611077,0,True,True,both_correct,0.9994917,0.994653266388923
10988.png,0,0,0.00358,0,0,0.0001229189656442,0,True,True,both_correct,0.99642,0.9998770810343558
11013.png,0,0,0.01365,0,0,0.0326475091278553,0,True,True,both_correct,0.98635,0.9673524908721447
11027.png,0,0,0.0002716,0,0,5.324570562237341e-09,0,True,True,both_correct,0.9997284,0.9999999946754294
11031.png,0,0,8.446e-05,0,0,4.062160314788343e-06,0,True,True,both_correct,0.99991554,0.9999959378396852
11032.png,0,0,0.00065,0,0,0.0001136441424023,0,True,True,both_correct,0.99935,0.9998863558575977
11036.png,0,0,0.00123,0,0,2.4002661191957493e-08,0,True,True,both_correct,0.99877,0.9999999759973388
11087.png,0,0,0.0002059,0,0,0.0009813468204811,0,True,True,both_correct,0.9997941,0.9990186531795189
11100.png,0,0,6.634e-05,0,0,4.4597051385153463e-08,0,True,True,both_correct,0.99993366,0.9999999554029486
11105.png,0,0,0.000883,0,0,0.0008133968804031,0,True,True,both_correct,0.999117,0.999186603119597
11109.png,0,0,0.0005636,0,0,1.1370480933692306e-05,0,True,True,both_correct,0.9994364,0.9999886295190663
11115.png,0,0,0.0003598,0,0,0.0058067142963409,0,True,True,both_correct,0.9996402,0.9941932857036591
11130.png,0,0,0.0001187,0,0,1.836289698076144e-06,0,True,True,both_correct,0.9998813,0.9999981637103019
11131.png,0,0,0.029,0,0,0.0117810731753706,0,True,True,both_correct,0.971,0.9882189268246294
11132.png,0,0,6.974e-05,0,0,4.886564397565962e-07,0,True,True,both_correct,0.99993026,0.9999995113435602
11151.png,0,0,0.0003195,0,0,8.458270895062014e-05,0,True,True,both_correct,0.9996805,0.9999154172910494
11152.png,0,0,0.0003912,0,0,0.0001836817391449,0,True,True,both_correct,0.9996088,0.9998163182608552
11157.png,0,0,0.0001523,0,0,1.0341859706386458e-05,0,True,True,both_correct,0.9998477,0.9999896581402936
11158.png,0,0,0.0002642,0,0,9.027701963759682e-08,0,True,True,both_correct,0.9997358,0.9999999097229804
11170.png,0,1,0.577,0,0,0.2418509125709533,0,False,True,r50_correct_swin_wrong,0.577,0.7581490874290466
11171.png,0,0,0.01037,0,0,0.1787266433238983,0,True,True,both_correct,0.98963,0.8212733566761017
11178.png,0,0,0.0001628,0,0,4.949358481098898e-05,0,True,True,both_correct,0.9998372,0.999950506415189
11185.png,0,0,0.2101,0,0,0.0001823354832595,0,True,True,both_correct,0.7899,0.9998176645167405
11186.png,0,0,0.000346,0,0,6.185328857100103e-06,0,True,True,both_correct,0.999654,0.9999938146711429
11189.png,0,0,0.000828,0,0,0.000690501066856,0,True,True,both_correct,0.999172,0.999309498933144
11190.png,0,0,9.46e-05,0,0,3.6124544067206443e-07,0,True,True,both_correct,0.9999054,0.9999996387545593
11191.png,0,0,0.001114,0,0,2.490255155862542e-06,0,True,True,both_correct,0.998886,0.9999975097448441
11192.png,0,0,0.0164,0,0,0.0113024841994047,0,True,True,both_correct,0.9836,0.9886975158005953
11193.png,0,0,0.0001667,0,0,3.538794715041149e-07,0,True,True,both_correct,0.9998333,0.9999996461205285
11194.png,0,0,0.0004373,0,0,9.609765402274206e-05,0,True,True,both_correct,0.9995627,0.9999039023459773
11196.png,0,0,0.03525,0,0,0.0053388481028378,0,True,True,both_correct,0.96475,0.9946611518971622
11210.png,0,0,0.001015,0,0,0.0002015007776208,0,True,True,both_correct,0.998985,0.9997984992223792
11211.png,0,0,0.0005493,0,0,0.0045220456086099,0,True,True,both_correct,0.9994507,0.9954779543913901
11212.png,0,0,0.0001168,0,0,0.0005266946391202,0,True,True,both_correct,0.9998832,0.9994733053608797
11213.png,0,0,0.02284,0,0,0.0005665874923579,0,True,True,both_correct,0.97716,0.9994334125076421
11214.png,0,0,7.97e-05,0,0,1.450726813345682e-05,0,True,True,both_correct,0.9999203,0.9999854927318665
11227.png,0,0,0.007122,0,0,0.0090177729725837,0,True,True,both_correct,0.992878,0.9909822270274163
11228.png,0,0,0.4453,0,1,0.5717878341674805,0,True,False,swin_correct_r50_wrong,0.5547,0.5717878341674805
11229.png,0,0,0.0001273,0,0,0.005416817497462,0,True,True,both_correct,0.9998727,0.994583182502538
11230.png,0,0,0.001112,0,0,0.0060906540602445,0,True,True,both_correct,0.998888,0.9939093459397556
11237.png,0,0,0.000419,0,0,9.944494377123192e-05,0,True,True,both_correct,0.999581,0.9999005550562288
11238.png,0,0,0.004215,0,0,0.0064048469066619,0,True,True,both_correct,0.995785,0.9935951530933381
11243.png,0,0,0.0009346,0,0,1.5702660675742663e-05,0,True,True,both_correct,0.9990654,0.9999842973393243
11251.png,0,0,0.0001196,0,0,0.0001981893001357,0,True,True,both_correct,0.9998804,0.9998018106998643
11257.png,0,0,0.0001817,0,0,0.0025487707462161,0,True,True,both_correct,0.9998183,0.9974512292537839
11261.png,0,0,0.0911,0,0,0.0111351991072297,0,True,True,both_correct,0.9089,0.9888648008927703
11263.png,0,0,0.00462,0,0,0.0066896276548504,0,True,True,both_correct,0.99538,0.9933103723451496
11269.png,0,0,0.003319,0,0,0.0298731885850429,0,True,True,both_correct,0.996681,0.970126811414957
11270.png,0,0,0.01003,0,0,0.0001501786900917,0,True,True,both_correct,0.98997,0.9998498213099083
11273.png,0,0,0.00396,0,0,0.2261611819267273,0,True,True,both_correct,0.99604,0.7738388180732727
11277.png,0,0,0.00236,0,0,2.213912011939101e-06,0,True,True,both_correct,0.99764,0.9999977860879881
11278.png,0,0,0.003004,0,0,0.0002582177985459,0,True,True,both_correct,0.996996,0.9997417822014542
11281.png,0,0,0.0005026,0,0,3.0088515359238954e-06,0,True,True,both_correct,0.9994974,0.9999969911484641
11282.png,0,1,0.65,0,0,0.0999841541051864,0,False,True,r50_correct_swin_wrong,0.65,0.9000158458948135
11290.png,0,0,0.000815,0,0,0.0005771676078438,0,True,True,both_correct,0.999185,0.9994228323921562
11297.png,0,0,0.0006094,0,0,4.9359015974914655e-05,0,True,True,both_correct,0.9993906,0.9999506409840251
11314.png,0,0,0.0002291,0,0,1.6982136003207415e-05,0,True,True,both_correct,0.9997709,0.9999830178639968
11318.png,0,0,0.00038,0,0,2.804120049404446e-05,0,True,True,both_correct,0.99962,0.999971958799506
11320.png,0,0,0.0002685,0,0,3.2915962947299704e-05,0,True,True,both_correct,0.9997315,0.9999670840370527
11330.png,0,0,0.0002415,0,0,6.883314199512824e-05,0,True,True,both_correct,0.9997585,0.9999311668580049
11332.png,0,0,0.002459,0,0,0.0020821192301809,0,True,True,both_correct,0.997541,0.9979178807698191
11333.png,0,0,0.0088,0,0,0.0126934051513671,0,True,True,both_correct,0.9912,0.9873065948486329
11337.png,0,0,0.0006423,0,0,0.0006687163840979,0,True,True,both_correct,0.9993577,0.9993312836159021
11338.png,0,0,0.0001031,0,0,8.389613981307775e-07,0,True,True,both_correct,0.9998969,0.9999991610386019
11340.png,0,0,0.156,0,0,0.3263960182666778,0,True,True,both_correct,0.844,0.6736039817333221
11359.png,0,1,0.804,0,1,0.6848098635673523,0,False,False,both_wrong,0.804,0.6848098635673523
11360.png,0,0,0.02,0,0,0.0024426351301372,0,True,True,both_correct,0.98,0.9975573648698628
11367.png,0,0,0.0003035,0,0,0.0002757653128355,0,True,True,both_correct,0.9996965,0.9997242346871645
11383.png,0,0,0.01933,0,0,0.001058857422322,0,True,True,both_correct,0.98067,0.998941142577678
11387.png,0,0,0.01027,0,0,0.0018204933730885,0,True,True,both_correct,0.98973,0.9981795066269115
11399.png,0,0,0.000703,0,0,7.9243844083976e-05,0,True,True,both_correct,0.999297,0.999920756155916
11404.png,0,0,0.0009236,0,0,0.0014972377102822,0,True,True,both_correct,0.9990764,0.9985027622897178
11406.png,0,0,8.19e-05,0,0,1.59347055159742e-05,0,True,True,both_correct,0.9999181,0.999984065294484
11407.png,0,0,0.0002694,0,0,7.973350875545293e-05,0,True,True,both_correct,0.9997306,0.9999202664912445
11411.png,0,0,0.004314,0,0,0.001281447825022,0,True,True,both_correct,0.995686,0.998718552174978
11413.png,0,0,0.0005193,0,0,0.0023497715592384,0,True,True,both_correct,0.9994807,0.9976502284407616
11414.png,0,0,0.0009346,0,0,5.7264896895503625e-06,0,True,True,both_correct,0.9990654,0.9999942735103104
11417.png,0,0,0.001302,0,0,0.0018760274397209,0,True,True,both_correct,0.998698,0.9981239725602791
11423.png,0,0,0.00375,0,0,0.0014884467236697,0,True,True,both_correct,0.99625,0.9985115532763303
11425.png,0,0,0.0006523,0,0,2.853568730643019e-06,0,True,True,both_correct,0.9993477,0.9999971464312694
11426.png,0,0,0.000501,0,0,2.0668215749974903e-10,0,True,True,both_correct,0.999499,0.9999999997933179
11427.png,0,0,0.002872,0,0,0.0049337572418153,0,True,True,both_correct,0.997128,0.9950662427581847
11431.png,0,0,0.000277,0,0,2.7957348436302712e-08,0,True,True,both_correct,0.999723,0.9999999720426516
11438.png,0,0,0.000606,0,0,8.899852218746673e-06,0,True,True,both_correct,0.999394,0.9999911001477813
11457.png,0,0,0.0082,0,0,0.007195474114269,0,True,True,both_correct,0.9918,0.992804525885731
11458.png,0,1,0.513,0,1,0.5239328145980835,0,False,False,both_wrong,0.513,0.5239328145980835
11463.png,0,0,0.1311,0,1,0.8898766040802002,0,True,False,swin_correct_r50_wrong,0.8689,0.8898766040802002
11465.png,0,1,0.4683,0,0,0.0865784808993339,0,False,True,r50_correct_swin_wrong,0.4683,0.913421519100666
11466.png,0,1,0.9976,0,1,0.9610086679458618,0,False,False,both_wrong,0.9976,0.9610086679458618
11467.png,0,0,0.001346,0,0,0.0001525131810922,0,True,True,both_correct,0.998654,0.9998474868189078
11468.png,0,0,0.00516,0,0,0.0131892291828989,0,True,True,both_correct,0.99484,0.9868107708171011
11469.png,0,1,0.5376,0,0,0.0571538992226123,0,False,True,r50_correct_swin_wrong,0.5376,0.9428461007773877
11471.png,0,0,0.000823,0,0,1.6455294826300815e-05,0,True,True,both_correct,0.999177,0.9999835447051737
11475.png,0,1,0.9517,0,0,0.0776793211698532,0,False,True,r50_correct_swin_wrong,0.9517,0.9223206788301468
11479.png,0,0,0.2705,0,0,0.0313885770738124,0,True,True,both_correct,0.7295,0.9686114229261876
11482.png,0,0,0.0009255,0,0,0.0016517555341124,0,True,True,both_correct,0.9990745,0.9983482444658875
11486.png,0,0,0.001671,0,0,0.0672691762447357,0,True,True,both_correct,0.998329,0.9327308237552643
11487.png,0,0,0.0816,0,0,0.1722006946802139,0,True,True,both_correct,0.9184,0.8277993053197861
11488.png,0,0,0.0704,0,0,0.0071015572175383,0,True,True,both_correct,0.9296,0.9928984427824618
11489.png,0,0,0.0002918,0,0,0.0002587587805464,0,True,True,both_correct,0.9997082,0.9997412412194536
11490.png,0,0,0.02443,0,0,0.3523924648761749,0,True,True,both_correct,0.97557,0.6476075351238251
11496.png,0,0,0.05527,0,0,0.0005667949444614,0,True,True,both_correct,0.94473,0.9994332050555386
11500.png,0,0,8e-05,0,0,0.0002162391174351,0,True,True,both_correct,0.99992,0.9997837608825649
11501.png,0,0,0.01659,0,0,0.0126742618158459,0,True,True,both_correct,0.98341,0.9873257381841541
11502.png,0,0,0.0609,0,0,0.0630305111408233,0,True,True,both_correct,0.9391,0.9369694888591767
11506.png,0,0,0.0002623,0,0,2.154855610569939e-05,0,True,True,both_correct,0.9997377,0.9999784514438943
11510.png,0,0,8.714e-05,0,0,2.746260361163877e-05,0,True,True,both_correct,0.99991286,0.9999725373963884
11511.png,0,0,0.0001874,0,0,3.333308740138818e-09,0,True,True,both_correct,0.9998126,0.9999999966666913
11518.png,0,0,0.01409,0,0,0.0090999323874711,0,True,True,both_correct,0.98591,0.9909000676125289
11526.png,0,0,0.007477,0,0,0.0006339057581499,0,True,True,both_correct,0.992523,0.9993660942418501
11527.png,0,0,0.004803,0,0,0.0785996541380882,0,True,True,both_correct,0.995197,0.9214003458619118
11529.png,0,0,0.005867,0,0,0.2424178123474121,0,True,True,both_correct,0.994133,0.7575821876525879
11530.png,0,0,0.0001382,0,0,1.3277336620376444e-05,0,True,True,both_correct,0.9998618,0.9999867226633796
11536.png,0,0,0.000227,0,0,1.601343319634907e-05,0,True,True,both_correct,0.999773,0.9999839865668037
11550.png,0,0,0.001015,0,0,9.337623851024546e-06,0,True,True,both_correct,0.998985,0.999990662376149
11551.png,0,0,0.0621,0,0,0.0582896433770656,0,True,True,both_correct,0.9379,0.9417103566229343
11559.png,0,0,0.01082,0,0,0.0044936970807611,0,True,True,both_correct,0.98918,0.9955063029192389
11561.png,0,0,0.0005746,0,0,8.96752408152679e-06,0,True,True,both_correct,0.9994254,0.9999910324759185
11565.png,0,0,0.0883,0,0,0.096309095621109,0,True,True,both_correct,0.9117,0.903690904378891
11574.png,0,0,0.00011635,0,0,1.559149313834496e-05,0,True,True,both_correct,0.99988365,0.9999844085068617
11579.png,0,0,0.0192,0,0,0.0020110609475523,0,True,True,both_correct,0.9808,0.9979889390524477
11581.png,0,0,0.01169,0,0,5.4685926443198696e-05,0,True,True,both_correct,0.98831,0.9999453140735568
11584.png,0,0,0.000395,0,0,7.130228851792708e-09,0,True,True,both_correct,0.999605,0.9999999928697711
11591.png,0,0,0.000406,0,0,7.797218131599948e-06,0,True,True,both_correct,0.999594,0.9999922027818684
11592.png,0,0,0.2471,0,0,0.0309899039566516,0,True,True,both_correct,0.7529,0.9690100960433484
11596.png,0,0,0.4082,0,1,0.9786176681518556,0,True,False,swin_correct_r50_wrong,0.5918,0.9786176681518556
11598.png,0,0,0.00574,0,0,0.008359145373106,0,True,True,both_correct,0.99426,0.991640854626894
11599.png,0,0,0.03635,0,0,0.0026352498680353,0,True,True,both_correct,0.96365,0.9973647501319647
11601.png,0,0,0.002047,0,0,0.0019594195764511,0,True,True,both_correct,0.997953,0.9980405804235489
11604.png,0,0,0.0002239,0,0,4.0154592539920486e-08,0,True,True,both_correct,0.9997761,0.9999999598454075
11605.png,0,0,0.0001068,0,0,1.1356675713614097e-05,0,True,True,both_correct,0.9998932,0.9999886433242864
11607.png,0,0,3.79e-05,0,0,4.6161070521577585e-09,0,True,True,both_correct,0.9999621,0.999999995383893
11611.png,0,0,0.002035,0,0,0.0007855024305172,0,True,True,both_correct,0.997965,0.9992144975694828
11620.png,0,0,0.000876,0,0,6.027991275914246e-06,0,True,True,both_correct,0.999124,0.9999939720087241
11622.png,0,0,0.0001019,0,0,3.946343349525705e-05,0,True,True,both_correct,0.9998981,0.9999605365665047
11627.png,0,0,0.0001459,0,0,9.757826546774597e-09,0,True,True,both_correct,0.9998541,0.9999999902421735
11628.png,0,0,5.39e-05,0,0,9.34038908440016e-08,0,True,True,both_correct,0.9999461,0.9999999065961092
11641.png,0,0,0.0001972,0,0,6.624790938047909e-09,0,True,True,both_correct,0.9998028,0.9999999933752091
11643.png,0,0,0.1009,0,0,0.0004090235161129,0,True,True,both_correct,0.8991,0.9995909764838871
11647.png,0,0,0.0002925,0,0,4.509972768573789e-07,0,True,True,both_correct,0.9997075,0.9999995490027231
11651.png,0,0,0.00504,0,0,0.0016510235145688,0,True,True,both_correct,0.99496,0.9983489764854312
11675.png,0,0,0.1577,0,0,1.17170029625413e-05,0,True,True,both_correct,0.8423,0.9999882829970375
11676.png,0,0,0.0741,0,0,0.2191984057426452,0,True,True,both_correct,0.9259,0.7808015942573547
11681.png,0,0,0.0002378,0,0,4.437296956893988e-05,0,True,True,both_correct,0.9997622,0.9999556270304311
11683.png,0,0,0.0003095,0,0,1.6198418961721472e-07,0,True,True,both_correct,0.9996905,0.9999998380158104
11684.png,0,0,4.756e-05,0,0,1.5242845847751596e-06,0,True,True,both_correct,0.99995244,0.9999984757154152
11687.png,0,0,8.96e-05,0,0,1.972960944840452e-06,0,True,True,both_correct,0.9999104,0.9999980270390552
11688.png,0,0,6.866e-05,0,0,5.566975005422137e-07,0,True,True,both_correct,0.99993134,0.9999994433024995
11696.png,0,0,4.035e-05,0,0,1.834345493989531e-05,0,True,True,both_correct,0.99995965,0.9999816565450601
11697.png,0,0,0.0114,0,0,0.0704298317432403,0,True,True,both_correct,0.9886,0.9295701682567596
11700.png,0,0,0.000539,0,0,4.6573923384585214e-08,0,True,True,both_correct,0.999461,0.9999999534260766
11701.png,0,0,0.0001838,0,0,5.891241471545072e-06,0,True,True,both_correct,0.9998162,0.9999941087585285
11702.png,0,0,0.001017,0,0,1.7363636288791897e-06,0,True,True,both_correct,0.998983,0.9999982636363711
