id,file_name,severity,site_type,valid_fine_grain,width,height,evidence,is_candidate_location,categories,label,image_path
7364,7364.png,n/a,n/a,0,1054,1048,n/a,0,[],0,/content/drive/MyDrive/landfill_research/datasets/AerialWaste/Extracted/7364.png
4360,4360.png,n/a,n/a,0,1000,1000,n/a,0,[],0,/content/drive/MyDrive/landfill_research/datasets/AerialWaste/Extracted/4360.png
5425,5425.png,n/a,n/a,0,1000,1000,n/a,0,[],0,/content/drive/MyDrive/landfill_research/datasets/AerialWaste/Extracted/5425.png
10890,10890.png,1,Agricultural area/farm area,1,1044,1057,1,1,"[2, 3, 1, 4, 16]",1,/content/drive/MyDrive/landfill_research/datasets/AerialWaste/Extracted/10890.png
4175,4175.png,n/a,n/a,0,1000,1000,n/a,0,[],0,/content/drive/MyDrive/landfill_research/datasets/AerialWaste/Extracted/4175.png
10352,10352.png,n/a,n/a,0,1036,1065,n/a,0,[],0,/content/drive/MyDrive/landfill_research/datasets/AerialWaste/Extracted/10352.png
2451,2451.png,0,Other,1,1000,1000,0,1,[2],1,/content/drive/MyDrive/landfill_research/datasets/AerialWaste/Extracted/2451.png
10897,10897.png,n/a,n/a,0,1000,1000,n/a,0,[],0,/content/drive/MyDrive/landfill_research/datasets/AerialWaste/Extracted/10897.png
5278,5278.png,n/a,n/a,0,1000,1000,n/a,0,[],0,/content/drive/MyDrive/landfill_research/datasets/AerialWaste/Extracted/5278.png
2783,2783.png,n/s,n/s,1,1052,1050,2,1,[3],1,/content/drive/MyDrive/landfill_research/datasets/AerialWaste/Extracted/2783.png
2903,2903.png,n/s,n/s,1,1055,1046,3,1,[6],1,/content/drive/MyDrive/landfill_research/datasets/AerialWaste/Extracted/2903.png
8984,8984.png,n/a,n/a,0,1050,1052,n/a,0,[],0,/content/drive/MyDrive/landfill_research/datasets/AerialWaste/Extracted/8984.png
6876,6876.png,n/a,n/a,0,1000,1000,n/a,0,[],0,/content/drive/MyDrive/landfill_research/datasets/AerialWaste/Extracted/6876.png
3860,3860.png,n/a,n/a,0,1000,1000,n/a,0,[],0,/content/drive/MyDrive/landfill_research/datasets/AerialWaste/Extracted/3860.png
7197,7197.png,n/a,n/a,0,1000,1000,n/a,0,[],0,/content/drive/MyDrive/landfill_research/datasets/AerialWaste/Extracted/7197.png
5283,5283.png,n/a,n/a,0,1000,1000,n/a,0,[],0,/content/drive/MyDrive/landfill_research/datasets/AerialWaste/Extracted/5283.png
8131,8131.png,n/a,n/a,0,1056,1046,n/a,0,[],0,/content/drive/MyDrive/landfill_research/datasets/AerialWaste/Extracted/8131.png
844,844.png,1,Agricultural area/farm area,0,1000,1000,3,1,[],1,/content/drive/MyDrive/landfill_research/datasets/AerialWaste/Extracted/844.png
3820,3820.png,n/a,n/a,0,1000,1000,n/a,0,[],0,/content/drive/MyDrive/landfill_research/datasets/AerialWaste/Extracted/3820.png
1634,1634.png,2,Production site,0,1000,1000,2,1,[],1,/content/drive/MyDrive/landfill_research/datasets/AerialWaste/Extracted/1634.png
3962,3962.png,n/a,n/a,0,1000,1000,n/a,0,[],0,/content/drive/MyDrive/landfill_research/datasets/AerialWaste/Extracted/3962.png
5187,5187.png,n/a,n/a,0,1000,1000,n/a,0,[],0,/content/drive/MyDrive/landfill_research/datasets/AerialWaste/Extracted/5187.png
4705,4705.png,n/a,n/a,0,1000,1000,n/a,0,[],0,/content/drive/MyDrive/landfill_research/datasets/AerialWaste/Extracted/4705.png
6797,6797.png,n/a,n/a,0,696,697,n/a,0,[],0,/content/drive/MyDrive/landfill_research/datasets/AerialWaste/Extracted/6797.png
1964,1964.png,1,Degraded area,1,1000,1000,2,1,"[10, 16]",1,/content/drive/MyDrive/landfill_research/datasets/AerialWaste/Extracted/1964.png
3806,3806.png,n/a,n/a,0,1000,1000,n/a,0,[],0,/content/drive/MyDrive/landfill_research/datasets/AerialWaste/Extracted/3806.png
1093,1093.png,2,Degraded area,0,1000,1000,2,1,[],1,/content/drive/MyDrive/landfill_research/datasets/AerialWaste/Extracted/1093.png
8601,8601.png,n/a,n/a,0,1035,1067,n/a,0,[],0,/content/drive/MyDrive/landfill_research/datasets/AerialWaste/Extracted/8601.png
4598,4598.png,n/a,n/a,0,1000,1000,n/a,1,[],1,/content/drive/MyDrive/landfill_research/datasets/AerialWaste/Extracted/4598.png
1552,1552.png,1,Production site,0,1000,1000,3,1,[],1,/content/drive/MyDrive/landfill_research/datasets/AerialWaste/Extracted/1552.png
6502,6502.png,n/a,n/a,0,1000,1000,n/a,0,[],0,/content/drive/MyDrive/landfill_research/datasets/AerialWaste/Extracted/6502.png
11174,11174.png,n/a,n/a,0,1051,1051,n/a,0,[],0,/content/drive/MyDrive/landfill_research/datasets/AerialWaste/Extracted/11174.png
10919,10919.png,n/a,n/a,0,1000,1000,n/a,0,[],0,/content/drive/MyDrive/landfill_research/datasets/AerialWaste/Extracted/10919.png
4537,4537.png,n/a,n/a,0,1000,1000,n/a,0,[],0,/content/drive/MyDrive/landfill_research/datasets/AerialWaste/Extracted/4537.png
3475,3475.png,n/s,n/s,1,1056,1046,n/s,1,"[1, 16]",1,/content/drive/MyDrive/landfill_research/datasets/AerialWaste/Extracted/3475.png
5451,5451.png,n/a,n/a,0,1000,1000,n/a,0,[],0,/content/drive/MyDrive/landfill_research/datasets/AerialWaste/Extracted/5451.png
6608,6608.png,n/a,n/a,0,1000,1000,n/a,1,[],1,/content/drive/MyDrive/landfill_research/datasets/AerialWaste/Extracted/6608.png
8079,8079.png,n/a,n/a,0,1053,1049,n/a,0,[],0,/content/drive/MyDrive/landfill_research/datasets/AerialWaste/Extracted/8079.png
922,922.png,2,Production site,0,1000,1000,2,1,[],1,/content/drive/MyDrive/landfill_research/datasets/AerialWaste/Extracted/922.png
8642,8642.png,n/a,n/a,0,1045,1057,n/a,0,[],0,/content/drive/MyDrive/landfill_research/datasets/AerialWaste/Extracted/8642.png
10434,10434.png,n/a,n/a,0,1055,1047,n/a,1,[],1,/content/drive/MyDrive/landfill_research/datasets/AerialWaste/Extracted/10434.png
2016,2016.png,2,Degraded area,1,1000,1000,2,1,"[1, 2, 4, 5, 12, 14, 16, 21]",1,/content/drive/MyDrive/landfill_research/datasets/AerialWaste/Extracted/2016.png
3181,3181.png,n/a,n/a,0,1000,1000,n/a,0,[],0,/content/drive/MyDrive/landfill_research/datasets/AerialWaste/Extracted/3181.png
750,750.png,1,Degraded area,0,1000,1000,2,1,[],1,/content/drive/MyDrive/landfill_research/datasets/AerialWaste/Extracted/750.png
9198,9198.png,n/a,n/a,0,1000,1000,n/a,0,[],0,/content/drive/MyDrive/landfill_research/datasets/AerialWaste/Extracted/9198.png
10223,10223.png,n/a,n/a,0,1047,1055,n/a,0,[],0,/content/drive/MyDrive/landfill_research/datasets/AerialWaste/Extracted/10223.png
11645,11645.png,n/a,n/a,0,1046,1056,n/a,0,[],0,/content/drive/MyDrive/landfill_research/datasets/AerialWaste/Extracted/11645.png
6817,6817.png,n/a,n/a,0,1000,1000,n/a,0,[],0,/content/drive/MyDrive/landfill_research/datasets/AerialWaste/Extracted/6817.png
9970,9970.png,n/a,n/a,0,1054,1048,n/a,0,[],0,/content/drive/MyDrive/landfill_research/datasets/AerialWaste/Extracted/9970.png
6398,6398.png,n/a,n/a,0,1000,1000,n/a,0,[],0,/content/drive/MyDrive/landfill_research/datasets/AerialWaste/Extracted/6398.png
7337,7337.png,n/a,n/a,0,1057,1044,n/a,0,[],0,/content/drive/MyDrive/landfill_research/datasets/AerialWaste/Extracted/7337.png
3186,3186.png,n/a,n/a,0,1000,1000,n/a,0,[],0,/content/drive/MyDrive/landfill_research/datasets/AerialWaste/Extracted/3186.png
11168,11168.png,n/a,n/a,0,1055,1048,n/a,0,[],0,/content/drive/MyDrive/landfill_research/datasets/AerialWaste/Extracted/11168.png
6396,6396.png,n/a,n/a,0,1051,1050,n/a,1,[],1,/content/drive/MyDrive/landfill_research/datasets/AerialWaste/Extracted/6396.png
5710,5710.png,n/a,n/a,0,1000,1000,n/a,0,[],0,/content/drive/MyDrive/landfill_research/datasets/AerialWaste/Extracted/5710.png
2281,2281.png,2,Abandoned area,0,1056,1047,2,1,[],1,/content/drive/MyDrive/landfill_research/datasets/AerialWaste/Extracted/2281.png
690,690.png,1,Production site,0,1000,1000,1,1,[],1,/content/drive/MyDrive/landfill_research/datasets/AerialWaste/Extracted/690.png
5415,5415.png,n/a,n/a,0,1000,1000,n/a,0,[],0,/content/drive/MyDrive/landfill_research/datasets/AerialWaste/Extracted/5415.png
8510,8510.png,n/a,n/a,0,1038,1063,n/a,0,[],0,/content/drive/MyDrive/landfill_research/datasets/AerialWaste/Extracted/8510.png
4435,4435.png,n/a,n/a,0,1000,1000,n/a,0,[],0,/content/drive/MyDrive/landfill_research/datasets/AerialWaste/Extracted/4435.png
11361,11361.png,n/a,n/a,0,1000,1000,n/a,0,[],0,/content/drive/MyDrive/landfill_research/datasets/AerialWaste/Extracted/11361.png
3456,3456.png,n/s,n/s,1,1055,1046,n/s,1,[1],1,/content/drive/MyDrive/landfill_research/datasets/AerialWaste/Extracted/3456.png
6482,6482.png,n/a,n/a,0,1000,1000,n/a,0,[],0,/content/drive/MyDrive/landfill_research/datasets/AerialWaste/Extracted/6482.png
2127,2127.png,1,Production site,1,1000,1000,1,1,"[3, 4, 16, 18]",1,/content/drive/MyDrive/landfill_research/datasets/AerialWaste/Extracted/2127.png
6112,6112.png,n/a,n/a,0,1000,1000,n/a,0,[],0,/content/drive/MyDrive/landfill_research/datasets/AerialWaste/Extracted/6112.png
2453,2453.png,1,Agricultural area/farm area,0,1051,1050,1,1,[],1,/content/drive/MyDrive/landfill_research/datasets/AerialWaste/Extracted/2453.png
3747,3747.png,n/a,n/a,0,1000,1000,n/a,0,[],0,/content/drive/MyDrive/landfill_research/datasets/AerialWaste/Extracted/3747.png
6955,6955.png,n/a,n/a,0,1000,1000,n/a,0,[],0,/content/drive/MyDrive/landfill_research/datasets/AerialWaste/Extracted/6955.png
6567,6567.png,n/a,n/a,0,1000,1000,n/a,1,[],1,/content/drive/MyDrive/landfill_research/datasets/AerialWaste/Extracted/6567.png
1358,1358.png,2,Production site,0,1000,1000,2,1,[],1,/content/drive/MyDrive/landfill_research/datasets/AerialWaste/Extracted/1358.png
4197,4197.png,n/a,n/a,0,1000,1000,n/a,0,[],0,/content/drive/MyDrive/landfill_research/datasets/AerialWaste/Extracted/4197.png
6816,6816.png,n/a,n/a,0,1000,1000,n/a,0,[],0,/content/drive/MyDrive/landfill_research/datasets/AerialWaste/Extracted/6816.png
672,672.png,3,Production site,0,1000,1000,1,1,[],1,/content/drive/MyDrive/landfill_research/datasets/AerialWaste/Extracted/672.png
2535,2535.png,n/s,n/s,0,1056,1046,2,1,[],1,/content/drive/MyDrive/landfill_research/datasets/AerialWaste/Extracted/2535.png
6501,6501.png,n/a,n/a,0,1000,1000,n/a,0,[],0,/content/drive/MyDrive/landfill_research/datasets/AerialWaste/Extracted/6501.png
8846,8846.png,n/a,n/a,0,1000,1000,n/a,0,[],0,/content/drive/MyDrive/landfill_research/datasets/AerialWaste/Extracted/8846.png
8514,8514.png,n/a,n/a,0,1038,1063,n/a,0,[],0,/content/drive/MyDrive/landfill_research/datasets/AerialWaste/Extracted/8514.png
5660,5660.png,n/a,n/a,0,1000,1000,n/a,0,[],0,/content/drive/MyDrive/landfill_research/datasets/AerialWaste/Extracted/5660.png
6533,6533.png,n/a,n/a,0,1000,1000,n/a,0,[],0,/content/drive/MyDrive/landfill_research/datasets/AerialWaste/Extracted/6533.png
6219,6219.png,n/a,n/a,0,1000,1000,n/a,0,[],0,/content/drive/MyDrive/landfill_research/datasets/AerialWaste/Extracted/6219.png
10765,10765.png,n/a,n/a,0,1000,1000,n/a,0,[],0,/content/drive/MyDrive/landfill_research/datasets/AerialWaste/Extracted/10765.png
8732,8732.png,n/a,n/a,0,1052,1050,n/a,0,[],0,/content/drive/MyDrive/landfill_research/datasets/AerialWaste/Extracted/8732.png
1645,1645.png,2,Production site,0,1000,1000,2,1,[],1,/content/drive/MyDrive/landfill_research/datasets/AerialWaste/Extracted/1645.png
11328,11328.png,n/a,n/a,0,1000,1000,n/a,0,[],0,/content/drive/MyDrive/landfill_research/datasets/AerialWaste/Extracted/11328.png
10865,10865.png,n/a,n/a,0,1000,1000,n/a,0,[],0,/content/drive/MyDrive/landfill_research/datasets/AerialWaste/Extracted/10865.png
10457,10457.png,n/a,n/a,0,1050,1052,n/a,0,[],0,/content/drive/MyDrive/landfill_research/datasets/AerialWaste/Extracted/10457.png
8597,8597.png,n/a,n/a,0,1036,1066,n/a,1,[],1,/content/drive/MyDrive/landfill_research/datasets/AerialWaste/Extracted/8597.png
10682,10682.png,n/a,n/a,0,1049,1053,n/a,0,[],0,/content/drive/MyDrive/landfill_research/datasets/AerialWaste/Extracted/10682.png
7495,7495.png,n/a,n/a,0,1054,1047,n/a,0,[],0,/content/drive/MyDrive/landfill_research/datasets/AerialWaste/Extracted/7495.png
6417,6417.png,n/a,n/a,0,1043,1059,n/a,0,[],0,/content/drive/MyDrive/landfill_research/datasets/AerialWaste/Extracted/6417.png
10406,10406.png,n/a,n/a,0,1037,1065,n/a,0,[],0,/content/drive/MyDrive/landfill_research/datasets/AerialWaste/Extracted/10406.png
5299,5299.png,n/a,n/a,0,1000,1000,n/a,0,[],0,/content/drive/MyDrive/landfill_research/datasets/AerialWaste/Extracted/5299.png
2397,2397.png,1,Degraded area,0,1051,1050,1,1,[],1,/content/drive/MyDrive/landfill_research/datasets/AerialWaste/Extracted/2397.png
761,761.png,1,Agricultural area/farm area,0,1000,1000,2,1,[],1,/content/drive/MyDrive/landfill_research/datasets/AerialWaste/Extracted/761.png
9963,9963.png,n/a,n/a,0,1041,1060,n/a,1,[],1,/content/drive/MyDrive/landfill_research/datasets/AerialWaste/Extracted/9963.png
11642,11642.png,n/a,n/a,0,1055,1047,n/a,0,[],0,/content/drive/MyDrive/landfill_research/datasets/AerialWaste/Extracted/11642.png
9754,9754.png,n/a,n/a,0,1000,1000,n/a,0,[],0,/content/drive/MyDrive/landfill_research/datasets/AerialWaste/Extracted/9754.png
241,241.png,2,Agricultural area/farm area,0,1000,1000,2,1,[],1,/content/drive/MyDrive/landfill_research/datasets/AerialWaste/Extracted/241.png
10395,10395.png,n/a,n/a,0,1037,1065,n/a,0,[],0,/content/drive/MyDrive/landfill_research/datasets/AerialWaste/Extracted/10395.png
7178,7178.png,1,Degraded area,1,1000,1000,2,1,"[4, 16]",1,/content/drive/MyDrive/landfill_research/datasets/AerialWaste/Extracted/7178.png
7721,7721.png,n/a,n/a,0,1054,1047,n/a,0,[],0,/content/drive/MyDrive/landfill_research/datasets/AerialWaste/Extracted/7721.png
4768,4768.png,n/a,n/a,0,1000,1000,n/a,0,[],0,/content/drive/MyDrive/landfill_research/datasets/AerialWaste/Extracted/4768.png
1706,1706.png,1,Non production building,0,1000,1000,3,0,[],0,/content/drive/MyDrive/landfill_research/datasets/AerialWaste/Extracted/1706.png
10888,10888.png,1,Agricultural area/farm area,1,1000,1000,1,1,"[10, 1, 16]",1,/content/drive/MyDrive/landfill_research/datasets/AerialWaste/Extracted/10888.png
8037,8037.png,n/a,n/a,0,1047,1054,n/a,0,[],0,/content/drive/MyDrive/landfill_research/datasets/AerialWaste/Extracted/8037.png
9250,9250.png,n/a,n/a,0,1000,1000,n/a,0,[],0,/content/drive/MyDrive/landfill_research/datasets/AerialWaste/Extracted/9250.png
3729,3729.png,n/a,n/a,0,1000,1000,n/a,0,[],0,/content/drive/MyDrive/landfill_research/datasets/AerialWaste/Extracted/3729.png
10743,10743.png,n/a,n/a,0,1000,1000,n/a,0,[],0,/content/drive/MyDrive/landfill_research/datasets/AerialWaste/Extracted/10743.png
6485,6485.png,n/a,n/a,0,1049,1052,n/a,0,[],0,/content/drive/MyDrive/landfill_research/datasets/AerialWaste/Extracted/6485.png
1318,1318.png,1,Degraded area,0,1000,1000,1,1,[],1,/content/drive/MyDrive/landfill_research/datasets/AerialWaste/Extracted/1318.png
2910,2910.png,n/s,n/s,0,1052,1050,1,1,[],1,/content/drive/MyDrive/landfill_research/datasets/AerialWaste/Extracted/2910.png
5112,5112.png,n/a,n/a,0,1000,1000,n/a,0,[],0,/content/drive/MyDrive/landfill_research/datasets/AerialWaste/Extracted/5112.png
6073,6073.png,n/a,n/a,0,1000,1000,n/a,0,[],0,/content/drive/MyDrive/landfill_research/datasets/AerialWaste/Extracted/6073.png
10539,10539.png,n/a,n/a,0,1000,1000,n/a,0,[],0,/content/drive/MyDrive/landfill_research/datasets/AerialWaste/Extracted/10539.png
6624,6624.png,n/a,n/a,0,1000,1000,n/a,0,[],0,/content/drive/MyDrive/landfill_research/datasets/AerialWaste/Extracted/6624.png
7455,7455.png,n/a,n/a,0,1052,1049,n/a,0,[],0,/content/drive/MyDrive/landfill_research/datasets/AerialWaste/Extracted/7455.png
9323,9323.png,n/a,n/a,0,1000,1000,n/a,0,[],0,/content/drive/MyDrive/landfill_research/datasets/AerialWaste/Extracted/9323.png
10401,10401.png,n/a,n/a,0,1039,1064,n/a,0,[],0,/content/drive/MyDrive/landfill_research/datasets/AerialWaste/Extracted/10401.png
8488,8488.png,n/a,n/a,0,1035,1066,n/a,0,[],0,/content/drive/MyDrive/landfill_research/datasets/AerialWaste/Extracted/8488.png
6380,6380.png,n/a,n/a,0,1000,1000,n/a,0,[],0,/content/drive/MyDrive/landfill_research/datasets/AerialWaste/Extracted/6380.png
7201,7201.png,n/a,n/a,0,1000,1000,n/a,0,[],0,/content/drive/MyDrive/landfill_research/datasets/AerialWaste/Extracted/7201.png
8503,8503.png,n/a,n/a,0,1038,1063,n/a,0,[],0,/content/drive/MyDrive/landfill_research/datasets/AerialWaste/Extracted/8503.png
2134,2134.png,1,Production site,1,1000,1000,1,1,"[1, 2, 16]",1,/content/drive/MyDrive/landfill_research/datasets/AerialWaste/Extracted/2134.png
109,109.png,1,Agricultural area/farm area,0,1000,1000,1,1,[],1,/content/drive/MyDrive/landfill_research/datasets/AerialWaste/Extracted/109.png
9973,9973.png,n/a,n/a,0,1045,1056,n/a,0,[],0,/content/drive/MyDrive/landfill_research/datasets/AerialWaste/Extracted/9973.png
358,358.png,1,Agricultural area/farm area,1,1000,1000,1,1,"[7, 20]",1,/content/drive/MyDrive/landfill_research/datasets/AerialWaste/Extracted/358.png
4151,4151.png,n/a,n/a,0,1000,1000,n/a,0,[],0,/content/drive/MyDrive/landfill_research/datasets/AerialWaste/Extracted/4151.png
6938,6938.png,n/a,n/a,0,1056,1046,n/a,0,[],0,/content/drive/MyDrive/landfill_research/datasets/AerialWaste/Extracted/6938.png
4363,4363.png,n/a,n/a,0,1000,1000,n/a,0,[],0,/content/drive/MyDrive/landfill_research/datasets/AerialWaste/Extracted/4363.png
1630,1630.png,1,Agricultural area/farm area,0,1000,1000,3,1,[],1,/content/drive/MyDrive/landfill_research/datasets/AerialWaste/Extracted/1630.png
6700,6700.png,n/a,n/a,0,1000,1000,n/a,0,[],0,/content/drive/MyDrive/landfill_research/datasets/AerialWaste/Extracted/6700.png
2827,2827.png,n/s,n/s,0,1054,1047,2,1,[],1,/content/drive/MyDrive/landfill_research/datasets/AerialWaste/Extracted/2827.png
743,743.png,3,Production site,0,1000,1000,1,1,[],1,/content/drive/MyDrive/landfill_research/datasets/AerialWaste/Extracted/743.png
5207,5207.png,n/a,n/a,0,1000,1000,n/a,0,[],0,/content/drive/MyDrive/landfill_research/datasets/AerialWaste/Extracted/5207.png
8395,8395.png,n/a,n/a,0,1036,1065,n/a,0,[],0,/content/drive/MyDrive/landfill_research/datasets/AerialWaste/Extracted/8395.png
2389,2389.png,1,Degraded area,1,697,698,2,1,"[2, 3, 4, 5]",1,/content/drive/MyDrive/landfill_research/datasets/AerialWaste/Extracted/2389.png
8314,8314.png,n/a,n/a,0,1036,1065,n/a,0,[],0,/content/drive/MyDrive/landfill_research/datasets/AerialWaste/Extracted/8314.png
11153,11153.png,n/a,n/a,0,1052,1050,n/a,0,[],0,/content/drive/MyDrive/landfill_research/datasets/AerialWaste/Extracted/11153.png
1369,1369.png,1,Agricultural area/farm area,0,1000,1000,1,1,[],1,/content/drive/MyDrive/landfill_research/datasets/AerialWaste/Extracted/1369.png
6451,6451.png,n/a,n/a,0,1000,1000,n/a,1,[],1,/content/drive/MyDrive/landfill_research/datasets/AerialWaste/Extracted/6451.png
10900,10900.png,2,Production site,1,1000,1000,1,1,[21],1,/content/drive/MyDrive/landfill_research/datasets/AerialWaste/Extracted/10900.png
10181,10181.png,n/a,n/a,0,1000,1000,n/a,0,[],0,/content/drive/MyDrive/landfill_research/datasets/AerialWaste/Extracted/10181.png
10272,10272.png,n/a,n/a,0,1057,1044,n/a,0,[],0,/content/drive/MyDrive/landfill_research/datasets/AerialWaste/Extracted/10272.png
443,443.png,1,Agricultural area/farm area,0,1000,1000,1,1,[],1,/content/drive/MyDrive/landfill_research/datasets/AerialWaste/Extracted/443.png
10841,10841.png,2,Degraded area,1,1049,1052,2,1,"[1, 16]",1,/content/drive/MyDrive/landfill_research/datasets/AerialWaste/Extracted/10841.png
2607,2607.png,n/s,n/s,0,1053,1048,1,1,[],1,/content/drive/MyDrive/landfill_research/datasets/AerialWaste/Extracted/2607.png
3933,3933.png,n/a,n/a,0,1000,1000,n/a,0,[],0,/content/drive/MyDrive/landfill_research/datasets/AerialWaste/Extracted/3933.png
3316,3316.png,n/s,n/s,0,1035,1067,1,1,[],1,/content/drive/MyDrive/landfill_research/datasets/AerialWaste/Extracted/3316.png
2116,2116.png,1,Production site,1,1000,1000,1,1,"[2, 4, 5, 20]",1,/content/drive/MyDrive/landfill_research/datasets/AerialWaste/Extracted/2116.png
6075,6075.png,n/a,n/a,0,1000,1000,n/a,0,[],0,/content/drive/MyDrive/landfill_research/datasets/AerialWaste/Extracted/6075.png
10870,10870.png,n/a,n/a,0,1000,1000,n/a,0,[],0,/content/drive/MyDrive/landfill_research/datasets/AerialWaste/Extracted/10870.png
2828,2828.png,n/s,n/s,0,1054,1047,3,1,[],1,/content/drive/MyDrive/landfill_research/datasets/AerialWaste/Extracted/2828.png
11176,11176.png,n/a,n/a,0,1050,1051,n/a,0,[],0,/content/drive/MyDrive/landfill_research/datasets/AerialWaste/Extracted/11176.png
11249,11249.png,n/a,n/a,0,1000,1000,n/a,0,[],0,/content/drive/MyDrive/landfill_research/datasets/AerialWaste/Extracted/11249.png
2377,2377.png,1,Degraded area,1,696,698,1,1,"[1, 3, 4, 16]",1,/content/drive/MyDrive/landfill_research/datasets/AerialWaste/Extracted/2377.png
359,359.png,1,Agricultural area/farm area,0,1000,1000,1,1,[],1,/content/drive/MyDrive/landfill_research/datasets/AerialWaste/Extracted/359.png
3946,3946.png,n/a,n/a,0,1000,1000,n/a,0,[],0,/content/drive/MyDrive/landfill_research/datasets/AerialWaste/Extracted/3946.png
8668,8668.png,n/a,n/a,0,1055,1047,n/a,0,[],0,/content/drive/MyDrive/landfill_research/datasets/AerialWaste/Extracted/8668.png
9255,9255.png,n/a,n/a,0,1000,1000,n/a,0,[],0,/content/drive/MyDrive/landfill_research/datasets/AerialWaste/Extracted/9255.png
5419,5419.png,n/a,n/a,0,1000,1000,n/a,0,[],0,/content/drive/MyDrive/landfill_research/datasets/AerialWaste/Extracted/5419.png
10938,10938.png,3,Production site,1,1049,1053,3,1,"[2, 19]",1,/content/drive/MyDrive/landfill_research/datasets/AerialWaste/Extracted/10938.png
1739,1739.png,1,Non production building,0,1000,1000,3,0,[],0,/content/drive/MyDrive/landfill_research/datasets/AerialWaste/Extracted/1739.png
2486,2486.png,n/s,n/s,0,1053,1048,1,1,[],1,/content/drive/MyDrive/landfill_research/datasets/AerialWaste/Extracted/2486.png
2085,2085.png,0,Degraded area,1,1000,1000,0,1,"[1, 2, 3, 4, 16]",1,/content/drive/MyDrive/landfill_research/datasets/AerialWaste/Extracted/2085.png
2487,2487.png,n/s,n/s,1,1054,1048,1,1,[17],1,/content/drive/MyDrive/landfill_research/datasets/AerialWaste/Extracted/2487.png
6944,6944.png,n/a,n/a,0,1000,1000,n/a,0,[],0,/content/drive/MyDrive/landfill_research/datasets/AerialWaste/Extracted/6944.png
1421,1421.png,n/a,n/a,0,1042,1059,n/a,0,[],0,/content/drive/MyDrive/landfill_research/datasets/AerialWaste/Extracted/1421.png
7874,7874.png,n/a,n/a,0,1053,1049,n/a,0,[],0,/content/drive/MyDrive/landfill_research/datasets/AerialWaste/Extracted/7874.png
3459,3459.png,n/s,n/s,1,1055,1046,n/s,1,"[2, 12, 16]",1,/content/drive/MyDrive/landfill_research/datasets/AerialWaste/Extracted/3459.png
3074,3074.png,n/s,n/s,1,1041,1060,1,1,[3],1,/content/drive/MyDrive/landfill_research/datasets/AerialWaste/Extracted/3074.png
4411,4411.png,n/a,n/a,0,1000,1000,n/a,0,[],0,/content/drive/MyDrive/landfill_research/datasets/AerialWaste/Extracted/4411.png
1963,1963.png,1,Production site,1,1000,1000,1,1,"[1, 4, 16, 19]",1,/content/drive/MyDrive/landfill_research/datasets/AerialWaste/Extracted/1963.png
73,73.png,2,Production site,0,1000,1000,1,1,[],1,/content/drive/MyDrive/landfill_research/datasets/AerialWaste/Extracted/73.png
5923,5923.png,n/a,n/a,0,1000,1000,n/a,0,[],0,/content/drive/MyDrive/landfill_research/datasets/AerialWaste/Extracted/5923.png
883,883.png,2,Agricultural area/farm area,0,1000,1000,2,1,[],1,/content/drive/MyDrive/landfill_research/datasets/AerialWaste/Extracted/883.png
8173,8173.png,n/a,n/a,0,1056,1045,n/a,0,[],0,/content/drive/MyDrive/landfill_research/datasets/AerialWaste/Extracted/8173.png
5544,5544.png,n/a,n/a,0,1000,1000,n/a,0,[],0,/content/drive/MyDrive/landfill_research/datasets/AerialWaste/Extracted/5544.png
4277,4277.png,n/a,n/a,0,1000,1000,n/a,0,[],0,/content/drive/MyDrive/landfill_research/datasets/AerialWaste/Extracted/4277.png
9149,9149.png,n/a,n/a,0,1000,1000,n/a,0,[],0,/content/drive/MyDrive/landfill_research/datasets/AerialWaste/Extracted/9149.png
994,994.png,2,Production site,0,1000,1000,2,1,[],1,/content/drive/MyDrive/landfill_research/datasets/AerialWaste/Extracted/994.png
2418,2418.png,2,Abandoned area,0,697,697,2,0,[],0,/content/drive/MyDrive/landfill_research/datasets/AerialWaste/Extracted/2418.png
2944,2944.png,n/s,n/s,1,1046,1056,1,1,[17],1,/content/drive/MyDrive/landfill_research/datasets/AerialWaste/Extracted/2944.png
9578,9578.png,n/a,n/a,0,1000,1000,n/a,0,[],0,/content/drive/MyDrive/landfill_research/datasets/AerialWaste/Extracted/9578.png
8208,8208.png,n/a,n/a,0,1051,1050,n/a,0,[],0,/content/drive/MyDrive/landfill_research/datasets/AerialWaste/Extracted/8208.png
10400,10400.png,n/a,n/a,0,1037,1064,n/a,0,[],0,/content/drive/MyDrive/landfill_research/datasets/AerialWaste/Extracted/10400.png
7050,7050.png,n/a,n/a,0,697,698,n/a,0,[],0,/content/drive/MyDrive/landfill_research/datasets/AerialWaste/Extracted/7050.png
2041,2041.png,1,Production site,1,1000,1000,1,1,"[1, 4, 16, 20]",1,/content/drive/MyDrive/landfill_research/datasets/AerialWaste/Extracted/2041.png
800,800.png,1,Production site,0,1000,1000,1,1,[],1,/content/drive/MyDrive/landfill_research/datasets/AerialWaste/Extracted/800.png
2485,2485.png,n/s,n/s,0,1054,1048,1,1,[],1,/content/drive/MyDrive/landfill_research/datasets/AerialWaste/Extracted/2485.png
2382,2382.png,1,Degraded area,0,696,697,2,0,[],0,/content/drive/MyDrive/landfill_research/datasets/AerialWaste/Extracted/2382.png
8059,8059.png,n/a,n/a,0,1050,1052,n/a,0,[],0,/content/drive/MyDrive/landfill_research/datasets/AerialWaste/Extracted/8059.png
2853,2853.png,n/s,n/s,0,1054,1047,1,1,[],1,/content/drive/MyDrive/landfill_research/datasets/AerialWaste/Extracted/2853.png
6145,6145.png,n/a,n/a,0,1000,1000,n/a,0,[],0,/content/drive/MyDrive/landfill_research/datasets/AerialWaste/Extracted/6145.png
8723,8723.png,2,Degraded area,1,1000,1000,1,1,[16],1,/content/drive/MyDrive/landfill_research/datasets/AerialWaste/Extracted/8723.png
7360,7360.png,n/a,n/a,0,1055,1046,n/a,0,[],0,/content/drive/MyDrive/landfill_research/datasets/AerialWaste/Extracted/7360.png
1941,1941.png,1,Degraded area,1,1000,1000,1,1,"[2, 3, 4, 5, 16]",1,/content/drive/MyDrive/landfill_research/datasets/AerialWaste/Extracted/1941.png
7003,7003.png,n/a,n/a,0,1000,1000,n/a,0,[],0,/content/drive/MyDrive/landfill_research/datasets/AerialWaste/Extracted/7003.png
8962,8962.png,n/a,n/a,0,1054,1048,n/a,1,[],1,/content/drive/MyDrive/landfill_research/datasets/AerialWaste/Extracted/8962.png
5303,5303.png,n/a,n/a,0,1000,1000,n/a,0,[],0,/content/drive/MyDrive/landfill_research/datasets/AerialWaste/Extracted/5303.png
11060,11060.png,1,Agricultural area/farm area,1,1000,1000,3,1,"[2, 1, 16]",1,/content/drive/MyDrive/landfill_research/datasets/AerialWaste/Extracted/11060.png
11143,11143.png,n/a,n/a,0,1035,1067,n/a,0,[],0,/content/drive/MyDrive/landfill_research/datasets/AerialWaste/Extracted/11143.png
10800,10800.png,n/a,n/a,0,1000,1000,n/a,0,[],0,/content/drive/MyDrive/landfill_research/datasets/AerialWaste/Extracted/10800.png
11316,11316.png,n/a,n/a,0,1000,1000,n/a,0,[],0,/content/drive/MyDrive/landfill_research/datasets/AerialWaste/Extracted/11316.png
10076,10076.png,n/a,n/a,0,1047,1055,n/a,1,[],1,/content/drive/MyDrive/landfill_research/datasets/AerialWaste/Extracted/10076.png
10945,10945.png,2,Degraded area,1,1000,1000,1,1,"[2, 1, 4, 20]",1,/content/drive/MyDrive/landfill_research/datasets/AerialWaste/Extracted/10945.png
55,55.png,1,Production site,0,1000,1000,2,1,[],1,/content/drive/MyDrive/landfill_research/datasets/AerialWaste/Extracted/55.png
8360,8360.png,n/a,n/a,0,1037,1065,n/a,1,[],1,/content/drive/MyDrive/landfill_research/datasets/AerialWaste/Extracted/8360.png
10659,10659.png,n/a,n/a,0,1000,1000,n/a,0,[],0,/content/drive/MyDrive/landfill_research/datasets/AerialWaste/Extracted/10659.png
10581,10581.png,n/a,n/a,0,1000,1000,n/a,0,[],0,/content/drive/MyDrive/landfill_research/datasets/AerialWaste/Extracted/10581.png
10390,10390.png,n/a,n/a,0,1037,1064,n/a,0,[],0,/content/drive/MyDrive/landfill_research/datasets/AerialWaste/Extracted/10390.png
10513,10513.png,n/a,n/a,0,1044,1057,n/a,0,[],0,/content/drive/MyDrive/landfill_research/datasets/AerialWaste/Extracted/10513.png
9598,9598.png,n/a,n/a,0,1000,1000,n/a,0,[],0,/content/drive/MyDrive/landfill_research/datasets/AerialWaste/Extracted/9598.png
6324,6324.png,n/a,n/a,0,1000,1000,n/a,1,[],1,/content/drive/MyDrive/landfill_research/datasets/AerialWaste/Extracted/6324.png
8604,8604.png,n/a,n/a,0,1036,1066,n/a,0,[],0,/content/drive/MyDrive/landfill_research/datasets/AerialWaste/Extracted/8604.png
6403,6403.png,n/a,n/a,0,1000,1000,n/a,0,[],0,/content/drive/MyDrive/landfill_research/datasets/AerialWaste/Extracted/6403.png
4977,4977.png,n/a,n/a,0,1000,1000,n/a,1,[],1,/content/drive/MyDrive/landfill_research/datasets/AerialWaste/Extracted/4977.png
2113,2113.png,2,Agricultural area/farm area,1,1000,1000,2,1,"[1, 2, 3, 5, 10, 16, 21]",1,/content/drive/MyDrive/landfill_research/datasets/AerialWaste/Extracted/2113.png
2700,2700.png,n/s,n/s,0,1059,1042,2,1,[],1,/content/drive/MyDrive/landfill_research/datasets/AerialWaste/Extracted/2700.png
8750,8750.png,1,Agricultural area/farm area,1,1000,1000,1,1,"[3, 5, 16]",1,/content/drive/MyDrive/landfill_research/datasets/AerialWaste/Extracted/8750.png
10454,10454.png,n/a,n/a,0,1046,1057,n/a,0,[],0,/content/drive/MyDrive/landfill_research/datasets/AerialWaste/Extracted/10454.png
9503,9503.png,n/a,n/a,0,1000,1000,n/a,0,[],0,/content/drive/MyDrive/landfill_research/datasets/AerialWaste/Extracted/9503.png
9654,9654.png,n/a,n/a,0,1000,1000,n/a,0,[],0,/content/drive/MyDrive/landfill_research/datasets/AerialWaste/Extracted/9654.png
6350,6350.png,n/a,n/a,0,1043,1059,n/a,0,[],0,/content/drive/MyDrive/landfill_research/datasets/AerialWaste/Extracted/6350.png
6277,6277.png,n/a,n/a,0,695,700,n/a,0,[],0,/content/drive/MyDrive/landfill_research/datasets/AerialWaste/Extracted/6277.png
9289,9289.png,n/a,n/a,0,1000,1000,n/a,0,[],0,/content/drive/MyDrive/landfill_research/datasets/AerialWaste/Extracted/9289.png
660,660.png,1,Non production building,0,1000,1000,1,1,[],1,/content/drive/MyDrive/landfill_research/datasets/AerialWaste/Extracted/660.png
9665,9665.png,n/a,n/a,0,1000,1000,n/a,0,[],0,/content/drive/MyDrive/landfill_research/datasets/AerialWaste/Extracted/9665.png
4343,4343.png,n/a,n/a,0,1000,1000,n/a,0,[],0,/content/drive/MyDrive/landfill_research/datasets/AerialWaste/Extracted/4343.png
1664,1664.png,1,Agricultural area/farm area,0,1000,1000,2,1,[],1,/content/drive/MyDrive/landfill_research/datasets/AerialWaste/Extracted/1664.png
6559,6559.png,n/a,n/a,0,1000,1000,n/a,0,[],0,/content/drive/MyDrive/landfill_research/datasets/AerialWaste/Extracted/6559.png
8592,8592.png,n/a,n/a,0,1037,1065,n/a,0,[],0,/content/drive/MyDrive/landfill_research/datasets/AerialWaste/Extracted/8592.png
8898,8898.png,n/a,n/a,0,1000,1000,n/a,0,[],0,/content/drive/MyDrive/landfill_research/datasets/AerialWaste/Extracted/8898.png
5897,5897.png,n/a,n/a,0,1000,1000,n/a,0,[],0,/content/drive/MyDrive/landfill_research/datasets/AerialWaste/Extracted/5897.png
2664,2664.png,n/s,n/s,0,1055,1047,3,1,[],1,/content/drive/MyDrive/landfill_research/datasets/AerialWaste/Extracted/2664.png
2299,2299.png,3,Degraded area,0,1055,1046,2,1,[],1,/content/drive/MyDrive/landfill_research/datasets/AerialWaste/Extracted/2299.png
768,768.png,2,Production site,0,1000,1000,1,1,[],1,/content/drive/MyDrive/landfill_research/datasets/AerialWaste/Extracted/768.png
137,137.png,2,Production site,0,1000,1000,1,1,[],1,/content/drive/MyDrive/landfill_research/datasets/AerialWaste/Extracted/137.png
7824,7824.png,n/a,n/a,0,1055,1046,n/a,0,[],0,/content/drive/MyDrive/landfill_research/datasets/AerialWaste/Extracted/7824.png
12,12.png,3,Production site,0,1000,1000,1,1,[],1,/content/drive/MyDrive/landfill_research/datasets/AerialWaste/Extracted/12.png
228,228.png,1,Agricultural area/farm area,0,1000,1000,1,1,[],1,/content/drive/MyDrive/landfill_research/datasets/AerialWaste/Extracted/228.png
6569,6569.png,n/a,n/a,0,1000,1000,n/a,0,[],0,/content/drive/MyDrive/landfill_research/datasets/AerialWaste/Extracted/6569.png
458,458.png,2,Agricultural area/farm area,0,1000,1000,1,1,[],1,/content/drive/MyDrive/landfill_research/datasets/AerialWaste/Extracted/458.png
8410,8410.png,n/a,n/a,0,1037,1066,n/a,0,[],0,/content/drive/MyDrive/landfill_research/datasets/AerialWaste/Extracted/8410.png
5388,5388.png,n/a,n/a,0,1000,1000,n/a,0,[],0,/content/drive/MyDrive/landfill_research/datasets/AerialWaste/Extracted/5388.png
6300,6300.png,n/a,n/a,0,1000,1000,n/a,0,[],0,/content/drive/MyDrive/landfill_research/datasets/AerialWaste/Extracted/6300.png
8045,8045.png,n/a,n/a,0,1048,1054,n/a,0,[],0,/content/drive/MyDrive/landfill_research/datasets/AerialWaste/Extracted/8045.png
2962,2962.png,n/s,n/s,0,1049,1052,2,1,[],1,/content/drive/MyDrive/landfill_research/datasets/AerialWaste/Extracted/2962.png
3740,3740.png,n/a,n/a,0,1000,1000,n/a,1,[],1,/content/drive/MyDrive/landfill_research/datasets/AerialWaste/Extracted/3740.png
10827,10827.png,2,Degraded area,1,1000,1000,1,1,"[1, 16]",1,/content/drive/MyDrive/landfill_research/datasets/AerialWaste/Extracted/10827.png
5514,5514.png,n/a,n/a,0,1000,1000,n/a,0,[],0,/content/drive/MyDrive/landfill_research/datasets/AerialWaste/Extracted/5514.png
2955,2955.png,n/s,n/s,0,1045,1057,3,0,[],0,/content/drive/MyDrive/landfill_research/datasets/AerialWaste/Extracted/2955.png
417,417.png,1,Non production building,0,1000,1000,1,1,[],1,/content/drive/MyDrive/landfill_research/datasets/AerialWaste/Extracted/417.png
7110,7110.png,1,Production site,1,1000,1000,1,1,"[11, 16]",1,/content/drive/MyDrive/landfill_research/datasets/AerialWaste/Extracted/7110.png
1198,1198.png,2,Agricultural area/farm area,0,1000,1000,2,1,[],1,/content/drive/MyDrive/landfill_research/datasets/AerialWaste/Extracted/1198.png
1616,1616.png,2,Production site,0,1000,1000,2,1,[],1,/content/drive/MyDrive/landfill_research/datasets/AerialWaste/Extracted/1616.png
8111,8111.png,n/a,n/a,0,1055,1047,n/a,0,[],0,/content/drive/MyDrive/landfill_research/datasets/AerialWaste/Extracted/8111.png
1657,1657.png,2,Agricultural area/farm area,0,1000,1000,2,1,[],1,/content/drive/MyDrive/landfill_research/datasets/AerialWaste/Extracted/1657.png
4082,4082.png,n/a,n/a,0,1000,1000,n/a,0,[],0,/content/drive/MyDrive/landfill_research/datasets/AerialWaste/Extracted/4082.png
2531,2531.png,n/s,n/s,0,1051,1050,2,1,[],1,/content/drive/MyDrive/landfill_research/datasets/AerialWaste/Extracted/2531.png
1016,1016.png,3,Production site,0,1000,1000,1,1,[],1,/content/drive/MyDrive/landfill_research/datasets/AerialWaste/Extracted/1016.png
8182,8182.png,n/a,n/a,0,1056,1045,n/a,0,[],0,/content/drive/MyDrive/landfill_research/datasets/AerialWaste/Extracted/8182.png
9320,9320.png,n/a,n/a,0,1000,1000,n/a,0,[],0,/content/drive/MyDrive/landfill_research/datasets/AerialWaste/Extracted/9320.png
9596,9596.png,n/a,n/a,0,1000,1000,n/a,0,[],0,/content/drive/MyDrive/landfill_research/datasets/AerialWaste/Extracted/9596.png
6568,6568.png,n/a,n/a,0,1000,1000,n/a,0,[],0,/content/drive/MyDrive/landfill_research/datasets/AerialWaste/Extracted/6568.png
6080,6080.png,n/a,n/a,0,1000,1000,n/a,0,[],0,/content/drive/MyDrive/landfill_research/datasets/AerialWaste/Extracted/6080.png
7695,7695.png,n/a,n/a,0,1054,1048,n/a,0,[],0,/content/drive/MyDrive/landfill_research/datasets/AerialWaste/Extracted/7695.png
4245,4245.png,n/a,n/a,0,1000,1000,n/a,0,[],0,/content/drive/MyDrive/landfill_research/datasets/AerialWaste/Extracted/4245.png
8350,8350.png,n/a,n/a,0,1036,1066,n/a,0,[],0,/content/drive/MyDrive/landfill_research/datasets/AerialWaste/Extracted/8350.png
9618,9618.png,n/a,n/a,0,1000,1000,n/a,0,[],0,/content/drive/MyDrive/landfill_research/datasets/AerialWaste/Extracted/9618.png
7011,7011.png,n/a,n/a,0,1000,1000,n/a,0,[],0,/content/drive/MyDrive/landfill_research/datasets/AerialWaste/Extracted/7011.png
11107,11107.png,n/a,n/a,0,1037,1064,n/a,0,[],0,/content/drive/MyDrive/landfill_research/datasets/AerialWaste/Extracted/11107.png
4748,4748.png,n/a,n/a,0,1000,1000,n/a,0,[],0,/content/drive/MyDrive/landfill_research/datasets/AerialWaste/Extracted/4748.png
8698,8698.png,n/a,n/a,0,1056,1046,n/a,0,[],0,/content/drive/MyDrive/landfill_research/datasets/AerialWaste/Extracted/8698.png
4193,4193.png,n/a,n/a,0,1000,1000,n/a,0,[],0,/content/drive/MyDrive/landfill_research/datasets/AerialWaste/Extracted/4193.png
11616,11616.png,n/a,n/a,0,1000,1000,n/a,0,[],0,/content/drive/MyDrive/landfill_research/datasets/AerialWaste/Extracted/11616.png
9987,9987.png,n/a,n/a,0,1055,1047,n/a,0,[],0,/content/drive/MyDrive/landfill_research/datasets/AerialWaste/Extracted/9987.png
5904,5904.png,n/a,n/a,0,1000,1000,n/a,0,[],0,/content/drive/MyDrive/landfill_research/datasets/AerialWaste/Extracted/5904.png
5764,5764.png,n/a,n/a,0,1000,1000,n/a,0,[],0,/content/drive/MyDrive/landfill_research/datasets/AerialWaste/Extracted/5764.png
5998,5998.png,n/a,n/a,0,1000,1000,n/a,0,[],0,/content/drive/MyDrive/landfill_research/datasets/AerialWaste/Extracted/5998.png
663,663.png,2,Degraded area,0,1000,1000,1,1,[],1,/content/drive/MyDrive/landfill_research/datasets/AerialWaste/Extracted/663.png
7933,7933.png,n/a,n/a,0,1056,1045,n/a,0,[],0,/content/drive/MyDrive/landfill_research/datasets/AerialWaste/Extracted/7933.png
2413,2413.png,2,Production site,0,1051,1050,1,1,[],1,/content/drive/MyDrive/landfill_research/datasets/AerialWaste/Extracted/2413.png
8799,8799.png,n/a,n/a,0,1000,1000,n/a,0,[],0,/content/drive/MyDrive/landfill_research/datasets/AerialWaste/Extracted/8799.png
7761,7761.png,1,Production site,1,1000,1000,1,1,"[2, 3, 5, 16]",1,/content/drive/MyDrive/landfill_research/datasets/AerialWaste/Extracted/7761.png
2614,2614.png,n/s,n/s,0,1054,1048,2,0,[],0,/content/drive/MyDrive/landfill_research/datasets/AerialWaste/Extracted/2614.png
6437,6437.png,n/a,n/a,0,1049,1053,n/a,0,[],0,/content/drive/MyDrive/landfill_research/datasets/AerialWaste/Extracted/6437.png
1400,1400.png,1,Degraded area,0,1000,1000,2,1,[],1,/content/drive/MyDrive/landfill_research/datasets/AerialWaste/Extracted/1400.png
3515,3515.png,n/a,n/a,0,1000,1000,n/a,1,[],1,/content/drive/MyDrive/landfill_research/datasets/AerialWaste/Extracted/3515.png
7651,7651.png,n/a,n/a,0,1054,1047,n/a,0,[],0,/content/drive/MyDrive/landfill_research/datasets/AerialWaste/Extracted/7651.png
11084,11084.png,1,Production site,1,1000,1000,2,1,"[12, 16]",1,/content/drive/MyDrive/landfill_research/datasets/AerialWaste/Extracted/11084.png
1045,1045.png,2,Agricultural area/farm area,0,1000,1000,2,1,[],1,/content/drive/MyDrive/landfill_research/datasets/AerialWaste/Extracted/1045.png
8533,8533.png,n/a,n/a,0,1037,1064,n/a,0,[],0,/content/drive/MyDrive/landfill_research/datasets/AerialWaste/Extracted/8533.png
6825,6825.png,n/a,n/a,0,1000,1000,n/a,0,[],0,/content/drive/MyDrive/landfill_research/datasets/AerialWaste/Extracted/6825.png
4244,4244.png,n/a,n/a,0,1000,1000,n/a,0,[],0,/content/drive/MyDrive/landfill_research/datasets/AerialWaste/Extracted/4244.png
7227,7227.png,n/a,n/a,0,1050,1052,n/a,1,[],1,/content/drive/MyDrive/landfill_research/datasets/AerialWaste/Extracted/7227.png
9873,9873.png,n/a,n/a,0,1000,1000,n/a,0,[],0,/content/drive/MyDrive/landfill_research/datasets/AerialWaste/Extracted/9873.png
3882,3882.png,n/a,n/a,0,1000,1000,n/a,0,[],0,/content/drive/MyDrive/landfill_research/datasets/AerialWaste/Extracted/3882.png
2770,2770.png,n/s,n/s,1,1057,1044,1,1,[3],1,/content/drive/MyDrive/landfill_research/datasets/AerialWaste/Extracted/2770.png
965,965.png,1,Degraded area,0,1000,1000,1,1,[],1,/content/drive/MyDrive/landfill_research/datasets/AerialWaste/Extracted/965.png
10369,10369.png,n/a,n/a,0,1033,1068,n/a,0,[],0,/content/drive/MyDrive/landfill_research/datasets/AerialWaste/Extracted/10369.png
8278,8278.png,n/a,n/a,0,1052,1050,n/a,0,[],0,/content/drive/MyDrive/landfill_research/datasets/AerialWaste/Extracted/8278.png
5140,5140.png,n/a,n/a,0,1000,1000,n/a,0,[],0,/content/drive/MyDrive/landfill_research/datasets/AerialWaste/Extracted/5140.png
2704,2704.png,n/s,n/s,0,1055,1046,3,1,[],1,/content/drive/MyDrive/landfill_research/datasets/AerialWaste/Extracted/2704.png
1618,1618.png,1,Production site,0,1000,1000,2,1,[],1,/content/drive/MyDrive/landfill_research/datasets/AerialWaste/Extracted/1618.png
3450,3450.png,n/s,n/s,1,1056,1046,n/s,1,"[2, 16]",1,/content/drive/MyDrive/landfill_research/datasets/AerialWaste/Extracted/3450.png
4575,4575.png,n/a,n/a,0,1000,1000,n/a,0,[],0,/content/drive/MyDrive/landfill_research/datasets/AerialWaste/Extracted/4575.png
4698,4698.png,n/a,n/a,0,1000,1000,n/a,0,[],0,/content/drive/MyDrive/landfill_research/datasets/AerialWaste/Extracted/4698.png
9535,9535.png,n/a,n/a,0,1000,1000,n/a,1,[],1,/content/drive/MyDrive/landfill_research/datasets/AerialWaste/Extracted/9535.png
5871,5871.png,n/a,n/a,0,1000,1000,n/a,0,[],0,/content/drive/MyDrive/landfill_research/datasets/AerialWaste/Extracted/5871.png
11464,11464.png,n/a,n/a,0,1000,1000,n/a,0,[],0,/content/drive/MyDrive/landfill_research/datasets/AerialWaste/Extracted/11464.png
2139,2139.png,3,Production site,1,1000,1000,2,1,"[18, 21]",1,/content/drive/MyDrive/landfill_research/datasets/AerialWaste/Extracted/2139.png
2122,2122.png,2,Non production building,1,1000,1000,2,1,"[2, 3, 4, 5, 16]",1,/content/drive/MyDrive/landfill_research/datasets/AerialWaste/Extracted/2122.png
7538,7538.png,n/a,n/a,0,1056,1044,n/a,0,[],0,/content/drive/MyDrive/landfill_research/datasets/AerialWaste/Extracted/7538.png
3,3.png,1,Degraded area,0,1000,1000,2,1,[],1,/content/drive/MyDrive/landfill_research/datasets/AerialWaste/Extracted/3.png
6611,6611.png,n/a,n/a,0,1000,1000,n/a,0,[],0,/content/drive/MyDrive/landfill_research/datasets/AerialWaste/Extracted/6611.png
2916,2916.png,n/s,n/s,0,1053,1049,3,1,[],1,/content/drive/MyDrive/landfill_research/datasets/AerialWaste/Extracted/2916.png
10529,10529.png,n/a,n/a,0,1000,1000,n/a,0,[],0,/content/drive/MyDrive/landfill_research/datasets/AerialWaste/Extracted/10529.png
9303,9303.png,n/a,n/a,0,1000,1000,n/a,0,[],0,/content/drive/MyDrive/landfill_research/datasets/AerialWaste/Extracted/9303.png
7779,7779.png,n/a,n/a,0,1055,1047,n/a,0,[],0,/content/drive/MyDrive/landfill_research/datasets/AerialWaste/Extracted/7779.png
3623,3623.png,n/a,n/a,0,1000,1000,n/a,0,[],0,/content/drive/MyDrive/landfill_research/datasets/AerialWaste/Extracted/3623.png
4840,4840.png,n/a,n/a,0,1000,1000,n/a,0,[],0,/content/drive/MyDrive/landfill_research/datasets/AerialWaste/Extracted/4840.png
10579,10579.png,n/a,n/a,0,1044,1058,n/a,0,[],0,/content/drive/MyDrive/landfill_research/datasets/AerialWaste/Extracted/10579.png
4199,4199.png,n/a,n/a,0,1000,1000,n/a,0,[],0,/content/drive/MyDrive/landfill_research/datasets/AerialWaste/Extracted/4199.png
1910,1910.png,1,Degraded area,0,1042,1060,2,1,[],1,/content/drive/MyDrive/landfill_research/datasets/AerialWaste/Extracted/1910.png
6125,6125.png,n/a,n/a,0,1000,1000,n/a,0,[],0,/content/drive/MyDrive/landfill_research/datasets/AerialWaste/Extracted/6125.png
583,583.png,1,Agricultural area/farm area,0,1000,1000,1,1,[],1,/content/drive/MyDrive/landfill_research/datasets/AerialWaste/Extracted/583.png
8406,8406.png,n/a,n/a,0,1036,1065,n/a,0,[],0,/content/drive/MyDrive/landfill_research/datasets/AerialWaste/Extracted/8406.png
9267,9267.png,n/a,n/a,0,1000,1000,n/a,0,[],0,/content/drive/MyDrive/landfill_research/datasets/AerialWaste/Extracted/9267.png
4891,4891.png,n/a,n/a,0,1000,1000,n/a,0,[],0,/content/drive/MyDrive/landfill_research/datasets/AerialWaste/Extracted/4891.png
7094,7094.png,n/a,n/a,0,696,698,n/a,0,[],0,/content/drive/MyDrive/landfill_research/datasets/AerialWaste/Extracted/7094.png
10310,10310.png,n/a,n/a,0,1036,1065,n/a,0,[],0,/content/drive/MyDrive/landfill_research/datasets/AerialWaste/Extracted/10310.png
1564,1564.png,2,Production site,0,1000,1000,2,1,[],1,/content/drive/MyDrive/landfill_research/datasets/AerialWaste/Extracted/1564.png
363,363.png,1,Production site,0,1000,1000,2,1,[],1,/content/drive/MyDrive/landfill_research/datasets/AerialWaste/Extracted/363.png
8800,8800.png,n/a,n/a,0,1000,1000,n/a,0,[],0,/content/drive/MyDrive/landfill_research/datasets/AerialWaste/Extracted/8800.png
2743,2743.png,n/s,n/s,0,1054,1048,1,1,[],1,/content/drive/MyDrive/landfill_research/datasets/AerialWaste/Extracted/2743.png
3655,3655.png,n/a,n/a,0,1000,1000,n/a,0,[],0,/content/drive/MyDrive/landfill_research/datasets/AerialWaste/Extracted/3655.png
7499,7499.png,2,Agricultural area/farm area,1,1000,1000,2,1,"[2, 1, 16]",1,/content/drive/MyDrive/landfill_research/datasets/AerialWaste/Extracted/7499.png
1670,1670.png,1,Production site,0,1000,1000,3,1,[],1,/content/drive/MyDrive/landfill_research/datasets/AerialWaste/Extracted/1670.png
7349,7349.png,n/a,n/a,0,1054,1048,n/a,0,[],0,/content/drive/MyDrive/landfill_research/datasets/AerialWaste/Extracted/7349.png
8163,8163.png,n/a,n/a,0,1046,1056,n/a,0,[],0,/content/drive/MyDrive/landfill_research/datasets/AerialWaste/Extracted/8163.png
4441,4441.png,n/a,n/a,0,1000,1000,n/a,0,[],0,/content/drive/MyDrive/landfill_research/datasets/AerialWaste/Extracted/4441.png
6484,6484.png,n/a,n/a,0,1000,1000,n/a,0,[],0,/content/drive/MyDrive/landfill_research/datasets/AerialWaste/Extracted/6484.png
11410,11410.png,n/a,n/a,0,1000,1000,n/a,0,[],0,/content/drive/MyDrive/landfill_research/datasets/AerialWaste/Extracted/11410.png
2660,2660.png,n/s,n/s,0,1055,1047,2,1,[],1,/content/drive/MyDrive/landfill_research/datasets/AerialWaste/Extracted/2660.png
3522,3522.png,n/a,n/a,0,1000,1000,n/a,0,[],0,/content/drive/MyDrive/landfill_research/datasets/AerialWaste/Extracted/3522.png
3851,3851.png,n/a,n/a,0,1000,1000,n/a,0,[],0,/content/drive/MyDrive/landfill_research/datasets/AerialWaste/Extracted/3851.png
1942,1942.png,1,Non production building,0,1051,1050,1,1,[],1,/content/drive/MyDrive/landfill_research/datasets/AerialWaste/Extracted/1942.png
7654,7654.png,n/a,n/a,0,1053,1047,n/a,0,[],0,/content/drive/MyDrive/landfill_research/datasets/AerialWaste/Extracted/7654.png
5288,5288.png,n/a,n/a,0,1000,1000,n/a,0,[],0,/content/drive/MyDrive/landfill_research/datasets/AerialWaste/Extracted/5288.png
3705,3705.png,n/a,n/a,0,1000,1000,n/a,0,[],0,/content/drive/MyDrive/landfill_research/datasets/AerialWaste/Extracted/3705.png
4458,4458.png,n/a,n/a,0,1000,1000,n/a,0,[],0,/content/drive/MyDrive/landfill_research/datasets/AerialWaste/Extracted/4458.png
3695,3695.png,n/a,n/a,0,1000,1000,n/a,0,[],0,/content/drive/MyDrive/landfill_research/datasets/AerialWaste/Extracted/3695.png
3318,3318.png,n/s,n/s,0,1035,1067,1,1,[],1,/content/drive/MyDrive/landfill_research/datasets/AerialWaste/Extracted/3318.png
10185,10185.png,n/a,n/a,0,1054,1047,n/a,0,[],0,/content/drive/MyDrive/landfill_research/datasets/AerialWaste/Extracted/10185.png
1924,1924.png,1,Production site,1,1000,1000,1,1,"[1, 16]",1,/content/drive/MyDrive/landfill_research/datasets/AerialWaste/Extracted/1924.png
11353,11353.png,n/a,n/a,0,1000,1000,n/a,0,[],0,/content/drive/MyDrive/landfill_research/datasets/AerialWaste/Extracted/11353.png
10820,10820.png,n/a,n/a,0,1000,1000,n/a,0,[],0,/content/drive/MyDrive/landfill_research/datasets/AerialWaste/Extracted/10820.png
7009,7009.png,n/a,n/a,0,1000,1000,n/a,0,[],0,/content/drive/MyDrive/landfill_research/datasets/AerialWaste/Extracted/7009.png
497,497.png,3,Abandoned area,0,1000,1000,1,1,[],1,/content/drive/MyDrive/landfill_research/datasets/AerialWaste/Extracted/497.png
1018,1018.png,2,Non production building,0,1000,1000,2,1,[],1,/content/drive/MyDrive/landfill_research/datasets/AerialWaste/Extracted/1018.png
1996,1996.png,2,Production site,0,1000,1000,2,0,[],0,/content/drive/MyDrive/landfill_research/datasets/AerialWaste/Extracted/1996.png
7621,7621.png,n/a,n/a,0,1054,1047,n/a,0,[],0,/content/drive/MyDrive/landfill_research/datasets/AerialWaste/Extracted/7621.png
6463,6463.png,n/a,n/a,0,1000,1000,n/a,0,[],0,/content/drive/MyDrive/landfill_research/datasets/AerialWaste/Extracted/6463.png
7160,7160.png,n/a,n/a,0,698,697,n/a,0,[],0,/content/drive/MyDrive/landfill_research/datasets/AerialWaste/Extracted/7160.png
4513,4513.png,n/a,n/a,0,1000,1000,n/a,0,[],0,/content/drive/MyDrive/landfill_research/datasets/AerialWaste/Extracted/4513.png
1663,1663.png,1,Non production building,0,1000,1000,3,1,[],1,/content/drive/MyDrive/landfill_research/datasets/AerialWaste/Extracted/1663.png
3637,3637.png,n/a,n/a,0,1000,1000,n/a,0,[],0,/content/drive/MyDrive/landfill_research/datasets/AerialWaste/Extracted/3637.png
2795,2795.png,n/s,n/s,0,1051,1051,3,1,[],1,/content/drive/MyDrive/landfill_research/datasets/AerialWaste/Extracted/2795.png
6413,6413.png,n/a,n/a,0,1000,1000,n/a,1,[],1,/content/drive/MyDrive/landfill_research/datasets/AerialWaste/Extracted/6413.png
8425,8425.png,n/a,n/a,0,1038,1065,n/a,0,[],0,/content/drive/MyDrive/landfill_research/datasets/AerialWaste/Extracted/8425.png
5591,5591.png,n/a,n/a,0,1000,1000,n/a,0,[],0,/content/drive/MyDrive/landfill_research/datasets/AerialWaste/Extracted/5591.png
8062,8062.png,n/a,n/a,0,1051,1051,n/a,0,[],0,/content/drive/MyDrive/landfill_research/datasets/AerialWaste/Extracted/8062.png
7522,7522.png,n/a,n/a,0,1055,1047,n/a,0,[],0,/content/drive/MyDrive/landfill_research/datasets/AerialWaste/Extracted/7522.png
7419,7419.png,n/a,n/a,0,1054,1049,n/a,0,[],0,/content/drive/MyDrive/landfill_research/datasets/AerialWaste/Extracted/7419.png
2089,2089.png,1,Degraded area,1,1000,1000,1,1,"[1, 20]",1,/content/drive/MyDrive/landfill_research/datasets/AerialWaste/Extracted/2089.png
4679,4679.png,n/a,n/a,0,1000,1000,n/a,0,[],0,/content/drive/MyDrive/landfill_research/datasets/AerialWaste/Extracted/4679.png
3561,3561.png,n/a,n/a,0,1000,1000,n/a,0,[],0,/content/drive/MyDrive/landfill_research/datasets/AerialWaste/Extracted/3561.png
9927,9927.png,n/a,n/a,0,1000,1000,n/a,0,[],0,/content/drive/MyDrive/landfill_research/datasets/AerialWaste/Extracted/9927.png
11637,11637.png,n/a,n/a,0,1046,1055,n/a,0,[],0,/content/drive/MyDrive/landfill_research/datasets/AerialWaste/Extracted/11637.png
6594,6594.png,n/a,n/a,0,1000,1000,n/a,0,[],0,/content/drive/MyDrive/landfill_research/datasets/AerialWaste/Extracted/6594.png
9308,9308.png,n/a,n/a,0,1000,1000,n/a,0,[],0,/content/drive/MyDrive/landfill_research/datasets/AerialWaste/Extracted/9308.png
8979,8979.png,n/a,n/a,0,1046,1057,n/a,0,[],0,/content/drive/MyDrive/landfill_research/datasets/AerialWaste/Extracted/8979.png
10276,10276.png,n/a,n/a,0,1042,1060,n/a,0,[],0,/content/drive/MyDrive/landfill_research/datasets/AerialWaste/Extracted/10276.png
2610,2610.png,n/s,n/s,0,1054,1048,2,0,[],0,/content/drive/MyDrive/landfill_research/datasets/AerialWaste/Extracted/2610.png
4012,4012.png,n/a,n/a,0,1000,1000,n/a,0,[],0,/content/drive/MyDrive/landfill_research/datasets/AerialWaste/Extracted/4012.png
8078,8078.png,n/a,n/a,0,1044,1057,n/a,0,[],0,/content/drive/MyDrive/landfill_research/datasets/AerialWaste/Extracted/8078.png
492,492.png,1,Non production building,0,1000,1000,2,0,[],0,/content/drive/MyDrive/landfill_research/datasets/AerialWaste/Extracted/492.png
7785,7785.png,1,Production site,1,1000,1000,2,1,"[2, 4, 21, 16]",1,/content/drive/MyDrive/landfill_research/datasets/AerialWaste/Extracted/7785.png
5716,5716.png,n/a,n/a,0,1000,1000,n/a,0,[],0,/content/drive/MyDrive/landfill_research/datasets/AerialWaste/Extracted/5716.png
10385,10385.png,n/a,n/a,0,1038,1064,n/a,1,[],1,/content/drive/MyDrive/landfill_research/datasets/AerialWaste/Extracted/10385.png
6557,6557.png,n/a,n/a,0,1000,1000,n/a,0,[],0,/content/drive/MyDrive/landfill_research/datasets/AerialWaste/Extracted/6557.png
7282,7282.png,n/a,n/a,0,1051,1050,n/a,0,[],0,/content/drive/MyDrive/landfill_research/datasets/AerialWaste/Extracted/7282.png
10736,10736.png,n/a,n/a,0,1000,1000,n/a,0,[],0,/content/drive/MyDrive/landfill_research/datasets/AerialWaste/Extracted/10736.png
7146,7146.png,1,Production site,1,1000,1000,1,1,"[17, 16]",1,/content/drive/MyDrive/landfill_research/datasets/AerialWaste/Extracted/7146.png
6337,6337.png,n/a,n/a,0,1000,1000,n/a,0,[],0,/content/drive/MyDrive/landfill_research/datasets/AerialWaste/Extracted/6337.png
5358,5358.png,n/a,n/a,0,1000,1000,n/a,0,[],0,/content/drive/MyDrive/landfill_research/datasets/AerialWaste/Extracted/5358.png
6871,6871.png,n/a,n/a,0,1000,1000,n/a,0,[],0,/content/drive/MyDrive/landfill_research/datasets/AerialWaste/Extracted/6871.png
1893,1893.png,1,Production site,1,1000,1000,2,1,"[2, 16]",1,/content/drive/MyDrive/landfill_research/datasets/AerialWaste/Extracted/1893.png
7078,7078.png,n/a,n/a,0,1000,1000,n/a,0,[],0,/content/drive/MyDrive/landfill_research/datasets/AerialWaste/Extracted/7078.png
6481,6481.png,n/a,n/a,0,1000,1000,n/a,0,[],0,/content/drive/MyDrive/landfill_research/datasets/AerialWaste/Extracted/6481.png
3140,3140.png,n/s,n/s,1,1057,1044,1,1,[17],1,/content/drive/MyDrive/landfill_research/datasets/AerialWaste/Extracted/3140.png
2219,2219.png,2,Degraded area,1,1000,1000,2,1,"[1, 2, 16]",1,/content/drive/MyDrive/landfill_research/datasets/AerialWaste/Extracted/2219.png
5169,5169.png,n/a,n/a,0,1000,1000,n/a,0,[],0,/content/drive/MyDrive/landfill_research/datasets/AerialWaste/Extracted/5169.png
427,427.png,3,Degraded area,0,1000,1000,3,1,[],1,/content/drive/MyDrive/landfill_research/datasets/AerialWaste/Extracted/427.png
6929,6929.png,n/a,n/a,0,1055,1047,n/a,0,[],0,/content/drive/MyDrive/landfill_research/datasets/AerialWaste/Extracted/6929.png
1823,1823.png,1,Production site,0,1000,1000,1,1,[],1,/content/drive/MyDrive/landfill_research/datasets/AerialWaste/Extracted/1823.png
4227,4227.png,n/a,n/a,0,1000,1000,n/a,1,[],1,/content/drive/MyDrive/landfill_research/datasets/AerialWaste/Extracted/4227.png
9324,9324.png,n/a,n/a,0,1000,1000,n/a,0,[],0,/content/drive/MyDrive/landfill_research/datasets/AerialWaste/Extracted/9324.png
10858,10858.png,n/a,n/a,0,1000,1000,n/a,0,[],0,/content/drive/MyDrive/landfill_research/datasets/AerialWaste/Extracted/10858.png
10946,10946.png,n/a,n/a,0,1000,1000,n/a,0,[],0,/content/drive/MyDrive/landfill_research/datasets/AerialWaste/Extracted/10946.png
10916,10916.png,3,Degraded area,1,1000,1000,3,1,"[1, 16]",1,/content/drive/MyDrive/landfill_research/datasets/AerialWaste/Extracted/10916.png
602,602.png,1,Non production building,0,1000,1000,1,1,[],1,/content/drive/MyDrive/landfill_research/datasets/AerialWaste/Extracted/602.png
8095,8095.png,n/a,n/a,0,1054,1047,n/a,0,[],0,/content/drive/MyDrive/landfill_research/datasets/AerialWaste/Extracted/8095.png
2859,2859.png,n/s,n/s,0,1054,1047,1,1,[],1,/content/drive/MyDrive/landfill_research/datasets/AerialWaste/Extracted/2859.png
3627,3627.png,n/a,n/a,0,1000,1000,n/a,0,[],0,/content/drive/MyDrive/landfill_research/datasets/AerialWaste/Extracted/3627.png
3863,3863.png,n/a,n/a,0,1000,1000,n/a,0,[],0,/content/drive/MyDrive/landfill_research/datasets/AerialWaste/Extracted/3863.png
10386,10386.png,n/a,n/a,0,1038,1064,n/a,1,[],1,/content/drive/MyDrive/landfill_research/datasets/AerialWaste/Extracted/10386.png
5850,5850.png,n/a,n/a,0,1000,1000,n/a,0,[],0,/content/drive/MyDrive/landfill_research/datasets/AerialWaste/Extracted/5850.png
1889,1889.png,3,Non production building,1,1000,1000,3,1,"[2, 3, 5, 16, 17]",1,/content/drive/MyDrive/landfill_research/datasets/AerialWaste/Extracted/1889.png
11499,11499.png,n/a,n/a,0,1056,1046,n/a,0,[],0,/content/drive/MyDrive/landfill_research/datasets/AerialWaste/Extracted/11499.png
10374,10374.png,n/a,n/a,0,1034,1068,n/a,0,[],0,/content/drive/MyDrive/landfill_research/datasets/AerialWaste/Extracted/10374.png
5907,5907.png,n/a,n/a,0,1000,1000,n/a,0,[],0,/content/drive/MyDrive/landfill_research/datasets/AerialWaste/Extracted/5907.png
11199,11199.png,n/a,n/a,0,1055,1047,n/a,0,[],0,/content/drive/MyDrive/landfill_research/datasets/AerialWaste/Extracted/11199.png
5036,5036.png,n/a,n/a,0,1000,1000,n/a,0,[],0,/content/drive/MyDrive/landfill_research/datasets/AerialWaste/Extracted/5036.png
11054,11054.png,n/a,n/a,0,1000,1000,n/a,0,[],0,/content/drive/MyDrive/landfill_research/datasets/AerialWaste/Extracted/11054.png
8844,8844.png,n/a,n/a,0,697,697,n/a,0,[],0,/content/drive/MyDrive/landfill_research/datasets/AerialWaste/Extracted/8844.png
1377,1377.png,1,Non production building,0,1000,1000,1,1,[],1,/content/drive/MyDrive/landfill_research/datasets/AerialWaste/Extracted/1377.png
7913,7913.png,n/a,n/a,0,1050,1052,n/a,0,[],0,/content/drive/MyDrive/landfill_research/datasets/AerialWaste/Extracted/7913.png
10724,10724.png,n/a,n/a,0,1043,1058,n/a,0,[],0,/content/drive/MyDrive/landfill_research/datasets/AerialWaste/Extracted/10724.png
3624,3624.png,n/a,n/a,0,1000,1000,n/a,0,[],0,/content/drive/MyDrive/landfill_research/datasets/AerialWaste/Extracted/3624.png
11632,11632.png,n/a,n/a,0,1049,1052,n/a,0,[],0,/content/drive/MyDrive/landfill_research/datasets/AerialWaste/Extracted/11632.png
10114,10114.png,n/a,n/a,0,1054,1047,n/a,0,[],0,/content/drive/MyDrive/landfill_research/datasets/AerialWaste/Extracted/10114.png
8624,8624.png,n/a,n/a,0,1045,1056,n/a,0,[],0,/content/drive/MyDrive/landfill_research/datasets/AerialWaste/Extracted/8624.png
11206,11206.png,n/a,n/a,0,1000,1000,n/a,0,[],0,/content/drive/MyDrive/landfill_research/datasets/AerialWaste/Extracted/11206.png
10107,10107.png,n/a,n/a,0,1057,1045,n/a,0,[],0,/content/drive/MyDrive/landfill_research/datasets/AerialWaste/Extracted/10107.png
6512,6512.png,n/a,n/a,0,1000,1000,n/a,0,[],0,/content/drive/MyDrive/landfill_research/datasets/AerialWaste/Extracted/6512.png
405,405.png,2,Agricultural area/farm area,0,1000,1000,1,1,[],1,/content/drive/MyDrive/landfill_research/datasets/AerialWaste/Extracted/405.png
10709,10709.png,n/a,n/a,0,1046,1056,n/a,0,[],0,/content/drive/MyDrive/landfill_research/datasets/AerialWaste/Extracted/10709.png
11064,11064.png,n/a,n/a,0,1000,1000,n/a,0,[],0,/content/drive/MyDrive/landfill_research/datasets/AerialWaste/Extracted/11064.png
2845,2845.png,n/s,n/s,0,1054,1047,2,1,[],1,/content/drive/MyDrive/landfill_research/datasets/AerialWaste/Extracted/2845.png
8579,8579.png,n/a,n/a,0,1037,1064,n/a,0,[],0,/content/drive/MyDrive/landfill_research/datasets/AerialWaste/Extracted/8579.png
3979,3979.png,n/a,n/a,0,1000,1000,n/a,0,[],0,/content/drive/MyDrive/landfill_research/datasets/AerialWaste/Extracted/3979.png
1096,1096.png,2,Production site,0,1000,1000,2,1,[],1,/content/drive/MyDrive/landfill_research/datasets/AerialWaste/Extracted/1096.png
568,568.png,2,Agricultural area/farm area,0,1000,1000,2,1,[],1,/content/drive/MyDrive/landfill_research/datasets/AerialWaste/Extracted/568.png
11020,11020.png,n/a,n/a,0,1000,1000,n/a,0,[],0,/content/drive/MyDrive/landfill_research/datasets/AerialWaste/Extracted/11020.png
1985,1985.png,1,Production site,1,1000,1000,3,1,"[1, 16]",1,/content/drive/MyDrive/landfill_research/datasets/AerialWaste/Extracted/1985.png
3852,3852.png,n/a,n/a,0,1000,1000,n/a,0,[],0,/content/drive/MyDrive/landfill_research/datasets/AerialWaste/Extracted/3852.png
4204,4204.png,n/a,n/a,0,1000,1000,n/a,0,[],0,/content/drive/MyDrive/landfill_research/datasets/AerialWaste/Extracted/4204.png
881,881.png,1,Agricultural area/farm area,0,1000,1000,3,1,[],1,/content/drive/MyDrive/landfill_research/datasets/AerialWaste/Extracted/881.png
2738,2738.png,n/s,n/s,0,1054,1048,2,1,[],1,/content/drive/MyDrive/landfill_research/datasets/AerialWaste/Extracted/2738.png
1627,1627.png,1,Agricultural area/farm area,0,1000,1000,3,0,[],0,/content/drive/MyDrive/landfill_research/datasets/AerialWaste/Extracted/1627.png
11519,11519.png,n/a,n/a,0,1037,1065,n/a,0,[],0,/content/drive/MyDrive/landfill_research/datasets/AerialWaste/Extracted/11519.png
1896,1896.png,3,Abandoned area,1,1000,1000,3,1,"[1, 2, 9, 16]",1,/content/drive/MyDrive/landfill_research/datasets/AerialWaste/Extracted/1896.png
8047,8047.png,n/a,n/a,0,1049,1052,n/a,0,[],0,/content/drive/MyDrive/landfill_research/datasets/AerialWaste/Extracted/8047.png
4331,4331.png,n/a,n/a,0,1000,1000,n/a,0,[],0,/content/drive/MyDrive/landfill_research/datasets/AerialWaste/Extracted/4331.png
4713,4713.png,n/a,n/a,0,1000,1000,n/a,0,[],0,/content/drive/MyDrive/landfill_research/datasets/AerialWaste/Extracted/4713.png
1097,1097.png,2,Production site,0,1000,1000,1,1,[],1,/content/drive/MyDrive/landfill_research/datasets/AerialWaste/Extracted/1097.png
4388,4388.png,n/a,n/a,0,1000,1000,n/a,1,[],1,/content/drive/MyDrive/landfill_research/datasets/AerialWaste/Extracted/4388.png
7683,7683.png,n/a,n/a,0,1050,1052,n/a,0,[],0,/content/drive/MyDrive/landfill_research/datasets/AerialWaste/Extracted/7683.png
3516,3516.png,n/a,n/a,0,1000,1000,n/a,0,[],0,/content/drive/MyDrive/landfill_research/datasets/AerialWaste/Extracted/3516.png
6218,6218.png,n/a,n/a,0,1000,1000,n/a,0,[],0,/content/drive/MyDrive/landfill_research/datasets/AerialWaste/Extracted/6218.png
6014,6014.png,n/a,n/a,0,1000,1000,n/a,0,[],0,/content/drive/MyDrive/landfill_research/datasets/AerialWaste/Extracted/6014.png
8738,8738.png,n/a,n/a,0,1000,1000,n/a,0,[],0,/content/drive/MyDrive/landfill_research/datasets/AerialWaste/Extracted/8738.png
10462,10462.png,n/a,n/a,0,1046,1055,n/a,0,[],0,/content/drive/MyDrive/landfill_research/datasets/AerialWaste/Extracted/10462.png
2191,2191.png,2,Degraded area,0,696,698,2,0,[],0,/content/drive/MyDrive/landfill_research/datasets/AerialWaste/Extracted/2191.png
1200,1200.png,2,Degraded area,0,1000,1000,2,1,[],1,/content/drive/MyDrive/landfill_research/datasets/AerialWaste/Extracted/1200.png
2218,2218.png,1,Degraded area,1,1000,1000,1,1,"[1, 10, 16]",1,/content/drive/MyDrive/landfill_research/datasets/AerialWaste/Extracted/2218.png
1834,1834.png,1,Degraded area,0,1000,1000,3,1,[],1,/content/drive/MyDrive/landfill_research/datasets/AerialWaste/Extracted/1834.png
5859,5859.png,n/a,n/a,0,1000,1000,n/a,0,[],0,/content/drive/MyDrive/landfill_research/datasets/AerialWaste/Extracted/5859.png
484,484.png,1,Agricultural area/farm area,0,1000,1000,1,1,[],1,/content/drive/MyDrive/landfill_research/datasets/AerialWaste/Extracted/484.png
1363,1363.png,2,Agricultural area/farm area,0,1000,1000,2,1,[],1,/content/drive/MyDrive/landfill_research/datasets/AerialWaste/Extracted/1363.png
2133,2133.png,2,Degraded area,1,1000,1000,2,1,"[1, 2, 3, 16]",1,/content/drive/MyDrive/landfill_research/datasets/AerialWaste/Extracted/2133.png
7156,7156.png,1,Non production building,1,1000,1000,2,1,"[2, 3, 5, 4, 16]",1,/content/drive/MyDrive/landfill_research/datasets/AerialWaste/Extracted/7156.png
3193,3193.png,n/s,n/s,0,1035,1067,2,1,[],1,/content/drive/MyDrive/landfill_research/datasets/AerialWaste/Extracted/3193.png
1601,1601.png,1,Production site,0,1000,1000,1,1,[],1,/content/drive/MyDrive/landfill_research/datasets/AerialWaste/Extracted/1601.png
2873,2873.png,n/s,n/s,0,1054,1047,1,1,[],1,/content/drive/MyDrive/landfill_research/datasets/AerialWaste/Extracted/2873.png
3460,3460.png,n/s,n/s,0,1055,1046,n/s,1,[],1,/content/drive/MyDrive/landfill_research/datasets/AerialWaste/Extracted/3460.png
4023,4023.png,n/a,n/a,0,1000,1000,n/a,0,[],0,/content/drive/MyDrive/landfill_research/datasets/AerialWaste/Extracted/4023.png
7766,7766.png,n/a,n/a,0,1054,1047,n/a,0,[],0,/content/drive/MyDrive/landfill_research/datasets/AerialWaste/Extracted/7766.png
3343,3343.png,n/s,n/s,0,1038,1064,2,1,[],1,/content/drive/MyDrive/landfill_research/datasets/AerialWaste/Extracted/3343.png
10411,10411.png,n/a,n/a,0,1036,1066,n/a,0,[],0,/content/drive/MyDrive/landfill_research/datasets/AerialWaste/Extracted/10411.png
5105,5105.png,n/a,n/a,0,1000,1000,n/a,0,[],0,/content/drive/MyDrive/landfill_research/datasets/AerialWaste/Extracted/5105.png
7854,7854.png,n/a,n/a,0,1054,1047,n/a,0,[],0,/content/drive/MyDrive/landfill_research/datasets/AerialWaste/Extracted/7854.png
5932,5932.png,n/a,n/a,0,1000,1000,n/a,0,[],0,/content/drive/MyDrive/landfill_research/datasets/AerialWaste/Extracted/5932.png
3943,3943.png,n/a,n/a,0,1000,1000,n/a,0,[],0,/content/drive/MyDrive/landfill_research/datasets/AerialWaste/Extracted/3943.png
8921,8921.png,n/a,n/a,0,1050,1053,n/a,0,[],0,/content/drive/MyDrive/landfill_research/datasets/AerialWaste/Extracted/8921.png
1700,1700.png,2,Agricultural area/farm area,0,1000,1000,2,1,[],1,/content/drive/MyDrive/landfill_research/datasets/AerialWaste/Extracted/1700.png
8736,8736.png,n/a,n/a,0,1000,1000,n/a,0,[],0,/content/drive/MyDrive/landfill_research/datasets/AerialWaste/Extracted/8736.png
3787,3787.png,n/a,n/a,0,1000,1000,n/a,0,[],0,/content/drive/MyDrive/landfill_research/datasets/AerialWaste/Extracted/3787.png
5010,5010.png,n/a,n/a,0,1000,1000,n/a,0,[],0,/content/drive/MyDrive/landfill_research/datasets/AerialWaste/Extracted/5010.png
3778,3778.png,n/a,n/a,0,1000,1000,n/a,0,[],0,/content/drive/MyDrive/landfill_research/datasets/AerialWaste/Extracted/3778.png
4688,4688.png,n/a,n/a,0,1000,1000,n/a,0,[],0,/content/drive/MyDrive/landfill_research/datasets/AerialWaste/Extracted/4688.png
9601,9601.png,n/a,n/a,0,1000,1000,n/a,0,[],0,/content/drive/MyDrive/landfill_research/datasets/AerialWaste/Extracted/9601.png
5692,5692.png,n/a,n/a,0,1000,1000,n/a,0,[],0,/content/drive/MyDrive/landfill_research/datasets/AerialWaste/Extracted/5692.png
4816,4816.png,n/a,n/a,0,1000,1000,n/a,0,[],0,/content/drive/MyDrive/landfill_research/datasets/AerialWaste/Extracted/4816.png
10326,10326.png,n/a,n/a,0,1036,1065,n/a,0,[],0,/content/drive/MyDrive/landfill_research/datasets/AerialWaste/Extracted/10326.png
4010,4010.png,n/a,n/a,0,1000,1000,n/a,0,[],0,/content/drive/MyDrive/landfill_research/datasets/AerialWaste/Extracted/4010.png
1100,1100.png,2,Degraded area,0,1000,1000,3,1,[],1,/content/drive/MyDrive/landfill_research/datasets/AerialWaste/Extracted/1100.png
7181,7181.png,n/a,n/a,0,1000,1000,n/a,0,[],0,/content/drive/MyDrive/landfill_research/datasets/AerialWaste/Extracted/7181.png
6613,6613.png,n/a,n/a,0,1000,1000,n/a,0,[],0,/content/drive/MyDrive/landfill_research/datasets/AerialWaste/Extracted/6613.png
3595,3595.png,n/a,n/a,0,1000,1000,n/a,0,[],0,/content/drive/MyDrive/landfill_research/datasets/AerialWaste/Extracted/3595.png
4349,4349.png,n/a,n/a,0,1000,1000,n/a,0,[],0,/content/drive/MyDrive/landfill_research/datasets/AerialWaste/Extracted/4349.png
8223,8223.png,n/a,n/a,0,1058,1044,n/a,0,[],0,/content/drive/MyDrive/landfill_research/datasets/AerialWaste/Extracted/8223.png
9704,9704.png,n/a,n/a,0,1000,1000,n/a,0,[],0,/content/drive/MyDrive/landfill_research/datasets/AerialWaste/Extracted/9704.png
2746,2746.png,n/s,n/s,0,1054,1047,2,1,[],1,/content/drive/MyDrive/landfill_research/datasets/AerialWaste/Extracted/2746.png
2165,2165.png,2,Production site,1,1000,1000,2,1,"[2, 3, 8, 16, 17]",1,/content/drive/MyDrive/landfill_research/datasets/AerialWaste/Extracted/2165.png
6746,6746.png,n/a,n/a,0,1000,1000,n/a,0,[],0,/content/drive/MyDrive/landfill_research/datasets/AerialWaste/Extracted/6746.png
1486,1486.png,2,Production site,0,1000,1000,2,1,[],1,/content/drive/MyDrive/landfill_research/datasets/AerialWaste/Extracted/1486.png
10759,10759.png,n/a,n/a,0,1000,1000,n/a,0,[],0,/content/drive/MyDrive/landfill_research/datasets/AerialWaste/Extracted/10759.png
3935,3935.png,n/a,n/a,0,1000,1000,n/a,0,[],0,/content/drive/MyDrive/landfill_research/datasets/AerialWaste/Extracted/3935.png
3968,3968.png,n/a,n/a,0,1000,1000,n/a,0,[],0,/content/drive/MyDrive/landfill_research/datasets/AerialWaste/Extracted/3968.png
6745,6745.png,n/a,n/a,0,1000,1000,n/a,0,[],0,/content/drive/MyDrive/landfill_research/datasets/AerialWaste/Extracted/6745.png
2346,2346.png,1,Production site,1,696,698,1,1,"[1, 2, 3, 4, 5, 14, 16]",1,/content/drive/MyDrive/landfill_research/datasets/AerialWaste/Extracted/2346.png
7739,7739.png,n/a,n/a,0,1055,1048,n/a,0,[],0,/content/drive/MyDrive/landfill_research/datasets/AerialWaste/Extracted/7739.png
5969,5969.png,n/a,n/a,0,1000,1000,n/a,1,[],1,/content/drive/MyDrive/landfill_research/datasets/AerialWaste/Extracted/5969.png
1887,1887.png,2,Production site,1,1000,1000,2,1,"[2, 4, 5, 16]",1,/content/drive/MyDrive/landfill_research/datasets/AerialWaste/Extracted/1887.png
1752,1752.png,2,Production site,0,1000,1000,1,1,[],1,/content/drive/MyDrive/landfill_research/datasets/AerialWaste/Extracted/1752.png
1793,1793.png,1,Production site,0,1000,1000,1,1,[],1,/content/drive/MyDrive/landfill_research/datasets/AerialWaste/Extracted/1793.png
6579,6579.png,n/a,n/a,0,1000,1000,n/a,0,[],0,/content/drive/MyDrive/landfill_research/datasets/AerialWaste/Extracted/6579.png
3497,3497.png,n/a,n/a,0,1000,1000,n/a,1,[],1,/content/drive/MyDrive/landfill_research/datasets/AerialWaste/Extracted/3497.png
10144,10144.png,n/a,n/a,0,1057,1045,n/a,0,[],0,/content/drive/MyDrive/landfill_research/datasets/AerialWaste/Extracted/10144.png
7754,7754.png,n/a,n/a,0,1055,1046,n/a,0,[],0,/content/drive/MyDrive/landfill_research/datasets/AerialWaste/Extracted/7754.png
5571,5571.png,n/a,n/a,0,1000,1000,n/a,0,[],0,/content/drive/MyDrive/landfill_research/datasets/AerialWaste/Extracted/5571.png
2093,2093.png,1,Production site,0,1000,1000,1,1,[],1,/content/drive/MyDrive/landfill_research/datasets/AerialWaste/Extracted/2093.png
11445,11445.png,n/a,n/a,0,1056,1047,n/a,0,[],0,/content/drive/MyDrive/landfill_research/datasets/AerialWaste/Extracted/11445.png
9019,9019.png,1,Production site,1,1000,1000,1,1,"[1, 16]",1,/content/drive/MyDrive/landfill_research/datasets/AerialWaste/Extracted/9019.png
4402,4402.png,n/a,n/a,0,1000,1000,n/a,0,[],0,/content/drive/MyDrive/landfill_research/datasets/AerialWaste/Extracted/4402.png
633,633.png,1,Agricultural area/farm area,0,1000,1000,1,1,[],1,/content/drive/MyDrive/landfill_research/datasets/AerialWaste/Extracted/633.png
7370,7370.png,n/a,n/a,0,1057,1044,n/a,0,[],0,/content/drive/MyDrive/landfill_research/datasets/AerialWaste/Extracted/7370.png
3574,3574.png,n/a,n/a,0,1000,1000,n/a,0,[],0,/content/drive/MyDrive/landfill_research/datasets/AerialWaste/Extracted/3574.png
877,877.png,2,Agricultural area/farm area,0,1000,1000,1,1,[],1,/content/drive/MyDrive/landfill_research/datasets/AerialWaste/Extracted/877.png
6053,6053.png,n/a,n/a,0,1000,1000,n/a,0,[],0,/content/drive/MyDrive/landfill_research/datasets/AerialWaste/Extracted/6053.png
1378,1378.png,2,Other,0,1000,1000,2,1,[],1,/content/drive/MyDrive/landfill_research/datasets/AerialWaste/Extracted/1378.png
1424,1424.png,n/a,n/a,0,1043,1059,n/a,0,[],0,/content/drive/MyDrive/landfill_research/datasets/AerialWaste/Extracted/1424.png
10020,10020.png,n/a,n/a,0,1052,1050,n/a,0,[],0,/content/drive/MyDrive/landfill_research/datasets/AerialWaste/Extracted/10020.png
4025,4025.png,n/a,n/a,0,1000,1000,n/a,0,[],0,/content/drive/MyDrive/landfill_research/datasets/AerialWaste/Extracted/4025.png
2874,2874.png,n/s,n/s,0,1054,1047,1,1,[],1,/content/drive/MyDrive/landfill_research/datasets/AerialWaste/Extracted/2874.png
2050,2050.png,1,Degraded area,1,1000,1000,2,1,"[1, 16]",1,/content/drive/MyDrive/landfill_research/datasets/AerialWaste/Extracted/2050.png
421,421.png,2,Agricultural area/farm area,0,1000,1000,2,1,[],1,/content/drive/MyDrive/landfill_research/datasets/AerialWaste/Extracted/421.png
6088,6088.png,n/a,n/a,0,1000,1000,n/a,0,[],0,/content/drive/MyDrive/landfill_research/datasets/AerialWaste/Extracted/6088.png
1219,1219.png,n/a,n/a,0,1000,1000,n/a,0,[],0,/content/drive/MyDrive/landfill_research/datasets/AerialWaste/Extracted/1219.png
11689,11689.png,n/a,n/a,0,1055,1047,n/a,0,[],0,/content/drive/MyDrive/landfill_research/datasets/AerialWaste/Extracted/11689.png
2247,2247.png,3,Production site,0,1055,1046,1,1,[],1,/content/drive/MyDrive/landfill_research/datasets/AerialWaste/Extracted/2247.png
2185,2185.png,2,Degraded area,1,697,698,2,1,"[1, 2, 16]",1,/content/drive/MyDrive/landfill_research/datasets/AerialWaste/Extracted/2185.png
2151,2151.png,2,Production site,1,1000,1000,1,1,"[1, 2, 3, 16]",1,/content/drive/MyDrive/landfill_research/datasets/AerialWaste/Extracted/2151.png
11089,11089.png,1,Production site,1,1050,1051,1,1,"[4, 11, 16]",1,/content/drive/MyDrive/landfill_research/datasets/AerialWaste/Extracted/11089.png
4782,4782.png,n/a,n/a,0,1000,1000,n/a,0,[],0,/content/drive/MyDrive/landfill_research/datasets/AerialWaste/Extracted/4782.png
3467,3467.png,n/s,n/s,1,1055,1047,n/s,1,"[4, 16, 19]",1,/content/drive/MyDrive/landfill_research/datasets/AerialWaste/Extracted/3467.png
11287,11287.png,n/a,n/a,0,1000,1000,n/a,0,[],0,/content/drive/MyDrive/landfill_research/datasets/AerialWaste/Extracted/11287.png
9746,9746.png,n/a,n/a,0,1000,1000,n/a,0,[],0,/content/drive/MyDrive/landfill_research/datasets/AerialWaste/Extracted/9746.png
8483,8483.png,2,Agricultural area/farm area,1,1000,1000,3,0,[18],0,/content/drive/MyDrive/landfill_research/datasets/AerialWaste/Extracted/8483.png
5704,5704.png,n/a,n/a,0,1000,1000,n/a,0,[],0,/content/drive/MyDrive/landfill_research/datasets/AerialWaste/Extracted/5704.png
8550,8550.png,n/a,n/a,0,1036,1065,n/a,0,[],0,/content/drive/MyDrive/landfill_research/datasets/AerialWaste/Extracted/8550.png
3915,3915.png,n/a,n/a,0,1000,1000,n/a,0,[],0,/content/drive/MyDrive/landfill_research/datasets/AerialWaste/Extracted/3915.png
1320,1320.png,1,Agricultural area/farm area,0,1037,1065,1,1,[],1,/content/drive/MyDrive/landfill_research/datasets/AerialWaste/Extracted/1320.png
1172,1172.png,2,Agricultural area/farm area,0,1000,1000,1,1,[],1,/content/drive/MyDrive/landfill_research/datasets/AerialWaste/Extracted/1172.png
4401,4401.png,n/a,n/a,0,1000,1000,n/a,0,[],0,/content/drive/MyDrive/landfill_research/datasets/AerialWaste/Extracted/4401.png
5247,5247.png,n/a,n/a,0,1000,1000,n/a,0,[],0,/content/drive/MyDrive/landfill_research/datasets/AerialWaste/Extracted/5247.png
9731,9731.png,n/a,n/a,0,1000,1000,n/a,0,[],0,/content/drive/MyDrive/landfill_research/datasets/AerialWaste/Extracted/9731.png
8373,8373.png,2,Degraded area,1,1000,1000,2,1,"[1, 4, 16]",1,/content/drive/MyDrive/landfill_research/datasets/AerialWaste/Extracted/8373.png
2551,2551.png,n/s,n/s,0,1053,1048,1,1,[],1,/content/drive/MyDrive/landfill_research/datasets/AerialWaste/Extracted/2551.png
8309,8309.png,n/a,n/a,0,1037,1064,n/a,0,[],0,/content/drive/MyDrive/landfill_research/datasets/AerialWaste/Extracted/8309.png
8368,8368.png,n/a,n/a,0,1037,1064,n/a,0,[],0,/content/drive/MyDrive/landfill_research/datasets/AerialWaste/Extracted/8368.png
6869,6869.png,n/a,n/a,0,1000,1000,n/a,0,[],0,/content/drive/MyDrive/landfill_research/datasets/AerialWaste/Extracted/6869.png
4961,4961.png,n/a,n/a,0,1000,1000,n/a,0,[],0,/content/drive/MyDrive/landfill_research/datasets/AerialWaste/Extracted/4961.png
5520,5520.png,n/a,n/a,0,1000,1000,n/a,0,[],0,/content/drive/MyDrive/landfill_research/datasets/AerialWaste/Extracted/5520.png
8336,8336.png,n/a,n/a,0,1037,1065,n/a,0,[],0,/content/drive/MyDrive/landfill_research/datasets/AerialWaste/Extracted/8336.png
2585,2585.png,n/s,n/s,0,1056,1046,2,1,[],1,/content/drive/MyDrive/landfill_research/datasets/AerialWaste/Extracted/2585.png
1732,1732.png,2,Production site,0,1000,1000,2,1,[],1,/content/drive/MyDrive/landfill_research/datasets/AerialWaste/Extracted/1732.png
4070,4070.png,n/a,n/a,0,1000,1000,n/a,0,[],0,/content/drive/MyDrive/landfill_research/datasets/AerialWaste/Extracted/4070.png
3117,3117.png,n/s,n/s,0,1056,1045,2,1,[],1,/content/drive/MyDrive/landfill_research/datasets/AerialWaste/Extracted/3117.png
8876,8876.png,n/a,n/a,0,696,698,n/a,0,[],0,/content/drive/MyDrive/landfill_research/datasets/AerialWaste/Extracted/8876.png
5664,5664.png,n/a,n/a,0,1000,1000,n/a,0,[],0,/content/drive/MyDrive/landfill_research/datasets/AerialWaste/Extracted/5664.png
5504,5504.png,n/a,n/a,0,1000,1000,n/a,0,[],0,/content/drive/MyDrive/landfill_research/datasets/AerialWaste/Extracted/5504.png
2875,2875.png,n/s,n/s,0,1054,1047,1,1,[],1,/content/drive/MyDrive/landfill_research/datasets/AerialWaste/Extracted/2875.png
7029,7029.png,n/a,n/a,0,697,698,n/a,0,[],0,/content/drive/MyDrive/landfill_research/datasets/AerialWaste/Extracted/7029.png
8768,8768.png,1,Production site,1,1000,1000,1,1,"[17, 20]",1,/content/drive/MyDrive/landfill_research/datasets/AerialWaste/Extracted/8768.png
2241,2241.png,2,Production site,0,1055,1047,2,1,[],1,/content/drive/MyDrive/landfill_research/datasets/AerialWaste/Extracted/2241.png
11694,11694.png,n/a,n/a,0,1054,1048,n/a,0,[],0,/content/drive/MyDrive/landfill_research/datasets/AerialWaste/Extracted/11694.png
5787,5787.png,n/a,n/a,0,1000,1000,n/a,0,[],0,/content/drive/MyDrive/landfill_research/datasets/AerialWaste/Extracted/5787.png
6604,6604.png,n/a,n/a,0,1000,1000,n/a,0,[],0,/content/drive/MyDrive/landfill_research/datasets/AerialWaste/Extracted/6604.png
9765,9765.png,n/a,n/a,0,1000,1000,n/a,0,[],0,/content/drive/MyDrive/landfill_research/datasets/AerialWaste/Extracted/9765.png
2492,2492.png,n/s,n/s,0,1058,1044,1,0,[],0,/content/drive/MyDrive/landfill_research/datasets/AerialWaste/Extracted/2492.png
10977,10977.png,n/a,n/a,0,1000,1000,n/a,0,[],0,/content/drive/MyDrive/landfill_research/datasets/AerialWaste/Extracted/10977.png
11037,11037.png,1,Production site,1,1000,1000,2,1,"[1, 16]",1,/content/drive/MyDrive/landfill_research/datasets/AerialWaste/Extracted/11037.png
4815,4815.png,n/a,n/a,0,1000,1000,n/a,0,[],0,/content/drive/MyDrive/landfill_research/datasets/AerialWaste/Extracted/4815.png
6829,6829.png,n/a,n/a,0,1051,1050,n/a,1,[],1,/content/drive/MyDrive/landfill_research/datasets/AerialWaste/Extracted/6829.png
473,473.png,1,Non production building,0,1000,1000,1,1,[],1,/content/drive/MyDrive/landfill_research/datasets/AerialWaste/Extracted/473.png
9240,9240.png,n/a,n/a,0,1000,1000,n/a,0,[],0,/content/drive/MyDrive/landfill_research/datasets/AerialWaste/Extracted/9240.png
3579,3579.png,n/a,n/a,0,1000,1000,n/a,0,[],0,/content/drive/MyDrive/landfill_research/datasets/AerialWaste/Extracted/3579.png
8029,8029.png,n/a,n/a,0,1048,1053,n/a,0,[],0,/content/drive/MyDrive/landfill_research/datasets/AerialWaste/Extracted/8029.png
11335,11335.png,n/a,n/a,0,1000,1000,n/a,0,[],0,/content/drive/MyDrive/landfill_research/datasets/AerialWaste/Extracted/11335.png
3014,3014.png,n/a,n/a,0,1000,1000,n/a,0,[],0,/content/drive/MyDrive/landfill_research/datasets/AerialWaste/Extracted/3014.png
9263,9263.png,n/a,n/a,0,1000,1000,n/a,0,[],0,/content/drive/MyDrive/landfill_research/datasets/AerialWaste/Extracted/9263.png
11042,11042.png,1,Degraded area,1,1000,1000,2,1,"[1, 16]",1,/content/drive/MyDrive/landfill_research/datasets/AerialWaste/Extracted/11042.png
8105,8105.png,n/a,n/a,0,1055,1046,n/a,0,[],0,/content/drive/MyDrive/landfill_research/datasets/AerialWaste/Extracted/8105.png
2007,2007.png,2,Production site,0,1043,1059,2,1,[],1,/content/drive/MyDrive/landfill_research/datasets/AerialWaste/Extracted/2007.png
1624,1624.png,1,Non production building,0,1000,1000,1,1,[],1,/content/drive/MyDrive/landfill_research/datasets/AerialWaste/Extracted/1624.png
1001,1001.png,2,Non production building,0,1000,1000,3,1,[],1,/content/drive/MyDrive/landfill_research/datasets/AerialWaste/Extracted/1001.png
7068,7068.png,n/a,n/a,0,1000,1000,n/a,0,[],0,/content/drive/MyDrive/landfill_research/datasets/AerialWaste/Extracted/7068.png
9655,9655.png,n/a,n/a,0,1000,1000,n/a,0,[],0,/content/drive/MyDrive/landfill_research/datasets/AerialWaste/Extracted/9655.png
5529,5529.png,n/a,n/a,0,1000,1000,n/a,0,[],0,/content/drive/MyDrive/landfill_research/datasets/AerialWaste/Extracted/5529.png
8869,8869.png,n/a,n/a,0,1000,1000,n/a,0,[],0,/content/drive/MyDrive/landfill_research/datasets/AerialWaste/Extracted/8869.png
5949,5949.png,n/a,n/a,0,1000,1000,n/a,0,[],0,/content/drive/MyDrive/landfill_research/datasets/AerialWaste/Extracted/5949.png
11025,11025.png,2,Agricultural area/farm area,1,1043,1057,2,1,"[10, 1, 5, 16]",1,/content/drive/MyDrive/landfill_research/datasets/AerialWaste/Extracted/11025.png
1928,1928.png,1,Non production building,1,1000,1000,2,1,"[2, 16]",1,/content/drive/MyDrive/landfill_research/datasets/AerialWaste/Extracted/1928.png
2091,2091.png,3,Degraded area,0,1000,1000,3,1,[],1,/content/drive/MyDrive/landfill_research/datasets/AerialWaste/Extracted/2091.png
1251,1251.png,1,Degraded area,0,1000,1000,1,1,[],1,/content/drive/MyDrive/landfill_research/datasets/AerialWaste/Extracted/1251.png
2466,2466.png,1,Non production building,0,1049,1052,2,1,[],1,/content/drive/MyDrive/landfill_research/datasets/AerialWaste/Extracted/2466.png
11126,11126.png,n/a,n/a,0,1000,1000,n/a,0,[],0,/content/drive/MyDrive/landfill_research/datasets/AerialWaste/Extracted/11126.png
5971,5971.png,n/a,n/a,0,1000,1000,n/a,0,[],0,/content/drive/MyDrive/landfill_research/datasets/AerialWaste/Extracted/5971.png
1792,1792.png,1,Agricultural area/farm area,0,1000,1000,3,1,[],1,/content/drive/MyDrive/landfill_research/datasets/AerialWaste/Extracted/1792.png
6042,6042.png,n/a,n/a,0,1000,1000,n/a,0,[],0,/content/drive/MyDrive/landfill_research/datasets/AerialWaste/Extracted/6042.png
5769,5769.png,n/a,n/a,0,1000,1000,n/a,0,[],0,/content/drive/MyDrive/landfill_research/datasets/AerialWaste/Extracted/5769.png
10953,10953.png,n/a,n/a,0,1000,1000,n/a,0,[],0,/content/drive/MyDrive/landfill_research/datasets/AerialWaste/Extracted/10953.png
3211,3211.png,n/s,n/s,0,1036,1065,3,1,[],1,/content/drive/MyDrive/landfill_research/datasets/AerialWaste/Extracted/3211.png
6283,6283.png,n/a,n/a,0,1000,1000,n/a,0,[],0,/content/drive/MyDrive/landfill_research/datasets/AerialWaste/Extracted/6283.png
10595,10595.png,n/a,n/a,0,1050,1051,n/a,0,[],0,/content/drive/MyDrive/landfill_research/datasets/AerialWaste/Extracted/10595.png
10007,10007.png,n/a,n/a,0,1057,1045,n/a,0,[],0,/content/drive/MyDrive/landfill_research/datasets/AerialWaste/Extracted/10007.png
5890,5890.png,n/a,n/a,0,1000,1000,n/a,0,[],0,/content/drive/MyDrive/landfill_research/datasets/AerialWaste/Extracted/5890.png
10131,10131.png,n/a,n/a,0,1051,1051,n/a,0,[],0,/content/drive/MyDrive/landfill_research/datasets/AerialWaste/Extracted/10131.png
2928,2928.png,n/s,n/s,0,1053,1049,3,1,[],1,/content/drive/MyDrive/landfill_research/datasets/AerialWaste/Extracted/2928.png
144,144.png,2,Agricultural area/farm area,0,1000,1000,1,1,[],1,/content/drive/MyDrive/landfill_research/datasets/AerialWaste/Extracted/144.png
521,521.png,2,Degraded area,0,1000,1000,2,1,[],1,/content/drive/MyDrive/landfill_research/datasets/AerialWaste/Extracted/521.png
4069,4069.png,n/a,n/a,0,1000,1000,n/a,0,[],0,/content/drive/MyDrive/landfill_research/datasets/AerialWaste/Extracted/4069.png
3763,3763.png,n/a,n/a,0,1000,1000,n/a,0,[],0,/content/drive/MyDrive/landfill_research/datasets/AerialWaste/Extracted/3763.png
8436,8436.png,n/a,n/a,0,1037,1064,n/a,0,[],0,/content/drive/MyDrive/landfill_research/datasets/AerialWaste/Extracted/8436.png
7579,7579.png,n/a,n/a,0,1054,1047,n/a,0,[],0,/content/drive/MyDrive/landfill_research/datasets/AerialWaste/Extracted/7579.png
7204,7204.png,1,Non production building,1,1000,1000,2,1,[21],1,/content/drive/MyDrive/landfill_research/datasets/AerialWaste/Extracted/7204.png
1488,1488.png,1,Production site,0,1000,1000,2,1,[],1,/content/drive/MyDrive/landfill_research/datasets/AerialWaste/Extracted/1488.png
10806,10806.png,n/a,n/a,0,1000,1000,n/a,0,[],0,/content/drive/MyDrive/landfill_research/datasets/AerialWaste/Extracted/10806.png
10292,10292.png,n/a,n/a,0,1045,1057,n/a,0,[],0,/content/drive/MyDrive/landfill_research/datasets/AerialWaste/Extracted/10292.png
1355,1355.png,1,Degraded area,0,1000,1000,1,1,[],1,/content/drive/MyDrive/landfill_research/datasets/AerialWaste/Extracted/1355.png
11004,11004.png,1,Production site,1,1049,1053,2,1,"[2, 3, 5, 6, 16]",1,/content/drive/MyDrive/landfill_research/datasets/AerialWaste/Extracted/11004.png
5695,5695.png,n/a,n/a,0,1000,1000,n/a,0,[],0,/content/drive/MyDrive/landfill_research/datasets/AerialWaste/Extracted/5695.png
5144,5144.png,n/a,n/a,0,1000,1000,n/a,0,[],0,/content/drive/MyDrive/landfill_research/datasets/AerialWaste/Extracted/5144.png
1751,1751.png,1,Agricultural area/farm area,0,1000,1000,2,1,[],1,/content/drive/MyDrive/landfill_research/datasets/AerialWaste/Extracted/1751.png
10775,10775.png,n/a,n/a,0,1000,1000,n/a,0,[],0,/content/drive/MyDrive/landfill_research/datasets/AerialWaste/Extracted/10775.png
5385,5385.png,n/a,n/a,0,1000,1000,n/a,0,[],0,/content/drive/MyDrive/landfill_research/datasets/AerialWaste/Extracted/5385.png
8016,8016.png,n/a,n/a,0,1050,1052,n/a,1,[],1,/content/drive/MyDrive/landfill_research/datasets/AerialWaste/Extracted/8016.png
3231,3231.png,n/s,n/s,0,1037,1065,3,1,[],1,/content/drive/MyDrive/landfill_research/datasets/AerialWaste/Extracted/3231.png
9106,9106.png,n/a,n/a,0,1000,1000,n/a,0,[],0,/content/drive/MyDrive/landfill_research/datasets/AerialWaste/Extracted/9106.png
3342,3342.png,n/s,n/s,0,1038,1064,2,1,[],1,/content/drive/MyDrive/landfill_research/datasets/AerialWaste/Extracted/3342.png
10070,10070.png,n/a,n/a,0,1054,1048,n/a,0,[],0,/content/drive/MyDrive/landfill_research/datasets/AerialWaste/Extracted/10070.png
9045,9045.png,n/a,n/a,0,1000,1000,n/a,0,[],0,/content/drive/MyDrive/landfill_research/datasets/AerialWaste/Extracted/9045.png
8458,8458.png,n/a,n/a,0,1035,1066,n/a,0,[],0,/content/drive/MyDrive/landfill_research/datasets/AerialWaste/Extracted/8458.png
8779,8779.png,n/a,n/a,0,1000,1000,n/a,0,[],0,/content/drive/MyDrive/landfill_research/datasets/AerialWaste/Extracted/8779.png
8146,8146.png,n/a,n/a,0,1047,1055,n/a,0,[],0,/content/drive/MyDrive/landfill_research/datasets/AerialWaste/Extracted/8146.png
2591,2591.png,n/s,n/s,0,1053,1048,3,1,[],1,/content/drive/MyDrive/landfill_research/datasets/AerialWaste/Extracted/2591.png
1183,1183.png,2,Agricultural area/farm area,0,1000,1000,2,1,[],1,/content/drive/MyDrive/landfill_research/datasets/AerialWaste/Extracted/1183.png
7438,7438.png,2,Production site,1,1000,1000,2,1,"[4, 16]",1,/content/drive/MyDrive/landfill_research/datasets/AerialWaste/Extracted/7438.png
10962,10962.png,n/a,n/a,0,1000,1000,n/a,0,[],0,/content/drive/MyDrive/landfill_research/datasets/AerialWaste/Extracted/10962.png
9787,9787.png,n/a,n/a,0,1000,1000,n/a,0,[],0,/content/drive/MyDrive/landfill_research/datasets/AerialWaste/Extracted/9787.png
6078,6078.png,n/a,n/a,0,1000,1000,n/a,0,[],0,/content/drive/MyDrive/landfill_research/datasets/AerialWaste/Extracted/6078.png
4027,4027.png,n/a,n/a,0,1000,1000,n/a,0,[],0,/content/drive/MyDrive/landfill_research/datasets/AerialWaste/Extracted/4027.png
7717,7717.png,1,Production site,1,1000,1000,1,1,"[1, 16]",1,/content/drive/MyDrive/landfill_research/datasets/AerialWaste/Extracted/7717.png
5075,5075.png,n/a,n/a,0,1000,1000,n/a,0,[],0,/content/drive/MyDrive/landfill_research/datasets/AerialWaste/Extracted/5075.png
7192,7192.png,n/a,n/a,0,1000,1000,n/a,1,[],1,/content/drive/MyDrive/landfill_research/datasets/AerialWaste/Extracted/7192.png
10230,10230.png,n/a,n/a,0,1045,1056,n/a,0,[],0,/content/drive/MyDrive/landfill_research/datasets/AerialWaste/Extracted/10230.png
5146,5146.png,n/a,n/a,0,1000,1000,n/a,0,[],0,/content/drive/MyDrive/landfill_research/datasets/AerialWaste/Extracted/5146.png
2992,2992.png,n/s,n/s,0,1055,1046,2,0,[],0,/content/drive/MyDrive/landfill_research/datasets/AerialWaste/Extracted/2992.png
1830,1830.png,1,Agricultural area/farm area,0,1000,1000,1,1,[],1,/content/drive/MyDrive/landfill_research/datasets/AerialWaste/Extracted/1830.png
3840,3840.png,n/a,n/a,0,1000,1000,n/a,0,[],0,/content/drive/MyDrive/landfill_research/datasets/AerialWaste/Extracted/3840.png
8248,8248.png,n/a,n/a,0,1045,1057,n/a,0,[],0,/content/drive/MyDrive/landfill_research/datasets/AerialWaste/Extracted/8248.png
3212,3212.png,n/s,n/s,0,1035,1066,2,1,[],1,/content/drive/MyDrive/landfill_research/datasets/AerialWaste/Extracted/3212.png
9378,9378.png,n/a,n/a,0,1000,1000,n/a,0,[],0,/content/drive/MyDrive/landfill_research/datasets/AerialWaste/Extracted/9378.png
4600,4600.png,n/a,n/a,0,1000,1000,n/a,0,[],0,/content/drive/MyDrive/landfill_research/datasets/AerialWaste/Extracted/4600.png
7145,7145.png,2,Other,1,1000,1000,3,1,"[1, 5, 4, 16]",1,/content/drive/MyDrive/landfill_research/datasets/AerialWaste/Extracted/7145.png
4832,4832.png,n/a,n/a,0,1000,1000,n/a,0,[],0,/content/drive/MyDrive/landfill_research/datasets/AerialWaste/Extracted/4832.png
1882,1882.png,2,Other,0,1000,1000,2,0,[],0,/content/drive/MyDrive/landfill_research/datasets/AerialWaste/Extracted/1882.png
6803,6803.png,n/a,n/a,0,696,698,n/a,0,[],0,/content/drive/MyDrive/landfill_research/datasets/AerialWaste/Extracted/6803.png
1632,1632.png,2,Agricultural area/farm area,0,1000,1000,2,1,[],1,/content/drive/MyDrive/landfill_research/datasets/AerialWaste/Extracted/1632.png
9716,9716.png,n/a,n/a,0,1000,1000,n/a,0,[],0,/content/drive/MyDrive/landfill_research/datasets/AerialWaste/Extracted/9716.png
5736,5736.png,n/a,n/a,0,1000,1000,n/a,0,[],0,/content/drive/MyDrive/landfill_research/datasets/AerialWaste/Extracted/5736.png
10281,10281.png,n/a,n/a,0,1046,1056,n/a,0,[],0,/content/drive/MyDrive/landfill_research/datasets/AerialWaste/Extracted/10281.png
901,901.png,2,Production site,0,1000,1000,2,1,[],1,/content/drive/MyDrive/landfill_research/datasets/AerialWaste/Extracted/901.png
10255,10255.png,n/a,n/a,0,1042,1059,n/a,0,[],0,/content/drive/MyDrive/landfill_research/datasets/AerialWaste/Extracted/10255.png
6418,6418.png,n/a,n/a,0,1043,1059,n/a,0,[],0,/content/drive/MyDrive/landfill_research/datasets/AerialWaste/Extracted/6418.png
5768,5768.png,n/a,n/a,0,1000,1000,n/a,0,[],0,/content/drive/MyDrive/landfill_research/datasets/AerialWaste/Extracted/5768.png
2868,2868.png,n/s,n/s,0,1054,1047,1,1,[],1,/content/drive/MyDrive/landfill_research/datasets/AerialWaste/Extracted/2868.png
6052,6052.png,n/a,n/a,0,1000,1000,n/a,0,[],0,/content/drive/MyDrive/landfill_research/datasets/AerialWaste/Extracted/6052.png
7746,7746.png,n/a,n/a,0,1054,1047,n/a,0,[],0,/content/drive/MyDrive/landfill_research/datasets/AerialWaste/Extracted/7746.png
8264,8264.png,n/a,n/a,0,1045,1057,n/a,0,[],0,/content/drive/MyDrive/landfill_research/datasets/AerialWaste/Extracted/8264.png
156,156.png,0,Production site,0,1000,1000,0,1,[],1,/content/drive/MyDrive/landfill_research/datasets/AerialWaste/Extracted/156.png
6675,6675.png,n/a,n/a,0,1000,1000,n/a,0,[],0,/content/drive/MyDrive/landfill_research/datasets/AerialWaste/Extracted/6675.png
2210,2210.png,2,Degraded area,1,1000,1000,2,1,"[2, 16]",1,/content/drive/MyDrive/landfill_research/datasets/AerialWaste/Extracted/2210.png
4775,4775.png,n/a,n/a,0,1000,1000,n/a,0,[],0,/content/drive/MyDrive/landfill_research/datasets/AerialWaste/Extracted/4775.png
9394,9394.png,n/a,n/a,0,1041,1060,n/a,0,[],0,/content/drive/MyDrive/landfill_research/datasets/AerialWaste/Extracted/9394.png
3129,3129.png,n/s,n/s,0,1046,1057,3,1,[],1,/content/drive/MyDrive/landfill_research/datasets/AerialWaste/Extracted/3129.png
4884,4884.png,n/a,n/a,0,1000,1000,n/a,0,[],0,/content/drive/MyDrive/landfill_research/datasets/AerialWaste/Extracted/4884.png
1072,1072.png,1,Abandoned area,0,1000,1000,2,1,[],1,/content/drive/MyDrive/landfill_research/datasets/AerialWaste/Extracted/1072.png
2114,2114.png,1,Agricultural area/farm area,1,1000,1000,2,1,"[1, 2, 5, 16]",1,/content/drive/MyDrive/landfill_research/datasets/AerialWaste/Extracted/2114.png
8499,8499.png,n/a,n/a,0,1038,1063,n/a,0,[],0,/content/drive/MyDrive/landfill_research/datasets/AerialWaste/Extracted/8499.png
6963,6963.png,n/a,n/a,0,1000,1000,n/a,0,[],0,/content/drive/MyDrive/landfill_research/datasets/AerialWaste/Extracted/6963.png
11046,11046.png,2,Abandoned area,1,1045,1056,2,1,"[1, 4, 16]",1,/content/drive/MyDrive/landfill_research/datasets/AerialWaste/Extracted/11046.png
6315,6315.png,n/a,n/a,0,1000,1000,n/a,0,[],0,/content/drive/MyDrive/landfill_research/datasets/AerialWaste/Extracted/6315.png
1921,1921.png,2,Degraded area,1,1000,1000,1,1,"[2, 10, 16]",1,/content/drive/MyDrive/landfill_research/datasets/AerialWaste/Extracted/1921.png
242,242.png,3,Production site,1,1000,1000,1,1,[1],1,/content/drive/MyDrive/landfill_research/datasets/AerialWaste/Extracted/242.png
1958,1958.png,1,Other,1,1000,1000,2,1,"[1, 4, 16]",1,/content/drive/MyDrive/landfill_research/datasets/AerialWaste/Extracted/1958.png
8548,8548.png,n/a,n/a,0,1037,1065,n/a,0,[],0,/content/drive/MyDrive/landfill_research/datasets/AerialWaste/Extracted/8548.png
2983,2983.png,n/s,n/s,0,1049,1053,2,1,[],1,/content/drive/MyDrive/landfill_research/datasets/AerialWaste/Extracted/2983.png
11240,11240.png,n/a,n/a,0,1000,1000,n/a,0,[],0,/content/drive/MyDrive/landfill_research/datasets/AerialWaste/Extracted/11240.png
10585,10585.png,n/a,n/a,0,1000,1000,n/a,0,[],0,/content/drive/MyDrive/landfill_research/datasets/AerialWaste/Extracted/10585.png
3046,3046.png,n/s,n/s,0,1052,1050,3,1,[],1,/content/drive/MyDrive/landfill_research/datasets/AerialWaste/Extracted/3046.png
6032,6032.png,n/a,n/a,0,1000,1000,n/a,1,[],1,/content/drive/MyDrive/landfill_research/datasets/AerialWaste/Extracted/6032.png
3618,3618.png,n/a,n/a,0,1000,1000,n/a,0,[],0,/content/drive/MyDrive/landfill_research/datasets/AerialWaste/Extracted/3618.png
11462,11462.png,n/a,n/a,0,696,698,n/a,0,[],0,/content/drive/MyDrive/landfill_research/datasets/AerialWaste/Extracted/11462.png
10851,10851.png,2,Other,1,1045,1057,2,1,[6],1,/content/drive/MyDrive/landfill_research/datasets/AerialWaste/Extracted/10851.png
3473,3473.png,n/s,n/s,1,1055,1047,n/s,1,"[1, 2, 16, 19]",1,/content/drive/MyDrive/landfill_research/datasets/AerialWaste/Extracted/3473.png
10782,10782.png,n/a,n/a,0,1044,1057,n/a,0,[],0,/content/drive/MyDrive/landfill_research/datasets/AerialWaste/Extracted/10782.png
10256,10256.png,n/a,n/a,0,1042,1059,n/a,0,[],0,/content/drive/MyDrive/landfill_research/datasets/AerialWaste/Extracted/10256.png
1626,1626.png,2,Agricultural area/farm area,0,1000,1000,2,1,[],1,/content/drive/MyDrive/landfill_research/datasets/AerialWaste/Extracted/1626.png
3155,3155.png,n/s,n/s,0,1045,1056,1,0,[],0,/content/drive/MyDrive/landfill_research/datasets/AerialWaste/Extracted/3155.png
9862,9862.png,n/a,n/a,0,1000,1000,n/a,1,[],1,/content/drive/MyDrive/landfill_research/datasets/AerialWaste/Extracted/9862.png
9582,9582.png,n/a,n/a,0,1000,1000,n/a,0,[],0,/content/drive/MyDrive/landfill_research/datasets/AerialWaste/Extracted/9582.png
8740,8740.png,n/a,n/a,0,695,699,n/a,0,[],0,/content/drive/MyDrive/landfill_research/datasets/AerialWaste/Extracted/8740.png
9876,9876.png,n/a,n/a,0,1000,1000,n/a,0,[],0,/content/drive/MyDrive/landfill_research/datasets/AerialWaste/Extracted/9876.png
2721,2721.png,n/s,n/s,1,1055,1047,1,1,[17],1,/content/drive/MyDrive/landfill_research/datasets/AerialWaste/Extracted/2721.png
815,815.png,2,Non production building,0,1000,1000,2,1,[],1,/content/drive/MyDrive/landfill_research/datasets/AerialWaste/Extracted/815.png
1296,1296.png,2,Production site,0,1000,1000,1,1,[],1,/content/drive/MyDrive/landfill_research/datasets/AerialWaste/Extracted/1296.png
9778,9778.png,n/a,n/a,0,1000,1000,n/a,0,[],0,/content/drive/MyDrive/landfill_research/datasets/AerialWaste/Extracted/9778.png
1246,1246.png,2,Production site,0,1000,1000,2,1,[],1,/content/drive/MyDrive/landfill_research/datasets/AerialWaste/Extracted/1246.png
6130,6130.png,n/a,n/a,0,1000,1000,n/a,1,[],1,/content/drive/MyDrive/landfill_research/datasets/AerialWaste/Extracted/6130.png
7279,7279.png,n/a,n/a,0,1058,1044,n/a,0,[],0,/content/drive/MyDrive/landfill_research/datasets/AerialWaste/Extracted/7279.png
2412,2412.png,2,Degraded area,0,1051,1050,2,1,[],1,/content/drive/MyDrive/landfill_research/datasets/AerialWaste/Extracted/2412.png
1361,1361.png,2,Degraded area,0,1000,1000,1,1,[],1,/content/drive/MyDrive/landfill_research/datasets/AerialWaste/Extracted/1361.png
9095,9095.png,n/a,n/a,0,1000,1000,n/a,0,[],0,/content/drive/MyDrive/landfill_research/datasets/AerialWaste/Extracted/9095.png
9968,9968.png,n/a,n/a,0,1053,1048,n/a,0,[],0,/content/drive/MyDrive/landfill_research/datasets/AerialWaste/Extracted/9968.png
11473,11473.png,n/a,n/a,0,1057,1046,n/a,0,[],0,/content/drive/MyDrive/landfill_research/datasets/AerialWaste/Extracted/11473.png
5007,5007.png,n/a,n/a,0,1000,1000,n/a,0,[],0,/content/drive/MyDrive/landfill_research/datasets/AerialWaste/Extracted/5007.png
5122,5122.png,n/a,n/a,0,1000,1000,n/a,0,[],0,/content/drive/MyDrive/landfill_research/datasets/AerialWaste/Extracted/5122.png
6170,6170.png,n/a,n/a,0,1000,1000,n/a,0,[],0,/content/drive/MyDrive/landfill_research/datasets/AerialWaste/Extracted/6170.png
1425,1425.png,2,Production site,0,1000,1000,2,1,[],1,/content/drive/MyDrive/landfill_research/datasets/AerialWaste/Extracted/1425.png
1536,1536.png,2,Production site,0,1000,1000,2,1,[],1,/content/drive/MyDrive/landfill_research/datasets/AerialWaste/Extracted/1536.png
944,944.png,3,Abandoned area,0,1000,1000,2,1,[],1,/content/drive/MyDrive/landfill_research/datasets/AerialWaste/Extracted/944.png
5103,5103.png,n/a,n/a,0,1000,1000,n/a,0,[],0,/content/drive/MyDrive/landfill_research/datasets/AerialWaste/Extracted/5103.png
1467,1467.png,2,Production site,0,1000,1000,2,1,[],1,/content/drive/MyDrive/landfill_research/datasets/AerialWaste/Extracted/1467.png
10777,10777.png,n/a,n/a,0,1051,1051,n/a,0,[],0,/content/drive/MyDrive/landfill_research/datasets/AerialWaste/Extracted/10777.png
6965,6965.png,n/a,n/a,0,1055,1047,n/a,0,[],0,/content/drive/MyDrive/landfill_research/datasets/AerialWaste/Extracted/6965.png
2775,2775.png,n/s,n/s,1,1054,1048,2,1,[3],1,/content/drive/MyDrive/landfill_research/datasets/AerialWaste/Extracted/2775.png
6340,6340.png,n/a,n/a,0,1000,1000,n/a,0,[],0,/content/drive/MyDrive/landfill_research/datasets/AerialWaste/Extracted/6340.png
3605,3605.png,n/a,n/a,0,1000,1000,n/a,0,[],0,/content/drive/MyDrive/landfill_research/datasets/AerialWaste/Extracted/3605.png
7173,7173.png,n/a,n/a,0,1000,1000,n/a,1,[],1,/content/drive/MyDrive/landfill_research/datasets/AerialWaste/Extracted/7173.png
43,43.png,1,Degraded area,0,1000,1000,1,1,[],1,/content/drive/MyDrive/landfill_research/datasets/AerialWaste/Extracted/43.png
11553,11553.png,n/a,n/a,0,1035,1066,n/a,0,[],0,/content/drive/MyDrive/landfill_research/datasets/AerialWaste/Extracted/11553.png
400,400.png,2,Production site,0,1000,1000,2,1,[],1,/content/drive/MyDrive/landfill_research/datasets/AerialWaste/Extracted/400.png
8467,8467.png,n/a,n/a,0,1034,1068,n/a,0,[],0,/content/drive/MyDrive/landfill_research/datasets/AerialWaste/Extracted/8467.png
1352,1352.png,1,Non production building,0,1000,1000,1,1,[],1,/content/drive/MyDrive/landfill_research/datasets/AerialWaste/Extracted/1352.png
8545,8545.png,n/a,n/a,0,1037,1065,n/a,0,[],0,/content/drive/MyDrive/landfill_research/datasets/AerialWaste/Extracted/8545.png
11375,11375.png,n/a,n/a,0,1000,1000,n/a,0,[],0,/content/drive/MyDrive/landfill_research/datasets/AerialWaste/Extracted/11375.png
3625,3625.png,n/a,n/a,0,1000,1000,n/a,0,[],0,/content/drive/MyDrive/landfill_research/datasets/AerialWaste/Extracted/3625.png
5616,5616.png,n/a,n/a,0,1000,1000,n/a,0,[],0,/content/drive/MyDrive/landfill_research/datasets/AerialWaste/Extracted/5616.png
4276,4276.png,n/a,n/a,0,1000,1000,n/a,0,[],0,/content/drive/MyDrive/landfill_research/datasets/AerialWaste/Extracted/4276.png
9690,9690.png,n/a,n/a,0,1000,1000,n/a,0,[],0,/content/drive/MyDrive/landfill_research/datasets/AerialWaste/Extracted/9690.png
7172,7172.png,n/a,n/a,0,1000,1000,n/a,1,[],1,/content/drive/MyDrive/landfill_research/datasets/AerialWaste/Extracted/7172.png
7317,7317.png,n/a,n/a,0,1051,1051,n/a,0,[],0,/content/drive/MyDrive/landfill_research/datasets/AerialWaste/Extracted/7317.png
10612,10612.png,n/a,n/a,0,1000,1000,n/a,0,[],0,/content/drive/MyDrive/landfill_research/datasets/AerialWaste/Extracted/10612.png
2130,2130.png,1,Production site,1,1000,1000,1,1,[21],1,/content/drive/MyDrive/landfill_research/datasets/AerialWaste/Extracted/2130.png
8857,8857.png,n/a,n/a,0,1000,1000,n/a,0,[],0,/content/drive/MyDrive/landfill_research/datasets/AerialWaste/Extracted/8857.png
5313,5313.png,n/a,n/a,0,1000,1000,n/a,0,[],0,/content/drive/MyDrive/landfill_research/datasets/AerialWaste/Extracted/5313.png
6401,6401.png,n/a,n/a,0,1052,1050,n/a,0,[],0,/content/drive/MyDrive/landfill_research/datasets/AerialWaste/Extracted/6401.png
5009,5009.png,n/a,n/a,0,1000,1000,n/a,0,[],0,/content/drive/MyDrive/landfill_research/datasets/AerialWaste/Extracted/5009.png
350,350.png,1,Agricultural area/farm area,0,1000,1000,1,1,[],1,/content/drive/MyDrive/landfill_research/datasets/AerialWaste/Extracted/350.png
1937,1937.png,1,Agricultural area/farm area,1,1000,1000,2,1,"[1, 7, 16]",1,/content/drive/MyDrive/landfill_research/datasets/AerialWaste/Extracted/1937.png
6701,6701.png,n/a,n/a,0,1000,1000,n/a,0,[],0,/content/drive/MyDrive/landfill_research/datasets/AerialWaste/Extracted/6701.png
5542,5542.png,n/a,n/a,0,1000,1000,n/a,0,[],0,/content/drive/MyDrive/landfill_research/datasets/AerialWaste/Extracted/5542.png
9264,9264.png,n/a,n/a,0,1000,1000,n/a,0,[],0,/content/drive/MyDrive/landfill_research/datasets/AerialWaste/Extracted/9264.png
7220,7220.png,n/a,n/a,0,1000,1000,n/a,0,[],0,/content/drive/MyDrive/landfill_research/datasets/AerialWaste/Extracted/7220.png
6564,6564.png,n/a,n/a,0,1000,1000,n/a,0,[],0,/content/drive/MyDrive/landfill_research/datasets/AerialWaste/Extracted/6564.png
9439,9439.png,n/a,n/a,0,1000,1000,n/a,0,[],0,/content/drive/MyDrive/landfill_research/datasets/AerialWaste/Extracted/9439.png
9161,9161.png,n/a,n/a,0,1000,1000,n/a,0,[],0,/content/drive/MyDrive/landfill_research/datasets/AerialWaste/Extracted/9161.png
2761,2761.png,n/s,n/s,0,1057,1045,2,0,[],0,/content/drive/MyDrive/landfill_research/datasets/AerialWaste/Extracted/2761.png
7151,7151.png,1,Degraded area,1,1000,1000,1,1,"[1, 16]",1,/content/drive/MyDrive/landfill_research/datasets/AerialWaste/Extracted/7151.png
1508,1508.png,n/a,n/a,0,1047,1054,n/a,0,[],0,/content/drive/MyDrive/landfill_research/datasets/AerialWaste/Extracted/1508.png
11523,11523.png,n/a,n/a,0,696,698,n/a,0,[],0,/content/drive/MyDrive/landfill_research/datasets/AerialWaste/Extracted/11523.png
4288,4288.png,n/a,n/a,0,1000,1000,n/a,0,[],0,/content/drive/MyDrive/landfill_research/datasets/AerialWaste/Extracted/4288.png
9500,9500.png,n/a,n/a,0,1000,1000,n/a,0,[],0,/content/drive/MyDrive/landfill_research/datasets/AerialWaste/Extracted/9500.png
318,318.png,1,Non production building,0,1000,1000,2,0,[],0,/content/drive/MyDrive/landfill_research/datasets/AerialWaste/Extracted/318.png
11630,11630.png,n/a,n/a,0,1052,1050,n/a,0,[],0,/content/drive/MyDrive/landfill_research/datasets/AerialWaste/Extracted/11630.png
7390,7390.png,n/a,n/a,0,1055,1047,n/a,0,[],0,/content/drive/MyDrive/landfill_research/datasets/AerialWaste/Extracted/7390.png
861,861.png,2,Production site,0,1000,1000,1,1,[],1,/content/drive/MyDrive/landfill_research/datasets/AerialWaste/Extracted/861.png
11374,11374.png,n/a,n/a,0,1000,1000,n/a,0,[],0,/content/drive/MyDrive/landfill_research/datasets/AerialWaste/Extracted/11374.png
4839,4839.png,n/a,n/a,0,1000,1000,n/a,0,[],0,/content/drive/MyDrive/landfill_research/datasets/AerialWaste/Extracted/4839.png
293,293.png,1,Non production building,0,1000,1000,2,0,[],0,/content/drive/MyDrive/landfill_research/datasets/AerialWaste/Extracted/293.png
4246,4246.png,n/a,n/a,0,1000,1000,n/a,0,[],0,/content/drive/MyDrive/landfill_research/datasets/AerialWaste/Extracted/4246.png
1881,1881.png,1,Production site,1,1000,1000,1,1,"[4, 16]",1,/content/drive/MyDrive/landfill_research/datasets/AerialWaste/Extracted/1881.png
5367,5367.png,n/a,n/a,0,1000,1000,n/a,0,[],0,/content/drive/MyDrive/landfill_research/datasets/AerialWaste/Extracted/5367.png
9032,9032.png,n/a,n/a,0,1055,1046,n/a,1,[],1,/content/drive/MyDrive/landfill_research/datasets/AerialWaste/Extracted/9032.png
7327,7327.png,n/a,n/a,0,1055,1046,n/a,0,[],0,/content/drive/MyDrive/landfill_research/datasets/AerialWaste/Extracted/7327.png
1012,1012.png,2,Agricultural area/farm area,0,1000,1000,2,1,[],1,/content/drive/MyDrive/landfill_research/datasets/AerialWaste/Extracted/1012.png
6793,6793.png,n/a,n/a,0,1000,1000,n/a,0,[],0,/content/drive/MyDrive/landfill_research/datasets/AerialWaste/Extracted/6793.png
3870,3870.png,n/a,n/a,0,1000,1000,n/a,0,[],0,/content/drive/MyDrive/landfill_research/datasets/AerialWaste/Extracted/3870.png
7198,7198.png,n/a,n/a,0,1000,1000,n/a,0,[],0,/content/drive/MyDrive/landfill_research/datasets/AerialWaste/Extracted/7198.png
7917,7917.png,n/a,n/a,0,1056,1046,n/a,0,[],0,/content/drive/MyDrive/landfill_research/datasets/AerialWaste/Extracted/7917.png
143,143.png,2,Agricultural area/farm area,0,1000,1000,2,1,[],1,/content/drive/MyDrive/landfill_research/datasets/AerialWaste/Extracted/143.png
5449,5449.png,n/a,n/a,0,1000,1000,n/a,0,[],0,/content/drive/MyDrive/landfill_research/datasets/AerialWaste/Extracted/5449.png
7488,7488.png,n/a,n/a,0,1054,1047,n/a,0,[],0,/content/drive/MyDrive/landfill_research/datasets/AerialWaste/Extracted/7488.png
8681,8681.png,n/a,n/a,0,1055,1047,n/a,0,[],0,/content/drive/MyDrive/landfill_research/datasets/AerialWaste/Extracted/8681.png
2215,2215.png,1,Degraded area,1,1000,1000,1,1,"[1, 2, 3, 5, 16]",1,/content/drive/MyDrive/landfill_research/datasets/AerialWaste/Extracted/2215.png
11291,11291.png,n/a,n/a,0,1000,1000,n/a,0,[],0,/content/drive/MyDrive/landfill_research/datasets/AerialWaste/Extracted/11291.png
3803,3803.png,n/a,n/a,0,1000,1000,n/a,0,[],0,/content/drive/MyDrive/landfill_research/datasets/AerialWaste/Extracted/3803.png
631,631.png,1,Non production building,0,1000,1000,2,1,[],1,/content/drive/MyDrive/landfill_research/datasets/AerialWaste/Extracted/631.png
11044,11044.png,n/a,n/a,0,1000,1000,n/a,0,[],0,/content/drive/MyDrive/landfill_research/datasets/AerialWaste/Extracted/11044.png
4481,4481.png,n/a,n/a,0,1000,1000,n/a,0,[],0,/content/drive/MyDrive/landfill_research/datasets/AerialWaste/Extracted/4481.png
2300,2300.png,2,Abandoned area,1,696,698,3,1,"[1, 2, 8, 16]",1,/content/drive/MyDrive/landfill_research/datasets/AerialWaste/Extracted/2300.png
2508,2508.png,n/s,n/s,0,1057,1045,2,1,[],1,/content/drive/MyDrive/landfill_research/datasets/AerialWaste/Extracted/2508.png
4076,4076.png,n/a,n/a,0,1000,1000,n/a,0,[],0,/content/drive/MyDrive/landfill_research/datasets/AerialWaste/Extracted/4076.png
2967,2967.png,n/a,n/a,0,1000,1000,n/a,0,[],0,/content/drive/MyDrive/landfill_research/datasets/AerialWaste/Extracted/2967.png
10117,10117.png,n/a,n/a,0,1053,1049,n/a,0,[],0,/content/drive/MyDrive/landfill_research/datasets/AerialWaste/Extracted/10117.png
679,679.png,2,Production site,0,1000,1000,1,1,[],1,/content/drive/MyDrive/landfill_research/datasets/AerialWaste/Extracted/679.png
3815,3815.png,n/a,n/a,0,1000,1000,n/a,0,[],0,/content/drive/MyDrive/landfill_research/datasets/AerialWaste/Extracted/3815.png
10520,10520.png,n/a,n/a,0,1000,1000,n/a,0,[],0,/content/drive/MyDrive/landfill_research/datasets/AerialWaste/Extracted/10520.png
5894,5894.png,n/a,n/a,0,1000,1000,n/a,0,[],0,/content/drive/MyDrive/landfill_research/datasets/AerialWaste/Extracted/5894.png
4640,4640.png,n/a,n/a,0,1000,1000,n/a,0,[],0,/content/drive/MyDrive/landfill_research/datasets/AerialWaste/Extracted/4640.png
3270,3270.png,n/s,n/s,1,1036,1066,1,1,"[6, 17]",1,/content/drive/MyDrive/landfill_research/datasets/AerialWaste/Extracted/3270.png
9252,9252.png,n/a,n/a,0,1000,1000,n/a,0,[],0,/content/drive/MyDrive/landfill_research/datasets/AerialWaste/Extracted/9252.png
933,933.png,1,Agricultural area/farm area,0,1000,1000,1,1,[],1,/content/drive/MyDrive/landfill_research/datasets/AerialWaste/Extracted/933.png
593,593.png,1,Agricultural area/farm area,0,1000,1000,1,1,[],1,/content/drive/MyDrive/landfill_research/datasets/AerialWaste/Extracted/593.png
1263,1263.png,2,Production site,0,1000,1000,1,1,[],1,/content/drive/MyDrive/landfill_research/datasets/AerialWaste/Extracted/1263.png
2760,2760.png,n/a,n/a,0,1000,1000,n/a,0,[],0,/content/drive/MyDrive/landfill_research/datasets/AerialWaste/Extracted/2760.png
9362,9362.png,n/a,n/a,0,1000,1000,n/a,0,[],0,/content/drive/MyDrive/landfill_research/datasets/AerialWaste/Extracted/9362.png
1283,1283.png,1,Production site,0,1000,1000,1,1,[],1,/content/drive/MyDrive/landfill_research/datasets/AerialWaste/Extracted/1283.png
1566,1566.png,1,Other,0,1000,1000,3,0,[],0,/content/drive/MyDrive/landfill_research/datasets/AerialWaste/Extracted/1566.png
9879,9879.png,n/a,n/a,0,1000,1000,n/a,0,[],0,/content/drive/MyDrive/landfill_research/datasets/AerialWaste/Extracted/9879.png
147,147.png,1,Agricultural area/farm area,0,1000,1000,2,1,[],1,/content/drive/MyDrive/landfill_research/datasets/AerialWaste/Extracted/147.png
343,343.png,n/a,n/a,0,1000,1000,n/a,0,[],0,/content/drive/MyDrive/landfill_research/datasets/AerialWaste/Extracted/343.png
1513,1513.png,1,Production site,0,1000,1000,1,1,[],1,/content/drive/MyDrive/landfill_research/datasets/AerialWaste/Extracted/1513.png
4514,4514.png,n/a,n/a,0,1000,1000,n/a,0,[],0,/content/drive/MyDrive/landfill_research/datasets/AerialWaste/Extracted/4514.png
5940,5940.png,n/a,n/a,0,1000,1000,n/a,0,[],0,/content/drive/MyDrive/landfill_research/datasets/AerialWaste/Extracted/5940.png
10327,10327.png,n/a,n/a,0,1037,1065,n/a,0,[],0,/content/drive/MyDrive/landfill_research/datasets/AerialWaste/Extracted/10327.png
6309,6309.png,n/a,n/a,0,1000,1000,n/a,0,[],0,/content/drive/MyDrive/landfill_research/datasets/AerialWaste/Extracted/6309.png
10388,10388.png,n/a,n/a,0,1000,1000,n/a,0,[],0,/content/drive/MyDrive/landfill_research/datasets/AerialWaste/Extracted/10388.png
9614,9614.png,n/a,n/a,0,1000,1000,n/a,0,[],0,/content/drive/MyDrive/landfill_research/datasets/AerialWaste/Extracted/9614.png
6478,6478.png,n/a,n/a,0,1048,1053,n/a,1,[],1,/content/drive/MyDrive/landfill_research/datasets/AerialWaste/Extracted/6478.png
6402,6402.png,n/a,n/a,0,1000,1000,n/a,0,[],0,/content/drive/MyDrive/landfill_research/datasets/AerialWaste/Extracted/6402.png
7002,7002.png,n/a,n/a,0,1000,1000,n/a,0,[],0,/content/drive/MyDrive/landfill_research/datasets/AerialWaste/Extracted/7002.png
7305,7305.png,n/a,n/a,0,1057,1044,n/a,0,[],0,/content/drive/MyDrive/landfill_research/datasets/AerialWaste/Extracted/7305.png
4392,4392.png,n/a,n/a,0,1000,1000,n/a,0,[],0,/content/drive/MyDrive/landfill_research/datasets/AerialWaste/Extracted/4392.png
7219,7219.png,n/a,n/a,0,1000,1000,n/a,1,[],1,/content/drive/MyDrive/landfill_research/datasets/AerialWaste/Extracted/7219.png
3163,3163.png,n/s,n/s,0,1044,1057,1,1,[],1,/content/drive/MyDrive/landfill_research/datasets/AerialWaste/Extracted/3163.png
4918,4918.png,n/a,n/a,0,1000,1000,n/a,0,[],0,/content/drive/MyDrive/landfill_research/datasets/AerialWaste/Extracted/4918.png
11298,11298.png,n/a,n/a,0,1000,1000,n/a,0,[],0,/content/drive/MyDrive/landfill_research/datasets/AerialWaste/Extracted/11298.png
10151,10151.png,n/a,n/a,0,1042,1060,n/a,0,[],0,/content/drive/MyDrive/landfill_research/datasets/AerialWaste/Extracted/10151.png
8897,8897.png,3,Production site,1,1000,1000,3,1,"[1, 4, 20, 16]",1,/content/drive/MyDrive/landfill_research/datasets/AerialWaste/Extracted/8897.png
10479,10479.png,n/a,n/a,0,1000,1000,n/a,0,[],0,/content/drive/MyDrive/landfill_research/datasets/AerialWaste/Extracted/10479.png
1192,1192.png,1,Other,0,1000,1000,1,1,[],1,/content/drive/MyDrive/landfill_research/datasets/AerialWaste/Extracted/1192.png
3034,3034.png,n/s,n/s,0,1051,1051,1,1,[],1,/content/drive/MyDrive/landfill_research/datasets/AerialWaste/Extracted/3034.png
582,582.png,2,Agricultural area/farm area,0,1000,1000,2,1,[],1,/content/drive/MyDrive/landfill_research/datasets/AerialWaste/Extracted/582.png
1540,1540.png,2,Agricultural area/farm area,0,1000,1000,2,1,[],1,/content/drive/MyDrive/landfill_research/datasets/AerialWaste/Extracted/1540.png
8527,8527.png,n/a,n/a,0,1038,1064,n/a,0,[],0,/content/drive/MyDrive/landfill_research/datasets/AerialWaste/Extracted/8527.png
495,495.png,3,Degraded area,0,1000,1000,3,1,[],1,/content/drive/MyDrive/landfill_research/datasets/AerialWaste/Extracted/495.png
1011,1011.png,3,Production site,0,1000,1000,2,1,[],1,/content/drive/MyDrive/landfill_research/datasets/AerialWaste/Extracted/1011.png
7346,7346.png,1,Production site,1,1000,1000,1,1,[16],1,/content/drive/MyDrive/landfill_research/datasets/AerialWaste/Extracted/7346.png
9018,9018.png,1,Non production building,1,1000,1000,1,1,"[1, 12, 16]",1,/content/drive/MyDrive/landfill_research/datasets/AerialWaste/Extracted/9018.png
3568,3568.png,n/a,n/a,0,1000,1000,n/a,0,[],0,/content/drive/MyDrive/landfill_research/datasets/AerialWaste/Extracted/3568.png
7506,7506.png,n/a,n/a,0,1052,1050,n/a,0,[],0,/content/drive/MyDrive/landfill_research/datasets/AerialWaste/Extracted/7506.png
1537,1537.png,2,Production site,0,1000,1000,1,1,[],1,/content/drive/MyDrive/landfill_research/datasets/AerialWaste/Extracted/1537.png
4974,4974.png,n/a,n/a,0,1000,1000,n/a,0,[],0,/content/drive/MyDrive/landfill_research/datasets/AerialWaste/Extracted/4974.png
11183,11183.png,n/a,n/a,0,1050,1051,n/a,0,[],0,/content/drive/MyDrive/landfill_research/datasets/AerialWaste/Extracted/11183.png
5405,5405.png,n/a,n/a,0,1000,1000,n/a,0,[],0,/content/drive/MyDrive/landfill_research/datasets/AerialWaste/Extracted/5405.png
1514,1514.png,2,Production site,0,1000,1000,2,1,[],1,/content/drive/MyDrive/landfill_research/datasets/AerialWaste/Extracted/1514.png
9012,9012.png,n/a,n/a,0,1037,1065,n/a,0,[],0,/content/drive/MyDrive/landfill_research/datasets/AerialWaste/Extracted/9012.png
4313,4313.png,n/a,n/a,0,1000,1000,n/a,0,[],0,/content/drive/MyDrive/landfill_research/datasets/AerialWaste/Extracted/4313.png
2866,2866.png,n/s,n/s,0,1055,1047,3,1,[],1,/content/drive/MyDrive/landfill_research/datasets/AerialWaste/Extracted/2866.png
11494,11494.png,n/a,n/a,0,1000,1000,n/a,0,[],0,/content/drive/MyDrive/landfill_research/datasets/AerialWaste/Extracted/11494.png
10262,10262.png,n/a,n/a,0,1047,1055,n/a,0,[],0,/content/drive/MyDrive/landfill_research/datasets/AerialWaste/Extracted/10262.png
3580,3580.png,n/a,n/a,0,1000,1000,n/a,0,[],0,/content/drive/MyDrive/landfill_research/datasets/AerialWaste/Extracted/3580.png
9041,9041.png,n/a,n/a,0,1000,1000,n/a,0,[],0,/content/drive/MyDrive/landfill_research/datasets/AerialWaste/Extracted/9041.png
1760,1760.png,2,Non production building,0,1000,1000,2,1,[],1,/content/drive/MyDrive/landfill_research/datasets/AerialWaste/Extracted/1760.png
11200,11200.png,n/a,n/a,0,1055,1047,n/a,0,[],0,/content/drive/MyDrive/landfill_research/datasets/AerialWaste/Extracted/11200.png
105,105.png,1,Degraded area,0,1000,1000,1,1,[],1,/content/drive/MyDrive/landfill_research/datasets/AerialWaste/Extracted/105.png
10319,10319.png,n/a,n/a,0,1036,1067,n/a,0,[],0,/content/drive/MyDrive/landfill_research/datasets/AerialWaste/Extracted/10319.png
7592,7592.png,n/a,n/a,0,1059,1043,n/a,0,[],0,/content/drive/MyDrive/landfill_research/datasets/AerialWaste/Extracted/7592.png
5229,5229.png,n/a,n/a,0,1000,1000,n/a,0,[],0,/content/drive/MyDrive/landfill_research/datasets/AerialWaste/Extracted/5229.png
5609,5609.png,n/a,n/a,0,1000,1000,n/a,0,[],0,/content/drive/MyDrive/landfill_research/datasets/AerialWaste/Extracted/5609.png
4645,4645.png,n/a,n/a,0,1000,1000,n/a,0,[],0,/content/drive/MyDrive/landfill_research/datasets/AerialWaste/Extracted/4645.png
3018,3018.png,n/s,n/s,1,1048,1054,1,1,[3],1,/content/drive/MyDrive/landfill_research/datasets/AerialWaste/Extracted/3018.png
10373,10373.png,n/a,n/a,0,1035,1067,n/a,0,[],0,/content/drive/MyDrive/landfill_research/datasets/AerialWaste/Extracted/10373.png
10610,10610.png,n/a,n/a,0,1000,1000,n/a,0,[],0,/content/drive/MyDrive/landfill_research/datasets/AerialWaste/Extracted/10610.png
11636,11636.png,n/a,n/a,0,1050,1051,n/a,0,[],0,/content/drive/MyDrive/landfill_research/datasets/AerialWaste/Extracted/11636.png
10584,10584.png,n/a,n/a,0,1000,1000,n/a,0,[],0,/content/drive/MyDrive/landfill_research/datasets/AerialWaste/Extracted/10584.png
11373,11373.png,n/a,n/a,0,1000,1000,n/a,0,[],0,/content/drive/MyDrive/landfill_research/datasets/AerialWaste/Extracted/11373.png
9745,9745.png,n/a,n/a,0,1000,1000,n/a,0,[],0,/content/drive/MyDrive/landfill_research/datasets/AerialWaste/Extracted/9745.png
5799,5799.png,n/a,n/a,0,1000,1000,n/a,1,[],1,/content/drive/MyDrive/landfill_research/datasets/AerialWaste/Extracted/5799.png
8982,8982.png,n/a,n/a,0,1052,1050,n/a,0,[],0,/content/drive/MyDrive/landfill_research/datasets/AerialWaste/Extracted/8982.png
6215,6215.png,n/a,n/a,0,1000,1000,n/a,0,[],0,/content/drive/MyDrive/landfill_research/datasets/AerialWaste/Extracted/6215.png
6556,6556.png,n/a,n/a,0,1000,1000,n/a,0,[],0,/content/drive/MyDrive/landfill_research/datasets/AerialWaste/Extracted/6556.png
11539,11539.png,n/a,n/a,0,1037,1065,n/a,0,[],0,/content/drive/MyDrive/landfill_research/datasets/AerialWaste/Extracted/11539.png
10066,10066.png,n/a,n/a,0,1054,1048,n/a,0,[],0,/content/drive/MyDrive/landfill_research/datasets/AerialWaste/Extracted/10066.png
6964,6964.png,n/a,n/a,0,1000,1000,n/a,0,[],0,/content/drive/MyDrive/landfill_research/datasets/AerialWaste/Extracted/6964.png
4966,4966.png,n/a,n/a,0,1000,1000,n/a,0,[],0,/content/drive/MyDrive/landfill_research/datasets/AerialWaste/Extracted/4966.png
1809,1809.png,1,Agricultural area/farm area,0,1000,1000,1,1,[],1,/content/drive/MyDrive/landfill_research/datasets/AerialWaste/Extracted/1809.png
3124,3124.png,n/s,n/s,0,1047,1055,1,1,[],1,/content/drive/MyDrive/landfill_research/datasets/AerialWaste/Extracted/3124.png
365,365.png,2,Agricultural area/farm area,0,1000,1000,1,0,[],0,/content/drive/MyDrive/landfill_research/datasets/AerialWaste/Extracted/365.png
2949,2949.png,n/a,n/a,0,1000,1000,n/a,0,[],0,/content/drive/MyDrive/landfill_research/datasets/AerialWaste/Extracted/2949.png
3096,3096.png,n/s,n/s,0,1047,1055,1,1,[],1,/content/drive/MyDrive/landfill_research/datasets/AerialWaste/Extracted/3096.png
5077,5077.png,n/a,n/a,0,1000,1000,n/a,0,[],0,/content/drive/MyDrive/landfill_research/datasets/AerialWaste/Extracted/5077.png
4945,4945.png,n/a,n/a,0,1000,1000,n/a,0,[],0,/content/drive/MyDrive/landfill_research/datasets/AerialWaste/Extracted/4945.png
7479,7479.png,n/a,n/a,0,1056,1046,n/a,0,[],0,/content/drive/MyDrive/landfill_research/datasets/AerialWaste/Extracted/7479.png
7935,7935.png,n/a,n/a,0,1056,1045,n/a,0,[],0,/content/drive/MyDrive/landfill_research/datasets/AerialWaste/Extracted/7935.png
10918,10918.png,n/a,n/a,0,1000,1000,n/a,0,[],0,/content/drive/MyDrive/landfill_research/datasets/AerialWaste/Extracted/10918.png
3888,3888.png,n/a,n/a,0,1000,1000,n/a,0,[],0,/content/drive/MyDrive/landfill_research/datasets/AerialWaste/Extracted/3888.png
10729,10729.png,n/a,n/a,0,1000,1000,n/a,0,[],0,/content/drive/MyDrive/landfill_research/datasets/AerialWaste/Extracted/10729.png
528,528.png,2,Production site,0,1000,1000,2,1,[],1,/content/drive/MyDrive/landfill_research/datasets/AerialWaste/Extracted/528.png
10844,10844.png,n/a,n/a,0,1000,1000,n/a,0,[],0,/content/drive/MyDrive/landfill_research/datasets/AerialWaste/Extracted/10844.png
11670,11670.png,n/a,n/a,0,1053,1049,n/a,0,[],0,/content/drive/MyDrive/landfill_research/datasets/AerialWaste/Extracted/11670.png
8450,8450.png,n/a,n/a,0,1036,1065,n/a,0,[],0,/content/drive/MyDrive/landfill_research/datasets/AerialWaste/Extracted/8450.png
5460,5460.png,n/a,n/a,0,1000,1000,n/a,0,[],0,/content/drive/MyDrive/landfill_research/datasets/AerialWaste/Extracted/5460.png
7397,7397.png,n/a,n/a,0,1053,1049,n/a,0,[],0,/content/drive/MyDrive/landfill_research/datasets/AerialWaste/Extracted/7397.png
9189,9189.png,n/a,n/a,0,1000,1000,n/a,0,[],0,/content/drive/MyDrive/landfill_research/datasets/AerialWaste/Extracted/9189.png
265,265.png,1,Degraded area,0,1000,1000,1,1,[],1,/content/drive/MyDrive/landfill_research/datasets/AerialWaste/Extracted/265.png
272,272.png,1,Production site,0,1000,1000,1,1,[],1,/content/drive/MyDrive/landfill_research/datasets/AerialWaste/Extracted/272.png
8409,8409.png,2,Production site,1,1000,1000,2,1,"[2, 3, 5, 16, 22]",1,/content/drive/MyDrive/landfill_research/datasets/AerialWaste/Extracted/8409.png
10992,10992.png,1,Production site,1,1000,1000,2,1,"[2, 3, 16]",1,/content/drive/MyDrive/landfill_research/datasets/AerialWaste/Extracted/10992.png
5830,5830.png,n/a,n/a,0,1000,1000,n/a,0,[],0,/content/drive/MyDrive/landfill_research/datasets/AerialWaste/Extracted/5830.png
6435,6435.png,n/a,n/a,0,1000,1000,n/a,0,[],0,/content/drive/MyDrive/landfill_research/datasets/AerialWaste/Extracted/6435.png
6896,6896.png,n/a,n/a,0,1000,1000,n/a,0,[],0,/content/drive/MyDrive/landfill_research/datasets/AerialWaste/Extracted/6896.png
5994,5994.png,n/a,n/a,0,1000,1000,n/a,0,[],0,/content/drive/MyDrive/landfill_research/datasets/AerialWaste/Extracted/5994.png
4625,4625.png,n/a,n/a,0,1000,1000,n/a,0,[],0,/content/drive/MyDrive/landfill_research/datasets/AerialWaste/Extracted/4625.png
5652,5652.png,n/a,n/a,0,1000,1000,n/a,0,[],0,/content/drive/MyDrive/landfill_research/datasets/AerialWaste/Extracted/5652.png
2586,2586.png,n/s,n/s,0,1055,1047,1,1,[],1,/content/drive/MyDrive/landfill_research/datasets/AerialWaste/Extracted/2586.png
4029,4029.png,n/a,n/a,0,1000,1000,n/a,0,[],0,/content/drive/MyDrive/landfill_research/datasets/AerialWaste/Extracted/4029.png
8108,8108.png,n/a,n/a,0,1055,1046,n/a,0,[],0,/content/drive/MyDrive/landfill_research/datasets/AerialWaste/Extracted/8108.png
7924,7924.png,n/a,n/a,0,1047,1054,n/a,0,[],0,/content/drive/MyDrive/landfill_research/datasets/AerialWaste/Extracted/7924.png
4342,4342.png,n/a,n/a,0,1000,1000,n/a,0,[],0,/content/drive/MyDrive/landfill_research/datasets/AerialWaste/Extracted/4342.png
10273,10273.png,n/a,n/a,0,1056,1046,n/a,0,[],0,/content/drive/MyDrive/landfill_research/datasets/AerialWaste/Extracted/10273.png
2880,2880.png,n/s,n/s,0,1054,1048,3,1,[],1,/content/drive/MyDrive/landfill_research/datasets/AerialWaste/Extracted/2880.png
7590,7590.png,n/a,n/a,0,1059,1043,n/a,0,[],0,/content/drive/MyDrive/landfill_research/datasets/AerialWaste/Extracted/7590.png
2669,2669.png,n/s,n/s,0,1053,1049,1,1,[],1,/content/drive/MyDrive/landfill_research/datasets/AerialWaste/Extracted/2669.png
7730,7730.png,n/a,n/a,0,1054,1048,n/a,0,[],0,/content/drive/MyDrive/landfill_research/datasets/AerialWaste/Extracted/7730.png
1900,1900.png,2,Degraded area,1,1000,1000,3,1,"[1, 2, 4, 14, 16]",1,/content/drive/MyDrive/landfill_research/datasets/AerialWaste/Extracted/1900.png
573,573.png,1,Agricultural area/farm area,0,1000,1000,1,1,[],1,/content/drive/MyDrive/landfill_research/datasets/AerialWaste/Extracted/573.png
9865,9865.png,n/a,n/a,0,1000,1000,n/a,0,[],0,/content/drive/MyDrive/landfill_research/datasets/AerialWaste/Extracted/9865.png
2429,2429.png,2,Degraded area,1,697,697,3,1,"[1, 2, 16]",1,/content/drive/MyDrive/landfill_research/datasets/AerialWaste/Extracted/2429.png
9988,9988.png,n/a,n/a,0,1044,1057,n/a,0,[],0,/content/drive/MyDrive/landfill_research/datasets/AerialWaste/Extracted/9988.png
1336,1336.png,1,Other,0,1000,1000,1,1,[],1,/content/drive/MyDrive/landfill_research/datasets/AerialWaste/Extracted/1336.png
5368,5368.png,n/a,n/a,0,1000,1000,n/a,0,[],0,/content/drive/MyDrive/landfill_research/datasets/AerialWaste/Extracted/5368.png
1375,1375.png,2,Production site,0,1000,1000,1,1,[],1,/content/drive/MyDrive/landfill_research/datasets/AerialWaste/Extracted/1375.png
5265,5265.png,n/a,n/a,0,1000,1000,n/a,0,[],0,/content/drive/MyDrive/landfill_research/datasets/AerialWaste/Extracted/5265.png
9809,9809.png,n/a,n/a,0,1000,1000,n/a,0,[],0,/content/drive/MyDrive/landfill_research/datasets/AerialWaste/Extracted/9809.png
6772,6772.png,n/a,n/a,0,1000,1000,n/a,1,[],1,/content/drive/MyDrive/landfill_research/datasets/AerialWaste/Extracted/6772.png
1584,1584.png,3,Agricultural area/farm area,0,1000,1000,3,1,[],1,/content/drive/MyDrive/landfill_research/datasets/AerialWaste/Extracted/1584.png
11421,11421.png,n/a,n/a,0,1055,1046,n/a,0,[],0,/content/drive/MyDrive/landfill_research/datasets/AerialWaste/Extracted/11421.png
6547,6547.png,n/a,n/a,0,1000,1000,n/a,0,[],0,/content/drive/MyDrive/landfill_research/datasets/AerialWaste/Extracted/6547.png
8747,8747.png,n/a,n/a,0,1000,1000,n/a,0,[],0,/content/drive/MyDrive/landfill_research/datasets/AerialWaste/Extracted/8747.png
7733,7733.png,1,Production site,1,1000,1000,2,1,"[3, 4, 16]",1,/content/drive/MyDrive/landfill_research/datasets/AerialWaste/Extracted/7733.png
4620,4620.png,n/a,n/a,0,1000,1000,n/a,0,[],0,/content/drive/MyDrive/landfill_research/datasets/AerialWaste/Extracted/4620.png
9046,9046.png,n/a,n/a,0,1000,1000,n/a,0,[],0,/content/drive/MyDrive/landfill_research/datasets/AerialWaste/Extracted/9046.png
8902,8902.png,n/a,n/a,0,697,698,n/a,0,[],0,/content/drive/MyDrive/landfill_research/datasets/AerialWaste/Extracted/8902.png
9369,9369.png,n/a,n/a,0,1000,1000,n/a,0,[],0,/content/drive/MyDrive/landfill_research/datasets/AerialWaste/Extracted/9369.png
6729,6729.png,n/a,n/a,0,1000,1000,n/a,0,[],0,/content/drive/MyDrive/landfill_research/datasets/AerialWaste/Extracted/6729.png
3843,3843.png,n/a,n/a,0,1000,1000,n/a,0,[],0,/content/drive/MyDrive/landfill_research/datasets/AerialWaste/Extracted/3843.png
7967,7967.png,n/a,n/a,0,1046,1056,n/a,0,[],0,/content/drive/MyDrive/landfill_research/datasets/AerialWaste/Extracted/7967.png
2388,2388.png,1,Non production building,1,697,698,1,1,"[1, 2, 3, 4, 5, 8, 17]",1,/content/drive/MyDrive/landfill_research/datasets/AerialWaste/Extracted/2388.png
6430,6430.png,n/a,n/a,0,1000,1000,n/a,0,[],0,/content/drive/MyDrive/landfill_research/datasets/AerialWaste/Extracted/6430.png
1569,1569.png,1,Production site,0,1000,1000,1,1,[],1,/content/drive/MyDrive/landfill_research/datasets/AerialWaste/Extracted/1569.png
10303,10303.png,n/a,n/a,0,1051,1051,n/a,0,[],0,/content/drive/MyDrive/landfill_research/datasets/AerialWaste/Extracted/10303.png
8097,8097.png,n/a,n/a,0,1055,1046,n/a,0,[],0,/content/drive/MyDrive/landfill_research/datasets/AerialWaste/Extracted/8097.png
5885,5885.png,n/a,n/a,0,1000,1000,n/a,0,[],0,/content/drive/MyDrive/landfill_research/datasets/AerialWaste/Extracted/5885.png
3954,3954.png,n/a,n/a,0,1000,1000,n/a,0,[],0,/content/drive/MyDrive/landfill_research/datasets/AerialWaste/Extracted/3954.png
5607,5607.png,n/a,n/a,0,1000,1000,n/a,0,[],0,/content/drive/MyDrive/landfill_research/datasets/AerialWaste/Extracted/5607.png
10536,10536.png,n/a,n/a,0,1048,1054,n/a,0,[],0,/content/drive/MyDrive/landfill_research/datasets/AerialWaste/Extracted/10536.png
4636,4636.png,n/a,n/a,0,1000,1000,n/a,0,[],0,/content/drive/MyDrive/landfill_research/datasets/AerialWaste/Extracted/4636.png
10012,10012.png,n/a,n/a,0,1051,1050,n/a,0,[],0,/content/drive/MyDrive/landfill_research/datasets/AerialWaste/Extracted/10012.png
4346,4346.png,n/a,n/a,0,1000,1000,n/a,0,[],0,/content/drive/MyDrive/landfill_research/datasets/AerialWaste/Extracted/4346.png
10414,10414.png,n/a,n/a,0,1035,1067,n/a,0,[],0,/content/drive/MyDrive/landfill_research/datasets/AerialWaste/Extracted/10414.png
6027,6027.png,n/a,n/a,0,1000,1000,n/a,0,[],0,/content/drive/MyDrive/landfill_research/datasets/AerialWaste/Extracted/6027.png
11448,11448.png,n/a,n/a,0,1055,1046,n/a,0,[],0,/content/drive/MyDrive/landfill_research/datasets/AerialWaste/Extracted/11448.png
3850,3850.png,n/a,n/a,0,1000,1000,n/a,0,[],0,/content/drive/MyDrive/landfill_research/datasets/AerialWaste/Extracted/3850.png
1243,1243.png,2,Abandoned area,0,1000,1000,2,1,[],1,/content/drive/MyDrive/landfill_research/datasets/AerialWaste/Extracted/1243.png
7288,7288.png,n/a,n/a,0,1057,1044,n/a,0,[],0,/content/drive/MyDrive/landfill_research/datasets/AerialWaste/Extracted/7288.png
4757,4757.png,n/a,n/a,0,1000,1000,n/a,0,[],0,/content/drive/MyDrive/landfill_research/datasets/AerialWaste/Extracted/4757.png
2410,2410.png,1,Degraded area,0,1052,1050,2,1,[],1,/content/drive/MyDrive/landfill_research/datasets/AerialWaste/Extracted/2410.png
7840,7840.png,n/a,n/a,0,1055,1047,n/a,1,[],1,/content/drive/MyDrive/landfill_research/datasets/AerialWaste/Extracted/7840.png
659,659.png,1,Non production building,0,1000,1000,1,1,[],1,/content/drive/MyDrive/landfill_research/datasets/AerialWaste/Extracted/659.png
5189,5189.png,n/a,n/a,0,1000,1000,n/a,0,[],0,/content/drive/MyDrive/landfill_research/datasets/AerialWaste/Extracted/5189.png
7822,7822.png,n/a,n/a,0,1055,1046,n/a,0,[],0,/content/drive/MyDrive/landfill_research/datasets/AerialWaste/Extracted/7822.png
7066,7066.png,2,Production site,1,1000,1000,2,1,"[1, 5, 16]",1,/content/drive/MyDrive/landfill_research/datasets/AerialWaste/Extracted/7066.png
1935,1935.png,3,Production site,1,1000,1000,3,1,"[5, 7, 16]",1,/content/drive/MyDrive/landfill_research/datasets/AerialWaste/Extracted/1935.png
7720,7720.png,n/a,n/a,0,1055,1046,n/a,0,[],0,/content/drive/MyDrive/landfill_research/datasets/AerialWaste/Extracted/7720.png
1030,1030.png,2,Production site,0,1000,1000,2,1,[],1,/content/drive/MyDrive/landfill_research/datasets/AerialWaste/Extracted/1030.png
4106,4106.png,n/a,n/a,0,1000,1000,n/a,0,[],0,/content/drive/MyDrive/landfill_research/datasets/AerialWaste/Extracted/4106.png
2776,2776.png,n/s,n/s,0,1053,1048,1,1,[],1,/content/drive/MyDrive/landfill_research/datasets/AerialWaste/Extracted/2776.png
8504,8504.png,n/a,n/a,0,1038,1064,n/a,0,[],0,/content/drive/MyDrive/landfill_research/datasets/AerialWaste/Extracted/8504.png
5339,5339.png,n/a,n/a,0,1000,1000,n/a,0,[],0,/content/drive/MyDrive/landfill_research/datasets/AerialWaste/Extracted/5339.png
6246,6246.png,n/a,n/a,0,1000,1000,n/a,0,[],0,/content/drive/MyDrive/landfill_research/datasets/AerialWaste/Extracted/6246.png
2336,2336.png,1,Degraded area,1,697,697,2,1,"[1, 2, 3, 4, 5, 16]",1,/content/drive/MyDrive/landfill_research/datasets/AerialWaste/Extracted/2336.png
1366,1366.png,1,Agricultural area/farm area,0,1000,1000,1,1,[],1,/content/drive/MyDrive/landfill_research/datasets/AerialWaste/Extracted/1366.png
3015,3015.png,n/s,n/s,0,1048,1054,1,1,[],1,/content/drive/MyDrive/landfill_research/datasets/AerialWaste/Extracted/3015.png
1613,1613.png,1,Degraded area,0,1000,1000,1,1,[],1,/content/drive/MyDrive/landfill_research/datasets/AerialWaste/Extracted/1613.png
1408,1408.png,1,Agricultural area/farm area,0,1000,1000,2,1,[],1,/content/drive/MyDrive/landfill_research/datasets/AerialWaste/Extracted/1408.png
9061,9061.png,n/a,n/a,0,1000,1000,n/a,0,[],0,/content/drive/MyDrive/landfill_research/datasets/AerialWaste/Extracted/9061.png
7566,7566.png,n/a,n/a,0,1053,1049,n/a,0,[],0,/content/drive/MyDrive/landfill_research/datasets/AerialWaste/Extracted/7566.png
5279,5279.png,n/a,n/a,0,1000,1000,n/a,0,[],0,/content/drive/MyDrive/landfill_research/datasets/AerialWaste/Extracted/5279.png
6641,6641.png,n/a,n/a,0,1000,1000,n/a,0,[],0,/content/drive/MyDrive/landfill_research/datasets/AerialWaste/Extracted/6641.png
4479,4479.png,n/a,n/a,0,1000,1000,n/a,0,[],0,/content/drive/MyDrive/landfill_research/datasets/AerialWaste/Extracted/4479.png
5661,5661.png,n/a,n/a,0,1000,1000,n/a,0,[],0,/content/drive/MyDrive/landfill_research/datasets/AerialWaste/Extracted/5661.png
3033,3033.png,n/s,n/s,0,1050,1051,3,1,[],1,/content/drive/MyDrive/landfill_research/datasets/AerialWaste/Extracted/3033.png
2915,2915.png,n/s,n/s,0,1053,1049,3,1,[],1,/content/drive/MyDrive/landfill_research/datasets/AerialWaste/Extracted/2915.png
5090,5090.png,n/a,n/a,0,1000,1000,n/a,0,[],0,/content/drive/MyDrive/landfill_research/datasets/AerialWaste/Extracted/5090.png
1326,1326.png,3,Degraded area,0,1038,1064,2,1,[],1,/content/drive/MyDrive/landfill_research/datasets/AerialWaste/Extracted/1326.png
8659,8659.png,n/a,n/a,0,1055,1046,n/a,1,[],1,/content/drive/MyDrive/landfill_research/datasets/AerialWaste/Extracted/8659.png
6060,6060.png,n/a,n/a,0,1000,1000,n/a,0,[],0,/content/drive/MyDrive/landfill_research/datasets/AerialWaste/Extracted/6060.png
3101,3101.png,n/s,n/s,0,1046,1055,1,0,[],0,/content/drive/MyDrive/landfill_research/datasets/AerialWaste/Extracted/3101.png
10787,10787.png,n/a,n/a,0,1000,1000,n/a,0,[],0,/content/drive/MyDrive/landfill_research/datasets/AerialWaste/Extracted/10787.png
4290,4290.png,n/a,n/a,0,1000,1000,n/a,0,[],0,/content/drive/MyDrive/landfill_research/datasets/AerialWaste/Extracted/4290.png
10793,10793.png,n/a,n/a,0,1000,1000,n/a,0,[],0,/content/drive/MyDrive/landfill_research/datasets/AerialWaste/Extracted/10793.png
5209,5209.png,n/a,n/a,0,1000,1000,n/a,0,[],0,/content/drive/MyDrive/landfill_research/datasets/AerialWaste/Extracted/5209.png
11382,11382.png,n/a,n/a,0,1000,1000,n/a,0,[],0,/content/drive/MyDrive/landfill_research/datasets/AerialWaste/Extracted/11382.png
773,773.png,2,Production site,0,1000,1000,1,1,[],1,/content/drive/MyDrive/landfill_research/datasets/AerialWaste/Extracted/773.png
7881,7881.png,n/a,n/a,0,1053,1049,n/a,0,[],0,/content/drive/MyDrive/landfill_research/datasets/AerialWaste/Extracted/7881.png
4118,4118.png,n/a,n/a,0,1000,1000,n/a,0,[],0,/content/drive/MyDrive/landfill_research/datasets/AerialWaste/Extracted/4118.png
6377,6377.png,n/a,n/a,0,1000,1000,n/a,0,[],0,/content/drive/MyDrive/landfill_research/datasets/AerialWaste/Extracted/6377.png
1780,1780.png,2,Production site,0,1000,1000,2,1,[],1,/content/drive/MyDrive/landfill_research/datasets/AerialWaste/Extracted/1780.png
309,309.png,n/a,n/a,0,1000,1000,n/a,0,[],0,/content/drive/MyDrive/landfill_research/datasets/AerialWaste/Extracted/309.png
6489,6489.png,n/a,n/a,0,1000,1000,n/a,0,[],0,/content/drive/MyDrive/landfill_research/datasets/AerialWaste/Extracted/6489.png
5708,5708.png,n/a,n/a,0,1000,1000,n/a,0,[],0,/content/drive/MyDrive/landfill_research/datasets/AerialWaste/Extracted/5708.png
6873,6873.png,n/a,n/a,0,1055,1047,n/a,1,[],1,/content/drive/MyDrive/landfill_research/datasets/AerialWaste/Extracted/6873.png
5024,5024.png,n/a,n/a,0,1000,1000,n/a,0,[],0,/content/drive/MyDrive/landfill_research/datasets/AerialWaste/Extracted/5024.png
6331,6331.png,n/a,n/a,0,1000,1000,n/a,1,[],1,/content/drive/MyDrive/landfill_research/datasets/AerialWaste/Extracted/6331.png
6378,6378.png,n/a,n/a,0,1000,1000,n/a,0,[],0,/content/drive/MyDrive/landfill_research/datasets/AerialWaste/Extracted/6378.png
6008,6008.png,n/a,n/a,0,1000,1000,n/a,0,[],0,/content/drive/MyDrive/landfill_research/datasets/AerialWaste/Extracted/6008.png
2010,2010.png,0,Other,1,1000,1000,0,1,"[1, 2, 3, 4, 5, 9, 15, 17, 20]",1,/content/drive/MyDrive/landfill_research/datasets/AerialWaste/Extracted/2010.png
3335,3335.png,n/s,n/s,1,1037,1063,1,1,"[6, 17, 20]",1,/content/drive/MyDrive/landfill_research/datasets/AerialWaste/Extracted/3335.png
3613,3613.png,n/a,n/a,0,1000,1000,n/a,0,[],0,/content/drive/MyDrive/landfill_research/datasets/AerialWaste/Extracted/3613.png
5346,5346.png,n/a,n/a,0,1000,1000,n/a,1,[],1,/content/drive/MyDrive/landfill_research/datasets/AerialWaste/Extracted/5346.png
4914,4914.png,n/a,n/a,0,1000,1000,n/a,0,[],0,/content/drive/MyDrive/landfill_research/datasets/AerialWaste/Extracted/4914.png
9108,9108.png,n/a,n/a,0,1000,1000,n/a,0,[],0,/content/drive/MyDrive/landfill_research/datasets/AerialWaste/Extracted/9108.png
3668,3668.png,n/a,n/a,0,1000,1000,n/a,0,[],0,/content/drive/MyDrive/landfill_research/datasets/AerialWaste/Extracted/3668.png
3299,3299.png,n/s,n/s,0,1036,1066,1,1,[],1,/content/drive/MyDrive/landfill_research/datasets/AerialWaste/Extracted/3299.png
3941,3941.png,n/a,n/a,0,1000,1000,n/a,0,[],0,/content/drive/MyDrive/landfill_research/datasets/AerialWaste/Extracted/3941.png
11614,11614.png,n/a,n/a,0,1046,1054,n/a,0,[],0,/content/drive/MyDrive/landfill_research/datasets/AerialWaste/Extracted/11614.png
4315,4315.png,n/a,n/a,0,1000,1000,n/a,0,[],0,/content/drive/MyDrive/landfill_research/datasets/AerialWaste/Extracted/4315.png
8362,8362.png,n/a,n/a,0,1037,1065,n/a,0,[],0,/content/drive/MyDrive/landfill_research/datasets/AerialWaste/Extracted/8362.png
1481,1481.png,1,Production site,0,1000,1000,2,1,[],1,/content/drive/MyDrive/landfill_research/datasets/AerialWaste/Extracted/1481.png
8842,8842.png,n/a,n/a,0,1000,1000,n/a,0,[],0,/content/drive/MyDrive/landfill_research/datasets/AerialWaste/Extracted/8842.png
6849,6849.png,n/a,n/a,0,697,697,n/a,1,[],1,/content/drive/MyDrive/landfill_research/datasets/AerialWaste/Extracted/6849.png
3058,3058.png,n/s,n/s,0,1055,1046,1,1,[],1,/content/drive/MyDrive/landfill_research/datasets/AerialWaste/Extracted/3058.png
2459,2459.png,2,Agricultural area/farm area,0,1050,1052,2,1,[],1,/content/drive/MyDrive/landfill_research/datasets/AerialWaste/Extracted/2459.png
11010,11010.png,n/a,n/a,0,1000,1000,n/a,0,[],0,/content/drive/MyDrive/landfill_research/datasets/AerialWaste/Extracted/11010.png
802,802.png,1,Production site,0,1000,1000,1,1,[],1,/content/drive/MyDrive/landfill_research/datasets/AerialWaste/Extracted/802.png
5598,5598.png,n/a,n/a,0,1000,1000,n/a,0,[],0,/content/drive/MyDrive/landfill_research/datasets/AerialWaste/Extracted/5598.png
1976,1976.png,2,Agricultural area/farm area,1,1000,1000,3,1,"[1, 5, 13, 16]",1,/content/drive/MyDrive/landfill_research/datasets/AerialWaste/Extracted/1976.png
8063,8063.png,n/a,n/a,0,1051,1051,n/a,0,[],0,/content/drive/MyDrive/landfill_research/datasets/AerialWaste/Extracted/8063.png
8886,8886.png,n/a,n/a,0,1000,1000,n/a,0,[],0,/content/drive/MyDrive/landfill_research/datasets/AerialWaste/Extracted/8886.png
9418,9418.png,n/a,n/a,0,1000,1000,n/a,0,[],0,/content/drive/MyDrive/landfill_research/datasets/AerialWaste/Extracted/9418.png
4214,4214.png,n/a,n/a,0,1000,1000,n/a,0,[],0,/content/drive/MyDrive/landfill_research/datasets/AerialWaste/Extracted/4214.png
8687,8687.png,n/a,n/a,0,1055,1047,n/a,1,[],1,/content/drive/MyDrive/landfill_research/datasets/AerialWaste/Extracted/8687.png
3490,3490.png,n/a,n/a,0,1000,1000,n/a,0,[],0,/content/drive/MyDrive/landfill_research/datasets/AerialWaste/Extracted/3490.png
11019,11019.png,n/a,n/a,0,1000,1000,n/a,0,[],0,/content/drive/MyDrive/landfill_research/datasets/AerialWaste/Extracted/11019.png
3110,3110.png,n/s,n/s,0,1055,1045,2,1,[],1,/content/drive/MyDrive/landfill_research/datasets/AerialWaste/Extracted/3110.png
7725,7725.png,1,Agricultural area/farm area,1,1000,1000,1,1,"[3, 1, 16]",1,/content/drive/MyDrive/landfill_research/datasets/AerialWaste/Extracted/7725.png
577,577.png,1,Agricultural area/farm area,0,1000,1000,1,1,[],1,/content/drive/MyDrive/landfill_research/datasets/AerialWaste/Extracted/577.png
441,441.png,3,Production site,0,1000,1000,3,1,[],1,/content/drive/MyDrive/landfill_research/datasets/AerialWaste/Extracted/441.png
6820,6820.png,n/a,n/a,0,697,698,n/a,0,[],0,/content/drive/MyDrive/landfill_research/datasets/AerialWaste/Extracted/6820.png
2318,2318.png,1,Non production building,0,1000,1000,1,1,[],1,/content/drive/MyDrive/landfill_research/datasets/AerialWaste/Extracted/2318.png
9600,9600.png,n/a,n/a,0,1000,1000,n/a,0,[],0,/content/drive/MyDrive/landfill_research/datasets/AerialWaste/Extracted/9600.png
1111,1111.png,1,Production site,0,1000,1000,1,1,[],1,/content/drive/MyDrive/landfill_research/datasets/AerialWaste/Extracted/1111.png
7810,7810.png,n/a,n/a,0,1055,1047,n/a,0,[],0,/content/drive/MyDrive/landfill_research/datasets/AerialWaste/Extracted/7810.png
5322,5322.png,n/a,n/a,0,1000,1000,n/a,0,[],0,/content/drive/MyDrive/landfill_research/datasets/AerialWaste/Extracted/5322.png
8849,8849.png,n/a,n/a,0,697,698,n/a,0,[],0,/content/drive/MyDrive/landfill_research/datasets/AerialWaste/Extracted/8849.png
324,324.png,1,Agricultural area/farm area,0,1000,1000,2,1,[],1,/content/drive/MyDrive/landfill_research/datasets/AerialWaste/Extracted/324.png
9828,9828.png,n/a,n/a,0,1000,1000,n/a,0,[],0,/content/drive/MyDrive/landfill_research/datasets/AerialWaste/Extracted/9828.png
2293,2293.png,2,Production site,0,1055,1047,2,1,[],1,/content/drive/MyDrive/landfill_research/datasets/AerialWaste/Extracted/2293.png
1095,1095.png,2,Production site,0,1000,1000,1,1,[],1,/content/drive/MyDrive/landfill_research/datasets/AerialWaste/Extracted/1095.png
6139,6139.png,n/a,n/a,0,1000,1000,n/a,0,[],0,/content/drive/MyDrive/landfill_research/datasets/AerialWaste/Extracted/6139.png
10226,10226.png,n/a,n/a,0,1046,1055,n/a,0,[],0,/content/drive/MyDrive/landfill_research/datasets/AerialWaste/Extracted/10226.png
5212,5212.png,n/a,n/a,0,1000,1000,n/a,0,[],0,/content/drive/MyDrive/landfill_research/datasets/AerialWaste/Extracted/5212.png
4760,4760.png,n/a,n/a,0,1000,1000,n/a,0,[],0,/content/drive/MyDrive/landfill_research/datasets/AerialWaste/Extracted/4760.png
1160,1160.png,1,Degraded area,0,1000,1000,1,1,[],1,/content/drive/MyDrive/landfill_research/datasets/AerialWaste/Extracted/1160.png
9232,9232.png,n/a,n/a,0,1000,1000,n/a,0,[],0,/content/drive/MyDrive/landfill_research/datasets/AerialWaste/Extracted/9232.png
5145,5145.png,n/a,n/a,0,1000,1000,n/a,0,[],0,/content/drive/MyDrive/landfill_research/datasets/AerialWaste/Extracted/5145.png
6872,6872.png,n/a,n/a,0,1000,1000,n/a,0,[],0,/content/drive/MyDrive/landfill_research/datasets/AerialWaste/Extracted/6872.png
10412,10412.png,n/a,n/a,0,1036,1066,n/a,0,[],0,/content/drive/MyDrive/landfill_research/datasets/AerialWaste/Extracted/10412.png
11003,11003.png,3,Abandoned area,1,1046,1056,2,1,[16],1,/content/drive/MyDrive/landfill_research/datasets/AerialWaste/Extracted/11003.png
2387,2387.png,1,Production site,1,697,698,1,1,"[3, 4, 5, 16, 20, 22]",1,/content/drive/MyDrive/landfill_research/datasets/AerialWaste/Extracted/2387.png
2014,2014.png,1,Production site,1,1000,1000,2,1,"[4, 16]",1,/content/drive/MyDrive/landfill_research/datasets/AerialWaste/Extracted/2014.png
8371,8371.png,n/a,n/a,0,1037,1065,n/a,0,[],0,/content/drive/MyDrive/landfill_research/datasets/AerialWaste/Extracted/8371.png
7292,7292.png,n/a,n/a,0,1057,1044,n/a,0,[],0,/content/drive/MyDrive/landfill_research/datasets/AerialWaste/Extracted/7292.png
10471,10471.png,n/a,n/a,0,1051,1050,n/a,0,[],0,/content/drive/MyDrive/landfill_research/datasets/AerialWaste/Extracted/10471.png
9602,9602.png,n/a,n/a,0,1000,1000,n/a,0,[],0,/content/drive/MyDrive/landfill_research/datasets/AerialWaste/Extracted/9602.png
4180,4180.png,n/a,n/a,0,1000,1000,n/a,0,[],0,/content/drive/MyDrive/landfill_research/datasets/AerialWaste/Extracted/4180.png
5765,5765.png,n/a,n/a,0,1000,1000,n/a,1,[],1,/content/drive/MyDrive/landfill_research/datasets/AerialWaste/Extracted/5765.png
7127,7127.png,n/a,n/a,0,1051,1050,n/a,0,[],0,/content/drive/MyDrive/landfill_research/datasets/AerialWaste/Extracted/7127.png
2936,2936.png,n/s,n/s,0,1055,1047,3,1,[],1,/content/drive/MyDrive/landfill_research/datasets/AerialWaste/Extracted/2936.png
6275,6275.png,n/a,n/a,0,1042,1059,n/a,0,[],0,/content/drive/MyDrive/landfill_research/datasets/AerialWaste/Extracted/6275.png
7302,7302.png,n/a,n/a,0,1057,1045,n/a,0,[],0,/content/drive/MyDrive/landfill_research/datasets/AerialWaste/Extracted/7302.png
3221,3221.png,n/s,n/s,0,1035,1067,3,1,[],1,/content/drive/MyDrive/landfill_research/datasets/AerialWaste/Extracted/3221.png
8637,8637.png,n/a,n/a,0,1045,1058,n/a,0,[],0,/content/drive/MyDrive/landfill_research/datasets/AerialWaste/Extracted/8637.png
8159,8159.png,n/a,n/a,0,1046,1056,n/a,0,[],0,/content/drive/MyDrive/landfill_research/datasets/AerialWaste/Extracted/8159.png
11545,11545.png,n/a,n/a,0,1038,1064,n/a,0,[],0,/content/drive/MyDrive/landfill_research/datasets/AerialWaste/Extracted/11545.png
11266,11266.png,n/a,n/a,0,1000,1000,n/a,0,[],0,/content/drive/MyDrive/landfill_research/datasets/AerialWaste/Extracted/11266.png
10105,10105.png,n/a,n/a,0,1056,1046,n/a,0,[],0,/content/drive/MyDrive/landfill_research/datasets/AerialWaste/Extracted/10105.png
3469,3469.png,n/s,n/s,1,1055,1046,n/s,1,"[16, 19]",1,/content/drive/MyDrive/landfill_research/datasets/AerialWaste/Extracted/3469.png
11555,11555.png,n/a,n/a,0,1034,1067,n/a,0,[],0,/content/drive/MyDrive/landfill_research/datasets/AerialWaste/Extracted/11555.png
2681,2681.png,n/s,n/s,0,1055,1046,1,1,[],1,/content/drive/MyDrive/landfill_research/datasets/AerialWaste/Extracted/2681.png
681,681.png,2,Production site,0,1000,1000,2,1,[],1,/content/drive/MyDrive/landfill_research/datasets/AerialWaste/Extracted/681.png
9420,9420.png,n/a,n/a,0,1000,1000,n/a,0,[],0,/content/drive/MyDrive/landfill_research/datasets/AerialWaste/Extracted/9420.png
3381,3381.png,n/s,n/s,1,1037,1064,2,1,[17],1,/content/drive/MyDrive/landfill_research/datasets/AerialWaste/Extracted/3381.png
11253,11253.png,n/a,n/a,0,1000,1000,n/a,0,[],0,/content/drive/MyDrive/landfill_research/datasets/AerialWaste/Extracted/11253.png
11606,11606.png,n/a,n/a,0,1000,1000,n/a,0,[],0,/content/drive/MyDrive/landfill_research/datasets/AerialWaste/Extracted/11606.png
10975,10975.png,n/a,n/a,0,1000,1000,n/a,0,[],0,/content/drive/MyDrive/landfill_research/datasets/AerialWaste/Extracted/10975.png
6113,6113.png,n/a,n/a,0,1000,1000,n/a,0,[],0,/content/drive/MyDrive/landfill_research/datasets/AerialWaste/Extracted/6113.png
6250,6250.png,n/a,n/a,0,1000,1000,n/a,0,[],0,/content/drive/MyDrive/landfill_research/datasets/AerialWaste/Extracted/6250.png
2879,2879.png,n/a,n/a,0,1000,1000,n/a,0,[],0,/content/drive/MyDrive/landfill_research/datasets/AerialWaste/Extracted/2879.png
5194,5194.png,n/a,n/a,0,1000,1000,n/a,0,[],0,/content/drive/MyDrive/landfill_research/datasets/AerialWaste/Extracted/5194.png
5973,5973.png,n/a,n/a,0,1000,1000,n/a,0,[],0,/content/drive/MyDrive/landfill_research/datasets/AerialWaste/Extracted/5973.png
780,780.png,1,Degraded area,0,1000,1000,2,1,[],1,/content/drive/MyDrive/landfill_research/datasets/AerialWaste/Extracted/780.png
8932,8932.png,n/a,n/a,0,1054,1048,n/a,0,[],0,/content/drive/MyDrive/landfill_research/datasets/AerialWaste/Extracted/8932.png
74,74.png,2,Production site,0,1000,1000,3,1,[],1,/content/drive/MyDrive/landfill_research/datasets/AerialWaste/Extracted/74.png
6959,6959.png,n/a,n/a,0,1000,1000,n/a,0,[],0,/content/drive/MyDrive/landfill_research/datasets/AerialWaste/Extracted/6959.png
11531,11531.png,n/a,n/a,0,1000,1000,n/a,0,[],0,/content/drive/MyDrive/landfill_research/datasets/AerialWaste/Extracted/11531.png
300,300.png,2,Agricultural area/farm area,0,1000,1000,2,1,[],1,/content/drive/MyDrive/landfill_research/datasets/AerialWaste/Extracted/300.png
596,596.png,n/a,n/a,0,1000,1000,n/a,0,[],0,/content/drive/MyDrive/landfill_research/datasets/AerialWaste/Extracted/596.png
3819,3819.png,n/a,n/a,0,1000,1000,n/a,0,[],0,/content/drive/MyDrive/landfill_research/datasets/AerialWaste/Extracted/3819.png
10611,10611.png,n/a,n/a,0,1000,1000,n/a,0,[],0,/content/drive/MyDrive/landfill_research/datasets/AerialWaste/Extracted/10611.png
9201,9201.png,n/a,n/a,0,1000,1000,n/a,0,[],0,/content/drive/MyDrive/landfill_research/datasets/AerialWaste/Extracted/9201.png
4767,4767.png,n/a,n/a,0,1000,1000,n/a,0,[],0,/content/drive/MyDrive/landfill_research/datasets/AerialWaste/Extracted/4767.png
5293,5293.png,n/a,n/a,0,1000,1000,n/a,0,[],0,/content/drive/MyDrive/landfill_research/datasets/AerialWaste/Extracted/5293.png
10079,10079.png,n/a,n/a,0,1053,1048,n/a,0,[],0,/content/drive/MyDrive/landfill_research/datasets/AerialWaste/Extracted/10079.png
10920,10920.png,1,Production site,1,1000,1000,2,1,"[2, 4, 16]",1,/content/drive/MyDrive/landfill_research/datasets/AerialWaste/Extracted/10920.png
5174,5174.png,n/a,n/a,0,1000,1000,n/a,0,[],0,/content/drive/MyDrive/landfill_research/datasets/AerialWaste/Extracted/5174.png
2083,2083.png,1,Agricultural area/farm area,1,1000,1000,2,1,"[2, 16]",1,/content/drive/MyDrive/landfill_research/datasets/AerialWaste/Extracted/2083.png
986,986.png,2,Non production building,0,1000,1000,1,1,[],1,/content/drive/MyDrive/landfill_research/datasets/AerialWaste/Extracted/986.png
7442,7442.png,n/a,n/a,0,1054,1047,n/a,0,[],0,/content/drive/MyDrive/landfill_research/datasets/AerialWaste/Extracted/7442.png
10403,10403.png,n/a,n/a,0,1038,1064,n/a,1,[],1,/content/drive/MyDrive/landfill_research/datasets/AerialWaste/Extracted/10403.png
2735,2735.png,n/s,n/s,0,1051,1051,2,1,[],1,/content/drive/MyDrive/landfill_research/datasets/AerialWaste/Extracted/2735.png
8563,8563.png,1,Degraded area,1,1000,1000,1,1,"[3, 1, 16]",1,/content/drive/MyDrive/landfill_research/datasets/AerialWaste/Extracted/8563.png
4223,4223.png,n/a,n/a,0,1000,1000,n/a,0,[],0,/content/drive/MyDrive/landfill_research/datasets/AerialWaste/Extracted/4223.png
1907,1907.png,2,Production site,1,1000,1000,2,1,"[12, 16]",1,/content/drive/MyDrive/landfill_research/datasets/AerialWaste/Extracted/1907.png
3002,3002.png,n/s,n/s,0,1052,1050,1,1,[],1,/content/drive/MyDrive/landfill_research/datasets/AerialWaste/Extracted/3002.png
3049,3049.png,n/s,n/s,0,1055,1046,3,1,[],1,/content/drive/MyDrive/landfill_research/datasets/AerialWaste/Extracted/3049.png
517,517.png,2,Agricultural area/farm area,0,1000,1000,2,1,[],1,/content/drive/MyDrive/landfill_research/datasets/AerialWaste/Extracted/517.png
4482,4482.png,n/a,n/a,0,1000,1000,n/a,0,[],0,/content/drive/MyDrive/landfill_research/datasets/AerialWaste/Extracted/4482.png
10929,10929.png,1,Production site,1,1000,1000,2,1,"[2, 1, 4, 18, 20, 16]",1,/content/drive/MyDrive/landfill_research/datasets/AerialWaste/Extracted/10929.png
3060,3060.png,n/s,n/s,0,1055,1047,3,1,[],1,/content/drive/MyDrive/landfill_research/datasets/AerialWaste/Extracted/3060.png
5596,5596.png,n/a,n/a,0,1000,1000,n/a,0,[],0,/content/drive/MyDrive/landfill_research/datasets/AerialWaste/Extracted/5596.png
813,813.png,1,Production site,0,1000,1000,2,1,[],1,/content/drive/MyDrive/landfill_research/datasets/AerialWaste/Extracted/813.png
8686,8686.png,n/a,n/a,0,1055,1046,n/a,0,[],0,/content/drive/MyDrive/landfill_research/datasets/AerialWaste/Extracted/8686.png
8098,8098.png,n/a,n/a,0,1056,1046,n/a,0,[],0,/content/drive/MyDrive/landfill_research/datasets/AerialWaste/Extracted/8098.png
3973,3973.png,n/a,n/a,0,1000,1000,n/a,0,[],0,/content/drive/MyDrive/landfill_research/datasets/AerialWaste/Extracted/3973.png
9011,9011.png,n/a,n/a,0,1038,1063,n/a,0,[],0,/content/drive/MyDrive/landfill_research/datasets/AerialWaste/Extracted/9011.png
7090,7090.png,n/a,n/a,0,697,697,n/a,0,[],0,/content/drive/MyDrive/landfill_research/datasets/AerialWaste/Extracted/7090.png
3322,3322.png,n/s,n/s,0,1035,1067,1,1,[],1,/content/drive/MyDrive/landfill_research/datasets/AerialWaste/Extracted/3322.png
4139,4139.png,n/a,n/a,0,1000,1000,n/a,0,[],0,/content/drive/MyDrive/landfill_research/datasets/AerialWaste/Extracted/4139.png
2062,2062.png,2,Degraded area,1,1000,1000,3,1,"[1, 2, 4, 16]",1,/content/drive/MyDrive/landfill_research/datasets/AerialWaste/Extracted/2062.png
2973,2973.png,n/s,n/s,0,1047,1055,3,1,[],1,/content/drive/MyDrive/landfill_research/datasets/AerialWaste/Extracted/2973.png
9496,9496.png,n/a,n/a,0,1000,1000,n/a,0,[],0,/content/drive/MyDrive/landfill_research/datasets/AerialWaste/Extracted/9496.png
11549,11549.png,n/a,n/a,0,1037,1065,n/a,0,[],0,/content/drive/MyDrive/landfill_research/datasets/AerialWaste/Extracted/11549.png
10394,10394.png,n/a,n/a,0,1000,1000,n/a,0,[],0,/content/drive/MyDrive/landfill_research/datasets/AerialWaste/Extracted/10394.png
11043,11043.png,n/a,n/a,0,1000,1000,n/a,0,[],0,/content/drive/MyDrive/landfill_research/datasets/AerialWaste/Extracted/11043.png
10314,10314.png,n/a,n/a,0,1036,1065,n/a,0,[],0,/content/drive/MyDrive/landfill_research/datasets/AerialWaste/Extracted/10314.png
11398,11398.png,n/a,n/a,0,1000,1000,n/a,0,[],0,/content/drive/MyDrive/landfill_research/datasets/AerialWaste/Extracted/11398.png
9468,9468.png,n/a,n/a,0,1000,1000,n/a,0,[],0,/content/drive/MyDrive/landfill_research/datasets/AerialWaste/Extracted/9468.png
8824,8824.png,n/a,n/a,0,1000,1000,n/a,1,[],1,/content/drive/MyDrive/landfill_research/datasets/AerialWaste/Extracted/8824.png
8553,8553.png,n/a,n/a,0,1037,1064,n/a,0,[],0,/content/drive/MyDrive/landfill_research/datasets/AerialWaste/Extracted/8553.png
1629,1629.png,1,Agricultural area/farm area,0,1000,1000,2,1,[],1,/content/drive/MyDrive/landfill_research/datasets/AerialWaste/Extracted/1629.png
10935,10935.png,1,Agricultural area/farm area,1,1043,1058,2,1,"[1, 16]",1,/content/drive/MyDrive/landfill_research/datasets/AerialWaste/Extracted/10935.png
132,132.png,n/a,n/a,0,1000,1000,n/a,0,[],0,/content/drive/MyDrive/landfill_research/datasets/AerialWaste/Extracted/132.png
9528,9528.png,n/a,n/a,0,1000,1000,n/a,0,[],0,/content/drive/MyDrive/landfill_research/datasets/AerialWaste/Extracted/9528.png
8955,8955.png,n/a,n/a,0,1051,1052,n/a,1,[],1,/content/drive/MyDrive/landfill_research/datasets/AerialWaste/Extracted/8955.png
10260,10260.png,n/a,n/a,0,1040,1061,n/a,0,[],0,/content/drive/MyDrive/landfill_research/datasets/AerialWaste/Extracted/10260.png
9416,9416.png,n/a,n/a,0,1000,1000,n/a,0,[],0,/content/drive/MyDrive/landfill_research/datasets/AerialWaste/Extracted/9416.png
6422,6422.png,n/a,n/a,0,1000,1000,n/a,1,[],1,/content/drive/MyDrive/landfill_research/datasets/AerialWaste/Extracted/6422.png
4437,4437.png,n/a,n/a,0,1000,1000,n/a,0,[],0,/content/drive/MyDrive/landfill_research/datasets/AerialWaste/Extracted/4437.png
11006,11006.png,3,Production site,1,1000,1000,3,1,"[8, 2, 3, 5, 4, 6, 16]",1,/content/drive/MyDrive/landfill_research/datasets/AerialWaste/Extracted/11006.png
10960,10960.png,2,Abandoned area,1,1044,1058,2,1,"[2, 1, 7, 4, 16]",1,/content/drive/MyDrive/landfill_research/datasets/AerialWaste/Extracted/10960.png
7229,7229.png,n/a,n/a,0,1051,1051,n/a,0,[],0,/content/drive/MyDrive/landfill_research/datasets/AerialWaste/Extracted/7229.png
5675,5675.png,n/a,n/a,0,1000,1000,n/a,0,[],0,/content/drive/MyDrive/landfill_research/datasets/AerialWaste/Extracted/5675.png
6440,6440.png,n/a,n/a,0,1048,1054,n/a,0,[],0,/content/drive/MyDrive/landfill_research/datasets/AerialWaste/Extracted/6440.png
1154,1154.png,2,Production site,0,1000,1000,2,0,[],0,/content/drive/MyDrive/landfill_research/datasets/AerialWaste/Extracted/1154.png
11583,11583.png,n/a,n/a,0,1036,1066,n/a,0,[],0,/content/drive/MyDrive/landfill_research/datasets/AerialWaste/Extracted/11583.png
1895,1895.png,1,Production site,1,694,699,2,1,"[2, 16]",1,/content/drive/MyDrive/landfill_research/datasets/AerialWaste/Extracted/1895.png
6069,6069.png,n/a,n/a,0,1000,1000,n/a,0,[],0,/content/drive/MyDrive/landfill_research/datasets/AerialWaste/Extracted/6069.png
11419,11419.png,n/a,n/a,0,1000,1000,n/a,0,[],0,/content/drive/MyDrive/landfill_research/datasets/AerialWaste/Extracted/11419.png
9187,9187.png,3,Degraded area,1,1000,1000,3,1,"[9, 8, 2, 3, 1, 5, 7, 4, 6, 18, 16, 22]",1,/content/drive/MyDrive/landfill_research/datasets/AerialWaste/Extracted/9187.png
4062,4062.png,n/a,n/a,0,1000,1000,n/a,0,[],0,/content/drive/MyDrive/landfill_research/datasets/AerialWaste/Extracted/4062.png
2812,2812.png,n/a,n/a,0,1000,1000,n/a,0,[],0,/content/drive/MyDrive/landfill_research/datasets/AerialWaste/Extracted/2812.png
8149,8149.png,n/a,n/a,0,1046,1055,n/a,0,[],0,/content/drive/MyDrive/landfill_research/datasets/AerialWaste/Extracted/8149.png
2603,2603.png,n/s,n/s,0,1054,1048,1,1,[],1,/content/drive/MyDrive/landfill_research/datasets/AerialWaste/Extracted/2603.png
9488,9488.png,n/a,n/a,0,1000,1000,n/a,0,[],0,/content/drive/MyDrive/landfill_research/datasets/AerialWaste/Extracted/9488.png
8040,8040.png,n/a,n/a,0,1048,1054,n/a,0,[],0,/content/drive/MyDrive/landfill_research/datasets/AerialWaste/Extracted/8040.png
7543,7543.png,n/a,n/a,0,1056,1046,n/a,0,[],0,/content/drive/MyDrive/landfill_research/datasets/AerialWaste/Extracted/7543.png
10445,10445.png,n/a,n/a,0,1053,1048,n/a,0,[],0,/content/drive/MyDrive/landfill_research/datasets/AerialWaste/Extracted/10445.png
7407,7407.png,n/a,n/a,0,1054,1048,n/a,0,[],0,/content/drive/MyDrive/landfill_research/datasets/AerialWaste/Extracted/7407.png
9361,9361.png,n/a,n/a,0,1000,1000,n/a,0,[],0,/content/drive/MyDrive/landfill_research/datasets/AerialWaste/Extracted/9361.png
1426,1426.png,2,Production site,0,1000,1000,1,1,[],1,/content/drive/MyDrive/landfill_research/datasets/AerialWaste/Extracted/1426.png
7434,7434.png,n/a,n/a,0,1053,1048,n/a,0,[],0,/content/drive/MyDrive/landfill_research/datasets/AerialWaste/Extracted/7434.png
8033,8033.png,n/a,n/a,0,1047,1054,n/a,0,[],0,/content/drive/MyDrive/landfill_research/datasets/AerialWaste/Extracted/8033.png
10626,10626.png,n/a,n/a,0,1000,1000,n/a,0,[],0,/content/drive/MyDrive/landfill_research/datasets/AerialWaste/Extracted/10626.png
5048,5048.png,n/a,n/a,0,1000,1000,n/a,0,[],0,/content/drive/MyDrive/landfill_research/datasets/AerialWaste/Extracted/5048.png
3059,3059.png,n/s,n/s,0,1055,1046,2,1,[],1,/content/drive/MyDrive/landfill_research/datasets/AerialWaste/Extracted/3059.png
6837,6837.png,n/a,n/a,0,1000,1000,n/a,0,[],0,/content/drive/MyDrive/landfill_research/datasets/AerialWaste/Extracted/6837.png
10558,10558.png,n/a,n/a,0,1000,1000,n/a,0,[],0,/content/drive/MyDrive/landfill_research/datasets/AerialWaste/Extracted/10558.png
9677,9677.png,n/a,n/a,0,1000,1000,n/a,1,[],1,/content/drive/MyDrive/landfill_research/datasets/AerialWaste/Extracted/9677.png
1943,1943.png,2,Abandoned area,1,1000,1000,2,1,"[4, 16]",1,/content/drive/MyDrive/landfill_research/datasets/AerialWaste/Extracted/1943.png
6229,6229.png,n/a,n/a,0,1000,1000,n/a,0,[],0,/content/drive/MyDrive/landfill_research/datasets/AerialWaste/Extracted/6229.png
1955,1955.png,n/a,n/a,0,1000,1000,n/a,0,[],0,/content/drive/MyDrive/landfill_research/datasets/AerialWaste/Extracted/1955.png
1875,1875.png,n/a,n/a,0,1000,1000,n/a,0,[],0,/content/drive/MyDrive/landfill_research/datasets/AerialWaste/Extracted/1875.png
4273,4273.png,n/a,n/a,0,1000,1000,n/a,0,[],0,/content/drive/MyDrive/landfill_research/datasets/AerialWaste/Extracted/4273.png
6012,6012.png,n/a,n/a,0,1000,1000,n/a,0,[],0,/content/drive/MyDrive/landfill_research/datasets/AerialWaste/Extracted/6012.png
9977,9977.png,n/a,n/a,0,1044,1058,n/a,0,[],0,/content/drive/MyDrive/landfill_research/datasets/AerialWaste/Extracted/9977.png
6054,6054.png,n/a,n/a,0,1000,1000,n/a,0,[],0,/content/drive/MyDrive/landfill_research/datasets/AerialWaste/Extracted/6054.png
4131,4131.png,n/a,n/a,0,1000,1000,n/a,1,[],1,/content/drive/MyDrive/landfill_research/datasets/AerialWaste/Extracted/4131.png
5202,5202.png,n/a,n/a,0,1000,1000,n/a,0,[],0,/content/drive/MyDrive/landfill_research/datasets/AerialWaste/Extracted/5202.png
6180,6180.png,n/a,n/a,0,1000,1000,n/a,0,[],0,/content/drive/MyDrive/landfill_research/datasets/AerialWaste/Extracted/6180.png
10599,10599.png,n/a,n/a,0,1000,1000,n/a,0,[],0,/content/drive/MyDrive/landfill_research/datasets/AerialWaste/Extracted/10599.png
8798,8798.png,n/a,n/a,0,1000,1000,n/a,0,[],0,/content/drive/MyDrive/landfill_research/datasets/AerialWaste/Extracted/8798.png
2199,2199.png,3,Non production building,1,1000,1000,3,1,"[1, 2, 3, 5, 16]",1,/content/drive/MyDrive/landfill_research/datasets/AerialWaste/Extracted/2199.png
8618,8618.png,n/a,n/a,0,1053,1049,n/a,0,[],0,/content/drive/MyDrive/landfill_research/datasets/AerialWaste/Extracted/8618.png
5369,5369.png,n/a,n/a,0,1000,1000,n/a,0,[],0,/content/drive/MyDrive/landfill_research/datasets/AerialWaste/Extracted/5369.png
934,934.png,2,Production site,0,1000,1000,2,1,[],1,/content/drive/MyDrive/landfill_research/datasets/AerialWaste/Extracted/934.png
8552,8552.png,n/a,n/a,0,1037,1065,n/a,0,[],0,/content/drive/MyDrive/landfill_research/datasets/AerialWaste/Extracted/8552.png
4902,4902.png,n/a,n/a,0,1000,1000,n/a,0,[],0,/content/drive/MyDrive/landfill_research/datasets/AerialWaste/Extracted/4902.png
10444,10444.png,n/a,n/a,0,1048,1053,n/a,0,[],0,/content/drive/MyDrive/landfill_research/datasets/AerialWaste/Extracted/10444.png
5453,5453.png,n/a,n/a,0,1000,1000,n/a,0,[],0,/content/drive/MyDrive/landfill_research/datasets/AerialWaste/Extracted/5453.png
1471,1471.png,1,Production site,0,1000,1000,3,0,[],0,/content/drive/MyDrive/landfill_research/datasets/AerialWaste/Extracted/1471.png
1472,1472.png,2,Agricultural area/farm area,0,1000,1000,2,1,[],1,/content/drive/MyDrive/landfill_research/datasets/AerialWaste/Extracted/1472.png
10560,10560.png,n/a,n/a,0,1000,1000,n/a,0,[],0,/content/drive/MyDrive/landfill_research/datasets/AerialWaste/Extracted/10560.png
2674,2674.png,n/s,n/s,1,1056,1046,2,1,[17],1,/content/drive/MyDrive/landfill_research/datasets/AerialWaste/Extracted/2674.png
4728,4728.png,n/a,n/a,0,1000,1000,n/a,0,[],0,/content/drive/MyDrive/landfill_research/datasets/AerialWaste/Extracted/4728.png
9278,9278.png,n/a,n/a,0,1000,1000,n/a,0,[],0,/content/drive/MyDrive/landfill_research/datasets/AerialWaste/Extracted/9278.png
9904,9904.png,n/a,n/a,0,1000,1000,n/a,0,[],0,/content/drive/MyDrive/landfill_research/datasets/AerialWaste/Extracted/9904.png
11112,11112.png,n/a,n/a,0,1039,1063,n/a,0,[],0,/content/drive/MyDrive/landfill_research/datasets/AerialWaste/Extracted/11112.png
8357,8357.png,n/a,n/a,0,1037,1064,n/a,0,[],0,/content/drive/MyDrive/landfill_research/datasets/AerialWaste/Extracted/8357.png
6036,6036.png,n/a,n/a,0,1000,1000,n/a,0,[],0,/content/drive/MyDrive/landfill_research/datasets/AerialWaste/Extracted/6036.png
11292,11292.png,n/a,n/a,0,1000,1000,n/a,0,[],0,/content/drive/MyDrive/landfill_research/datasets/AerialWaste/Extracted/11292.png
9351,9351.png,n/a,n/a,0,1000,1000,n/a,0,[],0,/content/drive/MyDrive/landfill_research/datasets/AerialWaste/Extracted/9351.png
3235,3235.png,n/s,n/s,0,1037,1065,3,1,[],1,/content/drive/MyDrive/landfill_research/datasets/AerialWaste/Extracted/3235.png
9579,9579.png,n/a,n/a,0,1000,1000,n/a,0,[],0,/content/drive/MyDrive/landfill_research/datasets/AerialWaste/Extracted/9579.png
4680,4680.png,n/a,n/a,0,1000,1000,n/a,0,[],0,/content/drive/MyDrive/landfill_research/datasets/AerialWaste/Extracted/4680.png
1868,1868.png,2,Production site,0,1043,1059,1,1,[],1,/content/drive/MyDrive/landfill_research/datasets/AerialWaste/Extracted/1868.png
2307,2307.png,2,Abandoned area,1,696,698,3,1,"[1, 2, 5, 16]",1,/content/drive/MyDrive/landfill_research/datasets/AerialWaste/Extracted/2307.png
5857,5857.png,n/a,n/a,0,1000,1000,n/a,0,[],0,/content/drive/MyDrive/landfill_research/datasets/AerialWaste/Extracted/5857.png
416,416.png,1,Agricultural area/farm area,0,1000,1000,2,1,[],1,/content/drive/MyDrive/landfill_research/datasets/AerialWaste/Extracted/416.png
5663,5663.png,n/a,n/a,0,1000,1000,n/a,0,[],0,/content/drive/MyDrive/landfill_research/datasets/AerialWaste/Extracted/5663.png
4915,4915.png,n/a,n/a,0,1000,1000,n/a,0,[],0,/content/drive/MyDrive/landfill_research/datasets/AerialWaste/Extracted/4915.png
7880,7880.png,1,Agricultural area/farm area,1,1000,1000,1,1,"[4, 16]",1,/content/drive/MyDrive/landfill_research/datasets/AerialWaste/Extracted/7880.png
2117,2117.png,2,Agricultural area/farm area,1,1000,1000,2,1,"[3, 16]",1,/content/drive/MyDrive/landfill_research/datasets/AerialWaste/Extracted/2117.png
6097,6097.png,n/a,n/a,0,1000,1000,n/a,0,[],0,/content/drive/MyDrive/landfill_research/datasets/AerialWaste/Extracted/6097.png
7794,7794.png,n/a,n/a,0,1055,1048,n/a,0,[],0,/content/drive/MyDrive/landfill_research/datasets/AerialWaste/Extracted/7794.png
333,333.png,1,Agricultural area/farm area,0,1000,1000,1,1,[],1,/content/drive/MyDrive/landfill_research/datasets/AerialWaste/Extracted/333.png
6631,6631.png,n/a,n/a,0,1000,1000,n/a,0,[],0,/content/drive/MyDrive/landfill_research/datasets/AerialWaste/Extracted/6631.png
10137,10137.png,n/a,n/a,0,1057,1045,n/a,0,[],0,/content/drive/MyDrive/landfill_research/datasets/AerialWaste/Extracted/10137.png
319,319.png,2,Agricultural area/farm area,0,1000,1000,1,0,[],0,/content/drive/MyDrive/landfill_research/datasets/AerialWaste/Extracted/319.png
2563,2563.png,n/s,n/s,0,1054,1048,1,1,[],1,/content/drive/MyDrive/landfill_research/datasets/AerialWaste/Extracted/2563.png
4745,4745.png,n/a,n/a,0,1000,1000,n/a,0,[],0,/content/drive/MyDrive/landfill_research/datasets/AerialWaste/Extracted/4745.png
8620,8620.png,n/a,n/a,0,1045,1057,n/a,0,[],0,/content/drive/MyDrive/landfill_research/datasets/AerialWaste/Extracted/8620.png
11055,11055.png,n/a,n/a,0,1000,1000,n/a,0,[],0,/content/drive/MyDrive/landfill_research/datasets/AerialWaste/Extracted/11055.png
6154,6154.png,n/a,n/a,0,1000,1000,n/a,0,[],0,/content/drive/MyDrive/landfill_research/datasets/AerialWaste/Extracted/6154.png
3236,3236.png,n/s,n/s,0,1037,1064,2,1,[],1,/content/drive/MyDrive/landfill_research/datasets/AerialWaste/Extracted/3236.png
3080,3080.png,n/s,n/s,0,1056,1046,2,1,[],1,/content/drive/MyDrive/landfill_research/datasets/AerialWaste/Extracted/3080.png
11582,11582.png,n/a,n/a,0,1038,1064,n/a,0,[],0,/content/drive/MyDrive/landfill_research/datasets/AerialWaste/Extracted/11582.png
9810,9810.png,n/a,n/a,0,1000,1000,n/a,0,[],0,/content/drive/MyDrive/landfill_research/datasets/AerialWaste/Extracted/9810.png
221,221.png,3,Production site,0,1000,1000,2,1,[],1,/content/drive/MyDrive/landfill_research/datasets/AerialWaste/Extracted/221.png
6429,6429.png,n/a,n/a,0,1000,1000,n/a,0,[],0,/content/drive/MyDrive/landfill_research/datasets/AerialWaste/Extracted/6429.png
1382,1382.png,2,Production site,0,1000,1000,2,1,[],1,/content/drive/MyDrive/landfill_research/datasets/AerialWaste/Extracted/1382.png
2764,2764.png,n/a,n/a,0,1000,1000,n/a,0,[],0,/content/drive/MyDrive/landfill_research/datasets/AerialWaste/Extracted/2764.png
5681,5681.png,n/a,n/a,0,1000,1000,n/a,0,[],0,/content/drive/MyDrive/landfill_research/datasets/AerialWaste/Extracted/5681.png
6446,6446.png,n/a,n/a,0,1000,1000,n/a,0,[],0,/content/drive/MyDrive/landfill_research/datasets/AerialWaste/Extracted/6446.png
5880,5880.png,n/a,n/a,0,1000,1000,n/a,0,[],0,/content/drive/MyDrive/landfill_research/datasets/AerialWaste/Extracted/5880.png
10253,10253.png,n/a,n/a,0,1056,1046,n/a,0,[],0,/content/drive/MyDrive/landfill_research/datasets/AerialWaste/Extracted/10253.png
8282,8282.png,n/a,n/a,0,1052,1050,n/a,0,[],0,/content/drive/MyDrive/landfill_research/datasets/AerialWaste/Extracted/8282.png
6928,6928.png,n/a,n/a,0,1000,1000,n/a,0,[],0,/content/drive/MyDrive/landfill_research/datasets/AerialWaste/Extracted/6928.png
7142,7142.png,n/a,n/a,0,1051,1051,n/a,0,[],0,/content/drive/MyDrive/landfill_research/datasets/AerialWaste/Extracted/7142.png
3551,3551.png,n/a,n/a,0,1000,1000,n/a,0,[],0,/content/drive/MyDrive/landfill_research/datasets/AerialWaste/Extracted/3551.png
5645,5645.png,n/a,n/a,0,1000,1000,n/a,0,[],0,/content/drive/MyDrive/landfill_research/datasets/AerialWaste/Extracted/5645.png
10625,10625.png,n/a,n/a,0,1000,1000,n/a,0,[],0,/content/drive/MyDrive/landfill_research/datasets/AerialWaste/Extracted/10625.png
8913,8913.png,n/a,n/a,0,1000,1000,n/a,0,[],0,/content/drive/MyDrive/landfill_research/datasets/AerialWaste/Extracted/8913.png
412,412.png,2,Abandoned area,0,1000,1000,1,1,[],1,/content/drive/MyDrive/landfill_research/datasets/AerialWaste/Extracted/412.png
1789,1789.png,n/a,n/a,0,1042,1059,n/a,0,[],0,/content/drive/MyDrive/landfill_research/datasets/AerialWaste/Extracted/1789.png
3237,3237.png,n/s,n/s,0,1036,1066,1,1,[],1,/content/drive/MyDrive/landfill_research/datasets/AerialWaste/Extracted/3237.png
2071,2071.png,1,Production site,1,1000,1000,1,1,"[2, 5, 16]",1,/content/drive/MyDrive/landfill_research/datasets/AerialWaste/Extracted/2071.png
3396,3396.png,n/s,n/s,0,1038,1064,n/s,1,[],1,/content/drive/MyDrive/landfill_research/datasets/AerialWaste/Extracted/3396.png
3983,3983.png,n/a,n/a,0,1000,1000,n/a,0,[],0,/content/drive/MyDrive/landfill_research/datasets/AerialWaste/Extracted/3983.png
10807,10807.png,2,Degraded area,1,1048,1054,2,1,"[2, 1, 4, 16]",1,/content/drive/MyDrive/landfill_research/datasets/AerialWaste/Extracted/10807.png
2609,2609.png,n/s,n/s,1,1053,1048,2,1,[3],1,/content/drive/MyDrive/landfill_research/datasets/AerialWaste/Extracted/2609.png
5566,5566.png,n/a,n/a,0,1000,1000,n/a,0,[],0,/content/drive/MyDrive/landfill_research/datasets/AerialWaste/Extracted/5566.png
2728,2728.png,n/s,n/s,0,1058,1043,1,1,[],1,/content/drive/MyDrive/landfill_research/datasets/AerialWaste/Extracted/2728.png
1092,1092.png,2,Other,0,1000,1000,3,1,[],1,/content/drive/MyDrive/landfill_research/datasets/AerialWaste/Extracted/1092.png
8716,8716.png,n/a,n/a,0,1000,1000,n/a,0,[],0,/content/drive/MyDrive/landfill_research/datasets/AerialWaste/Extracted/8716.png
8006,8006.png,n/a,n/a,0,1044,1058,n/a,0,[],0,/content/drive/MyDrive/landfill_research/datasets/AerialWaste/Extracted/8006.png
4990,4990.png,n/a,n/a,0,1000,1000,n/a,0,[],0,/content/drive/MyDrive/landfill_research/datasets/AerialWaste/Extracted/4990.png
5988,5988.png,n/a,n/a,0,1000,1000,n/a,0,[],0,/content/drive/MyDrive/landfill_research/datasets/AerialWaste/Extracted/5988.png
9425,9425.png,n/a,n/a,0,1000,1000,n/a,0,[],0,/content/drive/MyDrive/landfill_research/datasets/AerialWaste/Extracted/9425.png
4099,4099.png,n/a,n/a,0,1000,1000,n/a,0,[],0,/content/drive/MyDrive/landfill_research/datasets/AerialWaste/Extracted/4099.png
3401,3401.png,n/s,n/s,0,1036,1065,n/s,1,[],1,/content/drive/MyDrive/landfill_research/datasets/AerialWaste/Extracted/3401.png
245,245.png,1,Agricultural area/farm area,0,1000,1000,1,1,[],1,/content/drive/MyDrive/landfill_research/datasets/AerialWaste/Extracted/245.png
8180,8180.png,n/a,n/a,0,1056,1045,n/a,0,[],0,/content/drive/MyDrive/landfill_research/datasets/AerialWaste/Extracted/8180.png
10084,10084.png,n/a,n/a,0,1054,1048,n/a,0,[],0,/content/drive/MyDrive/landfill_research/datasets/AerialWaste/Extracted/10084.png
4212,4212.png,n/a,n/a,0,1000,1000,n/a,0,[],0,/content/drive/MyDrive/landfill_research/datasets/AerialWaste/Extracted/4212.png
2526,2526.png,n/s,n/s,0,1052,1051,1,1,[],1,/content/drive/MyDrive/landfill_research/datasets/AerialWaste/Extracted/2526.png
5568,5568.png,n/a,n/a,0,1000,1000,n/a,0,[],0,/content/drive/MyDrive/landfill_research/datasets/AerialWaste/Extracted/5568.png
1892,1892.png,1,Production site,1,1000,1000,1,1,"[2, 17, 19]",1,/content/drive/MyDrive/landfill_research/datasets/AerialWaste/Extracted/1892.png
6936,6936.png,n/a,n/a,0,1055,1046,n/a,0,[],0,/content/drive/MyDrive/landfill_research/datasets/AerialWaste/Extracted/6936.png
1785,1785.png,3,Degraded area,0,1000,1000,2,1,[],1,/content/drive/MyDrive/landfill_research/datasets/AerialWaste/Extracted/1785.png
9079,9079.png,n/a,n/a,0,1000,1000,n/a,0,[],0,/content/drive/MyDrive/landfill_research/datasets/AerialWaste/Extracted/9079.png
145,145.png,1,Agricultural area/farm area,0,1000,1000,2,1,[],1,/content/drive/MyDrive/landfill_research/datasets/AerialWaste/Extracted/145.png
9442,9442.png,n/a,n/a,0,1000,1000,n/a,0,[],0,/content/drive/MyDrive/landfill_research/datasets/AerialWaste/Extracted/9442.png
9676,9676.png,n/a,n/a,0,1000,1000,n/a,0,[],0,/content/drive/MyDrive/landfill_research/datasets/AerialWaste/Extracted/9676.png
11362,11362.png,n/a,n/a,0,1000,1000,n/a,0,[],0,/content/drive/MyDrive/landfill_research/datasets/AerialWaste/Extracted/11362.png
4039,4039.png,n/a,n/a,0,1000,1000,n/a,0,[],0,/content/drive/MyDrive/landfill_research/datasets/AerialWaste/Extracted/4039.png
8449,8449.png,n/a,n/a,0,1037,1066,n/a,0,[],0,/content/drive/MyDrive/landfill_research/datasets/AerialWaste/Extracted/8449.png
9140,9140.png,n/a,n/a,0,1000,1000,n/a,0,[],0,/content/drive/MyDrive/landfill_research/datasets/AerialWaste/Extracted/9140.png
4108,4108.png,n/a,n/a,0,1000,1000,n/a,0,[],0,/content/drive/MyDrive/landfill_research/datasets/AerialWaste/Extracted/4108.png
9768,9768.png,n/a,n/a,0,1000,1000,n/a,0,[],0,/content/drive/MyDrive/landfill_research/datasets/AerialWaste/Extracted/9768.png
6711,6711.png,n/a,n/a,0,1000,1000,n/a,0,[],0,/content/drive/MyDrive/landfill_research/datasets/AerialWaste/Extracted/6711.png
5572,5572.png,n/a,n/a,0,1000,1000,n/a,0,[],0,/content/drive/MyDrive/landfill_research/datasets/AerialWaste/Extracted/5572.png
239,239.png,0,Production site,0,1000,1000,0,1,[],1,/content/drive/MyDrive/landfill_research/datasets/AerialWaste/Extracted/239.png
10430,10430.png,n/a,n/a,0,1044,1057,n/a,0,[],0,/content/drive/MyDrive/landfill_research/datasets/AerialWaste/Extracted/10430.png
760,760.png,1,Agricultural area/farm area,0,1000,1000,1,1,[],1,/content/drive/MyDrive/landfill_research/datasets/AerialWaste/Extracted/760.png
8778,8778.png,n/a,n/a,0,693,702,n/a,0,[],0,/content/drive/MyDrive/landfill_research/datasets/AerialWaste/Extracted/8778.png
2514,2514.png,n/s,n/s,0,1057,1045,2,1,[],1,/content/drive/MyDrive/landfill_research/datasets/AerialWaste/Extracted/2514.png
5576,5576.png,n/a,n/a,0,1000,1000,n/a,0,[],0,/content/drive/MyDrive/landfill_research/datasets/AerialWaste/Extracted/5576.png
11554,11554.png,n/a,n/a,0,1035,1066,n/a,0,[],0,/content/drive/MyDrive/landfill_research/datasets/AerialWaste/Extracted/11554.png
10961,10961.png,1,Production site,1,1045,1057,1,1,"[2, 16]",1,/content/drive/MyDrive/landfill_research/datasets/AerialWaste/Extracted/10961.png
7430,7430.png,n/a,n/a,0,1054,1048,n/a,0,[],0,/content/drive/MyDrive/landfill_research/datasets/AerialWaste/Extracted/7430.png
2490,2490.png,n/s,n/s,0,1054,1048,2,1,[],1,/content/drive/MyDrive/landfill_research/datasets/AerialWaste/Extracted/2490.png
2957,2957.png,n/s,n/s,0,1044,1058,2,1,[],1,/content/drive/MyDrive/landfill_research/datasets/AerialWaste/Extracted/2957.png
2243,2243.png,n/a,n/a,0,1000,1000,n/a,0,[],0,/content/drive/MyDrive/landfill_research/datasets/AerialWaste/Extracted/2243.png
4374,4374.png,n/a,n/a,0,1000,1000,n/a,0,[],0,/content/drive/MyDrive/landfill_research/datasets/AerialWaste/Extracted/4374.png
865,865.png,3,Production site,0,1000,1000,3,1,[],1,/content/drive/MyDrive/landfill_research/datasets/AerialWaste/Extracted/865.png
2363,2363.png,1,Production site,1,1000,1000,2,1,"[12, 16]",1,/content/drive/MyDrive/landfill_research/datasets/AerialWaste/Extracted/2363.png
5590,5590.png,n/a,n/a,0,1000,1000,n/a,0,[],0,/content/drive/MyDrive/landfill_research/datasets/AerialWaste/Extracted/5590.png
7693,7693.png,n/a,n/a,0,1054,1047,n/a,0,[],0,/content/drive/MyDrive/landfill_research/datasets/AerialWaste/Extracted/7693.png
3267,3267.png,n/s,n/s,0,1037,1064,1,1,[],1,/content/drive/MyDrive/landfill_research/datasets/AerialWaste/Extracted/3267.png
7749,7749.png,n/a,n/a,0,1055,1047,n/a,0,[],0,/content/drive/MyDrive/landfill_research/datasets/AerialWaste/Extracted/7749.png
11295,11295.png,n/a,n/a,0,1000,1000,n/a,0,[],0,/content/drive/MyDrive/landfill_research/datasets/AerialWaste/Extracted/11295.png
9595,9595.png,n/a,n/a,0,1000,1000,n/a,0,[],0,/content/drive/MyDrive/landfill_research/datasets/AerialWaste/Extracted/9595.png
10470,10470.png,n/a,n/a,0,1000,1000,n/a,0,[],0,/content/drive/MyDrive/landfill_research/datasets/AerialWaste/Extracted/10470.png
275,275.png,2,Production site,0,1000,1000,2,1,[],1,/content/drive/MyDrive/landfill_research/datasets/AerialWaste/Extracted/275.png
8770,8770.png,n/a,n/a,0,1000,1000,n/a,0,[],0,/content/drive/MyDrive/landfill_research/datasets/AerialWaste/Extracted/8770.png
9909,9909.png,n/a,n/a,0,1000,1000,n/a,0,[],0,/content/drive/MyDrive/landfill_research/datasets/AerialWaste/Extracted/9909.png
7043,7043.png,n/a,n/a,0,696,698,n/a,0,[],0,/content/drive/MyDrive/landfill_research/datasets/AerialWaste/Extracted/7043.png
5107,5107.png,n/a,n/a,0,1000,1000,n/a,0,[],0,/content/drive/MyDrive/landfill_research/datasets/AerialWaste/Extracted/5107.png
5109,5109.png,n/a,n/a,0,1000,1000,n/a,0,[],0,/content/drive/MyDrive/landfill_research/datasets/AerialWaste/Extracted/5109.png
3809,3809.png,n/a,n/a,0,1000,1000,n/a,0,[],0,/content/drive/MyDrive/landfill_research/datasets/AerialWaste/Extracted/3809.png
616,616.png,n/a,n/a,0,1000,1000,n/a,0,[],0,/content/drive/MyDrive/landfill_research/datasets/AerialWaste/Extracted/616.png
550,550.png,2,Degraded area,0,1000,1000,2,1,[],1,/content/drive/MyDrive/landfill_research/datasets/AerialWaste/Extracted/550.png
7277,7277.png,n/a,n/a,0,1057,1044,n/a,0,[],0,/content/drive/MyDrive/landfill_research/datasets/AerialWaste/Extracted/7277.png
1207,1207.png,2,Agricultural area/farm area,0,1000,1000,1,1,[],1,/content/drive/MyDrive/landfill_research/datasets/AerialWaste/Extracted/1207.png
6247,6247.png,n/a,n/a,0,1000,1000,n/a,0,[],0,/content/drive/MyDrive/landfill_research/datasets/AerialWaste/Extracted/6247.png
5729,5729.png,n/a,n/a,0,1000,1000,n/a,0,[],0,/content/drive/MyDrive/landfill_research/datasets/AerialWaste/Extracted/5729.png
611,611.png,1,Production site,1,1000,1000,1,1,"[17, 20]",1,/content/drive/MyDrive/landfill_research/datasets/AerialWaste/Extracted/611.png
9482,9482.png,n/a,n/a,0,1000,1000,n/a,0,[],0,/content/drive/MyDrive/landfill_research/datasets/AerialWaste/Extracted/9482.png
8764,8764.png,n/a,n/a,0,1000,1000,n/a,0,[],0,/content/drive/MyDrive/landfill_research/datasets/AerialWaste/Extracted/8764.png
281,281.png,1,Production site,0,1000,1000,2,1,[],1,/content/drive/MyDrive/landfill_research/datasets/AerialWaste/Extracted/281.png
9910,9910.png,n/a,n/a,0,1000,1000,n/a,0,[],0,/content/drive/MyDrive/landfill_research/datasets/AerialWaste/Extracted/9910.png
3654,3654.png,n/a,n/a,0,1000,1000,n/a,0,[],0,/content/drive/MyDrive/landfill_research/datasets/AerialWaste/Extracted/3654.png
279,279.png,3,Degraded area,0,1000,1000,3,1,[],1,/content/drive/MyDrive/landfill_research/datasets/AerialWaste/Extracted/279.png
3634,3634.png,n/a,n/a,0,1000,1000,n/a,0,[],0,/content/drive/MyDrive/landfill_research/datasets/AerialWaste/Extracted/3634.png
189,189.png,1,Agricultural area/farm area,0,1000,1000,1,1,[],1,/content/drive/MyDrive/landfill_research/datasets/AerialWaste/Extracted/189.png
5083,5083.png,n/a,n/a,0,1000,1000,n/a,0,[],0,/content/drive/MyDrive/landfill_research/datasets/AerialWaste/Extracted/5083.png
2960,2960.png,n/s,n/s,0,1050,1052,3,1,[],1,/content/drive/MyDrive/landfill_research/datasets/AerialWaste/Extracted/2960.png
4564,4564.png,n/a,n/a,0,1000,1000,n/a,0,[],0,/content/drive/MyDrive/landfill_research/datasets/AerialWaste/Extracted/4564.png
9038,9038.png,n/a,n/a,0,1000,1000,n/a,0,[],0,/content/drive/MyDrive/landfill_research/datasets/AerialWaste/Extracted/9038.png
11587,11587.png,n/a,n/a,0,1037,1065,n/a,0,[],0,/content/drive/MyDrive/landfill_research/datasets/AerialWaste/Extracted/11587.png
3849,3849.png,n/a,n/a,0,1000,1000,n/a,0,[],0,/content/drive/MyDrive/landfill_research/datasets/AerialWaste/Extracted/3849.png
6381,6381.png,n/a,n/a,0,1000,1000,n/a,1,[],1,/content/drive/MyDrive/landfill_research/datasets/AerialWaste/Extracted/6381.png
9945,9945.png,n/a,n/a,0,1000,1000,n/a,1,[],1,/content/drive/MyDrive/landfill_research/datasets/AerialWaste/Extracted/9945.png
2763,2763.png,n/s,n/s,0,1057,1044,1,1,[],1,/content/drive/MyDrive/landfill_research/datasets/AerialWaste/Extracted/2763.png
430,430.png,1,Non production building,0,1000,1000,1,1,[],1,/content/drive/MyDrive/landfill_research/datasets/AerialWaste/Extracted/430.png
2290,2290.png,1,Abandoned area,1,1000,1000,2,1,"[1, 16]",1,/content/drive/MyDrive/landfill_research/datasets/AerialWaste/Extracted/2290.png
10364,10364.png,n/a,n/a,0,1037,1064,n/a,1,[],1,/content/drive/MyDrive/landfill_research/datasets/AerialWaste/Extracted/10364.png
3404,3404.png,n/s,n/s,0,1037,1064,n/s,1,[],1,/content/drive/MyDrive/landfill_research/datasets/AerialWaste/Extracted/3404.png
9870,9870.png,n/a,n/a,0,1000,1000,n/a,0,[],0,/content/drive/MyDrive/landfill_research/datasets/AerialWaste/Extracted/9870.png
4870,4870.png,n/a,n/a,0,1000,1000,n/a,0,[],0,/content/drive/MyDrive/landfill_research/datasets/AerialWaste/Extracted/4870.png
2158,2158.png,1,Degraded area,1,1000,1000,1,1,"[1, 2, 16]",1,/content/drive/MyDrive/landfill_research/datasets/AerialWaste/Extracted/2158.png
3760,3760.png,n/a,n/a,0,1000,1000,n/a,0,[],0,/content/drive/MyDrive/landfill_research/datasets/AerialWaste/Extracted/3760.png
1534,1534.png,1,Agricultural area/farm area,0,1000,1000,1,1,[],1,/content/drive/MyDrive/landfill_research/datasets/AerialWaste/Extracted/1534.png
10337,10337.png,n/a,n/a,0,1037,1065,n/a,0,[],0,/content/drive/MyDrive/landfill_research/datasets/AerialWaste/Extracted/10337.png
1647,1647.png,2,Agricultural area/farm area,0,1000,1000,2,1,[],1,/content/drive/MyDrive/landfill_research/datasets/AerialWaste/Extracted/1647.png
1180,1180.png,2,Production site,0,1000,1000,2,1,[],1,/content/drive/MyDrive/landfill_research/datasets/AerialWaste/Extracted/1180.png
6156,6156.png,n/a,n/a,0,1000,1000,n/a,0,[],0,/content/drive/MyDrive/landfill_research/datasets/AerialWaste/Extracted/6156.png
8577,8577.png,n/a,n/a,0,1038,1063,n/a,0,[],0,/content/drive/MyDrive/landfill_research/datasets/AerialWaste/Extracted/8577.png
10518,10518.png,n/a,n/a,0,1045,1057,n/a,0,[],0,/content/drive/MyDrive/landfill_research/datasets/AerialWaste/Extracted/10518.png
7994,7994.png,n/a,n/a,0,1047,1056,n/a,1,[],1,/content/drive/MyDrive/landfill_research/datasets/AerialWaste/Extracted/7994.png
9068,9068.png,n/a,n/a,0,1000,1000,n/a,0,[],0,/content/drive/MyDrive/landfill_research/datasets/AerialWaste/Extracted/9068.png
1717,1717.png,1,Production site,0,1000,1000,1,1,[],1,/content/drive/MyDrive/landfill_research/datasets/AerialWaste/Extracted/1717.png
758,758.png,3,Production site,0,1000,1000,3,1,[],1,/content/drive/MyDrive/landfill_research/datasets/AerialWaste/Extracted/758.png
655,655.png,1,Production site,0,1000,1000,1,1,[],1,/content/drive/MyDrive/landfill_research/datasets/AerialWaste/Extracted/655.png
9356,9356.png,n/a,n/a,0,1000,1000,n/a,0,[],0,/content/drive/MyDrive/landfill_research/datasets/AerialWaste/Extracted/9356.png
9109,9109.png,n/a,n/a,0,1000,1000,n/a,0,[],0,/content/drive/MyDrive/landfill_research/datasets/AerialWaste/Extracted/9109.png
10728,10728.png,n/a,n/a,0,1000,1000,n/a,0,[],0,/content/drive/MyDrive/landfill_research/datasets/AerialWaste/Extracted/10728.png
7211,7211.png,1,Agricultural area/farm area,1,1000,1000,1,1,"[1, 16]",1,/content/drive/MyDrive/landfill_research/datasets/AerialWaste/Extracted/7211.png
9806,9806.png,n/a,n/a,0,1000,1000,n/a,0,[],0,/content/drive/MyDrive/landfill_research/datasets/AerialWaste/Extracted/9806.png
8017,8017.png,n/a,n/a,0,1048,1053,n/a,0,[],0,/content/drive/MyDrive/landfill_research/datasets/AerialWaste/Extracted/8017.png
9709,9709.png,n/a,n/a,0,1000,1000,n/a,0,[],0,/content/drive/MyDrive/landfill_research/datasets/AerialWaste/Extracted/9709.png
8315,8315.png,n/a,n/a,0,1036,1066,n/a,0,[],0,/content/drive/MyDrive/landfill_research/datasets/AerialWaste/Extracted/8315.png
9804,9804.png,n/a,n/a,0,1000,1000,n/a,0,[],0,/content/drive/MyDrive/landfill_research/datasets/AerialWaste/Extracted/9804.png
3934,3934.png,n/a,n/a,0,1000,1000,n/a,0,[],0,/content/drive/MyDrive/landfill_research/datasets/AerialWaste/Extracted/3934.png
6132,6132.png,n/a,n/a,0,1000,1000,n/a,0,[],0,/content/drive/MyDrive/landfill_research/datasets/AerialWaste/Extracted/6132.png
7286,7286.png,n/a,n/a,0,1051,1051,n/a,0,[],0,/content/drive/MyDrive/landfill_research/datasets/AerialWaste/Extracted/7286.png
9680,9680.png,n/a,n/a,0,1000,1000,n/a,0,[],0,/content/drive/MyDrive/landfill_research/datasets/AerialWaste/Extracted/9680.png
7554,7554.png,n/a,n/a,0,1056,1046,n/a,0,[],0,/content/drive/MyDrive/landfill_research/datasets/AerialWaste/Extracted/7554.png
4612,4612.png,n/a,n/a,0,1000,1000,n/a,0,[],0,/content/drive/MyDrive/landfill_research/datasets/AerialWaste/Extracted/4612.png
7019,7019.png,n/a,n/a,0,697,698,n/a,1,[],1,/content/drive/MyDrive/landfill_research/datasets/AerialWaste/Extracted/7019.png
4472,4472.png,n/a,n/a,0,1000,1000,n/a,0,[],0,/content/drive/MyDrive/landfill_research/datasets/AerialWaste/Extracted/4472.png
2350,2350.png,n/a,n/a,0,1044,1058,n/a,0,[],0,/content/drive/MyDrive/landfill_research/datasets/AerialWaste/Extracted/2350.png
8890,8890.png,n/a,n/a,0,1000,1000,n/a,0,[],0,/content/drive/MyDrive/landfill_research/datasets/AerialWaste/Extracted/8890.png
9629,9629.png,n/a,n/a,0,1000,1000,n/a,0,[],0,/content/drive/MyDrive/landfill_research/datasets/AerialWaste/Extracted/9629.png
5888,5888.png,n/a,n/a,0,1000,1000,n/a,0,[],0,/content/drive/MyDrive/landfill_research/datasets/AerialWaste/Extracted/5888.png
1360,1360.png,2,Production site,0,1000,1000,2,0,[],0,/content/drive/MyDrive/landfill_research/datasets/AerialWaste/Extracted/1360.png
7158,7158.png,n/a,n/a,0,1051,1051,n/a,0,[],0,/content/drive/MyDrive/landfill_research/datasets/AerialWaste/Extracted/7158.png
6203,6203.png,n/a,n/a,0,1000,1000,n/a,0,[],0,/content/drive/MyDrive/landfill_research/datasets/AerialWaste/Extracted/6203.png
6018,6018.png,n/a,n/a,0,1000,1000,n/a,0,[],0,/content/drive/MyDrive/landfill_research/datasets/AerialWaste/Extracted/6018.png
9666,9666.png,n/a,n/a,0,1000,1000,n/a,0,[],0,/content/drive/MyDrive/landfill_research/datasets/AerialWaste/Extracted/9666.png
8104,8104.png,n/a,n/a,0,1056,1046,n/a,0,[],0,/content/drive/MyDrive/landfill_research/datasets/AerialWaste/Extracted/8104.png
3307,3307.png,n/s,n/s,1,1037,1064,2,1,"[7, 18]",1,/content/drive/MyDrive/landfill_research/datasets/AerialWaste/Extracted/3307.png
5715,5715.png,n/a,n/a,0,1000,1000,n/a,0,[],0,/content/drive/MyDrive/landfill_research/datasets/AerialWaste/Extracted/5715.png
10564,10564.png,n/a,n/a,0,1044,1058,n/a,0,[],0,/content/drive/MyDrive/landfill_research/datasets/AerialWaste/Extracted/10564.png
7666,7666.png,2,Production site,1,1000,1000,2,1,"[1, 16]",1,/content/drive/MyDrive/landfill_research/datasets/AerialWaste/Extracted/7666.png
6314,6314.png,n/a,n/a,0,1000,1000,n/a,0,[],0,/content/drive/MyDrive/landfill_research/datasets/AerialWaste/Extracted/6314.png
6039,6039.png,n/a,n/a,0,1000,1000,n/a,0,[],0,/content/drive/MyDrive/landfill_research/datasets/AerialWaste/Extracted/6039.png
3108,3108.png,n/s,n/s,0,1055,1046,3,1,[],1,/content/drive/MyDrive/landfill_research/datasets/AerialWaste/Extracted/3108.png
11258,11258.png,n/a,n/a,0,1000,1000,n/a,0,[],0,/content/drive/MyDrive/landfill_research/datasets/AerialWaste/Extracted/11258.png
1451,1451.png,1,Other,0,1000,1000,2,1,[],1,/content/drive/MyDrive/landfill_research/datasets/AerialWaste/Extracted/1451.png
2322,2322.png,1,Agricultural area/farm area,0,1000,1000,1,1,[],1,/content/drive/MyDrive/landfill_research/datasets/AerialWaste/Extracted/2322.png
8209,8209.png,n/a,n/a,0,1052,1049,n/a,0,[],0,/content/drive/MyDrive/landfill_research/datasets/AerialWaste/Extracted/8209.png
4358,4358.png,n/a,n/a,0,1000,1000,n/a,0,[],0,/content/drive/MyDrive/landfill_research/datasets/AerialWaste/Extracted/4358.png
10684,10684.png,n/a,n/a,0,1000,1000,n/a,0,[],0,/content/drive/MyDrive/landfill_research/datasets/AerialWaste/Extracted/10684.png
7591,7591.png,n/a,n/a,0,1058,1043,n/a,0,[],0,/content/drive/MyDrive/landfill_research/datasets/AerialWaste/Extracted/7591.png
3382,3382.png,n/s,n/s,0,1037,1065,1,1,[],1,/content/drive/MyDrive/landfill_research/datasets/AerialWaste/Extracted/3382.png
7087,7087.png,1,Non production building,1,1000,1000,2,1,"[8, 16]",1,/content/drive/MyDrive/landfill_research/datasets/AerialWaste/Extracted/7087.png
3008,3008.png,n/s,n/s,1,1047,1054,1,1,[3],1,/content/drive/MyDrive/landfill_research/datasets/AerialWaste/Extracted/3008.png
4950,4950.png,n/a,n/a,0,1000,1000,n/a,0,[],0,/content/drive/MyDrive/landfill_research/datasets/AerialWaste/Extracted/4950.png
7252,7252.png,n/a,n/a,0,1053,1049,n/a,0,[],0,/content/drive/MyDrive/landfill_research/datasets/AerialWaste/Extracted/7252.png
3415,3415.png,n/s,n/s,0,1036,1066,n/s,1,[],1,/content/drive/MyDrive/landfill_research/datasets/AerialWaste/Extracted/3415.png
39,39.png,2,Production site,0,1000,1000,1,1,[],1,/content/drive/MyDrive/landfill_research/datasets/AerialWaste/Extracted/39.png
11629,11629.png,n/a,n/a,0,1048,1054,n/a,0,[],0,/content/drive/MyDrive/landfill_research/datasets/AerialWaste/Extracted/11629.png
5390,5390.png,n/a,n/a,0,1000,1000,n/a,0,[],0,/content/drive/MyDrive/landfill_research/datasets/AerialWaste/Extracted/5390.png
4068,4068.png,n/a,n/a,0,1000,1000,n/a,0,[],0,/content/drive/MyDrive/landfill_research/datasets/AerialWaste/Extracted/4068.png
1608,1608.png,1,Production site,0,1000,1000,1,1,[],1,/content/drive/MyDrive/landfill_research/datasets/AerialWaste/Extracted/1608.png
4730,4730.png,n/a,n/a,0,1000,1000,n/a,0,[],0,/content/drive/MyDrive/landfill_research/datasets/AerialWaste/Extracted/4730.png
571,571.png,1,Agricultural area/farm area,0,1000,1000,1,1,[],1,/content/drive/MyDrive/landfill_research/datasets/AerialWaste/Extracted/571.png
9733,9733.png,n/a,n/a,0,1000,1000,n/a,0,[],0,/content/drive/MyDrive/landfill_research/datasets/AerialWaste/Extracted/9733.png
8490,8490.png,n/a,n/a,0,1034,1067,n/a,0,[],0,/content/drive/MyDrive/landfill_research/datasets/AerialWaste/Extracted/8490.png
774,774.png,1,Degraded area,0,1000,1000,1,1,[],1,/content/drive/MyDrive/landfill_research/datasets/AerialWaste/Extracted/774.png
1653,1653.png,2,Production site,0,1000,1000,2,1,[],1,/content/drive/MyDrive/landfill_research/datasets/AerialWaste/Extracted/1653.png
1073,1073.png,1,Production site,0,1000,1000,1,1,[],1,/content/drive/MyDrive/landfill_research/datasets/AerialWaste/Extracted/1073.png
5086,5086.png,n/a,n/a,0,1000,1000,n/a,0,[],0,/content/drive/MyDrive/landfill_research/datasets/AerialWaste/Extracted/5086.png
2400,2400.png,1,Production site,0,1052,1050,1,1,[],1,/content/drive/MyDrive/landfill_research/datasets/AerialWaste/Extracted/2400.png
440,440.png,2,Non production building,0,1000,1000,3,1,[],1,/content/drive/MyDrive/landfill_research/datasets/AerialWaste/Extracted/440.png
11597,11597.png,n/a,n/a,0,1035,1067,n/a,0,[],0,/content/drive/MyDrive/landfill_research/datasets/AerialWaste/Extracted/11597.png
2131,2131.png,2,Degraded area,1,1000,1000,2,1,"[1, 2, 16]",1,/content/drive/MyDrive/landfill_research/datasets/AerialWaste/Extracted/2131.png
2150,2150.png,1,Agricultural area/farm area,1,1000,1000,1,1,"[2, 4, 5, 16]",1,/content/drive/MyDrive/landfill_research/datasets/AerialWaste/Extracted/2150.png
2308,2308.png,1,Non production building,0,697,697,1,0,[],0,/content/drive/MyDrive/landfill_research/datasets/AerialWaste/Extracted/2308.png
1579,1579.png,3,Agricultural area/farm area,0,1000,1000,1,1,[],1,/content/drive/MyDrive/landfill_research/datasets/AerialWaste/Extracted/1579.png
5353,5353.png,n/a,n/a,0,1000,1000,n/a,0,[],0,/content/drive/MyDrive/landfill_research/datasets/AerialWaste/Extracted/5353.png
8559,8559.png,n/a,n/a,0,1036,1065,n/a,1,[],1,/content/drive/MyDrive/landfill_research/datasets/AerialWaste/Extracted/8559.png
2086,2086.png,2,Production site,1,1000,1000,1,1,"[5, 9, 16]",1,/content/drive/MyDrive/landfill_research/datasets/AerialWaste/Extracted/2086.png
4091,4091.png,n/a,n/a,0,1000,1000,n/a,0,[],0,/content/drive/MyDrive/landfill_research/datasets/AerialWaste/Extracted/4091.png
6884,6884.png,n/a,n/a,0,1055,1047,n/a,0,[],0,/content/drive/MyDrive/landfill_research/datasets/AerialWaste/Extracted/6884.png
2499,2499.png,n/s,n/s,0,1057,1044,3,1,[],1,/content/drive/MyDrive/landfill_research/datasets/AerialWaste/Extracted/2499.png
9215,9215.png,n/a,n/a,0,1000,1000,n/a,0,[],0,/content/drive/MyDrive/landfill_research/datasets/AerialWaste/Extracted/9215.png
858,858.png,2,Production site,0,1000,1000,1,1,[],1,/content/drive/MyDrive/landfill_research/datasets/AerialWaste/Extracted/858.png
2146,2146.png,1,Agricultural area/farm area,0,1053,1048,2,1,[],1,/content/drive/MyDrive/landfill_research/datasets/AerialWaste/Extracted/2146.png
10604,10604.png,n/a,n/a,0,1046,1056,n/a,0,[],0,/content/drive/MyDrive/landfill_research/datasets/AerialWaste/Extracted/10604.png
8378,8378.png,n/a,n/a,0,1035,1067,n/a,0,[],0,/content/drive/MyDrive/landfill_research/datasets/AerialWaste/Extracted/8378.png
11666,11666.png,n/a,n/a,0,1053,1048,n/a,0,[],0,/content/drive/MyDrive/landfill_research/datasets/AerialWaste/Extracted/11666.png
10405,10405.png,n/a,n/a,0,1038,1064,n/a,0,[],0,/content/drive/MyDrive/landfill_research/datasets/AerialWaste/Extracted/10405.png
187,187.png,1,Other,0,1000,1000,2,1,[],1,/content/drive/MyDrive/landfill_research/datasets/AerialWaste/Extracted/187.png
8211,8211.png,n/a,n/a,0,1052,1049,n/a,0,[],0,/content/drive/MyDrive/landfill_research/datasets/AerialWaste/Extracted/8211.png
9312,9312.png,n/a,n/a,0,1000,1000,n/a,0,[],0,/content/drive/MyDrive/landfill_research/datasets/AerialWaste/Extracted/9312.png
2998,2998.png,n/s,n/s,0,1044,1058,2,1,[],1,/content/drive/MyDrive/landfill_research/datasets/AerialWaste/Extracted/2998.png
7530,7530.png,n/a,n/a,0,1056,1045,n/a,0,[],0,/content/drive/MyDrive/landfill_research/datasets/AerialWaste/Extracted/7530.png
7091,7091.png,n/a,n/a,0,697,697,n/a,0,[],0,/content/drive/MyDrive/landfill_research/datasets/AerialWaste/Extracted/7091.png
2715,2715.png,n/s,n/s,0,1055,1046,2,1,[],1,/content/drive/MyDrive/landfill_research/datasets/AerialWaste/Extracted/2715.png
3429,3429.png,n/s,n/s,0,1045,1057,n/s,0,[],0,/content/drive/MyDrive/landfill_research/datasets/AerialWaste/Extracted/3429.png
5911,5911.png,n/a,n/a,0,1000,1000,n/a,0,[],0,/content/drive/MyDrive/landfill_research/datasets/AerialWaste/Extracted/5911.png
9539,9539.png,n/a,n/a,0,1000,1000,n/a,0,[],0,/content/drive/MyDrive/landfill_research/datasets/AerialWaste/Extracted/9539.png
8952,8952.png,n/a,n/a,0,1056,1046,n/a,0,[],0,/content/drive/MyDrive/landfill_research/datasets/AerialWaste/Extracted/8952.png
6513,6513.png,n/a,n/a,0,1000,1000,n/a,0,[],0,/content/drive/MyDrive/landfill_research/datasets/AerialWaste/Extracted/6513.png
4323,4323.png,n/a,n/a,0,1000,1000,n/a,0,[],0,/content/drive/MyDrive/landfill_research/datasets/AerialWaste/Extracted/4323.png
1683,1683.png,1,Agricultural area/farm area,0,1000,1000,2,1,[],1,/content/drive/MyDrive/landfill_research/datasets/AerialWaste/Extracted/1683.png
3371,3371.png,n/s,n/s,0,1037,1065,2,1,[],1,/content/drive/MyDrive/landfill_research/datasets/AerialWaste/Extracted/3371.png
34,34.png,1,Non production building,0,1000,1000,2,0,[],0,/content/drive/MyDrive/landfill_research/datasets/AerialWaste/Extracted/34.png
5531,5531.png,n/a,n/a,0,1000,1000,n/a,0,[],0,/content/drive/MyDrive/landfill_research/datasets/AerialWaste/Extracted/5531.png
8000,8000.png,n/a,n/a,0,1045,1057,n/a,0,[],0,/content/drive/MyDrive/landfill_research/datasets/AerialWaste/Extracted/8000.png
3732,3732.png,n/a,n/a,0,1000,1000,n/a,0,[],0,/content/drive/MyDrive/landfill_research/datasets/AerialWaste/Extracted/3732.png
1965,1965.png,2,Degraded area,1,1000,1000,2,1,"[1, 16]",1,/content/drive/MyDrive/landfill_research/datasets/AerialWaste/Extracted/1965.png
4037,4037.png,n/a,n/a,0,1000,1000,n/a,0,[],0,/content/drive/MyDrive/landfill_research/datasets/AerialWaste/Extracted/4037.png
11133,11133.png,n/a,n/a,0,1000,1000,n/a,0,[],0,/content/drive/MyDrive/landfill_research/datasets/AerialWaste/Extracted/11133.png
2278,2278.png,1,Production site,0,1056,1046,3,1,[],1,/content/drive/MyDrive/landfill_research/datasets/AerialWaste/Extracted/2278.png
6289,6289.png,n/a,n/a,0,1000,1000,n/a,0,[],0,/content/drive/MyDrive/landfill_research/datasets/AerialWaste/Extracted/6289.png
7895,7895.png,n/a,n/a,0,1051,1050,n/a,0,[],0,/content/drive/MyDrive/landfill_research/datasets/AerialWaste/Extracted/7895.png
5743,5743.png,n/a,n/a,0,1000,1000,n/a,0,[],0,/content/drive/MyDrive/landfill_research/datasets/AerialWaste/Extracted/5743.png
134,134.png,2,Production site,0,1000,1000,1,1,[],1,/content/drive/MyDrive/landfill_research/datasets/AerialWaste/Extracted/134.png
4825,4825.png,n/a,n/a,0,1000,1000,n/a,0,[],0,/content/drive/MyDrive/landfill_research/datasets/AerialWaste/Extracted/4825.png
3016,3016.png,n/s,n/s,0,1047,1054,1,1,[],1,/content/drive/MyDrive/landfill_research/datasets/AerialWaste/Extracted/3016.png
5163,5163.png,n/a,n/a,0,1000,1000,n/a,0,[],0,/content/drive/MyDrive/landfill_research/datasets/AerialWaste/Extracted/5163.png
11092,11092.png,n/a,n/a,0,1000,1000,n/a,0,[],0,/content/drive/MyDrive/landfill_research/datasets/AerialWaste/Extracted/11092.png
4088,4088.png,n/a,n/a,0,1000,1000,n/a,0,[],0,/content/drive/MyDrive/landfill_research/datasets/AerialWaste/Extracted/4088.png
1015,1015.png,3,Production site,0,1000,1000,1,1,[],1,/content/drive/MyDrive/landfill_research/datasets/AerialWaste/Extracted/1015.png
6224,6224.png,n/a,n/a,0,1000,1000,n/a,0,[],0,/content/drive/MyDrive/landfill_research/datasets/AerialWaste/Extracted/6224.png
1702,1702.png,2,Production site,0,1000,1000,2,1,[],1,/content/drive/MyDrive/landfill_research/datasets/AerialWaste/Extracted/1702.png
2796,2796.png,n/s,n/s,1,1051,1051,2,1,[3],1,/content/drive/MyDrive/landfill_research/datasets/AerialWaste/Extracted/2796.png
9365,9365.png,n/a,n/a,0,1000,1000,n/a,0,[],0,/content/drive/MyDrive/landfill_research/datasets/AerialWaste/Extracted/9365.png
8268,8268.png,n/a,n/a,0,1043,1058,n/a,0,[],0,/content/drive/MyDrive/landfill_research/datasets/AerialWaste/Extracted/8268.png
6159,6159.png,n/a,n/a,0,1000,1000,n/a,0,[],0,/content/drive/MyDrive/landfill_research/datasets/AerialWaste/Extracted/6159.png
9541,9541.png,n/a,n/a,0,1000,1000,n/a,0,[],0,/content/drive/MyDrive/landfill_research/datasets/AerialWaste/Extracted/9541.png
5335,5335.png,n/a,n/a,0,1000,1000,n/a,0,[],0,/content/drive/MyDrive/landfill_research/datasets/AerialWaste/Extracted/5335.png
1264,1264.png,1,Production site,0,1000,1000,1,1,[],1,/content/drive/MyDrive/landfill_research/datasets/AerialWaste/Extracted/1264.png
5210,5210.png,n/a,n/a,0,1000,1000,n/a,0,[],0,/content/drive/MyDrive/landfill_research/datasets/AerialWaste/Extracted/5210.png
6649,6649.png,n/a,n/a,0,1053,1048,n/a,0,[],0,/content/drive/MyDrive/landfill_research/datasets/AerialWaste/Extracted/6649.png
2598,2598.png,n/a,n/a,0,1000,1000,n/a,0,[],0,/content/drive/MyDrive/landfill_research/datasets/AerialWaste/Extracted/2598.png
1062,1062.png,1,Degraded area,0,1000,1000,1,0,[],0,/content/drive/MyDrive/landfill_research/datasets/AerialWaste/Extracted/1062.png
1056,1056.png,1,Production site,0,1000,1000,2,1,[],1,/content/drive/MyDrive/landfill_research/datasets/AerialWaste/Extracted/1056.png
313,313.png,1,Agricultural area/farm area,0,1000,1000,2,1,[],1,/content/drive/MyDrive/landfill_research/datasets/AerialWaste/Extracted/313.png
8551,8551.png,n/a,n/a,0,1037,1065,n/a,1,[],1,/content/drive/MyDrive/landfill_research/datasets/AerialWaste/Extracted/8551.png
899,899.png,3,Non production building,0,1000,1000,1,1,[],1,/content/drive/MyDrive/landfill_research/datasets/AerialWaste/Extracted/899.png
7846,7846.png,2,Other,1,1000,1000,2,1,"[1, 16]",1,/content/drive/MyDrive/landfill_research/datasets/AerialWaste/Extracted/7846.png
8771,8771.png,n/a,n/a,0,1000,1000,n/a,0,[],0,/content/drive/MyDrive/landfill_research/datasets/AerialWaste/Extracted/8771.png
8767,8767.png,n/a,n/a,0,1000,1000,n/a,0,[],0,/content/drive/MyDrive/landfill_research/datasets/AerialWaste/Extracted/8767.png
7691,7691.png,n/a,n/a,0,1055,1047,n/a,0,[],0,/content/drive/MyDrive/landfill_research/datasets/AerialWaste/Extracted/7691.png
4952,4952.png,n/a,n/a,0,1000,1000,n/a,0,[],0,/content/drive/MyDrive/landfill_research/datasets/AerialWaste/Extracted/4952.png
1037,1037.png,1,Agricultural area/farm area,0,1000,1000,1,1,[],1,/content/drive/MyDrive/landfill_research/datasets/AerialWaste/Extracted/1037.png
1484,1484.png,2,Production site,0,1000,1000,2,0,[],0,/content/drive/MyDrive/landfill_research/datasets/AerialWaste/Extracted/1484.png
1901,1901.png,2,Production site,1,1000,1000,1,1,"[1, 4, 16, 17]",1,/content/drive/MyDrive/landfill_research/datasets/AerialWaste/Extracted/1901.png
3455,3455.png,n/s,n/s,1,1055,1046,n/s,1,[16],1,/content/drive/MyDrive/landfill_research/datasets/AerialWaste/Extracted/3455.png
6538,6538.png,n/a,n/a,0,1000,1000,n/a,0,[],0,/content/drive/MyDrive/landfill_research/datasets/AerialWaste/Extracted/6538.png
8052,8052.png,n/a,n/a,0,1049,1053,n/a,0,[],0,/content/drive/MyDrive/landfill_research/datasets/AerialWaste/Extracted/8052.png
7511,7511.png,n/a,n/a,0,1055,1046,n/a,0,[],0,/content/drive/MyDrive/landfill_research/datasets/AerialWaste/Extracted/7511.png
5688,5688.png,n/a,n/a,0,1000,1000,n/a,0,[],0,/content/drive/MyDrive/landfill_research/datasets/AerialWaste/Extracted/5688.png
10203,10203.png,n/a,n/a,0,1053,1049,n/a,0,[],0,/content/drive/MyDrive/landfill_research/datasets/AerialWaste/Extracted/10203.png
836,836.png,1,Non production building,0,1000,1000,2,1,[],1,/content/drive/MyDrive/landfill_research/datasets/AerialWaste/Extracted/836.png
9791,9791.png,n/a,n/a,0,1000,1000,n/a,0,[],0,/content/drive/MyDrive/landfill_research/datasets/AerialWaste/Extracted/9791.png
10453,10453.png,n/a,n/a,0,1044,1057,n/a,0,[],0,/content/drive/MyDrive/landfill_research/datasets/AerialWaste/Extracted/10453.png
9123,9123.png,1,Production site,1,1000,1000,1,1,[16],1,/content/drive/MyDrive/landfill_research/datasets/AerialWaste/Extracted/9123.png
7460,7460.png,n/a,n/a,0,1053,1049,n/a,0,[],0,/content/drive/MyDrive/landfill_research/datasets/AerialWaste/Extracted/7460.png
6181,6181.png,n/a,n/a,0,1000,1000,n/a,0,[],0,/content/drive/MyDrive/landfill_research/datasets/AerialWaste/Extracted/6181.png
317,317.png,1,Production site,0,1000,1000,1,1,[],1,/content/drive/MyDrive/landfill_research/datasets/AerialWaste/Extracted/317.png
7444,7444.png,n/a,n/a,0,1053,1048,n/a,0,[],0,/content/drive/MyDrive/landfill_research/datasets/AerialWaste/Extracted/7444.png
1406,1406.png,1,Agricultural area/farm area,0,1000,1000,2,1,[],1,/content/drive/MyDrive/landfill_research/datasets/AerialWaste/Extracted/1406.png
5430,5430.png,n/a,n/a,0,1000,1000,n/a,0,[],0,/content/drive/MyDrive/landfill_research/datasets/AerialWaste/Extracted/5430.png
1953,1953.png,n/a,n/a,0,1000,1000,n/a,0,[],0,/content/drive/MyDrive/landfill_research/datasets/AerialWaste/Extracted/1953.png
10483,10483.png,n/a,n/a,0,1000,1000,n/a,0,[],0,/content/drive/MyDrive/landfill_research/datasets/AerialWaste/Extracted/10483.png
4608,4608.png,n/a,n/a,0,1000,1000,n/a,0,[],0,/content/drive/MyDrive/landfill_research/datasets/AerialWaste/Extracted/4608.png
1968,1968.png,2,Agricultural area/farm area,1,1000,1000,3,1,"[1, 2, 4, 12, 16]",1,/content/drive/MyDrive/landfill_research/datasets/AerialWaste/Extracted/1968.png
9645,9645.png,n/a,n/a,0,1000,1000,n/a,0,[],0,/content/drive/MyDrive/landfill_research/datasets/AerialWaste/Extracted/9645.png
4522,4522.png,n/a,n/a,0,1000,1000,n/a,0,[],0,/content/drive/MyDrive/landfill_research/datasets/AerialWaste/Extracted/4522.png
5091,5091.png,n/a,n/a,0,1000,1000,n/a,0,[],0,/content/drive/MyDrive/landfill_research/datasets/AerialWaste/Extracted/5091.png
4408,4408.png,n/a,n/a,0,1000,1000,n/a,0,[],0,/content/drive/MyDrive/landfill_research/datasets/AerialWaste/Extracted/4408.png
9583,9583.png,n/a,n/a,0,1000,1000,n/a,0,[],0,/content/drive/MyDrive/landfill_research/datasets/AerialWaste/Extracted/9583.png
2885,2885.png,n/s,n/s,0,1055,1047,1,1,[],1,/content/drive/MyDrive/landfill_research/datasets/AerialWaste/Extracted/2885.png
2562,2562.png,n/s,n/s,0,1055,1047,1,1,[],1,/content/drive/MyDrive/landfill_research/datasets/AerialWaste/Extracted/2562.png
9024,9024.png,n/a,n/a,0,1056,1046,n/a,0,[],0,/content/drive/MyDrive/landfill_research/datasets/AerialWaste/Extracted/9024.png
6152,6152.png,n/a,n/a,0,1000,1000,n/a,0,[],0,/content/drive/MyDrive/landfill_research/datasets/AerialWaste/Extracted/6152.png
6259,6259.png,n/a,n/a,0,1000,1000,n/a,0,[],0,/content/drive/MyDrive/landfill_research/datasets/AerialWaste/Extracted/6259.png
11128,11128.png,n/a,n/a,0,1000,1000,n/a,0,[],0,/content/drive/MyDrive/landfill_research/datasets/AerialWaste/Extracted/11128.png
7207,7207.png,n/a,n/a,0,1050,1051,n/a,0,[],0,/content/drive/MyDrive/landfill_research/datasets/AerialWaste/Extracted/7207.png
1622,1622.png,1,Other,0,1000,1000,1,0,[],0,/content/drive/MyDrive/landfill_research/datasets/AerialWaste/Extracted/1622.png
11552,11552.png,n/a,n/a,0,1034,1068,n/a,0,[],0,/content/drive/MyDrive/landfill_research/datasets/AerialWaste/Extracted/11552.png
749,749.png,1,Production site,0,1000,1000,2,1,[],1,/content/drive/MyDrive/landfill_research/datasets/AerialWaste/Extracted/749.png
3094,3094.png,n/s,n/s,0,1046,1055,1,1,[],1,/content/drive/MyDrive/landfill_research/datasets/AerialWaste/Extracted/3094.png
6857,6857.png,n/a,n/a,0,1000,1000,n/a,0,[],0,/content/drive/MyDrive/landfill_research/datasets/AerialWaste/Extracted/6857.png
11250,11250.png,n/a,n/a,0,1000,1000,n/a,0,[],0,/content/drive/MyDrive/landfill_research/datasets/AerialWaste/Extracted/11250.png
5489,5489.png,n/a,n/a,0,1000,1000,n/a,0,[],0,/content/drive/MyDrive/landfill_research/datasets/AerialWaste/Extracted/5489.png
8556,8556.png,n/a,n/a,0,1037,1065,n/a,0,[],0,/content/drive/MyDrive/landfill_research/datasets/AerialWaste/Extracted/8556.png
673,673.png,1,Degraded area,0,1000,1000,1,1,[],1,/content/drive/MyDrive/landfill_research/datasets/AerialWaste/Extracted/673.png
8675,8675.png,n/a,n/a,0,1055,1047,n/a,0,[],0,/content/drive/MyDrive/landfill_research/datasets/AerialWaste/Extracted/8675.png
1543,1543.png,2,Agricultural area/farm area,0,1000,1000,2,1,[],1,/content/drive/MyDrive/landfill_research/datasets/AerialWaste/Extracted/1543.png
11358,11358.png,n/a,n/a,0,1000,1000,n/a,0,[],0,/content/drive/MyDrive/landfill_research/datasets/AerialWaste/Extracted/11358.png
8231,8231.png,n/a,n/a,0,1058,1043,n/a,0,[],0,/content/drive/MyDrive/landfill_research/datasets/AerialWaste/Extracted/8231.png
6968,6968.png,n/a,n/a,0,696,698,n/a,0,[],0,/content/drive/MyDrive/landfill_research/datasets/AerialWaste/Extracted/6968.png
4005,4005.png,n/a,n/a,0,1000,1000,n/a,0,[],0,/content/drive/MyDrive/landfill_research/datasets/AerialWaste/Extracted/4005.png
10508,10508.png,n/a,n/a,0,1000,1000,n/a,0,[],0,/content/drive/MyDrive/landfill_research/datasets/AerialWaste/Extracted/10508.png
3001,3001.png,n/s,n/s,0,1052,1049,1,1,[],1,/content/drive/MyDrive/landfill_research/datasets/AerialWaste/Extracted/3001.png
4016,4016.png,n/a,n/a,0,1000,1000,n/a,0,[],0,/content/drive/MyDrive/landfill_research/datasets/AerialWaste/Extracted/4016.png
10650,10650.png,n/a,n/a,0,1000,1000,n/a,0,[],0,/content/drive/MyDrive/landfill_research/datasets/AerialWaste/Extracted/10650.png
10284,10284.png,n/a,n/a,0,1051,1049,n/a,0,[],0,/content/drive/MyDrive/landfill_research/datasets/AerialWaste/Extracted/10284.png
3260,3260.png,n/s,n/s,0,1037,1065,1,1,[],1,/content/drive/MyDrive/landfill_research/datasets/AerialWaste/Extracted/3260.png
6443,6443.png,n/a,n/a,0,1000,1000,n/a,0,[],0,/content/drive/MyDrive/landfill_research/datasets/AerialWaste/Extracted/6443.png
2631,2631.png,n/s,n/s,1,1052,1049,1,1,[1],1,/content/drive/MyDrive/landfill_research/datasets/AerialWaste/Extracted/2631.png
2495,2495.png,n/s,n/s,0,1058,1044,1,1,[],1,/content/drive/MyDrive/landfill_research/datasets/AerialWaste/Extracted/2495.png
5393,5393.png,n/a,n/a,0,1000,1000,n/a,0,[],0,/content/drive/MyDrive/landfill_research/datasets/AerialWaste/Extracted/5393.png
10748,10748.png,n/a,n/a,0,1000,1000,n/a,0,[],0,/content/drive/MyDrive/landfill_research/datasets/AerialWaste/Extracted/10748.png
5785,5785.png,n/a,n/a,0,1000,1000,n/a,0,[],0,/content/drive/MyDrive/landfill_research/datasets/AerialWaste/Extracted/5785.png
10236,10236.png,n/a,n/a,0,1047,1055,n/a,0,[],0,/content/drive/MyDrive/landfill_research/datasets/AerialWaste/Extracted/10236.png
10559,10559.png,n/a,n/a,0,1000,1000,n/a,0,[],0,/content/drive/MyDrive/landfill_research/datasets/AerialWaste/Extracted/10559.png
10206,10206.png,n/a,n/a,0,1053,1049,n/a,0,[],0,/content/drive/MyDrive/landfill_research/datasets/AerialWaste/Extracted/10206.png
4989,4989.png,n/a,n/a,0,1000,1000,n/a,1,[],1,/content/drive/MyDrive/landfill_research/datasets/AerialWaste/Extracted/4989.png
6870,6870.png,n/a,n/a,0,1000,1000,n/a,0,[],0,/content/drive/MyDrive/landfill_research/datasets/AerialWaste/Extracted/6870.png
1185,1185.png,2,Degraded area,0,1000,1000,3,1,[],1,/content/drive/MyDrive/landfill_research/datasets/AerialWaste/Extracted/1185.png
11368,11368.png,n/a,n/a,0,1000,1000,n/a,0,[],0,/content/drive/MyDrive/landfill_research/datasets/AerialWaste/Extracted/11368.png
1497,1497.png,1,Agricultural area/farm area,0,1000,1000,3,1,[],1,/content/drive/MyDrive/landfill_research/datasets/AerialWaste/Extracted/1497.png
6457,6457.png,n/a,n/a,0,1000,1000,n/a,1,[],1,/content/drive/MyDrive/landfill_research/datasets/AerialWaste/Extracted/6457.png
6205,6205.png,n/a,n/a,0,1000,1000,n/a,0,[],0,/content/drive/MyDrive/landfill_research/datasets/AerialWaste/Extracted/6205.png
8862,8862.png,n/a,n/a,0,1054,1048,n/a,0,[],0,/content/drive/MyDrive/landfill_research/datasets/AerialWaste/Extracted/8862.png
4796,4796.png,n/a,n/a,0,1000,1000,n/a,0,[],0,/content/drive/MyDrive/landfill_research/datasets/AerialWaste/Extracted/4796.png
11305,11305.png,n/a,n/a,0,1000,1000,n/a,0,[],0,/content/drive/MyDrive/landfill_research/datasets/AerialWaste/Extracted/11305.png
5228,5228.png,n/a,n/a,0,1000,1000,n/a,0,[],0,/content/drive/MyDrive/landfill_research/datasets/AerialWaste/Extracted/5228.png
10367,10367.png,n/a,n/a,0,1043,1059,n/a,1,[],1,/content/drive/MyDrive/landfill_research/datasets/AerialWaste/Extracted/10367.png
7928,7928.png,1,Other,1,1000,1000,1,1,[16],1,/content/drive/MyDrive/landfill_research/datasets/AerialWaste/Extracted/7928.png
4928,4928.png,n/a,n/a,0,1000,1000,n/a,0,[],0,/content/drive/MyDrive/landfill_research/datasets/AerialWaste/Extracted/4928.png
3866,3866.png,n/a,n/a,0,1000,1000,n/a,0,[],0,/content/drive/MyDrive/landfill_research/datasets/AerialWaste/Extracted/3866.png
3825,3825.png,n/a,n/a,0,1000,1000,n/a,0,[],0,/content/drive/MyDrive/landfill_research/datasets/AerialWaste/Extracted/3825.png
3598,3598.png,n/a,n/a,0,1000,1000,n/a,0,[],0,/content/drive/MyDrive/landfill_research/datasets/AerialWaste/Extracted/3598.png
7213,7213.png,n/a,n/a,0,1050,1052,n/a,0,[],0,/content/drive/MyDrive/landfill_research/datasets/AerialWaste/Extracted/7213.png
11661,11661.png,n/a,n/a,0,1045,1057,n/a,0,[],0,/content/drive/MyDrive/landfill_research/datasets/AerialWaste/Extracted/11661.png
1115,1115.png,1,Production site,0,1000,1000,1,1,[],1,/content/drive/MyDrive/landfill_research/datasets/AerialWaste/Extracted/1115.png
7250,7250.png,n/a,n/a,0,1054,1047,n/a,0,[],0,/content/drive/MyDrive/landfill_research/datasets/AerialWaste/Extracted/7250.png
9330,9330.png,n/a,n/a,0,1000,1000,n/a,0,[],0,/content/drive/MyDrive/landfill_research/datasets/AerialWaste/Extracted/9330.png
8539,8539.png,n/a,n/a,0,1037,1064,n/a,0,[],0,/content/drive/MyDrive/landfill_research/datasets/AerialWaste/Extracted/8539.png
5883,5883.png,n/a,n/a,0,1000,1000,n/a,0,[],0,/content/drive/MyDrive/landfill_research/datasets/AerialWaste/Extracted/5883.png
7343,7343.png,n/a,n/a,0,1053,1048,n/a,0,[],0,/content/drive/MyDrive/landfill_research/datasets/AerialWaste/Extracted/7343.png
3402,3402.png,n/s,n/s,0,1037,1065,n/s,0,[],0,/content/drive/MyDrive/landfill_research/datasets/AerialWaste/Extracted/3402.png
4440,4440.png,n/a,n/a,0,1000,1000,n/a,0,[],0,/content/drive/MyDrive/landfill_research/datasets/AerialWaste/Extracted/4440.png
635,635.png,1,Agricultural area/farm area,0,1000,1000,1,1,[],1,/content/drive/MyDrive/landfill_research/datasets/AerialWaste/Extracted/635.png
3107,3107.png,n/s,n/s,0,1056,1046,3,1,[],1,/content/drive/MyDrive/landfill_research/datasets/AerialWaste/Extracted/3107.png
3177,3177.png,n/a,n/a,0,1000,1000,n/a,0,[],0,/content/drive/MyDrive/landfill_research/datasets/AerialWaste/Extracted/3177.png
6724,6724.png,n/a,n/a,0,1000,1000,n/a,0,[],0,/content/drive/MyDrive/landfill_research/datasets/AerialWaste/Extracted/6724.png
6942,6942.png,n/a,n/a,0,1000,1000,n/a,0,[],0,/content/drive/MyDrive/landfill_research/datasets/AerialWaste/Extracted/6942.png
1642,1642.png,2,Agricultural area/farm area,0,1000,1000,2,1,[],1,/content/drive/MyDrive/landfill_research/datasets/AerialWaste/Extracted/1642.png
7311,7311.png,n/a,n/a,0,1052,1050,n/a,0,[],0,/content/drive/MyDrive/landfill_research/datasets/AerialWaste/Extracted/7311.png
10621,10621.png,n/a,n/a,0,1000,1000,n/a,0,[],0,/content/drive/MyDrive/landfill_research/datasets/AerialWaste/Extracted/10621.png
6769,6769.png,n/a,n/a,0,1000,1000,n/a,1,[],1,/content/drive/MyDrive/landfill_research/datasets/AerialWaste/Extracted/6769.png
6115,6115.png,n/a,n/a,0,1000,1000,n/a,0,[],0,/content/drive/MyDrive/landfill_research/datasets/AerialWaste/Extracted/6115.png
8441,8441.png,1,Abandoned area,1,1000,1000,2,1,"[1, 16]",1,/content/drive/MyDrive/landfill_research/datasets/AerialWaste/Extracted/8441.png
3120,3120.png,n/s,n/s,0,1056,1046,3,1,[],1,/content/drive/MyDrive/landfill_research/datasets/AerialWaste/Extracted/3120.png
8190,8190.png,n/a,n/a,0,1056,1046,n/a,0,[],0,/content/drive/MyDrive/landfill_research/datasets/AerialWaste/Extracted/8190.png
9411,9411.png,n/a,n/a,0,1000,1000,n/a,0,[],0,/content/drive/MyDrive/landfill_research/datasets/AerialWaste/Extracted/9411.png
6164,6164.png,n/a,n/a,0,1000,1000,n/a,1,[],1,/content/drive/MyDrive/landfill_research/datasets/AerialWaste/Extracted/6164.png
3023,3023.png,n/s,n/s,0,1050,1052,1,1,[],1,/content/drive/MyDrive/landfill_research/datasets/AerialWaste/Extracted/3023.png
8325,8325.png,n/a,n/a,0,1036,1065,n/a,0,[],0,/content/drive/MyDrive/landfill_research/datasets/AerialWaste/Extracted/8325.png
418,418.png,1,Production site,0,1000,1000,1,1,[],1,/content/drive/MyDrive/landfill_research/datasets/AerialWaste/Extracted/418.png
10691,10691.png,n/a,n/a,0,1000,1000,n/a,0,[],0,/content/drive/MyDrive/landfill_research/datasets/AerialWaste/Extracted/10691.png
6671,6671.png,n/a,n/a,0,1000,1000,n/a,0,[],0,/content/drive/MyDrive/landfill_research/datasets/AerialWaste/Extracted/6671.png
11220,11220.png,n/a,n/a,0,1000,1000,n/a,0,[],0,/content/drive/MyDrive/landfill_research/datasets/AerialWaste/Extracted/11220.png
1737,1737.png,1,Production site,0,1000,1000,1,1,[],1,/content/drive/MyDrive/landfill_research/datasets/AerialWaste/Extracted/1737.png
10009,10009.png,n/a,n/a,0,1052,1050,n/a,0,[],0,/content/drive/MyDrive/landfill_research/datasets/AerialWaste/Extracted/10009.png
2348,2348.png,1,Abandoned area,1,696,698,1,1,"[1, 10, 16]",1,/content/drive/MyDrive/landfill_research/datasets/AerialWaste/Extracted/2348.png
1061,1061.png,1,Production site,0,1000,1000,1,1,[],1,/content/drive/MyDrive/landfill_research/datasets/AerialWaste/Extracted/1061.png
4780,4780.png,n/a,n/a,0,1000,1000,n/a,0,[],0,/content/drive/MyDrive/landfill_research/datasets/AerialWaste/Extracted/4780.png
2147,2147.png,2,Production site,0,1053,1049,2,1,[],1,/content/drive/MyDrive/landfill_research/datasets/AerialWaste/Extracted/2147.png
8451,8451.png,n/a,n/a,0,1035,1067,n/a,0,[],0,/content/drive/MyDrive/landfill_research/datasets/AerialWaste/Extracted/8451.png
3505,3505.png,n/a,n/a,0,1000,1000,n/a,1,[],1,/content/drive/MyDrive/landfill_research/datasets/AerialWaste/Extracted/3505.png
5272,5272.png,n/a,n/a,0,1000,1000,n/a,0,[],0,/content/drive/MyDrive/landfill_research/datasets/AerialWaste/Extracted/5272.png
5130,5130.png,n/a,n/a,0,1000,1000,n/a,0,[],0,/content/drive/MyDrive/landfill_research/datasets/AerialWaste/Extracted/5130.png
9554,9554.png,n/a,n/a,0,1000,1000,n/a,1,[],1,/content/drive/MyDrive/landfill_research/datasets/AerialWaste/Extracted/9554.png
11640,11640.png,n/a,n/a,0,1054,1047,n/a,0,[],0,/content/drive/MyDrive/landfill_research/datasets/AerialWaste/Extracted/11640.png
4414,4414.png,n/a,n/a,0,1000,1000,n/a,1,[],1,/content/drive/MyDrive/landfill_research/datasets/AerialWaste/Extracted/4414.png
7008,7008.png,n/a,n/a,0,1000,1000,n/a,0,[],0,/content/drive/MyDrive/landfill_research/datasets/AerialWaste/Extracted/7008.png
10475,10475.png,n/a,n/a,0,1000,1000,n/a,0,[],0,/content/drive/MyDrive/landfill_research/datasets/AerialWaste/Extracted/10475.png
11116,11116.png,n/a,n/a,0,1038,1064,n/a,0,[],0,/content/drive/MyDrive/landfill_research/datasets/AerialWaste/Extracted/11116.png
1465,1465.png,2,Production site,0,1000,1000,2,1,[],1,/content/drive/MyDrive/landfill_research/datasets/AerialWaste/Extracted/1465.png
5530,5530.png,n/a,n/a,0,1000,1000,n/a,0,[],0,/content/drive/MyDrive/landfill_research/datasets/AerialWaste/Extracted/5530.png
7234,7234.png,1,Production site,1,1000,1000,1,1,"[2, 3, 5, 4, 21, 16]",1,/content/drive/MyDrive/landfill_research/datasets/AerialWaste/Extracted/7234.png
280,280.png,3,Degraded area,0,1000,1000,2,1,[],1,/content/drive/MyDrive/landfill_research/datasets/AerialWaste/Extracted/280.png
6479,6479.png,n/a,n/a,0,1000,1000,n/a,0,[],0,/content/drive/MyDrive/landfill_research/datasets/AerialWaste/Extracted/6479.png
5459,5459.png,n/a,n/a,0,1000,1000,n/a,0,[],0,/content/drive/MyDrive/landfill_research/datasets/AerialWaste/Extracted/5459.png
10915,10915.png,n/a,n/a,0,1000,1000,n/a,0,[],0,/content/drive/MyDrive/landfill_research/datasets/AerialWaste/Extracted/10915.png
838,838.png,1,Degraded area,0,1000,1000,3,1,[],1,/content/drive/MyDrive/landfill_research/datasets/AerialWaste/Extracted/838.png
7082,7082.png,n/a,n/a,0,1000,1000,n/a,0,[],0,/content/drive/MyDrive/landfill_research/datasets/AerialWaste/Extracted/7082.png
4776,4776.png,n/a,n/a,0,1000,1000,n/a,0,[],0,/content/drive/MyDrive/landfill_research/datasets/AerialWaste/Extracted/4776.png
3143,3143.png,n/s,n/s,1,1058,1044,1,1,[17],1,/content/drive/MyDrive/landfill_research/datasets/AerialWaste/Extracted/3143.png
5118,5118.png,n/a,n/a,0,1000,1000,n/a,0,[],0,/content/drive/MyDrive/landfill_research/datasets/AerialWaste/Extracted/5118.png
9954,9954.png,n/a,n/a,0,1045,1057,n/a,0,[],0,/content/drive/MyDrive/landfill_research/datasets/AerialWaste/Extracted/9954.png
3584,3584.png,n/a,n/a,0,1000,1000,n/a,0,[],0,/content/drive/MyDrive/landfill_research/datasets/AerialWaste/Extracted/3584.png
8302,8302.png,n/a,n/a,0,1036,1065,n/a,0,[],0,/content/drive/MyDrive/landfill_research/datasets/AerialWaste/Extracted/8302.png
2694,2694.png,n/s,n/s,1,1057,1045,2,1,[17],1,/content/drive/MyDrive/landfill_research/datasets/AerialWaste/Extracted/2694.png
1373,1373.png,2,Production site,0,1000,1000,2,1,[],1,/content/drive/MyDrive/landfill_research/datasets/AerialWaste/Extracted/1373.png
11460,11460.png,n/a,n/a,0,696,698,n/a,0,[],0,/content/drive/MyDrive/landfill_research/datasets/AerialWaste/Extracted/11460.png
8082,8082.png,n/a,n/a,0,1055,1046,n/a,0,[],0,/content/drive/MyDrive/landfill_research/datasets/AerialWaste/Extracted/8082.png
8669,8669.png,n/a,n/a,0,1055,1046,n/a,0,[],0,/content/drive/MyDrive/landfill_research/datasets/AerialWaste/Extracted/8669.png
7137,7137.png,n/a,n/a,0,697,698,n/a,0,[],0,/content/drive/MyDrive/landfill_research/datasets/AerialWaste/Extracted/7137.png
6345,6345.png,n/a,n/a,0,1042,1060,n/a,0,[],0,/content/drive/MyDrive/landfill_research/datasets/AerialWaste/Extracted/6345.png
4648,4648.png,n/a,n/a,0,1000,1000,n/a,0,[],0,/content/drive/MyDrive/landfill_research/datasets/AerialWaste/Extracted/4648.png
7318,7318.png,1,Production site,1,1000,1000,1,1,"[3, 5, 4, 16]",1,/content/drive/MyDrive/landfill_research/datasets/AerialWaste/Extracted/7318.png
5182,5182.png,n/a,n/a,0,1000,1000,n/a,0,[],0,/content/drive/MyDrive/landfill_research/datasets/AerialWaste/Extracted/5182.png
4654,4654.png,n/a,n/a,0,1000,1000,n/a,0,[],0,/content/drive/MyDrive/landfill_research/datasets/AerialWaste/Extracted/4654.png
3174,3174.png,n/s,n/s,1,1052,1050,1,1,[3],1,/content/drive/MyDrive/landfill_research/datasets/AerialWaste/Extracted/3174.png
11272,11272.png,n/a,n/a,0,1000,1000,n/a,0,[],0,/content/drive/MyDrive/landfill_research/datasets/AerialWaste/Extracted/11272.png
3387,3387.png,n/s,n/s,1,1038,1064,1,1,"[6, 7]",1,/content/drive/MyDrive/landfill_research/datasets/AerialWaste/Extracted/3387.png
1727,1727.png,1,Agricultural area/farm area,0,1000,1000,1,1,[],1,/content/drive/MyDrive/landfill_research/datasets/AerialWaste/Extracted/1727.png
2094,2094.png,2,Degraded area,0,1000,1000,3,0,[],0,/content/drive/MyDrive/landfill_research/datasets/AerialWaste/Extracted/2094.png
11033,11033.png,n/a,n/a,0,1000,1000,n/a,0,[],0,/content/drive/MyDrive/landfill_research/datasets/AerialWaste/Extracted/11033.png
5649,5649.png,n/a,n/a,0,1000,1000,n/a,0,[],0,/content/drive/MyDrive/landfill_research/datasets/AerialWaste/Extracted/5649.png
561,561.png,2,Agricultural area/farm area,0,1000,1000,2,1,[],1,/content/drive/MyDrive/landfill_research/datasets/AerialWaste/Extracted/561.png
1876,1876.png,1,Production site,1,1000,1000,1,1,"[7, 16]",1,/content/drive/MyDrive/landfill_research/datasets/AerialWaste/Extracted/1876.png
3393,3393.png,n/s,n/s,0,1038,1064,n/s,1,[],1,/content/drive/MyDrive/landfill_research/datasets/AerialWaste/Extracted/3393.png
4673,4673.png,n/a,n/a,0,1000,1000,n/a,0,[],0,/content/drive/MyDrive/landfill_research/datasets/AerialWaste/Extracted/4673.png
11370,11370.png,n/a,n/a,0,1000,1000,n/a,0,[],0,/content/drive/MyDrive/landfill_research/datasets/AerialWaste/Extracted/11370.png
11422,11422.png,n/a,n/a,0,696,698,n/a,0,[],0,/content/drive/MyDrive/landfill_research/datasets/AerialWaste/Extracted/11422.png
1568,1568.png,1,Other,0,1000,1000,3,1,[],1,/content/drive/MyDrive/landfill_research/datasets/AerialWaste/Extracted/1568.png
1720,1720.png,1,Non production building,0,1000,1000,1,1,[],1,/content/drive/MyDrive/landfill_research/datasets/AerialWaste/Extracted/1720.png
9213,9213.png,n/a,n/a,0,1000,1000,n/a,0,[],0,/content/drive/MyDrive/landfill_research/datasets/AerialWaste/Extracted/9213.png
7321,7321.png,n/a,n/a,0,1051,1050,n/a,0,[],0,/content/drive/MyDrive/landfill_research/datasets/AerialWaste/Extracted/7321.png
2977,2977.png,n/s,n/s,0,1052,1050,3,1,[],1,/content/drive/MyDrive/landfill_research/datasets/AerialWaste/Extracted/2977.png
10541,10541.png,n/a,n/a,0,1000,1000,n/a,0,[],0,/content/drive/MyDrive/landfill_research/datasets/AerialWaste/Extracted/10541.png
2170,2170.png,3,Degraded area,1,1000,1000,2,1,"[2, 16]",1,/content/drive/MyDrive/landfill_research/datasets/AerialWaste/Extracted/2170.png
10721,10721.png,n/a,n/a,0,1053,1048,n/a,0,[],0,/content/drive/MyDrive/landfill_research/datasets/AerialWaste/Extracted/10721.png
9007,9007.png,n/a,n/a,0,1038,1064,n/a,0,[],0,/content/drive/MyDrive/landfill_research/datasets/AerialWaste/Extracted/9007.png
2682,2682.png,n/s,n/s,0,1056,1046,1,1,[],1,/content/drive/MyDrive/landfill_research/datasets/AerialWaste/Extracted/2682.png
7385,7385.png,n/a,n/a,0,1055,1047,n/a,0,[],0,/content/drive/MyDrive/landfill_research/datasets/AerialWaste/Extracted/7385.png
9659,9659.png,n/a,n/a,0,1000,1000,n/a,0,[],0,/content/drive/MyDrive/landfill_research/datasets/AerialWaste/Extracted/9659.png
2988,2988.png,n/s,n/s,0,1056,1045,1,1,[],1,/content/drive/MyDrive/landfill_research/datasets/AerialWaste/Extracted/2988.png
8246,8246.png,n/a,n/a,0,1044,1057,n/a,0,[],0,/content/drive/MyDrive/landfill_research/datasets/AerialWaste/Extracted/8246.png
3534,3534.png,n/a,n/a,0,1000,1000,n/a,0,[],0,/content/drive/MyDrive/landfill_research/datasets/AerialWaste/Extracted/3534.png
451,451.png,2,Degraded area,0,1000,1000,2,0,[],0,/content/drive/MyDrive/landfill_research/datasets/AerialWaste/Extracted/451.png
4504,4504.png,n/a,n/a,0,1000,1000,n/a,0,[],0,/content/drive/MyDrive/landfill_research/datasets/AerialWaste/Extracted/4504.png
5045,5045.png,n/a,n/a,0,1000,1000,n/a,0,[],0,/content/drive/MyDrive/landfill_research/datasets/AerialWaste/Extracted/5045.png
3009,3009.png,n/s,n/s,0,1047,1055,3,1,[],1,/content/drive/MyDrive/landfill_research/datasets/AerialWaste/Extracted/3009.png
6850,6850.png,n/a,n/a,0,696,698,n/a,0,[],0,/content/drive/MyDrive/landfill_research/datasets/AerialWaste/Extracted/6850.png
10001,10001.png,n/a,n/a,0,1053,1048,n/a,0,[],0,/content/drive/MyDrive/landfill_research/datasets/AerialWaste/Extracted/10001.png
721,721.png,n/a,n/a,0,1000,1000,n/a,0,[],0,/content/drive/MyDrive/landfill_research/datasets/AerialWaste/Extracted/721.png
9872,9872.png,n/a,n/a,0,1000,1000,n/a,0,[],0,/content/drive/MyDrive/landfill_research/datasets/AerialWaste/Extracted/9872.png
8164,8164.png,n/a,n/a,0,1046,1056,n/a,0,[],0,/content/drive/MyDrive/landfill_research/datasets/AerialWaste/Extracted/8164.png
6189,6189.png,n/a,n/a,0,1000,1000,n/a,1,[],1,/content/drive/MyDrive/landfill_research/datasets/AerialWaste/Extracted/6189.png
3406,3406.png,n/s,n/s,0,1037,1065,n/s,0,[],0,/content/drive/MyDrive/landfill_research/datasets/AerialWaste/Extracted/3406.png
3524,3524.png,n/a,n/a,0,1000,1000,n/a,0,[],0,/content/drive/MyDrive/landfill_research/datasets/AerialWaste/Extracted/3524.png
973,973.png,2,Degraded area,0,1000,1000,2,1,[],1,/content/drive/MyDrive/landfill_research/datasets/AerialWaste/Extracted/973.png
10045,10045.png,n/a,n/a,0,1053,1048,n/a,0,[],0,/content/drive/MyDrive/landfill_research/datasets/AerialWaste/Extracted/10045.png
7341,7341.png,n/a,n/a,0,1057,1044,n/a,0,[],0,/content/drive/MyDrive/landfill_research/datasets/AerialWaste/Extracted/7341.png
5074,5074.png,n/a,n/a,0,1000,1000,n/a,0,[],0,/content/drive/MyDrive/landfill_research/datasets/AerialWaste/Extracted/5074.png
6919,6919.png,n/a,n/a,0,1000,1000,n/a,0,[],0,/content/drive/MyDrive/landfill_research/datasets/AerialWaste/Extracted/6919.png
7839,7839.png,n/a,n/a,0,1054,1047,n/a,0,[],0,/content/drive/MyDrive/landfill_research/datasets/AerialWaste/Extracted/7839.png
4765,4765.png,n/a,n/a,0,1000,1000,n/a,0,[],0,/content/drive/MyDrive/landfill_research/datasets/AerialWaste/Extracted/4765.png
7284,7284.png,n/a,n/a,0,1051,1050,n/a,0,[],0,/content/drive/MyDrive/landfill_research/datasets/AerialWaste/Extracted/7284.png
8948,8948.png,n/a,n/a,0,1055,1047,n/a,0,[],0,/content/drive/MyDrive/landfill_research/datasets/AerialWaste/Extracted/8948.png
8502,8502.png,n/a,n/a,0,1038,1064,n/a,1,[],1,/content/drive/MyDrive/landfill_research/datasets/AerialWaste/Extracted/8502.png
3028,3028.png,n/s,n/s,1,1050,1052,2,1,[3],1,/content/drive/MyDrive/landfill_research/datasets/AerialWaste/Extracted/3028.png
4859,4859.png,n/a,n/a,0,1000,1000,n/a,0,[],0,/content/drive/MyDrive/landfill_research/datasets/AerialWaste/Extracted/4859.png
8469,8469.png,n/a,n/a,0,1035,1067,n/a,0,[],0,/content/drive/MyDrive/landfill_research/datasets/AerialWaste/Extracted/8469.png
9230,9230.png,n/a,n/a,0,1000,1000,n/a,0,[],0,/content/drive/MyDrive/landfill_research/datasets/AerialWaste/Extracted/9230.png
1048,1048.png,1,Agricultural area/farm area,0,1000,1000,1,1,[],1,/content/drive/MyDrive/landfill_research/datasets/AerialWaste/Extracted/1048.png
8777,8777.png,n/a,n/a,0,693,701,n/a,0,[],0,/content/drive/MyDrive/landfill_research/datasets/AerialWaste/Extracted/8777.png
804,804.png,2,Agricultural area/farm area,0,1000,1000,1,1,[],1,/content/drive/MyDrive/landfill_research/datasets/AerialWaste/Extracted/804.png
10304,10304.png,n/a,n/a,0,1051,1052,n/a,0,[],0,/content/drive/MyDrive/landfill_research/datasets/AerialWaste/Extracted/10304.png
10073,10073.png,n/a,n/a,0,1053,1049,n/a,0,[],0,/content/drive/MyDrive/landfill_research/datasets/AerialWaste/Extracted/10073.png
5585,5585.png,n/a,n/a,0,1000,1000,n/a,0,[],0,/content/drive/MyDrive/landfill_research/datasets/AerialWaste/Extracted/5585.png
579,579.png,2,Agricultural area/farm area,0,1000,1000,1,1,[],1,/content/drive/MyDrive/landfill_research/datasets/AerialWaste/Extracted/579.png
9403,9403.png,n/a,n/a,0,1049,1053,n/a,0,[],0,/content/drive/MyDrive/landfill_research/datasets/AerialWaste/Extracted/9403.png
10179,10179.png,n/a,n/a,0,1054,1047,n/a,0,[],0,/content/drive/MyDrive/landfill_research/datasets/AerialWaste/Extracted/10179.png
3967,3967.png,n/a,n/a,0,1000,1000,n/a,0,[],0,/content/drive/MyDrive/landfill_research/datasets/AerialWaste/Extracted/3967.png
7557,7557.png,n/a,n/a,0,1056,1046,n/a,0,[],0,/content/drive/MyDrive/landfill_research/datasets/AerialWaste/Extracted/7557.png
6737,6737.png,n/a,n/a,0,1000,1000,n/a,0,[],0,/content/drive/MyDrive/landfill_research/datasets/AerialWaste/Extracted/6737.png
1842,1842.png,1,Production site,0,1000,1000,2,1,[],1,/content/drive/MyDrive/landfill_research/datasets/AerialWaste/Extracted/1842.png
10473,10473.png,n/a,n/a,0,1000,1000,n/a,0,[],0,/content/drive/MyDrive/landfill_research/datasets/AerialWaste/Extracted/10473.png
6856,6856.png,n/a,n/a,0,1055,1047,n/a,0,[],0,/content/drive/MyDrive/landfill_research/datasets/AerialWaste/Extracted/6856.png
4460,4460.png,n/a,n/a,0,1000,1000,n/a,0,[],0,/content/drive/MyDrive/landfill_research/datasets/AerialWaste/Extracted/4460.png
9137,9137.png,n/a,n/a,0,1000,1000,n/a,0,[],0,/content/drive/MyDrive/landfill_research/datasets/AerialWaste/Extracted/9137.png
694,694.png,1,Production site,0,1000,1000,2,1,[],1,/content/drive/MyDrive/landfill_research/datasets/AerialWaste/Extracted/694.png
2971,2971.png,n/s,n/s,0,1046,1056,3,1,[],1,/content/drive/MyDrive/landfill_research/datasets/AerialWaste/Extracted/2971.png
2814,2814.png,n/s,n/s,0,1056,1045,1,1,[],1,/content/drive/MyDrive/landfill_research/datasets/AerialWaste/Extracted/2814.png
7516,7516.png,n/a,n/a,0,1056,1045,n/a,0,[],0,/content/drive/MyDrive/landfill_research/datasets/AerialWaste/Extracted/7516.png
1457,1457.png,1,Production site,0,1000,1000,2,1,[],1,/content/drive/MyDrive/landfill_research/datasets/AerialWaste/Extracted/1457.png
2590,2590.png,n/s,n/s,0,1053,1049,1,1,[],1,/content/drive/MyDrive/landfill_research/datasets/AerialWaste/Extracted/2590.png
10756,10756.png,n/a,n/a,0,1000,1000,n/a,0,[],0,/content/drive/MyDrive/landfill_research/datasets/AerialWaste/Extracted/10756.png
11589,11589.png,n/a,n/a,0,1000,1000,n/a,0,[],0,/content/drive/MyDrive/landfill_research/datasets/AerialWaste/Extracted/11589.png
6055,6055.png,n/a,n/a,0,1000,1000,n/a,0,[],0,/content/drive/MyDrive/landfill_research/datasets/AerialWaste/Extracted/6055.png
7480,7480.png,n/a,n/a,0,1056,1046,n/a,0,[],0,/content/drive/MyDrive/landfill_research/datasets/AerialWaste/Extracted/7480.png
10786,10786.png,n/a,n/a,0,1000,1000,n/a,0,[],0,/content/drive/MyDrive/landfill_research/datasets/AerialWaste/Extracted/10786.png
7423,7423.png,n/a,n/a,0,1053,1049,n/a,0,[],0,/content/drive/MyDrive/landfill_research/datasets/AerialWaste/Extracted/7423.png
8500,8500.png,n/a,n/a,0,1038,1064,n/a,0,[],0,/content/drive/MyDrive/landfill_research/datasets/AerialWaste/Extracted/8500.png
10811,10811.png,2,Production site,1,1045,1056,1,1,"[1, 16]",1,/content/drive/MyDrive/landfill_research/datasets/AerialWaste/Extracted/10811.png
11401,11401.png,n/a,n/a,0,1000,1000,n/a,0,[],0,/content/drive/MyDrive/landfill_research/datasets/AerialWaste/Extracted/11401.png
3494,3494.png,n/a,n/a,0,1000,1000,n/a,0,[],0,/content/drive/MyDrive/landfill_research/datasets/AerialWaste/Extracted/3494.png
592,592.png,1,Degraded area,0,1000,1000,1,1,[],1,/content/drive/MyDrive/landfill_research/datasets/AerialWaste/Extracted/592.png
5564,5564.png,n/a,n/a,0,1000,1000,n/a,0,[],0,/content/drive/MyDrive/landfill_research/datasets/AerialWaste/Extracted/5564.png
3369,3369.png,n/s,n/s,1,1037,1065,3,1,"[2, 6, 16, 17, 20]",1,/content/drive/MyDrive/landfill_research/datasets/AerialWaste/Extracted/3369.png
5093,5093.png,n/a,n/a,0,1000,1000,n/a,0,[],0,/content/drive/MyDrive/landfill_research/datasets/AerialWaste/Extracted/5093.png
1529,1529.png,1,Agricultural area/farm area,0,1000,1000,2,1,[],1,/content/drive/MyDrive/landfill_research/datasets/AerialWaste/Extracted/1529.png
8137,8137.png,n/a,n/a,0,1055,1046,n/a,0,[],0,/content/drive/MyDrive/landfill_research/datasets/AerialWaste/Extracted/8137.png
3719,3719.png,n/a,n/a,0,1000,1000,n/a,0,[],0,/content/drive/MyDrive/landfill_research/datasets/AerialWaste/Extracted/3719.png
6530,6530.png,n/a,n/a,0,1041,1061,n/a,0,[],0,/content/drive/MyDrive/landfill_research/datasets/AerialWaste/Extracted/6530.png
7041,7041.png,2,Non production building,1,1000,1000,3,1,"[1, 16]",1,/content/drive/MyDrive/landfill_research/datasets/AerialWaste/Extracted/7041.png
3064,3064.png,n/s,n/s,0,1055,1047,1,1,[],1,/content/drive/MyDrive/landfill_research/datasets/AerialWaste/Extracted/3064.png
5121,5121.png,n/a,n/a,0,1000,1000,n/a,0,[],0,/content/drive/MyDrive/landfill_research/datasets/AerialWaste/Extracted/5121.png
9912,9912.png,n/a,n/a,0,1000,1000,n/a,1,[],1,/content/drive/MyDrive/landfill_research/datasets/AerialWaste/Extracted/9912.png
2314,2314.png,n/a,n/a,0,1046,1056,n/a,0,[],0,/content/drive/MyDrive/landfill_research/datasets/AerialWaste/Extracted/2314.png
9103,9103.png,n/a,n/a,0,1000,1000,n/a,0,[],0,/content/drive/MyDrive/landfill_research/datasets/AerialWaste/Extracted/9103.png
92,92.png,1,Agricultural area/farm area,0,1000,1000,1,0,[],0,/content/drive/MyDrive/landfill_research/datasets/AerialWaste/Extracted/92.png
465,465.png,1,Production site,0,1000,1000,1,1,[],1,/content/drive/MyDrive/landfill_research/datasets/AerialWaste/Extracted/465.png
3588,3588.png,n/a,n/a,0,1000,1000,n/a,0,[],0,/content/drive/MyDrive/landfill_research/datasets/AerialWaste/Extracted/3588.png
2737,2737.png,n/s,n/s,0,1054,1048,1,1,[],1,/content/drive/MyDrive/landfill_research/datasets/AerialWaste/Extracted/2737.png
7114,7114.png,2,Agricultural area/farm area,1,1000,1000,2,1,"[10, 16]",1,/content/drive/MyDrive/landfill_research/datasets/AerialWaste/Extracted/7114.png
5802,5802.png,n/a,n/a,0,1000,1000,n/a,0,[],0,/content/drive/MyDrive/landfill_research/datasets/AerialWaste/Extracted/5802.png
51,51.png,1,Production site,0,1000,1000,1,1,[],1,/content/drive/MyDrive/landfill_research/datasets/AerialWaste/Extracted/51.png
7668,7668.png,n/a,n/a,0,1051,1051,n/a,0,[],0,/content/drive/MyDrive/landfill_research/datasets/AerialWaste/Extracted/7668.png
955,955.png,1,Production site,0,1000,1000,2,1,[],1,/content/drive/MyDrive/landfill_research/datasets/AerialWaste/Extracted/955.png
5211,5211.png,n/a,n/a,0,1000,1000,n/a,0,[],0,/content/drive/MyDrive/landfill_research/datasets/AerialWaste/Extracted/5211.png
2369,2369.png,1,Non production building,1,1000,1000,1,1,"[1, 16]",1,/content/drive/MyDrive/landfill_research/datasets/AerialWaste/Extracted/2369.png
11236,11236.png,n/a,n/a,0,1000,1000,n/a,0,[],0,/content/drive/MyDrive/landfill_research/datasets/AerialWaste/Extracted/11236.png
900,900.png,2,Non production building,0,1000,1000,1,1,[],1,/content/drive/MyDrive/landfill_research/datasets/AerialWaste/Extracted/900.png
9349,9349.png,n/a,n/a,0,1000,1000,n/a,0,[],0,/content/drive/MyDrive/landfill_research/datasets/AerialWaste/Extracted/9349.png
8673,8673.png,n/a,n/a,0,1055,1046,n/a,0,[],0,/content/drive/MyDrive/landfill_research/datasets/AerialWaste/Extracted/8673.png
6670,6670.png,n/a,n/a,0,1000,1000,n/a,0,[],0,/content/drive/MyDrive/landfill_research/datasets/AerialWaste/Extracted/6670.png
4531,4531.png,n/a,n/a,0,1000,1000,n/a,0,[],0,/content/drive/MyDrive/landfill_research/datasets/AerialWaste/Extracted/4531.png
9474,9474.png,n/a,n/a,0,1000,1000,n/a,0,[],0,/content/drive/MyDrive/landfill_research/datasets/AerialWaste/Extracted/9474.png
8341,8341.png,n/a,n/a,0,1035,1066,n/a,0,[],0,/content/drive/MyDrive/landfill_research/datasets/AerialWaste/Extracted/8341.png
11345,11345.png,n/a,n/a,0,1000,1000,n/a,0,[],0,/content/drive/MyDrive/landfill_research/datasets/AerialWaste/Extracted/11345.png
11659,11659.png,n/a,n/a,0,1045,1056,n/a,0,[],0,/content/drive/MyDrive/landfill_research/datasets/AerialWaste/Extracted/11659.png
6133,6133.png,n/a,n/a,0,1000,1000,n/a,0,[],0,/content/drive/MyDrive/landfill_research/datasets/AerialWaste/Extracted/6133.png
4944,4944.png,n/a,n/a,0,1000,1000,n/a,0,[],0,/content/drive/MyDrive/landfill_research/datasets/AerialWaste/Extracted/4944.png
2640,2640.png,n/s,n/s,0,1052,1049,1,1,[],1,/content/drive/MyDrive/landfill_research/datasets/AerialWaste/Extracted/2640.png
5183,5183.png,n/a,n/a,0,1000,1000,n/a,0,[],0,/content/drive/MyDrive/landfill_research/datasets/AerialWaste/Extracted/5183.png
7128,7128.png,1,Other,1,1000,1000,1,1,"[7, 16]",1,/content/drive/MyDrive/landfill_research/datasets/AerialWaste/Extracted/7128.png
4413,4413.png,n/a,n/a,0,1000,1000,n/a,0,[],0,/content/drive/MyDrive/landfill_research/datasets/AerialWaste/Extracted/4413.png
5361,5361.png,n/a,n/a,0,1000,1000,n/a,0,[],0,/content/drive/MyDrive/landfill_research/datasets/AerialWaste/Extracted/5361.png
4618,4618.png,n/a,n/a,0,1000,1000,n/a,0,[],0,/content/drive/MyDrive/landfill_research/datasets/AerialWaste/Extracted/4618.png
3717,3717.png,n/a,n/a,0,1000,1000,n/a,0,[],0,/content/drive/MyDrive/landfill_research/datasets/AerialWaste/Extracted/3717.png
7441,7441.png,n/a,n/a,0,1054,1048,n/a,0,[],0,/content/drive/MyDrive/landfill_research/datasets/AerialWaste/Extracted/7441.png
3291,3291.png,n/s,n/s,0,1036,1065,1,1,[],1,/content/drive/MyDrive/landfill_research/datasets/AerialWaste/Extracted/3291.png
1003,1003.png,n/a,n/a,0,1000,1000,n/a,0,[],0,/content/drive/MyDrive/landfill_research/datasets/AerialWaste/Extracted/1003.png
9588,9588.png,n/a,n/a,0,1000,1000,n/a,0,[],0,/content/drive/MyDrive/landfill_research/datasets/AerialWaste/Extracted/9588.png
10366,10366.png,n/a,n/a,0,1035,1067,n/a,0,[],0,/content/drive/MyDrive/landfill_research/datasets/AerialWaste/Extracted/10366.png
5910,5910.png,n/a,n/a,0,1000,1000,n/a,0,[],0,/content/drive/MyDrive/landfill_research/datasets/AerialWaste/Extracted/5910.png
119,119.png,1,Production site,0,1000,1000,2,1,[],1,/content/drive/MyDrive/landfill_research/datasets/AerialWaste/Extracted/119.png
5328,5328.png,n/a,n/a,0,1000,1000,n/a,0,[],0,/content/drive/MyDrive/landfill_research/datasets/AerialWaste/Extracted/5328.png
6307,6307.png,n/a,n/a,0,1000,1000,n/a,0,[],0,/content/drive/MyDrive/landfill_research/datasets/AerialWaste/Extracted/6307.png
1202,1202.png,2,Degraded area,0,1000,1000,2,1,[],1,/content/drive/MyDrive/landfill_research/datasets/AerialWaste/Extracted/1202.png
1779,1779.png,2,Agricultural area/farm area,0,1000,1000,2,1,[],1,/content/drive/MyDrive/landfill_research/datasets/AerialWaste/Extracted/1779.png
9931,9931.png,n/a,n/a,0,1000,1000,n/a,0,[],0,/content/drive/MyDrive/landfill_research/datasets/AerialWaste/Extracted/9931.png
411,411.png,1,Non production building,0,1000,1000,1,1,[],1,/content/drive/MyDrive/landfill_research/datasets/AerialWaste/Extracted/411.png
3290,3290.png,n/s,n/s,0,1036,1065,1,1,[],1,/content/drive/MyDrive/landfill_research/datasets/AerialWaste/Extracted/3290.png
4732,4732.png,n/a,n/a,0,1000,1000,n/a,0,[],0,/content/drive/MyDrive/landfill_research/datasets/AerialWaste/Extracted/4732.png
2316,2316.png,2,Production site,1,1000,1000,2,1,"[13, 20]",1,/content/drive/MyDrive/landfill_research/datasets/AerialWaste/Extracted/2316.png
6708,6708.png,n/a,n/a,0,1000,1000,n/a,0,[],0,/content/drive/MyDrive/landfill_research/datasets/AerialWaste/Extracted/6708.png
11653,11653.png,n/a,n/a,0,1053,1048,n/a,0,[],0,/content/drive/MyDrive/landfill_research/datasets/AerialWaste/Extracted/11653.png
6483,6483.png,n/a,n/a,0,1000,1000,n/a,0,[],0,/content/drive/MyDrive/landfill_research/datasets/AerialWaste/Extracted/6483.png
4111,4111.png,n/a,n/a,0,1000,1000,n/a,0,[],0,/content/drive/MyDrive/landfill_research/datasets/AerialWaste/Extracted/4111.png
9688,9688.png,n/a,n/a,0,1000,1000,n/a,0,[],0,/content/drive/MyDrive/landfill_research/datasets/AerialWaste/Extracted/9688.png
6925,6925.png,n/a,n/a,0,1000,1000,n/a,0,[],0,/content/drive/MyDrive/landfill_research/datasets/AerialWaste/Extracted/6925.png
1972,1972.png,2,Production site,1,1000,1000,1,1,"[2, 4, 16, 19, 21]",1,/content/drive/MyDrive/landfill_research/datasets/AerialWaste/Extracted/1972.png
10832,10832.png,2,Agricultural area/farm area,1,1000,1000,2,1,"[2, 3, 1, 4, 16]",1,/content/drive/MyDrive/landfill_research/datasets/AerialWaste/Extracted/10832.png
415,415.png,1,Non production building,0,1000,1000,1,1,[],1,/content/drive/MyDrive/landfill_research/datasets/AerialWaste/Extracted/415.png
11122,11122.png,n/a,n/a,0,1037,1064,n/a,0,[],0,/content/drive/MyDrive/landfill_research/datasets/AerialWaste/Extracted/11122.png
10547,10547.png,n/a,n/a,0,1048,1054,n/a,0,[],0,/content/drive/MyDrive/landfill_research/datasets/AerialWaste/Extracted/10547.png
4738,4738.png,n/a,n/a,0,1000,1000,n/a,0,[],0,/content/drive/MyDrive/landfill_research/datasets/AerialWaste/Extracted/4738.png
10240,10240.png,n/a,n/a,0,1049,1052,n/a,0,[],0,/content/drive/MyDrive/landfill_research/datasets/AerialWaste/Extracted/10240.png
6285,6285.png,n/a,n/a,0,1000,1000,n/a,0,[],0,/content/drive/MyDrive/landfill_research/datasets/AerialWaste/Extracted/6285.png
9454,9454.png,n/a,n/a,0,1000,1000,n/a,0,[],0,/content/drive/MyDrive/landfill_research/datasets/AerialWaste/Extracted/9454.png
763,763.png,2,Agricultural area/farm area,0,1000,1000,2,1,[],1,/content/drive/MyDrive/landfill_research/datasets/AerialWaste/Extracted/763.png
488,488.png,n/a,n/a,0,1000,1000,n/a,0,[],0,/content/drive/MyDrive/landfill_research/datasets/AerialWaste/Extracted/488.png
7309,7309.png,n/a,n/a,0,1051,1050,n/a,0,[],0,/content/drive/MyDrive/landfill_research/datasets/AerialWaste/Extracted/7309.png
1230,1230.png,1,Degraded area,0,1000,1000,2,0,[],0,/content/drive/MyDrive/landfill_research/datasets/AerialWaste/Extracted/1230.png
1316,1316.png,1,Production site,0,1000,1000,1,1,[],1,/content/drive/MyDrive/landfill_research/datasets/AerialWaste/Extracted/1316.png
7512,7512.png,n/a,n/a,0,1055,1047,n/a,0,[],0,/content/drive/MyDrive/landfill_research/datasets/AerialWaste/Extracted/7512.png
8631,8631.png,n/a,n/a,0,1045,1055,n/a,0,[],0,/content/drive/MyDrive/landfill_research/datasets/AerialWaste/Extracted/8631.png
8744,8744.png,n/a,n/a,0,1000,1000,n/a,0,[],0,/content/drive/MyDrive/landfill_research/datasets/AerialWaste/Extracted/8744.png
3604,3604.png,n/a,n/a,0,1000,1000,n/a,0,[],0,/content/drive/MyDrive/landfill_research/datasets/AerialWaste/Extracted/3604.png
9833,9833.png,n/a,n/a,0,1000,1000,n/a,0,[],0,/content/drive/MyDrive/landfill_research/datasets/AerialWaste/Extracted/9833.png
5582,5582.png,n/a,n/a,0,1000,1000,n/a,0,[],0,/content/drive/MyDrive/landfill_research/datasets/AerialWaste/Extracted/5582.png
6740,6740.png,n/a,n/a,0,1000,1000,n/a,1,[],1,/content/drive/MyDrive/landfill_research/datasets/AerialWaste/Extracted/6740.png
4129,4129.png,n/a,n/a,0,1000,1000,n/a,0,[],0,/content/drive/MyDrive/landfill_research/datasets/AerialWaste/Extracted/4129.png
5179,5179.png,n/a,n/a,0,1000,1000,n/a,0,[],0,/content/drive/MyDrive/landfill_research/datasets/AerialWaste/Extracted/5179.png
7561,7561.png,n/a,n/a,0,1053,1048,n/a,0,[],0,/content/drive/MyDrive/landfill_research/datasets/AerialWaste/Extracted/7561.png
9741,9741.png,n/a,n/a,0,1000,1000,n/a,0,[],0,/content/drive/MyDrive/landfill_research/datasets/AerialWaste/Extracted/9741.png
9450,9450.png,n/a,n/a,0,1000,1000,n/a,0,[],0,/content/drive/MyDrive/landfill_research/datasets/AerialWaste/Extracted/9450.png
996,996.png,2,Degraded area,0,1000,1000,2,1,[],1,/content/drive/MyDrive/landfill_research/datasets/AerialWaste/Extracted/996.png
9570,9570.png,n/a,n/a,0,1000,1000,n/a,0,[],0,/content/drive/MyDrive/landfill_research/datasets/AerialWaste/Extracted/9570.png
7119,7119.png,n/a,n/a,0,1000,1000,n/a,0,[],0,/content/drive/MyDrive/landfill_research/datasets/AerialWaste/Extracted/7119.png
6058,6058.png,n/a,n/a,0,1000,1000,n/a,0,[],0,/content/drive/MyDrive/landfill_research/datasets/AerialWaste/Extracted/6058.png
8806,8806.png,n/a,n/a,0,1000,1000,n/a,0,[],0,/content/drive/MyDrive/landfill_research/datasets/AerialWaste/Extracted/8806.png
7209,7209.png,n/a,n/a,0,1051,1051,n/a,1,[],1,/content/drive/MyDrive/landfill_research/datasets/AerialWaste/Extracted/7209.png
1837,1837.png,2,Production site,0,1000,1000,2,1,[],1,/content/drive/MyDrive/landfill_research/datasets/AerialWaste/Extracted/1837.png
1667,1667.png,2,Agricultural area/farm area,0,1000,1000,2,1,[],1,/content/drive/MyDrive/landfill_research/datasets/AerialWaste/Extracted/1667.png
11061,11061.png,n/a,n/a,0,1000,1000,n/a,0,[],0,/content/drive/MyDrive/landfill_research/datasets/AerialWaste/Extracted/11061.png
2889,2889.png,n/s,n/s,0,1055,1047,1,1,[],1,/content/drive/MyDrive/landfill_research/datasets/AerialWaste/Extracted/2889.png
4090,4090.png,n/a,n/a,0,1000,1000,n/a,0,[],0,/content/drive/MyDrive/landfill_research/datasets/AerialWaste/Extracted/4090.png
7308,7308.png,n/a,n/a,0,1052,1050,n/a,0,[],0,/content/drive/MyDrive/landfill_research/datasets/AerialWaste/Extracted/7308.png
9120,9120.png,n/a,n/a,0,1000,1000,n/a,0,[],0,/content/drive/MyDrive/landfill_research/datasets/AerialWaste/Extracted/9120.png
9279,9279.png,n/a,n/a,0,1000,1000,n/a,0,[],0,/content/drive/MyDrive/landfill_research/datasets/AerialWaste/Extracted/9279.png
6798,6798.png,n/a,n/a,0,697,697,n/a,0,[],0,/content/drive/MyDrive/landfill_research/datasets/AerialWaste/Extracted/6798.png
711,711.png,2,Degraded area,0,1000,1000,2,1,[],1,/content/drive/MyDrive/landfill_research/datasets/AerialWaste/Extracted/711.png
6209,6209.png,n/a,n/a,0,1000,1000,n/a,0,[],0,/content/drive/MyDrive/landfill_research/datasets/AerialWaste/Extracted/6209.png
925,925.png,2,Production site,0,1000,1000,3,1,[],1,/content/drive/MyDrive/landfill_research/datasets/AerialWaste/Extracted/925.png
6926,6926.png,n/a,n/a,0,1000,1000,n/a,0,[],0,/content/drive/MyDrive/landfill_research/datasets/AerialWaste/Extracted/6926.png
8151,8151.png,n/a,n/a,0,1045,1057,n/a,0,[],0,/content/drive/MyDrive/landfill_research/datasets/AerialWaste/Extracted/8151.png
625,625.png,2,Abandoned area,0,1000,1000,1,1,[],1,/content/drive/MyDrive/landfill_research/datasets/AerialWaste/Extracted/625.png
4662,4662.png,n/a,n/a,0,1000,1000,n/a,0,[],0,/content/drive/MyDrive/landfill_research/datasets/AerialWaste/Extracted/4662.png
5679,5679.png,n/a,n/a,0,1000,1000,n/a,0,[],0,/content/drive/MyDrive/landfill_research/datasets/AerialWaste/Extracted/5679.png
9729,9729.png,n/a,n/a,0,1000,1000,n/a,0,[],0,/content/drive/MyDrive/landfill_research/datasets/AerialWaste/Extracted/9729.png
6767,6767.png,n/a,n/a,0,1000,1000,n/a,1,[],1,/content/drive/MyDrive/landfill_research/datasets/AerialWaste/Extracted/6767.png
3091,3091.png,n/s,n/s,0,1046,1056,2,1,[],1,/content/drive/MyDrive/landfill_research/datasets/AerialWaste/Extracted/3091.png
8358,8358.png,n/a,n/a,0,1036,1065,n/a,0,[],0,/content/drive/MyDrive/landfill_research/datasets/AerialWaste/Extracted/8358.png
3542,3542.png,n/a,n/a,0,1000,1000,n/a,0,[],0,/content/drive/MyDrive/landfill_research/datasets/AerialWaste/Extracted/3542.png
11262,11262.png,n/a,n/a,0,1000,1000,n/a,0,[],0,/content/drive/MyDrive/landfill_research/datasets/AerialWaste/Extracted/11262.png
859,859.png,2,Degraded area,0,1000,1000,2,1,[],1,/content/drive/MyDrive/landfill_research/datasets/AerialWaste/Extracted/859.png
3191,3191.png,n/s,n/s,0,1037,1065,2,1,[],1,/content/drive/MyDrive/landfill_research/datasets/AerialWaste/Extracted/3191.png
8558,8558.png,n/a,n/a,0,1038,1064,n/a,1,[],1,/content/drive/MyDrive/landfill_research/datasets/AerialWaste/Extracted/8558.png
5344,5344.png,n/a,n/a,0,1000,1000,n/a,0,[],0,/content/drive/MyDrive/landfill_research/datasets/AerialWaste/Extracted/5344.png
5819,5819.png,n/a,n/a,0,1000,1000,n/a,0,[],0,/content/drive/MyDrive/landfill_research/datasets/AerialWaste/Extracted/5819.png
7310,7310.png,n/a,n/a,0,1051,1051,n/a,1,[],1,/content/drive/MyDrive/landfill_research/datasets/AerialWaste/Extracted/7310.png
9877,9877.png,n/a,n/a,0,1000,1000,n/a,0,[],0,/content/drive/MyDrive/landfill_research/datasets/AerialWaste/Extracted/9877.png
5970,5970.png,n/a,n/a,0,1000,1000,n/a,1,[],1,/content/drive/MyDrive/landfill_research/datasets/AerialWaste/Extracted/5970.png
1295,1295.png,2,Degraded area,0,1000,1000,2,1,[],1,/content/drive/MyDrive/landfill_research/datasets/AerialWaste/Extracted/1295.png
9146,9146.png,1,Degraded area,1,1000,1000,1,1,"[2, 1, 16]",1,/content/drive/MyDrive/landfill_research/datasets/AerialWaste/Extracted/9146.png
9777,9777.png,n/a,n/a,0,1049,1052,n/a,0,[],0,/content/drive/MyDrive/landfill_research/datasets/AerialWaste/Extracted/9777.png
5872,5872.png,n/a,n/a,0,1000,1000,n/a,0,[],0,/content/drive/MyDrive/landfill_research/datasets/AerialWaste/Extracted/5872.png
9245,9245.png,n/a,n/a,0,1000,1000,n/a,0,[],0,/content/drive/MyDrive/landfill_research/datasets/AerialWaste/Extracted/9245.png
7266,7266.png,n/a,n/a,0,1054,1048,n/a,0,[],0,/content/drive/MyDrive/landfill_research/datasets/AerialWaste/Extracted/7266.png
1211,1211.png,1,Production site,0,1000,1000,1,1,[],1,/content/drive/MyDrive/landfill_research/datasets/AerialWaste/Extracted/1211.png
2653,2653.png,n/s,n/s,0,1056,1046,3,1,[],1,/content/drive/MyDrive/landfill_research/datasets/AerialWaste/Extracted/2653.png
7365,7365.png,1,Production site,1,1000,1000,2,1,"[2, 5, 16]",1,/content/drive/MyDrive/landfill_research/datasets/AerialWaste/Extracted/7365.png
5072,5072.png,n/a,n/a,0,1000,1000,n/a,0,[],0,/content/drive/MyDrive/landfill_research/datasets/AerialWaste/Extracted/5072.png
5422,5422.png,n/a,n/a,0,1000,1000,n/a,0,[],0,/content/drive/MyDrive/landfill_research/datasets/AerialWaste/Extracted/5422.png
7735,7735.png,n/a,n/a,0,1056,1046,n/a,0,[],0,/content/drive/MyDrive/landfill_research/datasets/AerialWaste/Extracted/7735.png
512,512.png,2,Agricultural area/farm area,0,1000,1000,2,1,[],1,/content/drive/MyDrive/landfill_research/datasets/AerialWaste/Extracted/512.png
1148,1148.png,1,Production site,0,1000,1000,1,1,[],1,/content/drive/MyDrive/landfill_research/datasets/AerialWaste/Extracted/1148.png
3253,3253.png,n/s,n/s,0,1035,1066,1,1,[],1,/content/drive/MyDrive/landfill_research/datasets/AerialWaste/Extracted/3253.png
5757,5757.png,n/a,n/a,0,1000,1000,n/a,0,[],0,/content/drive/MyDrive/landfill_research/datasets/AerialWaste/Extracted/5757.png
11424,11424.png,n/a,n/a,0,1054,1048,n/a,0,[],0,/content/drive/MyDrive/landfill_research/datasets/AerialWaste/Extracted/11424.png
3886,3886.png,n/a,n/a,0,1000,1000,n/a,0,[],0,/content/drive/MyDrive/landfill_research/datasets/AerialWaste/Extracted/3886.png
3526,3526.png,n/a,n/a,0,1000,1000,n/a,0,[],0,/content/drive/MyDrive/landfill_research/datasets/AerialWaste/Extracted/3526.png
5366,5366.png,n/a,n/a,0,1000,1000,n/a,0,[],0,/content/drive/MyDrive/landfill_research/datasets/AerialWaste/Extracted/5366.png
2644,2644.png,n/s,n/s,1,1058,1044,2,1,[18],1,/content/drive/MyDrive/landfill_research/datasets/AerialWaste/Extracted/2644.png
4943,4943.png,n/a,n/a,0,1000,1000,n/a,0,[],0,/content/drive/MyDrive/landfill_research/datasets/AerialWaste/Extracted/4943.png
5413,5413.png,n/a,n/a,0,1000,1000,n/a,0,[],0,/content/drive/MyDrive/landfill_research/datasets/AerialWaste/Extracted/5413.png
10871,10871.png,1,Production site,1,1000,1000,1,1,"[9, 19, 18]",1,/content/drive/MyDrive/landfill_research/datasets/AerialWaste/Extracted/10871.png
1420,1420.png,1,Non production building,0,1000,1000,2,1,[],1,/content/drive/MyDrive/landfill_research/datasets/AerialWaste/Extracted/1420.png
5054,5054.png,n/a,n/a,0,1000,1000,n/a,0,[],0,/content/drive/MyDrive/landfill_research/datasets/AerialWaste/Extracted/5054.png
8983,8983.png,n/a,n/a,0,1050,1052,n/a,0,[],0,/content/drive/MyDrive/landfill_research/datasets/AerialWaste/Extracted/8983.png
9773,9773.png,n/a,n/a,0,1000,1000,n/a,0,[],0,/content/drive/MyDrive/landfill_research/datasets/AerialWaste/Extracted/9773.png
1826,1826.png,1,Non production building,0,1000,1000,1,1,[],1,/content/drive/MyDrive/landfill_research/datasets/AerialWaste/Extracted/1826.png
9246,9246.png,n/a,n/a,0,1000,1000,n/a,1,[],1,/content/drive/MyDrive/landfill_research/datasets/AerialWaste/Extracted/9246.png
719,719.png,2,Production site,0,1000,1000,1,1,[],1,/content/drive/MyDrive/landfill_research/datasets/AerialWaste/Extracted/719.png
1161,1161.png,2,Production site,0,1000,1000,1,1,[],1,/content/drive/MyDrive/landfill_research/datasets/AerialWaste/Extracted/1161.png
5434,5434.png,n/a,n/a,0,1000,1000,n/a,0,[],0,/content/drive/MyDrive/landfill_research/datasets/AerialWaste/Extracted/5434.png
9297,9297.png,n/a,n/a,0,1000,1000,n/a,0,[],0,/content/drive/MyDrive/landfill_research/datasets/AerialWaste/Extracted/9297.png
3240,3240.png,n/s,n/s,0,1037,1065,3,1,[],1,/content/drive/MyDrive/landfill_research/datasets/AerialWaste/Extracted/3240.png
2360,2360.png,2,Production site,1,1000,1000,1,1,"[12, 16]",1,/content/drive/MyDrive/landfill_research/datasets/AerialWaste/Extracted/2360.png
166,166.png,1,Agricultural area/farm area,0,1000,1000,2,1,[],1,/content/drive/MyDrive/landfill_research/datasets/AerialWaste/Extracted/166.png
2696,2696.png,n/s,n/s,0,1056,1046,1,1,[],1,/content/drive/MyDrive/landfill_research/datasets/AerialWaste/Extracted/2696.png
9969,9969.png,n/a,n/a,0,1054,1048,n/a,0,[],0,/content/drive/MyDrive/landfill_research/datasets/AerialWaste/Extracted/9969.png
130,130.png,2,Agricultural area/farm area,0,1000,1000,2,1,[],1,/content/drive/MyDrive/landfill_research/datasets/AerialWaste/Extracted/130.png
6182,6182.png,n/a,n/a,0,1000,1000,n/a,0,[],0,/content/drive/MyDrive/landfill_research/datasets/AerialWaste/Extracted/6182.png
732,732.png,1,Agricultural area/farm area,0,1000,1000,1,1,[],1,/content/drive/MyDrive/landfill_research/datasets/AerialWaste/Extracted/732.png
3361,3361.png,n/s,n/s,0,1037,1064,1,1,[],1,/content/drive/MyDrive/landfill_research/datasets/AerialWaste/Extracted/3361.png
3998,3998.png,n/a,n/a,0,1000,1000,n/a,0,[],0,/content/drive/MyDrive/landfill_research/datasets/AerialWaste/Extracted/3998.png
5734,5734.png,n/a,n/a,0,1000,1000,n/a,0,[],0,/content/drive/MyDrive/landfill_research/datasets/AerialWaste/Extracted/5734.png
3931,3931.png,n/a,n/a,0,1000,1000,n/a,0,[],0,/content/drive/MyDrive/landfill_research/datasets/AerialWaste/Extracted/3931.png
8835,8835.png,1,Agricultural area/farm area,1,1000,1000,1,1,[16],1,/content/drive/MyDrive/landfill_research/datasets/AerialWaste/Extracted/8835.png
5987,5987.png,n/a,n/a,0,1000,1000,n/a,0,[],0,/content/drive/MyDrive/landfill_research/datasets/AerialWaste/Extracted/5987.png
4164,4164.png,n/a,n/a,0,1000,1000,n/a,0,[],0,/content/drive/MyDrive/landfill_research/datasets/AerialWaste/Extracted/4164.png
3841,3841.png,n/a,n/a,0,1000,1000,n/a,0,[],0,/content/drive/MyDrive/landfill_research/datasets/AerialWaste/Extracted/3841.png
928,928.png,2,Non production building,0,1000,1000,0,1,[],1,/content/drive/MyDrive/landfill_research/datasets/AerialWaste/Extracted/928.png
6452,6452.png,n/a,n/a,0,1000,1000,n/a,0,[],0,/content/drive/MyDrive/landfill_research/datasets/AerialWaste/Extracted/6452.png
10211,10211.png,n/a,n/a,0,1044,1058,n/a,1,[],1,/content/drive/MyDrive/landfill_research/datasets/AerialWaste/Extracted/10211.png
215,215.png,1,Production site,0,1000,1000,2,1,[],1,/content/drive/MyDrive/landfill_research/datasets/AerialWaste/Extracted/215.png
998,998.png,3,Degraded area,0,1000,1000,2,1,[],1,/content/drive/MyDrive/landfill_research/datasets/AerialWaste/Extracted/998.png
11247,11247.png,n/a,n/a,0,1049,1053,n/a,0,[],0,/content/drive/MyDrive/landfill_research/datasets/AerialWaste/Extracted/11247.png
8303,8303.png,n/a,n/a,0,1036,1066,n/a,0,[],0,/content/drive/MyDrive/landfill_research/datasets/AerialWaste/Extracted/8303.png
8050,8050.png,n/a,n/a,0,1049,1052,n/a,0,[],0,/content/drive/MyDrive/landfill_research/datasets/AerialWaste/Extracted/8050.png
3348,3348.png,n/s,n/s,0,1038,1063,1,1,[],1,/content/drive/MyDrive/landfill_research/datasets/AerialWaste/Extracted/3348.png
9136,9136.png,n/a,n/a,0,1000,1000,n/a,0,[],0,/content/drive/MyDrive/landfill_research/datasets/AerialWaste/Extracted/9136.png
8949,8949.png,2,Production site,1,1000,1000,2,1,[1],1,/content/drive/MyDrive/landfill_research/datasets/AerialWaste/Extracted/8949.png
6356,6356.png,n/a,n/a,0,1053,1050,n/a,0,[],0,/content/drive/MyDrive/landfill_research/datasets/AerialWaste/Extracted/6356.png
11141,11141.png,n/a,n/a,0,1000,1000,n/a,0,[],0,/content/drive/MyDrive/landfill_research/datasets/AerialWaste/Extracted/11141.png
7355,7355.png,n/a,n/a,0,1054,1048,n/a,0,[],0,/content/drive/MyDrive/landfill_research/datasets/AerialWaste/Extracted/7355.png
10849,10849.png,n/a,n/a,0,1000,1000,n/a,0,[],0,/content/drive/MyDrive/landfill_research/datasets/AerialWaste/Extracted/10849.png
10080,10080.png,n/a,n/a,0,1053,1048,n/a,0,[],0,/content/drive/MyDrive/landfill_research/datasets/AerialWaste/Extracted/10080.png
433,433.png,1,Production site,0,1000,1000,2,1,[],1,/content/drive/MyDrive/landfill_research/datasets/AerialWaste/Extracted/433.png
5856,5856.png,n/a,n/a,0,1000,1000,n/a,0,[],0,/content/drive/MyDrive/landfill_research/datasets/AerialWaste/Extracted/5856.png
2270,2270.png,2,Production site,1,1000,1000,2,1,"[4, 16]",1,/content/drive/MyDrive/landfill_research/datasets/AerialWaste/Extracted/2270.png
10363,10363.png,n/a,n/a,0,1037,1064,n/a,0,[],0,/content/drive/MyDrive/landfill_research/datasets/AerialWaste/Extracted/10363.png
6940,6940.png,n/a,n/a,0,1000,1000,n/a,0,[],0,/content/drive/MyDrive/landfill_research/datasets/AerialWaste/Extracted/6940.png
7849,7849.png,n/a,n/a,0,1055,1046,n/a,0,[],0,/content/drive/MyDrive/landfill_research/datasets/AerialWaste/Extracted/7849.png
8106,8106.png,n/a,n/a,0,1054,1047,n/a,0,[],0,/content/drive/MyDrive/landfill_research/datasets/AerialWaste/Extracted/8106.png
7531,7531.png,n/a,n/a,0,1055,1047,n/a,0,[],0,/content/drive/MyDrive/landfill_research/datasets/AerialWaste/Extracted/7531.png
11216,11216.png,n/a,n/a,0,1000,1000,n/a,0,[],0,/content/drive/MyDrive/landfill_research/datasets/AerialWaste/Extracted/11216.png
403,403.png,1,Production site,0,1000,1000,1,1,[],1,/content/drive/MyDrive/landfill_research/datasets/AerialWaste/Extracted/403.png
8427,8427.png,n/a,n/a,0,1037,1065,n/a,1,[],1,/content/drive/MyDrive/landfill_research/datasets/AerialWaste/Extracted/8427.png
4163,4163.png,n/a,n/a,0,1000,1000,n/a,0,[],0,/content/drive/MyDrive/landfill_research/datasets/AerialWaste/Extracted/4163.png
7339,7339.png,2,Agricultural area/farm area,1,1000,1000,2,1,"[1, 16]",1,/content/drive/MyDrive/landfill_research/datasets/AerialWaste/Extracted/7339.png
11626,11626.png,n/a,n/a,0,1051,1051,n/a,0,[],0,/content/drive/MyDrive/landfill_research/datasets/AerialWaste/Extracted/11626.png
7882,7882.png,n/a,n/a,0,1053,1049,n/a,0,[],0,/content/drive/MyDrive/landfill_research/datasets/AerialWaste/Extracted/7882.png
3898,3898.png,n/a,n/a,0,1000,1000,n/a,0,[],0,/content/drive/MyDrive/landfill_research/datasets/AerialWaste/Extracted/3898.png
8684,8684.png,1,Agricultural area/farm area,1,1000,1000,1,1,"[2, 16]",1,/content/drive/MyDrive/landfill_research/datasets/AerialWaste/Extracted/8684.png
1027,1027.png,1,Agricultural area/farm area,0,1000,1000,2,1,[],1,/content/drive/MyDrive/landfill_research/datasets/AerialWaste/Extracted/1027.png
10085,10085.png,n/a,n/a,0,1053,1048,n/a,0,[],0,/content/drive/MyDrive/landfill_research/datasets/AerialWaste/Extracted/10085.png
9473,9473.png,n/a,n/a,0,1000,1000,n/a,0,[],0,/content/drive/MyDrive/landfill_research/datasets/AerialWaste/Extracted/9473.png
9920,9920.png,n/a,n/a,0,1000,1000,n/a,0,[],0,/content/drive/MyDrive/landfill_research/datasets/AerialWaste/Extracted/9920.png
9220,9220.png,n/a,n/a,0,1000,1000,n/a,0,[],0,/content/drive/MyDrive/landfill_research/datasets/AerialWaste/Extracted/9220.png
7772,7772.png,n/a,n/a,0,1054,1048,n/a,0,[],0,/content/drive/MyDrive/landfill_research/datasets/AerialWaste/Extracted/7772.png
4141,4141.png,n/a,n/a,0,1000,1000,n/a,0,[],0,/content/drive/MyDrive/landfill_research/datasets/AerialWaste/Extracted/4141.png
11106,11106.png,n/a,n/a,0,1000,1000,n/a,0,[],0,/content/drive/MyDrive/landfill_research/datasets/AerialWaste/Extracted/11106.png
2505,2505.png,n/s,n/s,0,1051,1051,1,1,[],1,/content/drive/MyDrive/landfill_research/datasets/AerialWaste/Extracted/2505.png
3242,3242.png,n/s,n/s,0,1036,1065,3,1,[],1,/content/drive/MyDrive/landfill_research/datasets/AerialWaste/Extracted/3242.png
5195,5195.png,n/a,n/a,0,1000,1000,n/a,0,[],0,/content/drive/MyDrive/landfill_research/datasets/AerialWaste/Extracted/5195.png
6540,6540.png,n/a,n/a,0,1000,1000,n/a,0,[],0,/content/drive/MyDrive/landfill_research/datasets/AerialWaste/Extracted/6540.png
10986,10986.png,n/a,n/a,0,1000,1000,n/a,0,[],0,/content/drive/MyDrive/landfill_research/datasets/AerialWaste/Extracted/10986.png
7344,7344.png,n/a,n/a,0,1054,1048,n/a,0,[],0,/content/drive/MyDrive/landfill_research/datasets/AerialWaste/Extracted/7344.png
8249,8249.png,n/a,n/a,0,1045,1057,n/a,0,[],0,/content/drive/MyDrive/landfill_research/datasets/AerialWaste/Extracted/8249.png
7357,7357.png,n/a,n/a,0,1054,1047,n/a,0,[],0,/content/drive/MyDrive/landfill_research/datasets/AerialWaste/Extracted/7357.png
7340,7340.png,n/a,n/a,0,1058,1043,n/a,0,[],0,/content/drive/MyDrive/landfill_research/datasets/AerialWaste/Extracted/7340.png
9890,9890.png,n/a,n/a,0,1000,1000,n/a,0,[],0,/content/drive/MyDrive/landfill_research/datasets/AerialWaste/Extracted/9890.png
11322,11322.png,n/a,n/a,0,1000,1000,n/a,0,[],0,/content/drive/MyDrive/landfill_research/datasets/AerialWaste/Extracted/11322.png
10035,10035.png,n/a,n/a,0,1058,1043,n/a,0,[],0,/content/drive/MyDrive/landfill_research/datasets/AerialWaste/Extracted/10035.png
2037,2037.png,1,Production site,1,1000,1000,1,1,"[4, 16]",1,/content/drive/MyDrive/landfill_research/datasets/AerialWaste/Extracted/2037.png
111,111.png,2,Production site,0,1000,1000,2,1,[],1,/content/drive/MyDrive/landfill_research/datasets/AerialWaste/Extracted/111.png
8313,8313.png,n/a,n/a,0,1037,1065,n/a,0,[],0,/content/drive/MyDrive/landfill_research/datasets/AerialWaste/Extracted/8313.png
3652,3652.png,n/a,n/a,0,1000,1000,n/a,0,[],0,/content/drive/MyDrive/landfill_research/datasets/AerialWaste/Extracted/3652.png
11474,11474.png,n/a,n/a,0,1057,1046,n/a,0,[],0,/content/drive/MyDrive/landfill_research/datasets/AerialWaste/Extracted/11474.png
11403,11403.png,n/a,n/a,0,1000,1000,n/a,0,[],0,/content/drive/MyDrive/landfill_research/datasets/AerialWaste/Extracted/11403.png
3533,3533.png,n/a,n/a,0,1000,1000,n/a,0,[],0,/content/drive/MyDrive/landfill_research/datasets/AerialWaste/Extracted/3533.png
9871,9871.png,n/a,n/a,0,1000,1000,n/a,0,[],0,/content/drive/MyDrive/landfill_research/datasets/AerialWaste/Extracted/9871.png
1117,1117.png,2,Degraded area,0,1000,1000,3,0,[],0,/content/drive/MyDrive/landfill_research/datasets/AerialWaste/Extracted/1117.png
9456,9456.png,n/a,n/a,0,1045,1056,n/a,0,[],0,/content/drive/MyDrive/landfill_research/datasets/AerialWaste/Extracted/9456.png
2883,2883.png,n/s,n/s,0,1055,1047,1,1,[],1,/content/drive/MyDrive/landfill_research/datasets/AerialWaste/Extracted/2883.png
4156,4156.png,n/a,n/a,0,1000,1000,n/a,0,[],0,/content/drive/MyDrive/landfill_research/datasets/AerialWaste/Extracted/4156.png
463,463.png,1,Agricultural area/farm area,0,1000,1000,1,1,[],1,/content/drive/MyDrive/landfill_research/datasets/AerialWaste/Extracted/463.png
10923,10923.png,2,Production site,1,1000,1000,3,1,"[2, 18]",1,/content/drive/MyDrive/landfill_research/datasets/AerialWaste/Extracted/10923.png
10744,10744.png,n/a,n/a,0,1000,1000,n/a,0,[],0,/content/drive/MyDrive/landfill_research/datasets/AerialWaste/Extracted/10744.png
9476,9476.png,n/a,n/a,0,1000,1000,n/a,0,[],0,/content/drive/MyDrive/landfill_research/datasets/AerialWaste/Extracted/9476.png
10632,10632.png,n/a,n/a,0,1044,1057,n/a,0,[],0,/content/drive/MyDrive/landfill_research/datasets/AerialWaste/Extracted/10632.png
11310,11310.png,n/a,n/a,0,1000,1000,n/a,0,[],0,/content/drive/MyDrive/landfill_research/datasets/AerialWaste/Extracted/11310.png
10794,10794.png,n/a,n/a,0,1046,1055,n/a,0,[],0,/content/drive/MyDrive/landfill_research/datasets/AerialWaste/Extracted/10794.png
914,914.png,2,Production site,0,1000,1000,2,0,[],0,/content/drive/MyDrive/landfill_research/datasets/AerialWaste/Extracted/914.png
4209,4209.png,n/a,n/a,0,1000,1000,n/a,0,[],0,/content/drive/MyDrive/landfill_research/datasets/AerialWaste/Extracted/4209.png
3755,3755.png,n/a,n/a,0,1000,1000,n/a,0,[],0,/content/drive/MyDrive/landfill_research/datasets/AerialWaste/Extracted/3755.png
11558,11558.png,n/a,n/a,0,1036,1066,n/a,0,[],0,/content/drive/MyDrive/landfill_research/datasets/AerialWaste/Extracted/11558.png
9719,9719.png,n/a,n/a,0,1000,1000,n/a,0,[],0,/content/drive/MyDrive/landfill_research/datasets/AerialWaste/Extracted/9719.png
6598,6598.png,n/a,n/a,0,1000,1000,n/a,1,[],1,/content/drive/MyDrive/landfill_research/datasets/AerialWaste/Extracted/6598.png
6993,6993.png,1,Production site,1,1000,1000,2,1,"[1, 20, 16]",1,/content/drive/MyDrive/landfill_research/datasets/AerialWaste/Extracted/6993.png
8664,8664.png,2,Degraded area,1,1000,1000,2,1,"[2, 3, 4, 16]",1,/content/drive/MyDrive/landfill_research/datasets/AerialWaste/Extracted/8664.png
4956,4956.png,n/a,n/a,0,1000,1000,n/a,0,[],0,/content/drive/MyDrive/landfill_research/datasets/AerialWaste/Extracted/4956.png
4295,4295.png,n/a,n/a,0,1000,1000,n/a,0,[],0,/content/drive/MyDrive/landfill_research/datasets/AerialWaste/Extracted/4295.png
6792,6792.png,n/a,n/a,0,696,698,n/a,0,[],0,/content/drive/MyDrive/landfill_research/datasets/AerialWaste/Extracted/6792.png
1381,1381.png,2,Production site,0,1000,1000,3,1,[],1,/content/drive/MyDrive/landfill_research/datasets/AerialWaste/Extracted/1381.png
2655,2655.png,n/s,n/s,0,1055,1046,1,0,[],0,/content/drive/MyDrive/landfill_research/datasets/AerialWaste/Extracted/2655.png
2830,2830.png,n/s,n/s,0,1055,1046,1,1,[],1,/content/drive/MyDrive/landfill_research/datasets/AerialWaste/Extracted/2830.png
4378,4378.png,n/a,n/a,0,1000,1000,n/a,0,[],0,/content/drive/MyDrive/landfill_research/datasets/AerialWaste/Extracted/4378.png
2105,2105.png,1,Agricultural area/farm area,1,1000,1000,2,1,"[2, 4, 20]",1,/content/drive/MyDrive/landfill_research/datasets/AerialWaste/Extracted/2105.png
7915,7915.png,n/a,n/a,0,1044,1058,n/a,0,[],0,/content/drive/MyDrive/landfill_research/datasets/AerialWaste/Extracted/7915.png
5589,5589.png,n/a,n/a,0,1000,1000,n/a,0,[],0,/content/drive/MyDrive/landfill_research/datasets/AerialWaste/Extracted/5589.png
3894,3894.png,n/a,n/a,0,1000,1000,n/a,0,[],0,/content/drive/MyDrive/landfill_research/datasets/AerialWaste/Extracted/3894.png
4160,4160.png,n/a,n/a,0,1000,1000,n/a,0,[],0,/content/drive/MyDrive/landfill_research/datasets/AerialWaste/Extracted/4160.png
10407,10407.png,n/a,n/a,0,1038,1063,n/a,0,[],0,/content/drive/MyDrive/landfill_research/datasets/AerialWaste/Extracted/10407.png
10679,10679.png,n/a,n/a,0,1000,1000,n/a,0,[],0,/content/drive/MyDrive/landfill_research/datasets/AerialWaste/Extracted/10679.png
3646,3646.png,n/a,n/a,0,1000,1000,n/a,0,[],0,/content/drive/MyDrive/landfill_research/datasets/AerialWaste/Extracted/3646.png
6173,6173.png,n/a,n/a,0,1000,1000,n/a,0,[],0,/content/drive/MyDrive/landfill_research/datasets/AerialWaste/Extracted/6173.png
9207,9207.png,n/a,n/a,0,1000,1000,n/a,0,[],0,/content/drive/MyDrive/landfill_research/datasets/AerialWaste/Extracted/9207.png
3104,3104.png,n/a,n/a,0,1000,1000,n/a,0,[],0,/content/drive/MyDrive/landfill_research/datasets/AerialWaste/Extracted/3104.png
8945,8945.png,n/a,n/a,0,1055,1047,n/a,0,[],0,/content/drive/MyDrive/landfill_research/datasets/AerialWaste/Extracted/8945.png
3805,3805.png,n/a,n/a,0,1000,1000,n/a,0,[],0,/content/drive/MyDrive/landfill_research/datasets/AerialWaste/Extracted/3805.png
8453,8453.png,n/a,n/a,0,1035,1066,n/a,0,[],0,/content/drive/MyDrive/landfill_research/datasets/AerialWaste/Extracted/8453.png
10590,10590.png,n/a,n/a,0,1000,1000,n/a,0,[],0,/content/drive/MyDrive/landfill_research/datasets/AerialWaste/Extracted/10590.png
6629,6629.png,n/a,n/a,0,1000,1000,n/a,0,[],0,/content/drive/MyDrive/landfill_research/datasets/AerialWaste/Extracted/6629.png
1473,1473.png,2,Production site,0,1000,1000,2,1,[],1,/content/drive/MyDrive/landfill_research/datasets/AerialWaste/Extracted/1473.png
11556,11556.png,n/a,n/a,0,1050,1051,n/a,0,[],0,/content/drive/MyDrive/landfill_research/datasets/AerialWaste/Extracted/11556.png
8454,8454.png,n/a,n/a,0,1036,1066,n/a,1,[],1,/content/drive/MyDrive/landfill_research/datasets/AerialWaste/Extracted/8454.png
11150,11150.png,n/a,n/a,0,1000,1000,n/a,0,[],0,/content/drive/MyDrive/landfill_research/datasets/AerialWaste/Extracted/11150.png
3779,3779.png,n/a,n/a,0,1000,1000,n/a,0,[],0,/content/drive/MyDrive/landfill_research/datasets/AerialWaste/Extracted/3779.png
3188,3188.png,n/s,n/s,1,1050,1051,1,1,[17],1,/content/drive/MyDrive/landfill_research/datasets/AerialWaste/Extracted/3188.png
9152,9152.png,n/a,n/a,0,1000,1000,n/a,0,[],0,/content/drive/MyDrive/landfill_research/datasets/AerialWaste/Extracted/9152.png
3828,3828.png,n/a,n/a,0,1000,1000,n/a,1,[],1,/content/drive/MyDrive/landfill_research/datasets/AerialWaste/Extracted/3828.png
10500,10500.png,n/a,n/a,0,1000,1000,n/a,0,[],0,/content/drive/MyDrive/landfill_research/datasets/AerialWaste/Extracted/10500.png
9051,9051.png,1,Other,1,1000,1000,1,1,"[1, 16]",1,/content/drive/MyDrive/landfill_research/datasets/AerialWaste/Extracted/9051.png
2311,2311.png,n/a,n/a,0,1043,1058,n/a,0,[],0,/content/drive/MyDrive/landfill_research/datasets/AerialWaste/Extracted/2311.png
10562,10562.png,n/a,n/a,0,1000,1000,n/a,0,[],0,/content/drive/MyDrive/landfill_research/datasets/AerialWaste/Extracted/10562.png
7527,7527.png,n/a,n/a,0,1056,1045,n/a,0,[],0,/content/drive/MyDrive/landfill_research/datasets/AerialWaste/Extracted/7527.png
4602,4602.png,n/a,n/a,0,1000,1000,n/a,0,[],0,/content/drive/MyDrive/landfill_research/datasets/AerialWaste/Extracted/4602.png
5752,5752.png,n/a,n/a,0,1000,1000,n/a,0,[],0,/content/drive/MyDrive/landfill_research/datasets/AerialWaste/Extracted/5752.png
3999,3999.png,n/a,n/a,0,1000,1000,n/a,0,[],0,/content/drive/MyDrive/landfill_research/datasets/AerialWaste/Extracted/3999.png
5835,5835.png,n/a,n/a,0,1000,1000,n/a,0,[],0,/content/drive/MyDrive/landfill_research/datasets/AerialWaste/Extracted/5835.png
2472,2472.png,n/s,n/s,0,1054,1048,3,1,[],1,/content/drive/MyDrive/landfill_research/datasets/AerialWaste/Extracted/2472.png
11515,11515.png,n/a,n/a,0,696,699,n/a,0,[],0,/content/drive/MyDrive/landfill_research/datasets/AerialWaste/Extracted/11515.png
1013,1013.png,2,Production site,0,1000,1000,2,1,[],1,/content/drive/MyDrive/landfill_research/datasets/AerialWaste/Extracted/1013.png
3677,3677.png,n/a,n/a,0,1000,1000,n/a,0,[],0,/content/drive/MyDrive/landfill_research/datasets/AerialWaste/Extracted/3677.png
2461,2461.png,1,Production site,1,1000,1000,2,1,"[3, 20]",1,/content/drive/MyDrive/landfill_research/datasets/AerialWaste/Extracted/2461.png
8339,8339.png,n/a,n/a,0,1035,1067,n/a,0,[],0,/content/drive/MyDrive/landfill_research/datasets/AerialWaste/Extracted/8339.png
3295,3295.png,n/s,n/s,0,1036,1066,1,1,[],1,/content/drive/MyDrive/landfill_research/datasets/AerialWaste/Extracted/3295.png
11667,11667.png,n/a,n/a,0,1055,1047,n/a,0,[],0,/content/drive/MyDrive/landfill_research/datasets/AerialWaste/Extracted/11667.png
1605,1605.png,1,Agricultural area/farm area,0,1000,1000,1,1,[],1,/content/drive/MyDrive/landfill_research/datasets/AerialWaste/Extracted/1605.png
9650,9650.png,n/a,n/a,0,1000,1000,n/a,0,[],0,/content/drive/MyDrive/landfill_research/datasets/AerialWaste/Extracted/9650.png
8908,8908.png,n/a,n/a,0,697,698,n/a,0,[],0,/content/drive/MyDrive/landfill_research/datasets/AerialWaste/Extracted/8908.png
10828,10828.png,2,Production site,1,1047,1055,1,1,"[1, 4, 16]",1,/content/drive/MyDrive/landfill_research/datasets/AerialWaste/Extracted/10828.png
6543,6543.png,n/a,n/a,0,1000,1000,n/a,0,[],0,/content/drive/MyDrive/landfill_research/datasets/AerialWaste/Extracted/6543.png
6439,6439.png,n/a,n/a,0,1048,1053,n/a,0,[],0,/content/drive/MyDrive/landfill_research/datasets/AerialWaste/Extracted/6439.png
4322,4322.png,n/a,n/a,0,1000,1000,n/a,0,[],0,/content/drive/MyDrive/landfill_research/datasets/AerialWaste/Extracted/4322.png
108,108.png,1,Production site,0,1000,1000,1,1,[],1,/content/drive/MyDrive/landfill_research/datasets/AerialWaste/Extracted/108.png
7354,7354.png,n/a,n/a,0,1054,1047,n/a,0,[],0,/content/drive/MyDrive/landfill_research/datasets/AerialWaste/Extracted/7354.png
11,11.png,1,Production site,0,1000,1000,2,1,[],1,/content/drive/MyDrive/landfill_research/datasets/AerialWaste/Extracted/11.png
9895,9895.png,n/a,n/a,0,1000,1000,n/a,0,[],0,/content/drive/MyDrive/landfill_research/datasets/AerialWaste/Extracted/9895.png
6024,6024.png,n/a,n/a,0,1000,1000,n/a,0,[],0,/content/drive/MyDrive/landfill_research/datasets/AerialWaste/Extracted/6024.png
6897,6897.png,n/a,n/a,0,1055,1046,n/a,1,[],1,/content/drive/MyDrive/landfill_research/datasets/AerialWaste/Extracted/6897.png
6640,6640.png,n/a,n/a,0,1000,1000,n/a,0,[],0,/content/drive/MyDrive/landfill_research/datasets/AerialWaste/Extracted/6640.png
11508,11508.png,n/a,n/a,0,1055,1046,n/a,0,[],0,/content/drive/MyDrive/landfill_research/datasets/AerialWaste/Extracted/11508.png
9166,9166.png,n/a,n/a,0,1000,1000,n/a,0,[],0,/content/drive/MyDrive/landfill_research/datasets/AerialWaste/Extracted/9166.png
9525,9525.png,n/a,n/a,0,1055,1047,n/a,0,[],0,/content/drive/MyDrive/landfill_research/datasets/AerialWaste/Extracted/9525.png
4384,4384.png,n/a,n/a,0,1000,1000,n/a,0,[],0,/content/drive/MyDrive/landfill_research/datasets/AerialWaste/Extracted/4384.png
2029,2029.png,2,Production site,1,1000,1000,2,1,"[5, 21]",1,/content/drive/MyDrive/landfill_research/datasets/AerialWaste/Extracted/2029.png
6404,6404.png,n/a,n/a,0,1000,1000,n/a,0,[],0,/content/drive/MyDrive/landfill_research/datasets/AerialWaste/Extracted/6404.png
2340,2340.png,2,Production site,1,1000,1000,2,1,"[3, 18]",1,/content/drive/MyDrive/landfill_research/datasets/AerialWaste/Extracted/2340.png
7203,7203.png,1,Production site,1,1000,1000,1,1,[16],1,/content/drive/MyDrive/landfill_research/datasets/AerialWaste/Extracted/7203.png
254,254.png,2,Production site,0,1000,1000,2,1,[],1,/content/drive/MyDrive/landfill_research/datasets/AerialWaste/Extracted/254.png
5526,5526.png,n/a,n/a,0,1000,1000,n/a,0,[],0,/content/drive/MyDrive/landfill_research/datasets/AerialWaste/Extracted/5526.png
9597,9597.png,n/a,n/a,0,1000,1000,n/a,0,[],0,/content/drive/MyDrive/landfill_research/datasets/AerialWaste/Extracted/9597.png
5876,5876.png,n/a,n/a,0,1000,1000,n/a,0,[],0,/content/drive/MyDrive/landfill_research/datasets/AerialWaste/Extracted/5876.png
7985,7985.png,n/a,n/a,0,1050,1052,n/a,1,[],1,/content/drive/MyDrive/landfill_research/datasets/AerialWaste/Extracted/7985.png
10620,10620.png,n/a,n/a,0,1000,1000,n/a,0,[],0,/content/drive/MyDrive/landfill_research/datasets/AerialWaste/Extracted/10620.png
7296,7296.png,n/a,n/a,0,1056,1045,n/a,0,[],0,/content/drive/MyDrive/landfill_research/datasets/AerialWaste/Extracted/7296.png
5541,5541.png,n/a,n/a,0,1000,1000,n/a,0,[],0,/content/drive/MyDrive/landfill_research/datasets/AerialWaste/Extracted/5541.png
8658,8658.png,n/a,n/a,0,1056,1047,n/a,0,[],0,/content/drive/MyDrive/landfill_research/datasets/AerialWaste/Extracted/8658.png
9110,9110.png,n/a,n/a,0,1000,1000,n/a,0,[],0,/content/drive/MyDrive/landfill_research/datasets/AerialWaste/Extracted/9110.png
4516,4516.png,n/a,n/a,0,1000,1000,n/a,0,[],0,/content/drive/MyDrive/landfill_research/datasets/AerialWaste/Extracted/4516.png
7472,7472.png,n/a,n/a,0,1059,1042,n/a,0,[],0,/content/drive/MyDrive/landfill_research/datasets/AerialWaste/Extracted/7472.png
205,205.png,n/a,n/a,0,1000,1000,n/a,0,[],0,/content/drive/MyDrive/landfill_research/datasets/AerialWaste/Extracted/205.png
6108,6108.png,n/a,n/a,0,1000,1000,n/a,0,[],0,/content/drive/MyDrive/landfill_research/datasets/AerialWaste/Extracted/6108.png
1915,1915.png,n/a,n/a,0,1000,1000,n/a,0,[],0,/content/drive/MyDrive/landfill_research/datasets/AerialWaste/Extracted/1915.png
10046,10046.png,n/a,n/a,0,1053,1049,n/a,0,[],0,/content/drive/MyDrive/landfill_research/datasets/AerialWaste/Extracted/10046.png
4910,4910.png,n/a,n/a,0,1000,1000,n/a,0,[],0,/content/drive/MyDrive/landfill_research/datasets/AerialWaste/Extracted/4910.png
3483,3483.png,n/a,n/a,0,1037,1066,n/a,0,[],0,/content/drive/MyDrive/landfill_research/datasets/AerialWaste/Extracted/3483.png
2444,2444.png,1,Production site,1,1000,1000,2,1,"[2, 4, 21, 22]",1,/content/drive/MyDrive/landfill_research/datasets/AerialWaste/Extracted/2444.png
9692,9692.png,n/a,n/a,0,1000,1000,n/a,0,[],0,/content/drive/MyDrive/landfill_research/datasets/AerialWaste/Extracted/9692.png
10760,10760.png,n/a,n/a,0,1000,1000,n/a,0,[],0,/content/drive/MyDrive/landfill_research/datasets/AerialWaste/Extracted/10760.png
10153,10153.png,n/a,n/a,0,1042,1060,n/a,0,[],0,/content/drive/MyDrive/landfill_research/datasets/AerialWaste/Extracted/10153.png
9340,9340.png,n/a,n/a,0,1000,1000,n/a,0,[],0,/content/drive/MyDrive/landfill_research/datasets/AerialWaste/Extracted/9340.png
11070,11070.png,1,Production site,1,1047,1054,1,1,"[1, 16]",1,/content/drive/MyDrive/landfill_research/datasets/AerialWaste/Extracted/11070.png
9465,9465.png,n/a,n/a,0,1000,1000,n/a,0,[],0,/content/drive/MyDrive/landfill_research/datasets/AerialWaste/Extracted/9465.png
1452,1452.png,1,Agricultural area/farm area,0,1000,1000,1,1,[],1,/content/drive/MyDrive/landfill_research/datasets/AerialWaste/Extracted/1452.png
11327,11327.png,n/a,n/a,0,1000,1000,n/a,0,[],0,/content/drive/MyDrive/landfill_research/datasets/AerialWaste/Extracted/11327.png
6970,6970.png,n/a,n/a,0,1055,1047,n/a,0,[],0,/content/drive/MyDrive/landfill_research/datasets/AerialWaste/Extracted/6970.png
3480,3480.png,n/a,n/a,0,1056,1046,n/a,1,[],1,/content/drive/MyDrive/landfill_research/datasets/AerialWaste/Extracted/3480.png
8670,8670.png,n/a,n/a,0,1055,1046,n/a,1,[],1,/content/drive/MyDrive/landfill_research/datasets/AerialWaste/Extracted/8670.png
1929,1929.png,3,Degraded area,1,1000,1000,3,1,"[1, 2, 3, 4, 5, 8, 16]",1,/content/drive/MyDrive/landfill_research/datasets/AerialWaste/Extracted/1929.png
5440,5440.png,n/a,n/a,0,1000,1000,n/a,0,[],0,/content/drive/MyDrive/landfill_research/datasets/AerialWaste/Extracted/5440.png
701,701.png,1,Agricultural area/farm area,0,1000,1000,1,1,[],1,/content/drive/MyDrive/landfill_research/datasets/AerialWaste/Extracted/701.png
5774,5774.png,n/a,n/a,0,1000,1000,n/a,0,[],0,/content/drive/MyDrive/landfill_research/datasets/AerialWaste/Extracted/5774.png
2702,2702.png,n/s,n/s,1,1056,1047,1,1,[17],1,/content/drive/MyDrive/landfill_research/datasets/AerialWaste/Extracted/2702.png
5181,5181.png,n/a,n/a,0,1000,1000,n/a,0,[],0,/content/drive/MyDrive/landfill_research/datasets/AerialWaste/Extracted/5181.png
3593,3593.png,n/a,n/a,0,1000,1000,n/a,0,[],0,/content/drive/MyDrive/landfill_research/datasets/AerialWaste/Extracted/3593.png
3118,3118.png,n/a,n/a,0,1000,1000,n/a,0,[],0,/content/drive/MyDrive/landfill_research/datasets/AerialWaste/Extracted/3118.png
8729,8729.png,n/a,n/a,0,1000,1000,n/a,0,[],0,/content/drive/MyDrive/landfill_research/datasets/AerialWaste/Extracted/8729.png
10198,10198.png,n/a,n/a,0,1054,1047,n/a,0,[],0,/content/drive/MyDrive/landfill_research/datasets/AerialWaste/Extracted/10198.png
2246,2246.png,n/a,n/a,0,1049,1053,n/a,0,[],0,/content/drive/MyDrive/landfill_research/datasets/AerialWaste/Extracted/2246.png
8018,8018.png,2,Production site,1,1000,1000,2,1,"[1, 4, 16]",1,/content/drive/MyDrive/landfill_research/datasets/AerialWaste/Extracted/8018.png
4762,4762.png,n/a,n/a,0,1000,1000,n/a,0,[],0,/content/drive/MyDrive/landfill_research/datasets/AerialWaste/Extracted/4762.png
5226,5226.png,n/a,n/a,0,1000,1000,n/a,0,[],0,/content/drive/MyDrive/landfill_research/datasets/AerialWaste/Extracted/5226.png
4077,4077.png,n/a,n/a,0,1000,1000,n/a,0,[],0,/content/drive/MyDrive/landfill_research/datasets/AerialWaste/Extracted/4077.png
20,20.png,2,Production site,0,1000,1000,1,0,[],0,/content/drive/MyDrive/landfill_research/datasets/AerialWaste/Extracted/20.png
3339,3339.png,n/s,n/s,0,1037,1064,1,1,[],1,/content/drive/MyDrive/landfill_research/datasets/AerialWaste/Extracted/3339.png
4937,4937.png,n/a,n/a,0,1000,1000,n/a,0,[],0,/content/drive/MyDrive/landfill_research/datasets/AerialWaste/Extracted/4937.png
10372,10372.png,n/a,n/a,0,1034,1067,n/a,0,[],0,/content/drive/MyDrive/landfill_research/datasets/AerialWaste/Extracted/10372.png
10338,10338.png,n/a,n/a,0,1036,1065,n/a,0,[],0,/content/drive/MyDrive/landfill_research/datasets/AerialWaste/Extracted/10338.png
4463,4463.png,n/a,n/a,0,1000,1000,n/a,0,[],0,/content/drive/MyDrive/landfill_research/datasets/AerialWaste/Extracted/4463.png
1442,1442.png,1,Agricultural area/farm area,0,1000,1000,2,1,[],1,/content/drive/MyDrive/landfill_research/datasets/AerialWaste/Extracted/1442.png
5162,5162.png,n/a,n/a,0,1000,1000,n/a,0,[],0,/content/drive/MyDrive/landfill_research/datasets/AerialWaste/Extracted/5162.png
3899,3899.png,n/a,n/a,0,1000,1000,n/a,0,[],0,/content/drive/MyDrive/landfill_research/datasets/AerialWaste/Extracted/3899.png
11397,11397.png,n/a,n/a,0,1000,1000,n/a,0,[],0,/content/drive/MyDrive/landfill_research/datasets/AerialWaste/Extracted/11397.png
4499,4499.png,n/a,n/a,0,1000,1000,n/a,0,[],0,/content/drive/MyDrive/landfill_research/datasets/AerialWaste/Extracted/4499.png
1730,1730.png,1,Production site,0,1000,1000,2,1,[],1,/content/drive/MyDrive/landfill_research/datasets/AerialWaste/Extracted/1730.png
499,499.png,1,Production site,0,1000,1000,2,1,[],1,/content/drive/MyDrive/landfill_research/datasets/AerialWaste/Extracted/499.png
7216,7216.png,n/a,n/a,0,1049,1053,n/a,1,[],1,/content/drive/MyDrive/landfill_research/datasets/AerialWaste/Extracted/7216.png
7290,7290.png,n/a,n/a,0,1057,1045,n/a,0,[],0,/content/drive/MyDrive/landfill_research/datasets/AerialWaste/Extracted/7290.png
7875,7875.png,n/a,n/a,0,1052,1050,n/a,0,[],0,/content/drive/MyDrive/landfill_research/datasets/AerialWaste/Extracted/7875.png
11381,11381.png,n/a,n/a,0,1000,1000,n/a,0,[],0,/content/drive/MyDrive/landfill_research/datasets/AerialWaste/Extracted/11381.png
9953,9953.png,n/a,n/a,0,1000,1000,n/a,0,[],0,/content/drive/MyDrive/landfill_research/datasets/AerialWaste/Extracted/9953.png
952,952.png,0,Non production building,0,1000,1000,0,1,[],1,/content/drive/MyDrive/landfill_research/datasets/AerialWaste/Extracted/952.png
7304,7304.png,n/a,n/a,0,1057,1045,n/a,0,[],0,/content/drive/MyDrive/landfill_research/datasets/AerialWaste/Extracted/7304.png
4252,4252.png,n/a,n/a,0,1000,1000,n/a,0,[],0,/content/drive/MyDrive/landfill_research/datasets/AerialWaste/Extracted/4252.png
9673,9673.png,n/a,n/a,0,1000,1000,n/a,0,[],0,/content/drive/MyDrive/landfill_research/datasets/AerialWaste/Extracted/9673.png
93,93.png,1,Agricultural area/farm area,0,1000,1000,1,1,[],1,/content/drive/MyDrive/landfill_research/datasets/AerialWaste/Extracted/93.png
6384,6384.png,n/a,n/a,0,1000,1000,n/a,0,[],0,/content/drive/MyDrive/landfill_research/datasets/AerialWaste/Extracted/6384.png
3689,3689.png,n/a,n/a,0,1000,1000,n/a,1,[],1,/content/drive/MyDrive/landfill_research/datasets/AerialWaste/Extracted/3689.png
4092,4092.png,n/a,n/a,0,1000,1000,n/a,0,[],0,/content/drive/MyDrive/landfill_research/datasets/AerialWaste/Extracted/4092.png
3517,3517.png,n/a,n/a,0,1000,1000,n/a,0,[],0,/content/drive/MyDrive/landfill_research/datasets/AerialWaste/Extracted/3517.png
3484,3484.png,n/a,n/a,0,1036,1065,n/a,0,[],0,/content/drive/MyDrive/landfill_research/datasets/AerialWaste/Extracted/3484.png
10213,10213.png,n/a,n/a,0,1049,1053,n/a,0,[],0,/content/drive/MyDrive/landfill_research/datasets/AerialWaste/Extracted/10213.png
8926,8926.png,n/a,n/a,0,1057,1044,n/a,0,[],0,/content/drive/MyDrive/landfill_research/datasets/AerialWaste/Extracted/8926.png
7459,7459.png,n/a,n/a,0,1054,1049,n/a,0,[],0,/content/drive/MyDrive/landfill_research/datasets/AerialWaste/Extracted/7459.png
295,295.png,1,Production site,0,1000,1000,1,1,[],1,/content/drive/MyDrive/landfill_research/datasets/AerialWaste/Extracted/295.png
4911,4911.png,n/a,n/a,0,1000,1000,n/a,0,[],0,/content/drive/MyDrive/landfill_research/datasets/AerialWaste/Extracted/4911.png
11657,11657.png,n/a,n/a,0,1055,1047,n/a,0,[],0,/content/drive/MyDrive/landfill_research/datasets/AerialWaste/Extracted/11657.png
183,183.png,2,Agricultural area/farm area,0,1000,1000,2,1,[],1,/content/drive/MyDrive/landfill_research/datasets/AerialWaste/Extracted/183.png
7424,7424.png,n/a,n/a,0,1053,1049,n/a,0,[],0,/content/drive/MyDrive/landfill_research/datasets/AerialWaste/Extracted/7424.png
2612,2612.png,n/s,n/s,0,1054,1048,2,1,[],1,/content/drive/MyDrive/landfill_research/datasets/AerialWaste/Extracted/2612.png
3834,3834.png,n/a,n/a,0,1000,1000,n/a,0,[],0,/content/drive/MyDrive/landfill_research/datasets/AerialWaste/Extracted/3834.png
8600,8600.png,n/a,n/a,0,1037,1066,n/a,0,[],0,/content/drive/MyDrive/landfill_research/datasets/AerialWaste/Extracted/8600.png
11639,11639.png,n/a,n/a,0,1055,1047,n/a,0,[],0,/content/drive/MyDrive/landfill_research/datasets/AerialWaste/Extracted/11639.png
10991,10991.png,3,Production site,1,1000,1000,3,1,"[3, 5, 16]",1,/content/drive/MyDrive/landfill_research/datasets/AerialWaste/Extracted/10991.png
1578,1578.png,1,Non production building,0,1000,1000,3,1,[],1,/content/drive/MyDrive/landfill_research/datasets/AerialWaste/Extracted/1578.png
11293,11293.png,n/a,n/a,0,1000,1000,n/a,0,[],0,/content/drive/MyDrive/landfill_research/datasets/AerialWaste/Extracted/11293.png
3443,3443.png,n/s,n/s,0,1045,1057,n/s,0,[],0,/content/drive/MyDrive/landfill_research/datasets/AerialWaste/Extracted/3443.png
10795,10795.png,1,Non production building,1,1053,1049,2,1,"[2, 14, 3, 1, 21, 16]",1,/content/drive/MyDrive/landfill_research/datasets/AerialWaste/Extracted/10795.png
3040,3040.png,n/s,n/s,1,1049,1053,1,1,[7],1,/content/drive/MyDrive/landfill_research/datasets/AerialWaste/Extracted/3040.png
2836,2836.png,n/s,n/s,0,1054,1047,1,1,[],1,/content/drive/MyDrive/landfill_research/datasets/AerialWaste/Extracted/2836.png
10656,10656.png,n/a,n/a,0,1000,1000,n/a,0,[],0,/content/drive/MyDrive/landfill_research/datasets/AerialWaste/Extracted/10656.png
5125,5125.png,n/a,n/a,0,1000,1000,n/a,0,[],0,/content/drive/MyDrive/landfill_research/datasets/AerialWaste/Extracted/5125.png
7771,7771.png,n/a,n/a,0,1054,1047,n/a,0,[],0,/content/drive/MyDrive/landfill_research/datasets/AerialWaste/Extracted/7771.png
8788,8788.png,n/a,n/a,0,1000,1000,n/a,0,[],0,/content/drive/MyDrive/landfill_research/datasets/AerialWaste/Extracted/8788.png
6915,6915.png,n/a,n/a,0,1000,1000,n/a,0,[],0,/content/drive/MyDrive/landfill_research/datasets/AerialWaste/Extracted/6915.png
41,41.png,2,Production site,0,1000,1000,2,1,[],1,/content/drive/MyDrive/landfill_research/datasets/AerialWaste/Extracted/41.png
5996,5996.png,n/a,n/a,0,1000,1000,n/a,0,[],0,/content/drive/MyDrive/landfill_research/datasets/AerialWaste/Extracted/5996.png
3993,3993.png,n/a,n/a,0,1000,1000,n/a,0,[],0,/content/drive/MyDrive/landfill_research/datasets/AerialWaste/Extracted/3993.png
263,263.png,1,Agricultural area/farm area,0,1000,1000,1,0,[],0,/content/drive/MyDrive/landfill_research/datasets/AerialWaste/Extracted/263.png
3619,3619.png,n/a,n/a,0,1000,1000,n/a,0,[],0,/content/drive/MyDrive/landfill_research/datasets/AerialWaste/Extracted/3619.png
11267,11267.png,n/a,n/a,0,1000,1000,n/a,0,[],0,/content/drive/MyDrive/landfill_research/datasets/AerialWaste/Extracted/11267.png
3617,3617.png,n/a,n/a,0,1000,1000,n/a,1,[],1,/content/drive/MyDrive/landfill_research/datasets/AerialWaste/Extracted/3617.png
7571,7571.png,n/a,n/a,0,1055,1046,n/a,0,[],0,/content/drive/MyDrive/landfill_research/datasets/AerialWaste/Extracted/7571.png
8462,8462.png,n/a,n/a,0,1038,1064,n/a,1,[],1,/content/drive/MyDrive/landfill_research/datasets/AerialWaste/Extracted/8462.png
9521,9521.png,n/a,n/a,0,1000,1000,n/a,0,[],0,/content/drive/MyDrive/landfill_research/datasets/AerialWaste/Extracted/9521.png
799,799.png,1,Agricultural area/farm area,0,1000,1000,2,0,[],0,/content/drive/MyDrive/landfill_research/datasets/AerialWaste/Extracted/799.png
5352,5352.png,n/a,n/a,0,1000,1000,n/a,1,[],1,/content/drive/MyDrive/landfill_research/datasets/AerialWaste/Extracted/5352.png
3003,3003.png,n/s,n/s,0,1050,1051,3,1,[],1,/content/drive/MyDrive/landfill_research/datasets/AerialWaste/Extracted/3003.png
1461,1461.png,2,Non production building,0,1000,1000,2,1,[],1,/content/drive/MyDrive/landfill_research/datasets/AerialWaste/Extracted/1461.png
7232,7232.png,n/a,n/a,0,1050,1052,n/a,0,[],0,/content/drive/MyDrive/landfill_research/datasets/AerialWaste/Extracted/7232.png
8332,8332.png,n/a,n/a,0,1036,1067,n/a,1,[],1,/content/drive/MyDrive/landfill_research/datasets/AerialWaste/Extracted/8332.png
6906,6906.png,n/a,n/a,0,1000,1000,n/a,0,[],0,/content/drive/MyDrive/landfill_research/datasets/AerialWaste/Extracted/6906.png
3508,3508.png,n/a,n/a,0,1000,1000,n/a,0,[],0,/content/drive/MyDrive/landfill_research/datasets/AerialWaste/Extracted/3508.png
7075,7075.png,n/a,n/a,0,1000,1000,n/a,0,[],0,/content/drive/MyDrive/landfill_research/datasets/AerialWaste/Extracted/7075.png
2214,2214.png,2,Production site,0,1055,1047,3,1,[],1,/content/drive/MyDrive/landfill_research/datasets/AerialWaste/Extracted/2214.png
11081,11081.png,1,Non production building,1,1000,1000,1,1,[6],1,/content/drive/MyDrive/landfill_research/datasets/AerialWaste/Extracted/11081.png
11677,11677.png,n/a,n/a,0,1056,1045,n/a,0,[],0,/content/drive/MyDrive/landfill_research/datasets/AerialWaste/Extracted/11677.png
4387,4387.png,n/a,n/a,0,1000,1000,n/a,0,[],0,/content/drive/MyDrive/landfill_research/datasets/AerialWaste/Extracted/4387.png
8918,8918.png,1,Agricultural area/farm area,1,1000,1000,1,1,"[10, 1, 16]",1,/content/drive/MyDrive/landfill_research/datasets/AerialWaste/Extracted/8918.png
5264,5264.png,n/a,n/a,0,1000,1000,n/a,0,[],0,/content/drive/MyDrive/landfill_research/datasets/AerialWaste/Extracted/5264.png
8905,8905.png,2,Agricultural area/farm area,1,1000,1000,2,1,"[9, 10, 2, 3, 1, 5, 7, 16]",1,/content/drive/MyDrive/landfill_research/datasets/AerialWaste/Extracted/8905.png
9085,9085.png,n/a,n/a,0,1000,1000,n/a,0,[],0,/content/drive/MyDrive/landfill_research/datasets/AerialWaste/Extracted/9085.png
4268,4268.png,n/a,n/a,0,1000,1000,n/a,0,[],0,/content/drive/MyDrive/landfill_research/datasets/AerialWaste/Extracted/4268.png
3501,3501.png,n/a,n/a,0,1000,1000,n/a,0,[],0,/content/drive/MyDrive/landfill_research/datasets/AerialWaste/Extracted/3501.png
10002,10002.png,n/a,n/a,0,1054,1048,n/a,0,[],0,/content/drive/MyDrive/landfill_research/datasets/AerialWaste/Extracted/10002.png
7636,7636.png,n/a,n/a,0,1057,1045,n/a,0,[],0,/content/drive/MyDrive/landfill_research/datasets/AerialWaste/Extracted/7636.png
2932,2932.png,n/s,n/s,0,1050,1052,3,1,[],1,/content/drive/MyDrive/landfill_research/datasets/AerialWaste/Extracted/2932.png
3223,3223.png,n/s,n/s,0,1036,1065,2,0,[],0,/content/drive/MyDrive/landfill_research/datasets/AerialWaste/Extracted/3223.png
4056,4056.png,n/a,n/a,0,1000,1000,n/a,0,[],0,/content/drive/MyDrive/landfill_research/datasets/AerialWaste/Extracted/4056.png
6197,6197.png,n/a,n/a,0,1000,1000,n/a,0,[],0,/content/drive/MyDrive/landfill_research/datasets/AerialWaste/Extracted/6197.png
7645,7645.png,n/a,n/a,0,1056,1045,n/a,0,[],0,/content/drive/MyDrive/landfill_research/datasets/AerialWaste/Extracted/7645.png
5846,5846.png,n/a,n/a,0,1000,1000,n/a,0,[],0,/content/drive/MyDrive/landfill_research/datasets/AerialWaste/Extracted/5846.png
6654,6654.png,n/a,n/a,0,1000,1000,n/a,0,[],0,/content/drive/MyDrive/landfill_research/datasets/AerialWaste/Extracted/6654.png
8635,8635.png,n/a,n/a,0,1045,1057,n/a,0,[],0,/content/drive/MyDrive/landfill_research/datasets/AerialWaste/Extracted/8635.png
3400,3400.png,n/s,n/s,0,1038,1064,n/s,1,[],1,/content/drive/MyDrive/landfill_research/datasets/AerialWaste/Extracted/3400.png
3948,3948.png,n/a,n/a,0,1000,1000,n/a,0,[],0,/content/drive/MyDrive/landfill_research/datasets/AerialWaste/Extracted/3948.png
9114,9114.png,n/a,n/a,0,1000,1000,n/a,0,[],0,/content/drive/MyDrive/landfill_research/datasets/AerialWaste/Extracted/9114.png
1740,1740.png,2,Agricultural area/farm area,0,1000,1000,3,1,[],1,/content/drive/MyDrive/landfill_research/datasets/AerialWaste/Extracted/1740.png
6607,6607.png,n/a,n/a,0,1000,1000,n/a,0,[],0,/content/drive/MyDrive/landfill_research/datasets/AerialWaste/Extracted/6607.png
8361,8361.png,n/a,n/a,0,1038,1064,n/a,0,[],0,/content/drive/MyDrive/landfill_research/datasets/AerialWaste/Extracted/8361.png
10452,10452.png,n/a,n/a,0,1000,1000,n/a,0,[],0,/content/drive/MyDrive/landfill_research/datasets/AerialWaste/Extracted/10452.png
11344,11344.png,n/a,n/a,0,1000,1000,n/a,0,[],0,/content/drive/MyDrive/landfill_research/datasets/AerialWaste/Extracted/11344.png
2794,2794.png,n/s,n/s,0,1050,1051,1,1,[],1,/content/drive/MyDrive/landfill_research/datasets/AerialWaste/Extracted/2794.png
9003,9003.png,n/a,n/a,0,1037,1064,n/a,1,[],1,/content/drive/MyDrive/landfill_research/datasets/AerialWaste/Extracted/9003.png
10649,10649.png,n/a,n/a,0,1043,1059,n/a,0,[],0,/content/drive/MyDrive/landfill_research/datasets/AerialWaste/Extracted/10649.png
8610,8610.png,n/a,n/a,0,1055,1046,n/a,0,[],0,/content/drive/MyDrive/landfill_research/datasets/AerialWaste/Extracted/8610.png
3083,3083.png,n/s,n/s,0,1055,1046,1,1,[],1,/content/drive/MyDrive/landfill_research/datasets/AerialWaste/Extracted/3083.png
7519,7519.png,n/a,n/a,0,1056,1046,n/a,0,[],0,/content/drive/MyDrive/landfill_research/datasets/AerialWaste/Extracted/7519.png
182,182.png,3,Degraded area,0,1000,1000,2,1,[],1,/content/drive/MyDrive/landfill_research/datasets/AerialWaste/Extracted/182.png
11590,11590.png,n/a,n/a,0,1036,1066,n/a,0,[],0,/content/drive/MyDrive/landfill_research/datasets/AerialWaste/Extracted/11590.png
5507,5507.png,n/a,n/a,0,1000,1000,n/a,0,[],0,/content/drive/MyDrive/landfill_research/datasets/AerialWaste/Extracted/5507.png
5442,5442.png,n/a,n/a,0,1000,1000,n/a,0,[],0,/content/drive/MyDrive/landfill_research/datasets/AerialWaste/Extracted/5442.png
3730,3730.png,n/a,n/a,0,1000,1000,n/a,0,[],0,/content/drive/MyDrive/landfill_research/datasets/AerialWaste/Extracted/3730.png
5580,5580.png,n/a,n/a,0,1000,1000,n/a,0,[],0,/content/drive/MyDrive/landfill_research/datasets/AerialWaste/Extracted/5580.png
2479,2479.png,n/s,n/s,1,1054,1048,1,1,[3],1,/content/drive/MyDrive/landfill_research/datasets/AerialWaste/Extracted/2479.png
4289,4289.png,n/a,n/a,0,1000,1000,n/a,0,[],0,/content/drive/MyDrive/landfill_research/datasets/AerialWaste/Extracted/4289.png
5954,5954.png,n/a,n/a,0,1000,1000,n/a,0,[],0,/content/drive/MyDrive/landfill_research/datasets/AerialWaste/Extracted/5954.png
6231,6231.png,n/a,n/a,0,1000,1000,n/a,0,[],0,/content/drive/MyDrive/landfill_research/datasets/AerialWaste/Extracted/6231.png
1638,1638.png,1,Other,0,1000,1000,2,1,[],1,/content/drive/MyDrive/landfill_research/datasets/AerialWaste/Extracted/1638.png
7389,7389.png,n/a,n/a,0,1054,1047,n/a,0,[],0,/content/drive/MyDrive/landfill_research/datasets/AerialWaste/Extracted/7389.png
6312,6312.png,n/a,n/a,0,1000,1000,n/a,1,[],1,/content/drive/MyDrive/landfill_research/datasets/AerialWaste/Extracted/6312.png
5003,5003.png,n/a,n/a,0,1000,1000,n/a,0,[],0,/content/drive/MyDrive/landfill_research/datasets/AerialWaste/Extracted/5003.png
781,781.png,1,Degraded area,0,1000,1000,1,1,[],1,/content/drive/MyDrive/landfill_research/datasets/AerialWaste/Extracted/781.png
2693,2693.png,n/s,n/s,0,1056,1045,1,1,[],1,/content/drive/MyDrive/landfill_research/datasets/AerialWaste/Extracted/2693.png
9516,9516.png,n/a,n/a,0,1055,1047,n/a,0,[],0,/content/drive/MyDrive/landfill_research/datasets/AerialWaste/Extracted/9516.png
8257,8257.png,n/a,n/a,0,1044,1057,n/a,0,[],0,/content/drive/MyDrive/landfill_research/datasets/AerialWaste/Extracted/8257.png
3010,3010.png,n/s,n/s,0,1047,1054,3,1,[],1,/content/drive/MyDrive/landfill_research/datasets/AerialWaste/Extracted/3010.png
1891,1891.png,1,Abandoned area,1,1000,1000,1,1,"[1, 2, 16]",1,/content/drive/MyDrive/landfill_research/datasets/AerialWaste/Extracted/1891.png
3793,3793.png,n/a,n/a,0,1000,1000,n/a,0,[],0,/content/drive/MyDrive/landfill_research/datasets/AerialWaste/Extracted/3793.png
6360,6360.png,n/a,n/a,0,1000,1000,n/a,0,[],0,/content/drive/MyDrive/landfill_research/datasets/AerialWaste/Extracted/6360.png
1553,1553.png,1,Agricultural area/farm area,0,1000,1000,1,1,[],1,/content/drive/MyDrive/landfill_research/datasets/AerialWaste/Extracted/1553.png
7391,7391.png,n/a,n/a,0,1055,1047,n/a,0,[],0,/content/drive/MyDrive/landfill_research/datasets/AerialWaste/Extracted/7391.png
1047,1047.png,2,Production site,0,1000,1000,1,1,[],1,/content/drive/MyDrive/landfill_research/datasets/AerialWaste/Extracted/1047.png
2283,2283.png,3,Non production building,0,1000,1000,2,0,[],0,/content/drive/MyDrive/landfill_research/datasets/AerialWaste/Extracted/2283.png
7436,7436.png,n/a,n/a,0,1052,1049,n/a,0,[],0,/content/drive/MyDrive/landfill_research/datasets/AerialWaste/Extracted/7436.png
11613,11613.png,n/a,n/a,0,1046,1055,n/a,0,[],0,/content/drive/MyDrive/landfill_research/datasets/AerialWaste/Extracted/11613.png
7490,7490.png,n/a,n/a,0,1055,1047,n/a,0,[],0,/content/drive/MyDrive/landfill_research/datasets/AerialWaste/Extracted/7490.png
9897,9897.png,n/a,n/a,0,1000,1000,n/a,0,[],0,/content/drive/MyDrive/landfill_research/datasets/AerialWaste/Extracted/9897.png
2302,2302.png,2,Production site,0,1055,1047,2,1,[],1,/content/drive/MyDrive/landfill_research/datasets/AerialWaste/Extracted/2302.png
2337,2337.png,n/a,n/a,0,1048,1054,n/a,0,[],0,/content/drive/MyDrive/landfill_research/datasets/AerialWaste/Extracted/2337.png
10455,10455.png,n/a,n/a,0,1046,1056,n/a,0,[],0,/content/drive/MyDrive/landfill_research/datasets/AerialWaste/Extracted/10455.png
8531,8531.png,n/a,n/a,0,1037,1064,n/a,1,[],1,/content/drive/MyDrive/landfill_research/datasets/AerialWaste/Extracted/8531.png
9346,9346.png,n/a,n/a,0,1000,1000,n/a,0,[],0,/content/drive/MyDrive/landfill_research/datasets/AerialWaste/Extracted/9346.png
1662,1662.png,2,Production site,0,1000,1000,1,1,[],1,/content/drive/MyDrive/landfill_research/datasets/AerialWaste/Extracted/1662.png
9960,9960.png,n/a,n/a,0,1042,1060,n/a,0,[],0,/content/drive/MyDrive/landfill_research/datasets/AerialWaste/Extracted/9960.png
2652,2652.png,n/s,n/s,0,1055,1047,1,1,[],1,/content/drive/MyDrive/landfill_research/datasets/AerialWaste/Extracted/2652.png
5334,5334.png,n/a,n/a,0,1000,1000,n/a,0,[],0,/content/drive/MyDrive/landfill_research/datasets/AerialWaste/Extracted/5334.png
9321,9321.png,n/a,n/a,0,1000,1000,n/a,0,[],0,/content/drive/MyDrive/landfill_research/datasets/AerialWaste/Extracted/9321.png
1960,1960.png,2,Agricultural area/farm area,0,1043,1059,2,1,[],1,/content/drive/MyDrive/landfill_research/datasets/AerialWaste/Extracted/1960.png
9345,9345.png,n/a,n/a,0,1000,1000,n/a,0,[],0,/content/drive/MyDrive/landfill_research/datasets/AerialWaste/Extracted/9345.png
10493,10493.png,n/a,n/a,0,1000,1000,n/a,0,[],0,/content/drive/MyDrive/landfill_research/datasets/AerialWaste/Extracted/10493.png
6031,6031.png,n/a,n/a,0,1000,1000,n/a,0,[],0,/content/drive/MyDrive/landfill_research/datasets/AerialWaste/Extracted/6031.png
1800,1800.png,n/a,n/a,0,1048,1055,n/a,0,[],0,/content/drive/MyDrive/landfill_research/datasets/AerialWaste/Extracted/1800.png
3842,3842.png,n/a,n/a,0,1000,1000,n/a,0,[],0,/content/drive/MyDrive/landfill_research/datasets/AerialWaste/Extracted/3842.png
3226,3226.png,n/s,n/s,0,1036,1067,2,1,[],1,/content/drive/MyDrive/landfill_research/datasets/AerialWaste/Extracted/3226.png
7435,7435.png,n/a,n/a,0,1053,1049,n/a,0,[],0,/content/drive/MyDrive/landfill_research/datasets/AerialWaste/Extracted/7435.png
8784,8784.png,n/a,n/a,0,1000,1000,n/a,0,[],0,/content/drive/MyDrive/landfill_research/datasets/AerialWaste/Extracted/8784.png
2666,2666.png,n/s,n/s,1,1052,1049,1,1,[1],1,/content/drive/MyDrive/landfill_research/datasets/AerialWaste/Extracted/2666.png
10086,10086.png,n/a,n/a,0,1053,1049,n/a,0,[],0,/content/drive/MyDrive/landfill_research/datasets/AerialWaste/Extracted/10086.png
10941,10941.png,n/a,n/a,0,1000,1000,n/a,0,[],0,/content/drive/MyDrive/landfill_research/datasets/AerialWaste/Extracted/10941.png
594,594.png,2,Agricultural area/farm area,0,1000,1000,1,1,[],1,/content/drive/MyDrive/landfill_research/datasets/AerialWaste/Extracted/594.png
1196,1196.png,2,Degraded area,0,1000,1000,2,1,[],1,/content/drive/MyDrive/landfill_research/datasets/AerialWaste/Extracted/1196.png
7470,7470.png,n/a,n/a,0,1058,1043,n/a,0,[],0,/content/drive/MyDrive/landfill_research/datasets/AerialWaste/Extracted/7470.png
9589,9589.png,n/a,n/a,0,1000,1000,n/a,0,[],0,/content/drive/MyDrive/landfill_research/datasets/AerialWaste/Extracted/9589.png
8966,8966.png,n/a,n/a,0,1055,1047,n/a,1,[],1,/content/drive/MyDrive/landfill_research/datasets/AerialWaste/Extracted/8966.png
8473,8473.png,n/a,n/a,0,1034,1068,n/a,0,[],0,/content/drive/MyDrive/landfill_research/datasets/AerialWaste/Extracted/8473.png
336,336.png,2,Production site,1,1000,1000,2,1,"[7, 18, 19]",1,/content/drive/MyDrive/landfill_research/datasets/AerialWaste/Extracted/336.png
9966,9966.png,n/a,n/a,0,1054,1048,n/a,0,[],0,/content/drive/MyDrive/landfill_research/datasets/AerialWaste/Extracted/9966.png
5219,5219.png,n/a,n/a,0,1000,1000,n/a,0,[],0,/content/drive/MyDrive/landfill_research/datasets/AerialWaste/Extracted/5219.png
1349,1349.png,2,Production site,0,1000,1000,2,1,[],1,/content/drive/MyDrive/landfill_research/datasets/AerialWaste/Extracted/1349.png
6652,6652.png,n/a,n/a,0,1000,1000,n/a,0,[],0,/content/drive/MyDrive/landfill_research/datasets/AerialWaste/Extracted/6652.png
2941,2941.png,n/s,n/s,0,1055,1046,3,1,[],1,/content/drive/MyDrive/landfill_research/datasets/AerialWaste/Extracted/2941.png
11288,11288.png,n/a,n/a,0,1000,1000,n/a,0,[],0,/content/drive/MyDrive/landfill_research/datasets/AerialWaste/Extracted/11288.png
6214,6214.png,n/a,n/a,0,1000,1000,n/a,0,[],0,/content/drive/MyDrive/landfill_research/datasets/AerialWaste/Extracted/6214.png
2558,2558.png,n/a,n/a,0,1000,1000,n/a,0,[],0,/content/drive/MyDrive/landfill_research/datasets/AerialWaste/Extracted/2558.png
4595,4595.png,n/a,n/a,0,1000,1000,n/a,0,[],0,/content/drive/MyDrive/landfill_research/datasets/AerialWaste/Extracted/4595.png
10268,10268.png,n/a,n/a,0,1056,1046,n/a,0,[],0,/content/drive/MyDrive/landfill_research/datasets/AerialWaste/Extracted/10268.png
4932,4932.png,n/a,n/a,0,1000,1000,n/a,0,[],0,/content/drive/MyDrive/landfill_research/datasets/AerialWaste/Extracted/4932.png
7624,7624.png,n/a,n/a,0,1058,1043,n/a,0,[],0,/content/drive/MyDrive/landfill_research/datasets/AerialWaste/Extracted/7624.png
2786,2786.png,n/s,n/s,0,1056,1046,1,1,[],1,/content/drive/MyDrive/landfill_research/datasets/AerialWaste/Extracted/2786.png
2898,2898.png,n/s,n/s,0,1055,1047,2,1,[],1,/content/drive/MyDrive/landfill_research/datasets/AerialWaste/Extracted/2898.png
6382,6382.png,n/a,n/a,0,1000,1000,n/a,1,[],1,/content/drive/MyDrive/landfill_research/datasets/AerialWaste/Extracted/6382.png
1654,1654.png,1,Non production building,0,1000,1000,1,1,[],1,/content/drive/MyDrive/landfill_research/datasets/AerialWaste/Extracted/1654.png
3503,3503.png,n/a,n/a,0,1000,1000,n/a,0,[],0,/content/drive/MyDrive/landfill_research/datasets/AerialWaste/Extracted/3503.png
8262,8262.png,n/a,n/a,0,1044,1057,n/a,0,[],0,/content/drive/MyDrive/landfill_research/datasets/AerialWaste/Extracted/8262.png
2378,2378.png,1,Degraded area,1,697,697,1,1,"[1, 2, 3, 4, 8, 16]",1,/content/drive/MyDrive/landfill_research/datasets/AerialWaste/Extracted/2378.png
9950,9950.png,n/a,n/a,0,1000,1000,n/a,0,[],0,/content/drive/MyDrive/landfill_research/datasets/AerialWaste/Extracted/9950.png
160,160.png,0,Production site,1,1000,1000,0,1,[17],1,/content/drive/MyDrive/landfill_research/datasets/AerialWaste/Extracted/160.png
9193,9193.png,n/a,n/a,0,1000,1000,n/a,0,[],0,/content/drive/MyDrive/landfill_research/datasets/AerialWaste/Extracted/9193.png
2961,2961.png,n/s,n/s,0,1051,1051,1,1,[],1,/content/drive/MyDrive/landfill_research/datasets/AerialWaste/Extracted/2961.png
2806,2806.png,n/s,n/s,0,1054,1047,1,1,[],1,/content/drive/MyDrive/landfill_research/datasets/AerialWaste/Extracted/2806.png
6244,6244.png,n/a,n/a,0,1000,1000,n/a,0,[],0,/content/drive/MyDrive/landfill_research/datasets/AerialWaste/Extracted/6244.png
3964,3964.png,n/a,n/a,0,1000,1000,n/a,0,[],0,/content/drive/MyDrive/landfill_research/datasets/AerialWaste/Extracted/3964.png
9203,9203.png,n/a,n/a,0,1000,1000,n/a,0,[],0,/content/drive/MyDrive/landfill_research/datasets/AerialWaste/Extracted/9203.png
3187,3187.png,n/s,n/s,0,1050,1052,1,1,[],1,/content/drive/MyDrive/landfill_research/datasets/AerialWaste/Extracted/3187.png
3876,3876.png,n/a,n/a,0,1000,1000,n/a,0,[],0,/content/drive/MyDrive/landfill_research/datasets/AerialWaste/Extracted/3876.png
10763,10763.png,n/a,n/a,0,1047,1055,n/a,0,[],0,/content/drive/MyDrive/landfill_research/datasets/AerialWaste/Extracted/10763.png
7724,7724.png,n/a,n/a,0,1054,1048,n/a,0,[],0,/content/drive/MyDrive/landfill_research/datasets/AerialWaste/Extracted/7724.png
11682,11682.png,n/a,n/a,0,1055,1047,n/a,0,[],0,/content/drive/MyDrive/landfill_research/datasets/AerialWaste/Extracted/11682.png
6198,6198.png,n/a,n/a,0,1000,1000,n/a,0,[],0,/content/drive/MyDrive/landfill_research/datasets/AerialWaste/Extracted/6198.png
10425,10425.png,n/a,n/a,0,1045,1057,n/a,0,[],0,/content/drive/MyDrive/landfill_research/datasets/AerialWaste/Extracted/10425.png
8125,8125.png,n/a,n/a,0,1046,1055,n/a,0,[],0,/content/drive/MyDrive/landfill_research/datasets/AerialWaste/Extracted/8125.png
7809,7809.png,n/a,n/a,0,1054,1047,n/a,0,[],0,/content/drive/MyDrive/landfill_research/datasets/AerialWaste/Extracted/7809.png
6265,6265.png,n/a,n/a,0,1000,1000,n/a,0,[],0,/content/drive/MyDrive/landfill_research/datasets/AerialWaste/Extracted/6265.png
10171,10171.png,n/a,n/a,0,1055,1047,n/a,0,[],0,/content/drive/MyDrive/landfill_research/datasets/AerialWaste/Extracted/10171.png
2667,2667.png,n/s,n/s,0,1052,1050,1,1,[],1,/content/drive/MyDrive/landfill_research/datasets/AerialWaste/Extracted/2667.png
5887,5887.png,n/a,n/a,0,1000,1000,n/a,0,[],0,/content/drive/MyDrive/landfill_research/datasets/AerialWaste/Extracted/5887.png
11455,11455.png,n/a,n/a,0,1000,1000,n/a,0,[],0,/content/drive/MyDrive/landfill_research/datasets/AerialWaste/Extracted/11455.png
5673,5673.png,n/a,n/a,0,1000,1000,n/a,0,[],0,/content/drive/MyDrive/landfill_research/datasets/AerialWaste/Extracted/5673.png
6166,6166.png,n/a,n/a,0,1000,1000,n/a,0,[],0,/content/drive/MyDrive/landfill_research/datasets/AerialWaste/Extracted/6166.png
3199,3199.png,n/s,n/s,0,1037,1065,2,1,[],1,/content/drive/MyDrive/landfill_research/datasets/AerialWaste/Extracted/3199.png
8263,8263.png,n/a,n/a,0,1045,1056,n/a,0,[],0,/content/drive/MyDrive/landfill_research/datasets/AerialWaste/Extracted/8263.png
3365,3365.png,n/a,n/a,0,1000,1000,n/a,0,[],0,/content/drive/MyDrive/landfill_research/datasets/AerialWaste/Extracted/3365.png
5761,5761.png,n/a,n/a,0,1000,1000,n/a,0,[],0,/content/drive/MyDrive/landfill_research/datasets/AerialWaste/Extracted/5761.png
1999,1999.png,2,Other,1,1000,1000,3,1,"[6, 16]",1,/content/drive/MyDrive/landfill_research/datasets/AerialWaste/Extracted/1999.png
7613,7613.png,n/a,n/a,0,1054,1047,n/a,0,[],0,/content/drive/MyDrive/landfill_research/datasets/AerialWaste/Extracted/7613.png
7909,7909.png,n/a,n/a,0,1049,1052,n/a,0,[],0,/content/drive/MyDrive/landfill_research/datasets/AerialWaste/Extracted/7909.png
6781,6781.png,n/a,n/a,0,697,698,n/a,0,[],0,/content/drive/MyDrive/landfill_research/datasets/AerialWaste/Extracted/6781.png
1807,1807.png,1,Non production building,0,1000,1000,3,1,[],1,/content/drive/MyDrive/landfill_research/datasets/AerialWaste/Extracted/1807.png
4691,4691.png,n/a,n/a,0,1000,1000,n/a,0,[],0,/content/drive/MyDrive/landfill_research/datasets/AerialWaste/Extracted/4691.png
4428,4428.png,n/a,n/a,0,1000,1000,n/a,0,[],0,/content/drive/MyDrive/landfill_research/datasets/AerialWaste/Extracted/4428.png
1962,1962.png,2,Degraded area,1,1000,1000,2,1,"[1, 2, 16]",1,/content/drive/MyDrive/landfill_research/datasets/AerialWaste/Extracted/1962.png
6588,6588.png,n/a,n/a,0,1000,1000,n/a,0,[],0,/content/drive/MyDrive/landfill_research/datasets/AerialWaste/Extracted/6588.png
7814,7814.png,n/a,n/a,0,1038,1063,n/a,1,[],1,/content/drive/MyDrive/landfill_research/datasets/AerialWaste/Extracted/7814.png
6517,6517.png,n/a,n/a,0,1000,1000,n/a,0,[],0,/content/drive/MyDrive/landfill_research/datasets/AerialWaste/Extracted/6517.png
3890,3890.png,n/a,n/a,0,1000,1000,n/a,0,[],0,/content/drive/MyDrive/landfill_research/datasets/AerialWaste/Extracted/3890.png
2324,2324.png,1,Non production building,0,1000,1000,1,1,[],1,/content/drive/MyDrive/landfill_research/datasets/AerialWaste/Extracted/2324.png
3328,3328.png,n/s,n/s,0,1036,1067,1,1,[],1,/content/drive/MyDrive/landfill_research/datasets/AerialWaste/Extracted/3328.png
7763,7763.png,n/a,n/a,0,1054,1048,n/a,0,[],0,/content/drive/MyDrive/landfill_research/datasets/AerialWaste/Extracted/7763.png
8383,8383.png,n/a,n/a,0,1036,1067,n/a,0,[],0,/content/drive/MyDrive/landfill_research/datasets/AerialWaste/Extracted/8383.png
11572,11572.png,n/a,n/a,0,1036,1066,n/a,0,[],0,/content/drive/MyDrive/landfill_research/datasets/AerialWaste/Extracted/11572.png
3255,3255.png,n/s,n/s,0,1036,1065,1,0,[],0,/content/drive/MyDrive/landfill_research/datasets/AerialWaste/Extracted/3255.png
3642,3642.png,n/a,n/a,0,1000,1000,n/a,0,[],0,/content/drive/MyDrive/landfill_research/datasets/AerialWaste/Extracted/3642.png
5374,5374.png,n/a,n/a,0,1000,1000,n/a,0,[],0,/content/drive/MyDrive/landfill_research/datasets/AerialWaste/Extracted/5374.png
9784,9784.png,n/a,n/a,0,1000,1000,n/a,0,[],0,/content/drive/MyDrive/landfill_research/datasets/AerialWaste/Extracted/9784.png
3137,3137.png,n/s,n/s,0,1058,1044,2,1,[],1,/content/drive/MyDrive/landfill_research/datasets/AerialWaste/Extracted/3137.png
9138,9138.png,n/a,n/a,0,1000,1000,n/a,0,[],0,/content/drive/MyDrive/landfill_research/datasets/AerialWaste/Extracted/9138.png
9864,9864.png,n/a,n/a,0,1000,1000,n/a,0,[],0,/content/drive/MyDrive/landfill_research/datasets/AerialWaste/Extracted/9864.png
2913,2913.png,n/a,n/a,0,1000,1000,n/a,0,[],0,/content/drive/MyDrive/landfill_research/datasets/AerialWaste/Extracted/2913.png
4996,4996.png,n/a,n/a,0,1000,1000,n/a,0,[],0,/content/drive/MyDrive/landfill_research/datasets/AerialWaste/Extracted/4996.png
4335,4335.png,n/a,n/a,0,1000,1000,n/a,0,[],0,/content/drive/MyDrive/landfill_research/datasets/AerialWaste/Extracted/4335.png
8626,8626.png,n/a,n/a,0,1046,1056,n/a,0,[],0,/content/drive/MyDrive/landfill_research/datasets/AerialWaste/Extracted/8626.png
8674,8674.png,2,Agricultural area/farm area,0,1000,1000,2,1,[],1,/content/drive/MyDrive/landfill_research/datasets/AerialWaste/Extracted/8674.png
4462,4462.png,n/a,n/a,0,1000,1000,n/a,1,[],1,/content/drive/MyDrive/landfill_research/datasets/AerialWaste/Extracted/4462.png
6982,6982.png,n/a,n/a,0,697,697,n/a,0,[],0,/content/drive/MyDrive/landfill_research/datasets/AerialWaste/Extracted/6982.png
6142,6142.png,n/a,n/a,0,1000,1000,n/a,1,[],1,/content/drive/MyDrive/landfill_research/datasets/AerialWaste/Extracted/6142.png
731,731.png,1,Agricultural area/farm area,0,1000,1000,2,1,[],1,/content/drive/MyDrive/landfill_research/datasets/AerialWaste/Extracted/731.png
2427,2427.png,2,Production site,1,698,697,1,1,"[1, 2, 5, 9, 16, 17]",1,/content/drive/MyDrive/landfill_research/datasets/AerialWaste/Extracted/2427.png
3017,3017.png,n/s,n/s,1,1048,1054,1,1,[6],1,/content/drive/MyDrive/landfill_research/datasets/AerialWaste/Extracted/3017.png
3414,3414.png,n/s,n/s,0,1036,1066,n/s,1,[],1,/content/drive/MyDrive/landfill_research/datasets/AerialWaste/Extracted/3414.png
1952,1952.png,1,Abandoned area,0,1051,1050,2,1,[],1,/content/drive/MyDrive/landfill_research/datasets/AerialWaste/Extracted/1952.png
322,322.png,1,Production site,0,1000,1000,2,1,[],1,/content/drive/MyDrive/landfill_research/datasets/AerialWaste/Extracted/322.png
10906,10906.png,1,Other,1,1049,1053,1,1,"[2, 19]",1,/content/drive/MyDrive/landfill_research/datasets/AerialWaste/Extracted/10906.png
1912,1912.png,1,Agricultural area/farm area,0,1042,1059,1,1,[],1,/content/drive/MyDrive/landfill_research/datasets/AerialWaste/Extracted/1912.png
9853,9853.png,n/a,n/a,0,1000,1000,n/a,0,[],0,/content/drive/MyDrive/landfill_research/datasets/AerialWaste/Extracted/9853.png
9217,9217.png,n/a,n/a,0,1000,1000,n/a,0,[],0,/content/drive/MyDrive/landfill_research/datasets/AerialWaste/Extracted/9217.png
2651,2651.png,n/a,n/a,0,1000,1000,n/a,0,[],0,/content/drive/MyDrive/landfill_research/datasets/AerialWaste/Extracted/2651.png
5498,5498.png,n/a,n/a,0,1000,1000,n/a,0,[],0,/content/drive/MyDrive/landfill_research/datasets/AerialWaste/Extracted/5498.png
2788,2788.png,n/a,n/a,0,1000,1000,n/a,0,[],0,/content/drive/MyDrive/landfill_research/datasets/AerialWaste/Extracted/2788.png
11649,11649.png,n/a,n/a,0,1053,1048,n/a,0,[],0,/content/drive/MyDrive/landfill_research/datasets/AerialWaste/Extracted/11649.png
7081,7081.png,n/a,n/a,0,1000,1000,n/a,0,[],0,/content/drive/MyDrive/landfill_research/datasets/AerialWaste/Extracted/7081.png
10976,10976.png,n/a,n/a,0,1000,1000,n/a,0,[],0,/content/drive/MyDrive/landfill_research/datasets/AerialWaste/Extracted/10976.png
7626,7626.png,n/a,n/a,0,1057,1044,n/a,0,[],0,/content/drive/MyDrive/landfill_research/datasets/AerialWaste/Extracted/7626.png
9241,9241.png,n/a,n/a,0,1000,1000,n/a,0,[],0,/content/drive/MyDrive/landfill_research/datasets/AerialWaste/Extracted/9241.png
10389,10389.png,n/a,n/a,0,1037,1065,n/a,0,[],0,/content/drive/MyDrive/landfill_research/datasets/AerialWaste/Extracted/10389.png
136,136.png,n/a,n/a,0,1000,1000,n/a,0,[],0,/content/drive/MyDrive/landfill_research/datasets/AerialWaste/Extracted/136.png
11195,11195.png,n/a,n/a,0,1000,1000,n/a,0,[],0,/content/drive/MyDrive/landfill_research/datasets/AerialWaste/Extracted/11195.png
3609,3609.png,n/a,n/a,0,1000,1000,n/a,0,[],0,/content/drive/MyDrive/landfill_research/datasets/AerialWaste/Extracted/3609.png
548,548.png,2,Production site,0,1000,1000,2,1,[],1,/content/drive/MyDrive/landfill_research/datasets/AerialWaste/Extracted/548.png
9633,9633.png,n/a,n/a,0,1000,1000,n/a,0,[],0,/content/drive/MyDrive/landfill_research/datasets/AerialWaste/Extracted/9633.png
4831,4831.png,n/a,n/a,0,1000,1000,n/a,0,[],0,/content/drive/MyDrive/landfill_research/datasets/AerialWaste/Extracted/4831.png
10108,10108.png,n/a,n/a,0,1057,1044,n/a,0,[],0,/content/drive/MyDrive/landfill_research/datasets/AerialWaste/Extracted/10108.png
1286,1286.png,2,Degraded area,0,1000,1000,1,1,[],1,/content/drive/MyDrive/landfill_research/datasets/AerialWaste/Extracted/1286.png
6001,6001.png,n/a,n/a,0,1000,1000,n/a,0,[],0,/content/drive/MyDrive/landfill_research/datasets/AerialWaste/Extracted/6001.png
2045,2045.png,1,Agricultural area/farm area,1,1000,1000,1,1,"[1, 2, 3, 4, 16, 20]",1,/content/drive/MyDrive/landfill_research/datasets/AerialWaste/Extracted/2045.png
7787,7787.png,2,Agricultural area/farm area,1,1000,1000,2,1,"[10, 1, 16]",1,/content/drive/MyDrive/landfill_research/datasets/AerialWaste/Extracted/7787.png
4846,4846.png,n/a,n/a,0,1000,1000,n/a,1,[],1,/content/drive/MyDrive/landfill_research/datasets/AerialWaste/Extracted/4846.png
6089,6089.png,n/a,n/a,0,1000,1000,n/a,0,[],0,/content/drive/MyDrive/landfill_research/datasets/AerialWaste/Extracted/6089.png
11495,11495.png,n/a,n/a,0,1000,1000,n/a,0,[],0,/content/drive/MyDrive/landfill_research/datasets/AerialWaste/Extracted/11495.png
4493,4493.png,n/a,n/a,0,1000,1000,n/a,0,[],0,/content/drive/MyDrive/landfill_research/datasets/AerialWaste/Extracted/4493.png
2837,2837.png,n/s,n/s,0,1054,1047,3,1,[],1,/content/drive/MyDrive/landfill_research/datasets/AerialWaste/Extracted/2837.png
8274,8274.png,n/a,n/a,0,1056,1046,n/a,0,[],0,/content/drive/MyDrive/landfill_research/datasets/AerialWaste/Extracted/8274.png
11252,11252.png,n/a,n/a,0,1000,1000,n/a,0,[],0,/content/drive/MyDrive/landfill_research/datasets/AerialWaste/Extracted/11252.png
6178,6178.png,n/a,n/a,0,1000,1000,n/a,0,[],0,/content/drive/MyDrive/landfill_research/datasets/AerialWaste/Extracted/6178.png
1033,1033.png,1,Production site,0,1000,1000,2,1,[],1,/content/drive/MyDrive/landfill_research/datasets/AerialWaste/Extracted/1033.png
62,62.png,2,Production site,0,1000,1000,1,1,[],1,/content/drive/MyDrive/landfill_research/datasets/AerialWaste/Extracted/62.png
10774,10774.png,n/a,n/a,0,1000,1000,n/a,0,[],0,/content/drive/MyDrive/landfill_research/datasets/AerialWaste/Extracted/10774.png
4722,4722.png,n/a,n/a,0,1000,1000,n/a,0,[],0,/content/drive/MyDrive/landfill_research/datasets/AerialWaste/Extracted/4722.png
2154,2154.png,1,Degraded area,1,1000,1000,2,1,"[1, 2, 16]",1,/content/drive/MyDrive/landfill_research/datasets/AerialWaste/Extracted/2154.png
6099,6099.png,n/a,n/a,0,1000,1000,n/a,0,[],0,/content/drive/MyDrive/landfill_research/datasets/AerialWaste/Extracted/6099.png
8154,8154.png,n/a,n/a,0,1046,1055,n/a,0,[],0,/content/drive/MyDrive/landfill_research/datasets/AerialWaste/Extracted/8154.png
9467,9467.png,n/a,n/a,0,1000,1000,n/a,0,[],0,/content/drive/MyDrive/landfill_research/datasets/AerialWaste/Extracted/9467.png
9728,9728.png,n/a,n/a,0,1000,1000,n/a,0,[],0,/content/drive/MyDrive/landfill_research/datasets/AerialWaste/Extracted/9728.png
5563,5563.png,n/a,n/a,0,1000,1000,n/a,0,[],0,/content/drive/MyDrive/landfill_research/datasets/AerialWaste/Extracted/5563.png
270,270.png,2,Non production building,0,1000,1000,1,1,[],1,/content/drive/MyDrive/landfill_research/datasets/AerialWaste/Extracted/270.png
1671,1671.png,n/a,n/a,0,1000,1000,n/a,0,[],0,/content/drive/MyDrive/landfill_research/datasets/AerialWaste/Extracted/1671.png
10229,10229.png,n/a,n/a,0,1045,1057,n/a,0,[],0,/content/drive/MyDrive/landfill_research/datasets/AerialWaste/Extracted/10229.png
9974,9974.png,n/a,n/a,0,1000,1000,n/a,0,[],0,/content/drive/MyDrive/landfill_research/datasets/AerialWaste/Extracted/9974.png
5908,5908.png,n/a,n/a,0,1000,1000,n/a,1,[],1,/content/drive/MyDrive/landfill_research/datasets/AerialWaste/Extracted/5908.png
3213,3213.png,n/a,n/a,0,1000,1000,n/a,0,[],0,/content/drive/MyDrive/landfill_research/datasets/AerialWaste/Extracted/3213.png
905,905.png,1,Production site,0,1000,1000,2,1,[],1,/content/drive/MyDrive/landfill_research/datasets/AerialWaste/Extracted/905.png
8836,8836.png,n/a,n/a,0,1000,1000,n/a,1,[],1,/content/drive/MyDrive/landfill_research/datasets/AerialWaste/Extracted/8836.png
8241,8241.png,n/a,n/a,0,1057,1044,n/a,0,[],0,/content/drive/MyDrive/landfill_research/datasets/AerialWaste/Extracted/8241.png
6233,6233.png,n/a,n/a,0,1000,1000,n/a,0,[],0,/content/drive/MyDrive/landfill_research/datasets/AerialWaste/Extracted/6233.png
3067,3067.png,n/s,n/s,0,1055,1047,1,1,[],1,/content/drive/MyDrive/landfill_research/datasets/AerialWaste/Extracted/3067.png
1156,1156.png,2,Production site,0,1000,1000,2,1,[],1,/content/drive/MyDrive/landfill_research/datasets/AerialWaste/Extracted/1156.png
6121,6121.png,n/a,n/a,0,1000,1000,n/a,0,[],0,/content/drive/MyDrive/landfill_research/datasets/AerialWaste/Extracted/6121.png
4219,4219.png,n/a,n/a,0,1000,1000,n/a,0,[],0,/content/drive/MyDrive/landfill_research/datasets/AerialWaste/Extracted/4219.png
10678,10678.png,n/a,n/a,0,1000,1000,n/a,0,[],0,/content/drive/MyDrive/landfill_research/datasets/AerialWaste/Extracted/10678.png
3764,3764.png,n/a,n/a,0,1000,1000,n/a,0,[],0,/content/drive/MyDrive/landfill_research/datasets/AerialWaste/Extracted/3764.png
9478,9478.png,n/a,n/a,0,1000,1000,n/a,0,[],0,/content/drive/MyDrive/landfill_research/datasets/AerialWaste/Extracted/9478.png
1041,1041.png,2,Production site,0,1000,1000,2,1,[],1,/content/drive/MyDrive/landfill_research/datasets/AerialWaste/Extracted/1041.png
2668,2668.png,n/s,n/s,0,1052,1050,1,1,[],1,/content/drive/MyDrive/landfill_research/datasets/AerialWaste/Extracted/2668.png
11244,11244.png,n/a,n/a,0,1000,1000,n/a,0,[],0,/content/drive/MyDrive/landfill_research/datasets/AerialWaste/Extracted/11244.png
2711,2711.png,n/s,n/s,0,1053,1049,3,1,[],1,/content/drive/MyDrive/landfill_research/datasets/AerialWaste/Extracted/2711.png
7551,7551.png,n/a,n/a,0,1058,1044,n/a,0,[],0,/content/drive/MyDrive/landfill_research/datasets/AerialWaste/Extracted/7551.png
4591,4591.png,n/a,n/a,0,1000,1000,n/a,0,[],0,/content/drive/MyDrive/landfill_research/datasets/AerialWaste/Extracted/4591.png
5635,5635.png,n/a,n/a,0,1000,1000,n/a,0,[],0,/content/drive/MyDrive/landfill_research/datasets/AerialWaste/Extracted/5635.png
11497,11497.png,n/a,n/a,0,1054,1048,n/a,0,[],0,/content/drive/MyDrive/landfill_research/datasets/AerialWaste/Extracted/11497.png
1547,1547.png,1,Other,0,1000,1000,3,1,[],1,/content/drive/MyDrive/landfill_research/datasets/AerialWaste/Extracted/1547.png
1404,1404.png,2,Production site,0,1000,1000,3,1,[],1,/content/drive/MyDrive/landfill_research/datasets/AerialWaste/Extracted/1404.png
8168,8168.png,n/a,n/a,0,1056,1045,n/a,0,[],0,/content/drive/MyDrive/landfill_research/datasets/AerialWaste/Extracted/8168.png
3222,3222.png,n/s,n/s,0,1035,1066,2,1,[],1,/content/drive/MyDrive/landfill_research/datasets/AerialWaste/Extracted/3222.png
11167,11167.png,n/a,n/a,0,1042,1060,n/a,0,[],0,/content/drive/MyDrive/landfill_research/datasets/AerialWaste/Extracted/11167.png
782,782.png,1,Production site,0,1000,1000,2,0,[],0,/content/drive/MyDrive/landfill_research/datasets/AerialWaste/Extracted/782.png
4395,4395.png,n/a,n/a,0,1000,1000,n/a,0,[],0,/content/drive/MyDrive/landfill_research/datasets/AerialWaste/Extracted/4395.png
9620,9620.png,n/a,n/a,0,1000,1000,n/a,0,[],0,/content/drive/MyDrive/landfill_research/datasets/AerialWaste/Extracted/9620.png
5525,5525.png,n/a,n/a,0,1000,1000,n/a,0,[],0,/content/drive/MyDrive/landfill_research/datasets/AerialWaste/Extracted/5525.png
6775,6775.png,n/a,n/a,0,1000,1000,n/a,0,[],0,/content/drive/MyDrive/landfill_research/datasets/AerialWaste/Extracted/6775.png
995,995.png,1,Production site,0,1000,1000,2,1,[],1,/content/drive/MyDrive/landfill_research/datasets/AerialWaste/Extracted/995.png
7293,7293.png,n/a,n/a,0,1056,1045,n/a,0,[],0,/content/drive/MyDrive/landfill_research/datasets/AerialWaste/Extracted/7293.png
2046,2046.png,1,Agricultural area/farm area,1,1000,1000,2,1,"[2, 4, 5, 16]",1,/content/drive/MyDrive/landfill_research/datasets/AerialWaste/Extracted/2046.png
4545,4545.png,n/a,n/a,0,1000,1000,n/a,0,[],0,/content/drive/MyDrive/landfill_research/datasets/AerialWaste/Extracted/4545.png
2930,2930.png,n/s,n/s,0,1053,1049,2,1,[],1,/content/drive/MyDrive/landfill_research/datasets/AerialWaste/Extracted/2930.png
5981,5981.png,n/a,n/a,0,1000,1000,n/a,0,[],0,/content/drive/MyDrive/landfill_research/datasets/AerialWaste/Extracted/5981.png
4369,4369.png,n/a,n/a,0,1000,1000,n/a,0,[],0,/content/drive/MyDrive/landfill_research/datasets/AerialWaste/Extracted/4369.png
1705,1705.png,2,Agricultural area/farm area,0,1000,1000,2,1,[],1,/content/drive/MyDrive/landfill_research/datasets/AerialWaste/Extracted/1705.png
5472,5472.png,n/a,n/a,0,1037,1065,n/a,0,[],0,/content/drive/MyDrive/landfill_research/datasets/AerialWaste/Extracted/5472.png
8567,8567.png,n/a,n/a,0,1038,1064,n/a,0,[],0,/content/drive/MyDrive/landfill_research/datasets/AerialWaste/Extracted/8567.png
5143,5143.png,n/a,n/a,0,1000,1000,n/a,0,[],0,/content/drive/MyDrive/landfill_research/datasets/AerialWaste/Extracted/5143.png
10022,10022.png,n/a,n/a,0,1052,1050,n/a,0,[],0,/content/drive/MyDrive/landfill_research/datasets/AerialWaste/Extracted/10022.png
9624,9624.png,n/a,n/a,0,1000,1000,n/a,0,[],0,/content/drive/MyDrive/landfill_research/datasets/AerialWaste/Extracted/9624.png
6147,6147.png,n/a,n/a,0,1000,1000,n/a,0,[],0,/content/drive/MyDrive/landfill_research/datasets/AerialWaste/Extracted/6147.png
4494,4494.png,n/a,n/a,0,1000,1000,n/a,0,[],0,/content/drive/MyDrive/landfill_research/datasets/AerialWaste/Extracted/4494.png
5509,5509.png,n/a,n/a,0,1000,1000,n/a,0,[],0,/content/drive/MyDrive/landfill_research/datasets/AerialWaste/Extracted/5509.png
7976,7976.png,n/a,n/a,0,1045,1058,n/a,0,[],0,/content/drive/MyDrive/landfill_research/datasets/AerialWaste/Extracted/7976.png
11602,11602.png,n/a,n/a,0,1037,1065,n/a,0,[],0,/content/drive/MyDrive/landfill_research/datasets/AerialWaste/Extracted/11602.png
1863,1863.png,1,Production site,1,1000,1000,1,1,"[1, 10, 16, 19]",1,/content/drive/MyDrive/landfill_research/datasets/AerialWaste/Extracted/1863.png
2632,2632.png,n/s,n/s,0,1052,1049,1,1,[],1,/content/drive/MyDrive/landfill_research/datasets/AerialWaste/Extracted/2632.png
1245,1245.png,2,Degraded area,0,1000,1000,2,1,[],1,/content/drive/MyDrive/landfill_research/datasets/AerialWaste/Extracted/1245.png
151,151.png,1,Agricultural area/farm area,0,1000,1000,2,1,[],1,/content/drive/MyDrive/landfill_research/datasets/AerialWaste/Extracted/151.png
7784,7784.png,n/a,n/a,0,1055,1047,n/a,0,[],0,/content/drive/MyDrive/landfill_research/datasets/AerialWaste/Extracted/7784.png
9188,9188.png,n/a,n/a,0,1000,1000,n/a,0,[],0,/content/drive/MyDrive/landfill_research/datasets/AerialWaste/Extracted/9188.png
1804,1804.png,1,Agricultural area/farm area,0,1000,1000,1,1,[],1,/content/drive/MyDrive/landfill_research/datasets/AerialWaste/Extracted/1804.png
11077,11077.png,2,Other,0,1000,1000,3,1,[],1,/content/drive/MyDrive/landfill_research/datasets/AerialWaste/Extracted/11077.png
1331,1331.png,2,Degraded area,0,1038,1064,1,1,[],1,/content/drive/MyDrive/landfill_research/datasets/AerialWaste/Extracted/1331.png
3741,3741.png,n/a,n/a,0,1000,1000,n/a,0,[],0,/content/drive/MyDrive/landfill_research/datasets/AerialWaste/Extracted/3741.png
184,184.png,1,Agricultural area/farm area,0,1000,1000,2,0,[],0,/content/drive/MyDrive/landfill_research/datasets/AerialWaste/Extracted/184.png
10914,10914.png,n/a,n/a,0,1000,1000,n/a,0,[],0,/content/drive/MyDrive/landfill_research/datasets/AerialWaste/Extracted/10914.png
7332,7332.png,n/a,n/a,0,1058,1044,n/a,0,[],0,/content/drive/MyDrive/landfill_research/datasets/AerialWaste/Extracted/7332.png
7120,7120.png,n/a,n/a,0,1000,1000,n/a,1,[],1,/content/drive/MyDrive/landfill_research/datasets/AerialWaste/Extracted/7120.png
1530,1530.png,1,Production site,0,1000,1000,1,1,[],1,/content/drive/MyDrive/landfill_research/datasets/AerialWaste/Extracted/1530.png
1427,1427.png,2,Production site,0,1000,1000,2,1,[],1,/content/drive/MyDrive/landfill_research/datasets/AerialWaste/Extracted/1427.png
7702,7702.png,n/a,n/a,0,1054,1048,n/a,0,[],0,/content/drive/MyDrive/landfill_research/datasets/AerialWaste/Extracted/7702.png
11304,11304.png,n/a,n/a,0,1000,1000,n/a,0,[],0,/content/drive/MyDrive/landfill_research/datasets/AerialWaste/Extracted/11304.png
4074,4074.png,n/a,n/a,0,1000,1000,n/a,1,[],1,/content/drive/MyDrive/landfill_research/datasets/AerialWaste/Extracted/4074.png
6721,6721.png,n/a,n/a,0,1000,1000,n/a,0,[],0,/content/drive/MyDrive/landfill_research/datasets/AerialWaste/Extracted/6721.png
9368,9368.png,n/a,n/a,0,1000,1000,n/a,0,[],0,/content/drive/MyDrive/landfill_research/datasets/AerialWaste/Extracted/9368.png
479,479.png,n/a,n/a,0,1000,1000,n/a,0,[],0,/content/drive/MyDrive/landfill_research/datasets/AerialWaste/Extracted/479.png
3672,3672.png,n/a,n/a,0,1000,1000,n/a,0,[],0,/content/drive/MyDrive/landfill_research/datasets/AerialWaste/Extracted/3672.png
7835,7835.png,n/a,n/a,0,1054,1047,n/a,0,[],0,/content/drive/MyDrive/landfill_research/datasets/AerialWaste/Extracted/7835.png
5699,5699.png,n/a,n/a,0,1000,1000,n/a,0,[],0,/content/drive/MyDrive/landfill_research/datasets/AerialWaste/Extracted/5699.png
709,709.png,2,Production site,0,1000,1000,2,1,[],1,/content/drive/MyDrive/landfill_research/datasets/AerialWaste/Extracted/709.png
1844,1844.png,1,Production site,0,1000,1000,2,1,[],1,/content/drive/MyDrive/landfill_research/datasets/AerialWaste/Extracted/1844.png
6445,6445.png,n/a,n/a,0,1000,1000,n/a,0,[],0,/content/drive/MyDrive/landfill_research/datasets/AerialWaste/Extracted/6445.png
6788,6788.png,n/a,n/a,0,696,698,n/a,0,[],0,/content/drive/MyDrive/landfill_research/datasets/AerialWaste/Extracted/6788.png
1441,1441.png,1,Other,0,1000,1000,2,1,[],1,/content/drive/MyDrive/landfill_research/datasets/AerialWaste/Extracted/1441.png
1136,1136.png,1,Agricultural area/farm area,0,1000,1000,1,1,[],1,/content/drive/MyDrive/landfill_research/datasets/AerialWaste/Extracted/1136.png
5854,5854.png,n/a,n/a,0,1000,1000,n/a,0,[],0,/content/drive/MyDrive/landfill_research/datasets/AerialWaste/Extracted/5854.png
10169,10169.png,n/a,n/a,0,1057,1045,n/a,0,[],0,/content/drive/MyDrive/landfill_research/datasets/AerialWaste/Extracted/10169.png
8651,8651.png,2,Other,1,1000,1000,2,1,"[3, 4, 17, 16]",1,/content/drive/MyDrive/landfill_research/datasets/AerialWaste/Extracted/8651.png
1969,1969.png,2,Production site,0,1048,1054,1,1,[],1,/content/drive/MyDrive/landfill_research/datasets/AerialWaste/Extracted/1969.png
11376,11376.png,n/a,n/a,0,1000,1000,n/a,0,[],0,/content/drive/MyDrive/landfill_research/datasets/AerialWaste/Extracted/11376.png
3165,3165.png,n/s,n/s,0,1044,1057,1,1,[],1,/content/drive/MyDrive/landfill_research/datasets/AerialWaste/Extracted/3165.png
7025,7025.png,n/a,n/a,0,696,698,n/a,0,[],0,/content/drive/MyDrive/landfill_research/datasets/AerialWaste/Extracted/7025.png
11443,11443.png,n/a,n/a,0,1055,1047,n/a,0,[],0,/content/drive/MyDrive/landfill_research/datasets/AerialWaste/Extracted/11443.png
3608,3608.png,n/a,n/a,0,1000,1000,n/a,0,[],0,/content/drive/MyDrive/landfill_research/datasets/AerialWaste/Extracted/3608.png
9875,9875.png,n/a,n/a,0,1000,1000,n/a,0,[],0,/content/drive/MyDrive/landfill_research/datasets/AerialWaste/Extracted/9875.png
9888,9888.png,n/a,n/a,0,1000,1000,n/a,0,[],0,/content/drive/MyDrive/landfill_research/datasets/AerialWaste/Extracted/9888.png
7453,7453.png,n/a,n/a,0,1053,1049,n/a,0,[],0,/content/drive/MyDrive/landfill_research/datasets/AerialWaste/Extracted/7453.png
1253,1253.png,0,Other,0,1000,1000,0,1,[],1,/content/drive/MyDrive/landfill_research/datasets/AerialWaste/Extracted/1253.png
4942,4942.png,n/a,n/a,0,1000,1000,n/a,0,[],0,/content/drive/MyDrive/landfill_research/datasets/AerialWaste/Extracted/4942.png
197,197.png,n/a,n/a,0,1000,1000,n/a,0,[],0,/content/drive/MyDrive/landfill_research/datasets/AerialWaste/Extracted/197.png
2171,2171.png,2,Production site,1,1000,1000,3,1,"[1, 2, 9, 16]",1,/content/drive/MyDrive/landfill_research/datasets/AerialWaste/Extracted/2171.png
6943,6943.png,n/a,n/a,0,1000,1000,n/a,0,[],0,/content/drive/MyDrive/landfill_research/datasets/AerialWaste/Extracted/6943.png
5323,5323.png,n/a,n/a,0,1000,1000,n/a,0,[],0,/content/drive/MyDrive/landfill_research/datasets/AerialWaste/Extracted/5323.png
1867,1867.png,2,Degraded area,1,1000,1000,2,1,"[1, 4, 16]",1,/content/drive/MyDrive/landfill_research/datasets/AerialWaste/Extracted/1867.png
7679,7679.png,n/a,n/a,0,1050,1051,n/a,0,[],0,/content/drive/MyDrive/landfill_research/datasets/AerialWaste/Extracted/7679.png
2714,2714.png,n/s,n/s,0,1055,1047,2,1,[],1,/content/drive/MyDrive/landfill_research/datasets/AerialWaste/Extracted/2714.png
9846,9846.png,n/a,n/a,0,1000,1000,n/a,0,[],0,/content/drive/MyDrive/landfill_research/datasets/AerialWaste/Extracted/9846.png
5426,5426.png,n/a,n/a,0,1000,1000,n/a,0,[],0,/content/drive/MyDrive/landfill_research/datasets/AerialWaste/Extracted/5426.png
9054,9054.png,n/a,n/a,0,1000,1000,n/a,0,[],0,/content/drive/MyDrive/landfill_research/datasets/AerialWaste/Extracted/9054.png
10638,10638.png,n/a,n/a,0,1000,1000,n/a,0,[],0,/content/drive/MyDrive/landfill_research/datasets/AerialWaste/Extracted/10638.png
4829,4829.png,n/a,n/a,0,1000,1000,n/a,0,[],0,/content/drive/MyDrive/landfill_research/datasets/AerialWaste/Extracted/4829.png
476,476.png,1,Agricultural area/farm area,0,1000,1000,2,0,[],0,/content/drive/MyDrive/landfill_research/datasets/AerialWaste/Extracted/476.png
9493,9493.png,n/a,n/a,0,1000,1000,n/a,0,[],0,/content/drive/MyDrive/landfill_research/datasets/AerialWaste/Extracted/9493.png
11051,11051.png,1,Production site,1,1045,1057,1,1,[6],1,/content/drive/MyDrive/landfill_research/datasets/AerialWaste/Extracted/11051.png
1226,1226.png,2,Degraded area,0,1000,1000,1,1,[],1,/content/drive/MyDrive/landfill_research/datasets/AerialWaste/Extracted/1226.png
1499,1499.png,1,Degraded area,0,1000,1000,3,1,[],1,/content/drive/MyDrive/landfill_research/datasets/AerialWaste/Extracted/1499.png
9682,9682.png,n/a,n/a,0,1038,1064,n/a,0,[],0,/content/drive/MyDrive/landfill_research/datasets/AerialWaste/Extracted/9682.png
11052,11052.png,2,Production site,1,1000,1000,1,1,"[5, 19, 18, 20, 16]",1,/content/drive/MyDrive/landfill_research/datasets/AerialWaste/Extracted/11052.png
2059,2059.png,2,Other,1,1000,1000,2,1,"[1, 2, 3, 4, 5, 7, 16]",1,/content/drive/MyDrive/landfill_research/datasets/AerialWaste/Extracted/2059.png
1280,1280.png,n/a,n/a,0,1044,1058,n/a,0,[],0,/content/drive/MyDrive/landfill_research/datasets/AerialWaste/Extracted/1280.png
5677,5677.png,n/a,n/a,0,1000,1000,n/a,0,[],0,/content/drive/MyDrive/landfill_research/datasets/AerialWaste/Extracted/5677.png
6386,6386.png,n/a,n/a,0,1000,1000,n/a,0,[],0,/content/drive/MyDrive/landfill_research/datasets/AerialWaste/Extracted/6386.png
10053,10053.png,n/a,n/a,0,1056,1046,n/a,0,[],0,/content/drive/MyDrive/landfill_research/datasets/AerialWaste/Extracted/10053.png
3161,3161.png,n/s,n/s,0,1045,1057,2,1,[],1,/content/drive/MyDrive/landfill_research/datasets/AerialWaste/Extracted/3161.png
4811,4811.png,n/a,n/a,0,1000,1000,n/a,0,[],0,/content/drive/MyDrive/landfill_research/datasets/AerialWaste/Extracted/4811.png
9417,9417.png,n/a,n/a,0,1000,1000,n/a,0,[],0,/content/drive/MyDrive/landfill_research/datasets/AerialWaste/Extracted/9417.png
4498,4498.png,n/a,n/a,0,1000,1000,n/a,0,[],0,/content/drive/MyDrive/landfill_research/datasets/AerialWaste/Extracted/4498.png
10875,10875.png,n/a,n/a,0,1000,1000,n/a,0,[],0,/content/drive/MyDrive/landfill_research/datasets/AerialWaste/Extracted/10875.png
11433,11433.png,n/a,n/a,0,1046,1056,n/a,0,[],0,/content/drive/MyDrive/landfill_research/datasets/AerialWaste/Extracted/11433.png
11617,11617.png,n/a,n/a,0,1042,1060,n/a,0,[],0,/content/drive/MyDrive/landfill_research/datasets/AerialWaste/Extracted/11617.png
1997,1997.png,2,Degraded area,0,1051,1051,3,1,[],1,/content/drive/MyDrive/landfill_research/datasets/AerialWaste/Extracted/1997.png
5499,5499.png,n/a,n/a,0,1000,1000,n/a,0,[],0,/content/drive/MyDrive/landfill_research/datasets/AerialWaste/Extracted/5499.png
9262,9262.png,n/a,n/a,0,1000,1000,n/a,0,[],0,/content/drive/MyDrive/landfill_research/datasets/AerialWaste/Extracted/9262.png
6639,6639.png,n/a,n/a,0,1000,1000,n/a,0,[],0,/content/drive/MyDrive/landfill_research/datasets/AerialWaste/Extracted/6639.png
3439,3439.png,n/s,n/s,0,1045,1056,n/s,1,[],1,/content/drive/MyDrive/landfill_research/datasets/AerialWaste/Extracted/3439.png
8247,8247.png,n/a,n/a,0,1044,1057,n/a,0,[],0,/content/drive/MyDrive/landfill_research/datasets/AerialWaste/Extracted/8247.png
10788,10788.png,n/a,n/a,0,1042,1060,n/a,0,[],0,/content/drive/MyDrive/landfill_research/datasets/AerialWaste/Extracted/10788.png
2815,2815.png,n/s,n/s,0,1056,1046,1,1,[],1,/content/drive/MyDrive/landfill_research/datasets/AerialWaste/Extracted/2815.png
3570,3570.png,n/a,n/a,0,1000,1000,n/a,0,[],0,/content/drive/MyDrive/landfill_research/datasets/AerialWaste/Extracted/3570.png
8733,8733.png,n/a,n/a,0,1000,1000,n/a,0,[],0,/content/drive/MyDrive/landfill_research/datasets/AerialWaste/Extracted/8733.png
5372,5372.png,n/a,n/a,0,1000,1000,n/a,0,[],0,/content/drive/MyDrive/landfill_research/datasets/AerialWaste/Extracted/5372.png
4799,4799.png,n/a,n/a,0,1000,1000,n/a,0,[],0,/content/drive/MyDrive/landfill_research/datasets/AerialWaste/Extracted/4799.png
4521,4521.png,n/a,n/a,0,1000,1000,n/a,0,[],0,/content/drive/MyDrive/landfill_research/datasets/AerialWaste/Extracted/4521.png
8004,8004.png,n/a,n/a,0,1045,1056,n/a,1,[],1,/content/drive/MyDrive/landfill_research/datasets/AerialWaste/Extracted/8004.png
3081,3081.png,n/s,n/s,0,1055,1047,3,1,[],1,/content/drive/MyDrive/landfill_research/datasets/AerialWaste/Extracted/3081.png
442,442.png,1,Non production building,0,1000,1000,1,1,[],1,/content/drive/MyDrive/landfill_research/datasets/AerialWaste/Extracted/442.png
10833,10833.png,2,Production site,1,1049,1053,1,1,"[2, 19, 16]",1,/content/drive/MyDrive/landfill_research/datasets/AerialWaste/Extracted/10833.png
2918,2918.png,n/s,n/s,0,1052,1049,1,1,[],1,/content/drive/MyDrive/landfill_research/datasets/AerialWaste/Extracted/2918.png
10157,10157.png,n/a,n/a,0,1051,1051,n/a,0,[],0,/content/drive/MyDrive/landfill_research/datasets/AerialWaste/Extracted/10157.png
5569,5569.png,n/a,n/a,0,1000,1000,n/a,0,[],0,/content/drive/MyDrive/landfill_research/datasets/AerialWaste/Extracted/5569.png
8023,8023.png,n/a,n/a,0,1046,1054,n/a,0,[],0,/content/drive/MyDrive/landfill_research/datasets/AerialWaste/Extracted/8023.png
1918,1918.png,2,Production site,0,1053,1049,3,1,[],1,/content/drive/MyDrive/landfill_research/datasets/AerialWaste/Extracted/1918.png
8999,8999.png,n/a,n/a,0,1036,1065,n/a,0,[],0,/content/drive/MyDrive/landfill_research/datasets/AerialWaste/Extracted/8999.png
8394,8394.png,1,Production site,1,1000,1000,1,1,[18],1,/content/drive/MyDrive/landfill_research/datasets/AerialWaste/Extracted/8394.png
5186,5186.png,n/a,n/a,0,1000,1000,n/a,0,[],0,/content/drive/MyDrive/landfill_research/datasets/AerialWaste/Extracted/5186.png
1545,1545.png,2,Other,0,1000,1000,1,1,[],1,/content/drive/MyDrive/landfill_research/datasets/AerialWaste/Extracted/1545.png
3856,3856.png,n/a,n/a,0,1000,1000,n/a,0,[],0,/content/drive/MyDrive/landfill_research/datasets/AerialWaste/Extracted/3856.png
11074,11074.png,n/a,n/a,0,1000,1000,n/a,0,[],0,/content/drive/MyDrive/landfill_research/datasets/AerialWaste/Extracted/11074.png
10831,10831.png,2,Degraded area,1,1055,1048,2,1,"[2, 3, 1, 5, 16]",1,/content/drive/MyDrive/landfill_research/datasets/AerialWaste/Extracted/10831.png
4339,4339.png,n/a,n/a,0,1000,1000,n/a,0,[],0,/content/drive/MyDrive/landfill_research/datasets/AerialWaste/Extracted/4339.png
11392,11392.png,n/a,n/a,0,1000,1000,n/a,0,[],0,/content/drive/MyDrive/landfill_research/datasets/AerialWaste/Extracted/11392.png
543,543.png,2,Production site,0,1000,1000,1,0,[],0,/content/drive/MyDrive/landfill_research/datasets/AerialWaste/Extracted/543.png
3591,3591.png,n/a,n/a,0,1000,1000,n/a,0,[],0,/content/drive/MyDrive/landfill_research/datasets/AerialWaste/Extracted/3591.png
7669,7669.png,2,Production site,1,1000,1000,2,1,[16],1,/content/drive/MyDrive/landfill_research/datasets/AerialWaste/Extracted/7669.png
682,682.png,1,Production site,1,1000,1000,1,1,[17],1,/content/drive/MyDrive/landfill_research/datasets/AerialWaste/Extracted/682.png
4394,4394.png,n/a,n/a,0,1000,1000,n/a,0,[],0,/content/drive/MyDrive/landfill_research/datasets/AerialWaste/Extracted/4394.png
6359,6359.png,n/a,n/a,0,1000,1000,n/a,0,[],0,/content/drive/MyDrive/landfill_research/datasets/AerialWaste/Extracted/6359.png
4341,4341.png,n/a,n/a,0,1000,1000,n/a,0,[],0,/content/drive/MyDrive/landfill_research/datasets/AerialWaste/Extracted/4341.png
7997,7997.png,n/a,n/a,0,1055,1047,n/a,0,[],0,/content/drive/MyDrive/landfill_research/datasets/AerialWaste/Extracted/7997.png
7975,7975.png,n/a,n/a,0,1044,1057,n/a,0,[],0,/content/drive/MyDrive/landfill_research/datasets/AerialWaste/Extracted/7975.png
993,993.png,3,Degraded area,0,1000,1000,3,1,[],1,/content/drive/MyDrive/landfill_research/datasets/AerialWaste/Extracted/993.png
7713,7713.png,n/a,n/a,0,1056,1045,n/a,0,[],0,/content/drive/MyDrive/landfill_research/datasets/AerialWaste/Extracted/7713.png
11094,11094.png,1,Agricultural area/farm area,1,1044,1058,2,1,"[1, 5, 16]",1,/content/drive/MyDrive/landfill_research/datasets/AerialWaste/Extracted/11094.png
894,894.png,2,Degraded area,0,1000,1000,2,1,[],1,/content/drive/MyDrive/landfill_research/datasets/AerialWaste/Extracted/894.png
5974,5974.png,n/a,n/a,0,1000,1000,n/a,0,[],0,/content/drive/MyDrive/landfill_research/datasets/AerialWaste/Extracted/5974.png
1209,1209.png,2,Degraded area,0,1000,1000,3,1,[],1,/content/drive/MyDrive/landfill_research/datasets/AerialWaste/Extracted/1209.png
8323,8323.png,n/a,n/a,0,1035,1067,n/a,0,[],0,/content/drive/MyDrive/landfill_research/datasets/AerialWaste/Extracted/8323.png
10697,10697.png,n/a,n/a,0,1000,1000,n/a,0,[],0,/content/drive/MyDrive/landfill_research/datasets/AerialWaste/Extracted/10697.png
3323,3323.png,n/s,n/s,0,1035,1066,1,1,[],1,/content/drive/MyDrive/landfill_research/datasets/AerialWaste/Extracted/3323.png
8718,8718.png,n/a,n/a,0,1000,1000,n/a,0,[],0,/content/drive/MyDrive/landfill_research/datasets/AerialWaste/Extracted/8718.png
6615,6615.png,n/a,n/a,0,1000,1000,n/a,0,[],0,/content/drive/MyDrive/landfill_research/datasets/AerialWaste/Extracted/6615.png
6438,6438.png,n/a,n/a,0,1048,1054,n/a,0,[],0,/content/drive/MyDrive/landfill_research/datasets/AerialWaste/Extracted/6438.png
7877,7877.png,n/a,n/a,0,1053,1049,n/a,0,[],0,/content/drive/MyDrive/landfill_research/datasets/AerialWaste/Extracted/7877.png
2008,2008.png,1,Production site,1,1000,1000,1,1,"[2, 16]",1,/content/drive/MyDrive/landfill_research/datasets/AerialWaste/Extracted/2008.png
7268,7268.png,n/a,n/a,0,1057,1044,n/a,0,[],0,/content/drive/MyDrive/landfill_research/datasets/AerialWaste/Extracted/7268.png
6136,6136.png,n/a,n/a,0,1000,1000,n/a,0,[],0,/content/drive/MyDrive/landfill_research/datasets/AerialWaste/Extracted/6136.png
4014,4014.png,n/a,n/a,0,1000,1000,n/a,0,[],0,/content/drive/MyDrive/landfill_research/datasets/AerialWaste/Extracted/4014.png
10140,10140.png,n/a,n/a,0,1057,1045,n/a,0,[],0,/content/drive/MyDrive/landfill_research/datasets/AerialWaste/Extracted/10140.png
7847,7847.png,1,Production site,1,1000,1000,1,1,"[4, 17, 16]",1,/content/drive/MyDrive/landfill_research/datasets/AerialWaste/Extracted/7847.png
8479,8479.png,1,Agricultural area/farm area,1,1000,1000,1,1,"[2, 16]",1,/content/drive/MyDrive/landfill_research/datasets/AerialWaste/Extracted/8479.png
11308,11308.png,n/a,n/a,0,1000,1000,n/a,0,[],0,/content/drive/MyDrive/landfill_research/datasets/AerialWaste/Extracted/11308.png
11205,11205.png,n/a,n/a,0,1000,1000,n/a,0,[],0,/content/drive/MyDrive/landfill_research/datasets/AerialWaste/Extracted/11205.png
8679,8679.png,2,Production site,1,1000,1000,1,1,[16],1,/content/drive/MyDrive/landfill_research/datasets/AerialWaste/Extracted/8679.png
7951,7951.png,n/a,n/a,0,1045,1057,n/a,0,[],0,/content/drive/MyDrive/landfill_research/datasets/AerialWaste/Extracted/7951.png
1270,1270.png,1,Production site,0,1000,1000,2,1,[],1,/content/drive/MyDrive/landfill_research/datasets/AerialWaste/Extracted/1270.png
6723,6723.png,n/a,n/a,0,1000,1000,n/a,0,[],0,/content/drive/MyDrive/landfill_research/datasets/AerialWaste/Extracted/6723.png
9413,9413.png,n/a,n/a,0,1000,1000,n/a,1,[],1,/content/drive/MyDrive/landfill_research/datasets/AerialWaste/Extracted/9413.png
2773,2773.png,n/s,n/s,0,1054,1048,1,1,[],1,/content/drive/MyDrive/landfill_research/datasets/AerialWaste/Extracted/2773.png
5362,5362.png,n/a,n/a,0,1000,1000,n/a,0,[],0,/content/drive/MyDrive/landfill_research/datasets/AerialWaste/Extracted/5362.png
5989,5989.png,n/a,n/a,0,1000,1000,n/a,0,[],0,/content/drive/MyDrive/landfill_research/datasets/AerialWaste/Extracted/5989.png
10099,10099.png,n/a,n/a,0,1055,1046,n/a,0,[],0,/content/drive/MyDrive/landfill_research/datasets/AerialWaste/Extracted/10099.png
2450,2450.png,1,Production site,1,1000,1000,1,1,[17],1,/content/drive/MyDrive/landfill_research/datasets/AerialWaste/Extracted/2450.png
5201,5201.png,n/a,n/a,0,1000,1000,n/a,0,[],0,/content/drive/MyDrive/landfill_research/datasets/AerialWaste/Extracted/5201.png
2354,2354.png,2,Abandoned area,1,1000,1000,2,1,"[1, 5, 16]",1,/content/drive/MyDrive/landfill_research/datasets/AerialWaste/Extracted/2354.png
4916,4916.png,n/a,n/a,0,1000,1000,n/a,1,[],1,/content/drive/MyDrive/landfill_research/datasets/AerialWaste/Extracted/4916.png
11012,11012.png,1,Abandoned area,1,1045,1056,1,1,"[12, 16]",1,/content/drive/MyDrive/landfill_research/datasets/AerialWaste/Extracted/11012.png
9807,9807.png,n/a,n/a,0,1000,1000,n/a,0,[],0,/content/drive/MyDrive/landfill_research/datasets/AerialWaste/Extracted/9807.png
7054,7054.png,n/a,n/a,0,696,698,n/a,0,[],0,/content/drive/MyDrive/landfill_research/datasets/AerialWaste/Extracted/7054.png
11028,11028.png,2,Production site,1,1000,1000,2,1,"[6, 16]",1,/content/drive/MyDrive/landfill_research/datasets/AerialWaste/Extracted/11028.png
4270,4270.png,n/a,n/a,0,1000,1000,n/a,0,[],0,/content/drive/MyDrive/landfill_research/datasets/AerialWaste/Extracted/4270.png
7544,7544.png,n/a,n/a,0,1056,1045,n/a,0,[],0,/content/drive/MyDrive/landfill_research/datasets/AerialWaste/Extracted/7544.png
8680,8680.png,1,Production site,1,1000,1000,2,1,"[1, 16]",1,/content/drive/MyDrive/landfill_research/datasets/AerialWaste/Extracted/8680.png
1273,1273.png,2,Degraded area,0,1000,1000,1,1,[],1,/content/drive/MyDrive/landfill_research/datasets/AerialWaste/Extracted/1273.png
121,121.png,1,Agricultural area/farm area,0,1000,1000,2,0,[],0,/content/drive/MyDrive/landfill_research/datasets/AerialWaste/Extracted/121.png
5059,5059.png,n/a,n/a,0,1000,1000,n/a,0,[],0,/content/drive/MyDrive/landfill_research/datasets/AerialWaste/Extracted/5059.png
5441,5441.png,n/a,n/a,0,1000,1000,n/a,0,[],0,/content/drive/MyDrive/landfill_research/datasets/AerialWaste/Extracted/5441.png
5082,5082.png,n/a,n/a,0,1000,1000,n/a,0,[],0,/content/drive/MyDrive/landfill_research/datasets/AerialWaste/Extracted/5082.png
5513,5513.png,n/a,n/a,0,1000,1000,n/a,0,[],0,/content/drive/MyDrive/landfill_research/datasets/AerialWaste/Extracted/5513.png
6420,6420.png,n/a,n/a,0,1043,1059,n/a,0,[],0,/content/drive/MyDrive/landfill_research/datasets/AerialWaste/Extracted/6420.png
9380,9380.png,n/a,n/a,0,1000,1000,n/a,0,[],0,/content/drive/MyDrive/landfill_research/datasets/AerialWaste/Extracted/9380.png
11123,11123.png,n/a,n/a,0,1036,1066,n/a,0,[],0,/content/drive/MyDrive/landfill_research/datasets/AerialWaste/Extracted/11123.png
11299,11299.png,n/a,n/a,0,1000,1000,n/a,0,[],0,/content/drive/MyDrive/landfill_research/datasets/AerialWaste/Extracted/11299.png
4538,4538.png,n/a,n/a,0,1000,1000,n/a,0,[],0,/content/drive/MyDrive/landfill_research/datasets/AerialWaste/Extracted/4538.png
3614,3614.png,n/a,n/a,0,1000,1000,n/a,0,[],0,/content/drive/MyDrive/landfill_research/datasets/AerialWaste/Extracted/3614.png
9575,9575.png,n/a,n/a,0,1000,1000,n/a,0,[],0,/content/drive/MyDrive/landfill_research/datasets/AerialWaste/Extracted/9575.png
6217,6217.png,n/a,n/a,0,1000,1000,n/a,0,[],0,/content/drive/MyDrive/landfill_research/datasets/AerialWaste/Extracted/6217.png
2061,2061.png,2,Degraded area,1,1000,1000,3,1,"[1, 2, 4, 16]",1,/content/drive/MyDrive/landfill_research/datasets/AerialWaste/Extracted/2061.png
1089,1089.png,1,Production site,0,1000,1000,2,1,[],1,/content/drive/MyDrive/landfill_research/datasets/AerialWaste/Extracted/1089.png
4495,4495.png,n/a,n/a,0,1000,1000,n/a,0,[],0,/content/drive/MyDrive/landfill_research/datasets/AerialWaste/Extracted/4495.png
7426,7426.png,n/a,n/a,0,1053,1049,n/a,0,[],0,/content/drive/MyDrive/landfill_research/datasets/AerialWaste/Extracted/7426.png
852,852.png,2,Abandoned area,0,1000,1000,2,1,[],1,/content/drive/MyDrive/landfill_research/datasets/AerialWaste/Extracted/852.png
567,567.png,3,Degraded area,0,1000,1000,3,1,[],1,/content/drive/MyDrive/landfill_research/datasets/AerialWaste/Extracted/567.png
1146,1146.png,1,Production site,0,1000,1000,1,1,[],1,/content/drive/MyDrive/landfill_research/datasets/AerialWaste/Extracted/1146.png
1888,1888.png,2,Production site,1,1000,1000,2,1,"[1, 2, 4, 5, 16]",1,/content/drive/MyDrive/landfill_research/datasets/AerialWaste/Extracted/1888.png
1248,1248.png,2,Production site,0,1000,1000,1,1,[],1,/content/drive/MyDrive/landfill_research/datasets/AerialWaste/Extracted/1248.png
1152,1152.png,2,Production site,0,1000,1000,3,1,[],1,/content/drive/MyDrive/landfill_research/datasets/AerialWaste/Extracted/1152.png
10469,10469.png,n/a,n/a,0,1000,1000,n/a,0,[],0,/content/drive/MyDrive/landfill_research/datasets/AerialWaste/Extracted/10469.png
7299,7299.png,n/a,n/a,0,1057,1045,n/a,0,[],0,/content/drive/MyDrive/landfill_research/datasets/AerialWaste/Extracted/7299.png
58,58.png,2,Production site,0,1000,1000,1,1,[],1,/content/drive/MyDrive/landfill_research/datasets/AerialWaste/Extracted/58.png
887,887.png,2,Production site,0,1000,1000,1,1,[],1,/content/drive/MyDrive/landfill_research/datasets/AerialWaste/Extracted/887.png
9256,9256.png,n/a,n/a,0,1000,1000,n/a,0,[],0,/content/drive/MyDrive/landfill_research/datasets/AerialWaste/Extracted/9256.png
1904,1904.png,1,Production site,1,1000,1000,2,1,"[1, 3, 4, 13, 16]",1,/content/drive/MyDrive/landfill_research/datasets/AerialWaste/Extracted/1904.png
3786,3786.png,n/a,n/a,0,1000,1000,n/a,0,[],0,/content/drive/MyDrive/landfill_research/datasets/AerialWaste/Extracted/3786.png
10949,10949.png,2,Production site,1,1048,1053,1,1,[16],1,/content/drive/MyDrive/landfill_research/datasets/AerialWaste/Extracted/10949.png
9259,9259.png,n/a,n/a,0,1000,1000,n/a,0,[],0,/content/drive/MyDrive/landfill_research/datasets/AerialWaste/Extracted/9259.png
9410,9410.png,n/a,n/a,0,1000,1000,n/a,0,[],0,/content/drive/MyDrive/landfill_research/datasets/AerialWaste/Extracted/9410.png
8470,8470.png,n/a,n/a,0,1034,1067,n/a,1,[],1,/content/drive/MyDrive/landfill_research/datasets/AerialWaste/Extracted/8470.png
10535,10535.png,n/a,n/a,0,1048,1054,n/a,0,[],0,/content/drive/MyDrive/landfill_research/datasets/AerialWaste/Extracted/10535.png
1019,1019.png,1,Non production building,0,1000,1000,2,1,[],1,/content/drive/MyDrive/landfill_research/datasets/AerialWaste/Extracted/1019.png
3864,3864.png,n/a,n/a,0,1000,1000,n/a,0,[],0,/content/drive/MyDrive/landfill_research/datasets/AerialWaste/Extracted/3864.png
7242,7242.png,n/a,n/a,0,1054,1047,n/a,0,[],0,/content/drive/MyDrive/landfill_research/datasets/AerialWaste/Extracted/7242.png
8039,8039.png,n/a,n/a,0,1048,1053,n/a,0,[],0,/content/drive/MyDrive/landfill_research/datasets/AerialWaste/Extracted/8039.png
289,289.png,2,Agricultural area/farm area,0,1000,1000,3,1,[],1,/content/drive/MyDrive/landfill_research/datasets/AerialWaste/Extracted/289.png
1163,1163.png,1,Agricultural area/farm area,0,1000,1000,1,1,[],1,/content/drive/MyDrive/landfill_research/datasets/AerialWaste/Extracted/1163.png
9971,9971.png,n/a,n/a,0,1055,1047,n/a,1,[],1,/content/drive/MyDrive/landfill_research/datasets/AerialWaste/Extracted/9971.png
5431,5431.png,n/a,n/a,0,1000,1000,n/a,0,[],0,/content/drive/MyDrive/landfill_research/datasets/AerialWaste/Extracted/5431.png
7129,7129.png,1,Degraded area,1,1000,1000,1,1,"[1, 16]",1,/content/drive/MyDrive/landfill_research/datasets/AerialWaste/Extracted/7129.png
8977,8977.png,n/a,n/a,0,1055,1046,n/a,0,[],0,/content/drive/MyDrive/landfill_research/datasets/AerialWaste/Extracted/8977.png
11149,11149.png,n/a,n/a,0,1000,1000,n/a,0,[],0,/content/drive/MyDrive/landfill_research/datasets/AerialWaste/Extracted/11149.png
10192,10192.png,n/a,n/a,0,1054,1047,n/a,0,[],0,/content/drive/MyDrive/landfill_research/datasets/AerialWaste/Extracted/10192.png
11388,11388.png,n/a,n/a,0,1000,1000,n/a,0,[],0,/content/drive/MyDrive/landfill_research/datasets/AerialWaste/Extracted/11388.png
11699,11699.png,n/a,n/a,0,1038,1064,n/a,0,[],0,/content/drive/MyDrive/landfill_research/datasets/AerialWaste/Extracted/11699.png
9017,9017.png,n/a,n/a,0,1037,1064,n/a,0,[],0,/content/drive/MyDrive/landfill_research/datasets/AerialWaste/Extracted/9017.png
3720,3720.png,n/a,n/a,0,1000,1000,n/a,0,[],0,/content/drive/MyDrive/landfill_research/datasets/AerialWaste/Extracted/3720.png
11098,11098.png,n/a,n/a,0,1000,1000,n/a,0,[],0,/content/drive/MyDrive/landfill_research/datasets/AerialWaste/Extracted/11098.png
8871,8871.png,n/a,n/a,0,696,698,n/a,1,[],1,/content/drive/MyDrive/landfill_research/datasets/AerialWaste/Extracted/8871.png
7338,7338.png,n/a,n/a,0,1057,1045,n/a,0,[],0,/content/drive/MyDrive/landfill_research/datasets/AerialWaste/Extracted/7338.png
930,930.png,2,Non production building,0,1000,1000,1,1,[],1,/content/drive/MyDrive/landfill_research/datasets/AerialWaste/Extracted/930.png
2577,2577.png,n/a,n/a,0,1000,1000,n/a,0,[],0,/content/drive/MyDrive/landfill_research/datasets/AerialWaste/Extracted/2577.png
2895,2895.png,n/s,n/s,0,1054,1047,2,1,[],1,/content/drive/MyDrive/landfill_research/datasets/AerialWaste/Extracted/2895.png
5063,5063.png,n/a,n/a,0,1000,1000,n/a,0,[],0,/content/drive/MyDrive/landfill_research/datasets/AerialWaste/Extracted/5063.png
4955,4955.png,n/a,n/a,0,1000,1000,n/a,0,[],0,/content/drive/MyDrive/landfill_research/datasets/AerialWaste/Extracted/4955.png
7382,7382.png,n/a,n/a,0,1054,1048,n/a,0,[],0,/content/drive/MyDrive/landfill_research/datasets/AerialWaste/Extracted/7382.png
8222,8222.png,n/a,n/a,0,1058,1044,n/a,0,[],0,/content/drive/MyDrive/landfill_research/datasets/AerialWaste/Extracted/8222.png
6117,6117.png,n/a,n/a,0,1000,1000,n/a,0,[],0,/content/drive/MyDrive/landfill_research/datasets/AerialWaste/Extracted/6117.png
5394,5394.png,n/a,n/a,0,1000,1000,n/a,0,[],0,/content/drive/MyDrive/landfill_research/datasets/AerialWaste/Extracted/5394.png
4169,4169.png,n/a,n/a,0,1000,1000,n/a,0,[],0,/content/drive/MyDrive/landfill_research/datasets/AerialWaste/Extracted/4169.png
5548,5548.png,n/a,n/a,0,1000,1000,n/a,0,[],0,/content/drive/MyDrive/landfill_research/datasets/AerialWaste/Extracted/5548.png
6291,6291.png,n/a,n/a,0,1000,1000,n/a,0,[],0,/content/drive/MyDrive/landfill_research/datasets/AerialWaste/Extracted/6291.png
1313,1313.png,1,Production site,0,1000,1000,1,1,[],1,/content/drive/MyDrive/landfill_research/datasets/AerialWaste/Extracted/1313.png
4422,4422.png,n/a,n/a,0,1000,1000,n/a,0,[],0,/content/drive/MyDrive/landfill_research/datasets/AerialWaste/Extracted/4422.png
4134,4134.png,n/a,n/a,0,1000,1000,n/a,0,[],0,/content/drive/MyDrive/landfill_research/datasets/AerialWaste/Extracted/4134.png
7244,7244.png,n/a,n/a,0,1054,1048,n/a,0,[],0,/content/drive/MyDrive/landfill_research/datasets/AerialWaste/Extracted/7244.png
4676,4676.png,n/a,n/a,0,1000,1000,n/a,0,[],0,/content/drive/MyDrive/landfill_research/datasets/AerialWaste/Extracted/4676.png
9211,9211.png,n/a,n/a,0,1000,1000,n/a,0,[],0,/content/drive/MyDrive/landfill_research/datasets/AerialWaste/Extracted/9211.png
10068,10068.png,n/a,n/a,0,1053,1048,n/a,0,[],0,/content/drive/MyDrive/landfill_research/datasets/AerialWaste/Extracted/10068.png
8346,8346.png,n/a,n/a,0,1036,1065,n/a,1,[],1,/content/drive/MyDrive/landfill_research/datasets/AerialWaste/Extracted/8346.png
5495,5495.png,n/a,n/a,0,1000,1000,n/a,0,[],0,/content/drive/MyDrive/landfill_research/datasets/AerialWaste/Extracted/5495.png
1588,1588.png,1,Production site,0,1000,1000,1,1,[],1,/content/drive/MyDrive/landfill_research/datasets/AerialWaste/Extracted/1588.png
6395,6395.png,n/a,n/a,0,1052,1050,n/a,0,[],0,/content/drive/MyDrive/landfill_research/datasets/AerialWaste/Extracted/6395.png
8101,8101.png,n/a,n/a,0,1055,1046,n/a,0,[],0,/content/drive/MyDrive/landfill_research/datasets/AerialWaste/Extracted/8101.png
4502,4502.png,n/a,n/a,0,1000,1000,n/a,0,[],0,/content/drive/MyDrive/landfill_research/datasets/AerialWaste/Extracted/4502.png
4451,4451.png,n/a,n/a,0,1000,1000,n/a,0,[],0,/content/drive/MyDrive/landfill_research/datasets/AerialWaste/Extracted/4451.png
6969,6969.png,n/a,n/a,0,1055,1046,n/a,0,[],0,/content/drive/MyDrive/landfill_research/datasets/AerialWaste/Extracted/6969.png
195,195.png,n/a,n/a,0,1000,1000,n/a,0,[],0,/content/drive/MyDrive/landfill_research/datasets/AerialWaste/Extracted/195.png
11139,11139.png,n/a,n/a,0,1000,1000,n/a,0,[],0,/content/drive/MyDrive/landfill_research/datasets/AerialWaste/Extracted/11139.png
4967,4967.png,n/a,n/a,0,1000,1000,n/a,0,[],0,/content/drive/MyDrive/landfill_research/datasets/AerialWaste/Extracted/4967.png
4018,4018.png,n/a,n/a,0,1000,1000,n/a,0,[],0,/content/drive/MyDrive/landfill_research/datasets/AerialWaste/Extracted/4018.png
10300,10300.png,n/a,n/a,0,1052,1049,n/a,0,[],0,/content/drive/MyDrive/landfill_research/datasets/AerialWaste/Extracted/10300.png
5543,5543.png,n/a,n/a,0,1000,1000,n/a,0,[],0,/content/drive/MyDrive/landfill_research/datasets/AerialWaste/Extracted/5543.png
4540,4540.png,n/a,n/a,0,1000,1000,n/a,0,[],0,/content/drive/MyDrive/landfill_research/datasets/AerialWaste/Extracted/4540.png
1197,1197.png,2,Degraded area,0,1000,1000,1,1,[],1,/content/drive/MyDrive/landfill_research/datasets/AerialWaste/Extracted/1197.png
81,81.png,2,Degraded area,0,1000,1000,2,1,[],1,/content/drive/MyDrive/landfill_research/datasets/AerialWaste/Extracted/81.png
1816,1816.png,2,Agricultural area/farm area,0,1000,1000,2,1,[],1,/content/drive/MyDrive/landfill_research/datasets/AerialWaste/Extracted/1816.png
9896,9896.png,n/a,n/a,0,1000,1000,n/a,0,[],0,/content/drive/MyDrive/landfill_research/datasets/AerialWaste/Extracted/9896.png
360,360.png,1,Agricultural area/farm area,0,1000,1000,1,1,[],1,/content/drive/MyDrive/landfill_research/datasets/AerialWaste/Extracted/360.png
11119,11119.png,n/a,n/a,0,1037,1065,n/a,0,[],0,/content/drive/MyDrive/landfill_research/datasets/AerialWaste/Extracted/11119.png
5943,5943.png,n/a,n/a,0,1000,1000,n/a,0,[],0,/content/drive/MyDrive/landfill_research/datasets/AerialWaste/Extracted/5943.png
2407,2407.png,1,Production site,0,1052,1050,1,1,[],1,/content/drive/MyDrive/landfill_research/datasets/AerialWaste/Extracted/2407.png
6068,6068.png,n/a,n/a,0,1000,1000,n/a,0,[],0,/content/drive/MyDrive/landfill_research/datasets/AerialWaste/Extracted/6068.png
8167,8167.png,n/a,n/a,0,1056,1046,n/a,0,[],0,/content/drive/MyDrive/landfill_research/datasets/AerialWaste/Extracted/8167.png
11034,11034.png,1,Degraded area,1,1000,1000,1,1,"[2, 1, 4, 16]",1,/content/drive/MyDrive/landfill_research/datasets/AerialWaste/Extracted/11034.png
3511,3511.png,n/a,n/a,0,1000,1000,n/a,0,[],0,/content/drive/MyDrive/landfill_research/datasets/AerialWaste/Extracted/3511.png
9511,9511.png,n/a,n/a,0,1000,1000,n/a,1,[],1,/content/drive/MyDrive/landfill_research/datasets/AerialWaste/Extracted/9511.png
3303,3303.png,n/s,n/s,0,1038,1064,2,1,[],1,/content/drive/MyDrive/landfill_research/datasets/AerialWaste/Extracted/3303.png
7325,7325.png,n/a,n/a,0,1057,1045,n/a,0,[],0,/content/drive/MyDrive/landfill_research/datasets/AerialWaste/Extracted/7325.png
6800,6800.png,n/a,n/a,0,1000,1000,n/a,0,[],0,/content/drive/MyDrive/landfill_research/datasets/AerialWaste/Extracted/6800.png
9774,9774.png,n/a,n/a,0,1000,1000,n/a,0,[],0,/content/drive/MyDrive/landfill_research/datasets/AerialWaste/Extracted/9774.png
10669,10669.png,n/a,n/a,0,1048,1054,n/a,0,[],0,/content/drive/MyDrive/landfill_research/datasets/AerialWaste/Extracted/10669.png
3219,3219.png,n/s,n/s,0,1036,1066,2,1,[],1,/content/drive/MyDrive/landfill_research/datasets/AerialWaste/Extracted/3219.png
856,856.png,3,Production site,0,1000,1000,3,1,[],1,/content/drive/MyDrive/landfill_research/datasets/AerialWaste/Extracted/856.png
10838,10838.png,2,Agricultural area/farm area,1,1044,1058,3,1,"[2, 3, 1, 4, 16]",1,/content/drive/MyDrive/landfill_research/datasets/AerialWaste/Extracted/10838.png
9837,9837.png,n/a,n/a,0,1000,1000,n/a,0,[],0,/content/drive/MyDrive/landfill_research/datasets/AerialWaste/Extracted/9837.png
11366,11366.png,n/a,n/a,0,1000,1000,n/a,0,[],0,/content/drive/MyDrive/landfill_research/datasets/AerialWaste/Extracted/11366.png
10184,10184.png,n/a,n/a,0,1055,1047,n/a,0,[],0,/content/drive/MyDrive/landfill_research/datasets/AerialWaste/Extracted/10184.png
5161,5161.png,n/a,n/a,0,1000,1000,n/a,0,[],0,/content/drive/MyDrive/landfill_research/datasets/AerialWaste/Extracted/5161.png
3752,3752.png,n/a,n/a,0,1000,1000,n/a,0,[],0,/content/drive/MyDrive/landfill_research/datasets/AerialWaste/Extracted/3752.png
3621,3621.png,n/a,n/a,0,1000,1000,n/a,0,[],0,/content/drive/MyDrive/landfill_research/datasets/AerialWaste/Extracted/3621.png
7483,7483.png,n/a,n/a,0,1056,1046,n/a,0,[],0,/content/drive/MyDrive/landfill_research/datasets/AerialWaste/Extracted/7483.png
5838,5838.png,n/a,n/a,0,1000,1000,n/a,0,[],0,/content/drive/MyDrive/landfill_research/datasets/AerialWaste/Extracted/5838.png
6725,6725.png,n/a,n/a,0,1054,1048,n/a,0,[],0,/content/drive/MyDrive/landfill_research/datasets/AerialWaste/Extracted/6725.png
6316,6316.png,n/a,n/a,0,1000,1000,n/a,1,[],1,/content/drive/MyDrive/landfill_research/datasets/AerialWaste/Extracted/6316.png
6822,6822.png,n/a,n/a,0,1000,1000,n/a,0,[],0,/content/drive/MyDrive/landfill_research/datasets/AerialWaste/Extracted/6822.png
10863,10863.png,n/a,n/a,0,1000,1000,n/a,0,[],0,/content/drive/MyDrive/landfill_research/datasets/AerialWaste/Extracted/10863.png
5714,5714.png,n/a,n/a,0,1000,1000,n/a,0,[],0,/content/drive/MyDrive/landfill_research/datasets/AerialWaste/Extracted/5714.png
10662,10662.png,n/a,n/a,0,1045,1058,n/a,0,[],0,/content/drive/MyDrive/landfill_research/datasets/AerialWaste/Extracted/10662.png
4306,4306.png,n/a,n/a,0,1000,1000,n/a,0,[],0,/content/drive/MyDrive/landfill_research/datasets/AerialWaste/Extracted/4306.png
8607,8607.png,n/a,n/a,0,1036,1066,n/a,0,[],0,/content/drive/MyDrive/landfill_research/datasets/AerialWaste/Extracted/8607.png
5078,5078.png,n/a,n/a,0,1000,1000,n/a,0,[],0,/content/drive/MyDrive/landfill_research/datasets/AerialWaste/Extracted/5078.png
10934,10934.png,n/a,n/a,0,1000,1000,n/a,0,[],0,/content/drive/MyDrive/landfill_research/datasets/AerialWaste/Extracted/10934.png
4208,4208.png,n/a,n/a,0,1000,1000,n/a,0,[],0,/content/drive/MyDrive/landfill_research/datasets/AerialWaste/Extracted/4208.png
10854,10854.png,1,Degraded area,1,1043,1058,1,1,"[2, 1, 4, 16]",1,/content/drive/MyDrive/landfill_research/datasets/AerialWaste/Extracted/10854.png
377,377.png,3,Agricultural area/farm area,0,1000,1000,2,1,[],1,/content/drive/MyDrive/landfill_research/datasets/AerialWaste/Extracted/377.png
3683,3683.png,n/a,n/a,0,1000,1000,n/a,0,[],0,/content/drive/MyDrive/landfill_research/datasets/AerialWaste/Extracted/3683.png
7427,7427.png,n/a,n/a,0,1053,1049,n/a,0,[],0,/content/drive/MyDrive/landfill_research/datasets/AerialWaste/Extracted/7427.png
7946,7946.png,n/a,n/a,0,1057,1044,n/a,0,[],0,/content/drive/MyDrive/landfill_research/datasets/AerialWaste/Extracted/7946.png
5017,5017.png,n/a,n/a,0,1000,1000,n/a,0,[],0,/content/drive/MyDrive/landfill_research/datasets/AerialWaste/Extracted/5017.png
2513,2513.png,n/s,n/s,0,1057,1045,2,1,[],1,/content/drive/MyDrive/landfill_research/datasets/AerialWaste/Extracted/2513.png
9861,9861.png,n/a,n/a,0,1000,1000,n/a,0,[],0,/content/drive/MyDrive/landfill_research/datasets/AerialWaste/Extracted/9861.png
9384,9384.png,n/a,n/a,0,1000,1000,n/a,0,[],0,/content/drive/MyDrive/landfill_research/datasets/AerialWaste/Extracted/9384.png
2468,2468.png,1,Production site,0,1050,1052,1,1,[],1,/content/drive/MyDrive/landfill_research/datasets/AerialWaste/Extracted/2468.png
1897,1897.png,1,Production site,1,1000,1000,1,1,"[2, 4, 16, 20]",1,/content/drive/MyDrive/landfill_research/datasets/AerialWaste/Extracted/1897.png
6325,6325.png,n/a,n/a,0,1000,1000,n/a,0,[],0,/content/drive/MyDrive/landfill_research/datasets/AerialWaste/Extracted/6325.png
11652,11652.png,n/a,n/a,0,1044,1058,n/a,0,[],0,/content/drive/MyDrive/landfill_research/datasets/AerialWaste/Extracted/11652.png
7611,7611.png,n/a,n/a,0,1054,1047,n/a,0,[],0,/content/drive/MyDrive/landfill_research/datasets/AerialWaste/Extracted/7611.png
6882,6882.png,n/a,n/a,0,1055,1047,n/a,0,[],0,/content/drive/MyDrive/landfill_research/datasets/AerialWaste/Extracted/6882.png
4933,4933.png,n/a,n/a,0,1000,1000,n/a,0,[],0,/content/drive/MyDrive/landfill_research/datasets/AerialWaste/Extracted/4933.png
6602,6602.png,n/a,n/a,0,1000,1000,n/a,0,[],0,/content/drive/MyDrive/landfill_research/datasets/AerialWaste/Extracted/6602.png
40,40.png,2,Production site,0,1000,1000,1,1,[],1,/content/drive/MyDrive/landfill_research/datasets/AerialWaste/Extracted/40.png
2136,2136.png,0,Other,1,1000,1000,0,1,"[2, 4, 5, 9, 20]",1,/content/drive/MyDrive/landfill_research/datasets/AerialWaste/Extracted/2136.png
1085,1085.png,2,Degraded area,0,1000,1000,1,0,[],0,/content/drive/MyDrive/landfill_research/datasets/AerialWaste/Extracted/1085.png
9644,9644.png,n/a,n/a,0,1000,1000,n/a,0,[],0,/content/drive/MyDrive/landfill_research/datasets/AerialWaste/Extracted/9644.png
10017,10017.png,n/a,n/a,0,1057,1044,n/a,0,[],0,/content/drive/MyDrive/landfill_research/datasets/AerialWaste/Extracted/10017.png
9734,9734.png,n/a,n/a,0,1000,1000,n/a,0,[],0,/content/drive/MyDrive/landfill_research/datasets/AerialWaste/Extracted/9734.png
1304,1304.png,1,Non production building,0,1000,1000,1,1,[],1,/content/drive/MyDrive/landfill_research/datasets/AerialWaste/Extracted/1304.png
4603,4603.png,n/a,n/a,0,1000,1000,n/a,0,[],0,/content/drive/MyDrive/landfill_research/datasets/AerialWaste/Extracted/4603.png
106,106.png,1,Production site,0,1000,1000,2,1,[],1,/content/drive/MyDrive/landfill_research/datasets/AerialWaste/Extracted/106.png
911,911.png,2,Production site,0,1000,1000,2,1,[],1,/content/drive/MyDrive/landfill_research/datasets/AerialWaste/Extracted/911.png
10892,10892.png,n/a,n/a,0,1000,1000,n/a,0,[],0,/content/drive/MyDrive/landfill_research/datasets/AerialWaste/Extracted/10892.png
8883,8883.png,n/a,n/a,0,1000,1000,n/a,0,[],0,/content/drive/MyDrive/landfill_research/datasets/AerialWaste/Extracted/8883.png
5960,5960.png,n/a,n/a,0,1000,1000,n/a,0,[],0,/content/drive/MyDrive/landfill_research/datasets/AerialWaste/Extracted/5960.png
10186,10186.png,n/a,n/a,0,1055,1047,n/a,0,[],0,/content/drive/MyDrive/landfill_research/datasets/AerialWaste/Extracted/10186.png
2237,2237.png,2,Agricultural area/farm area,0,1055,1047,2,1,[],1,/content/drive/MyDrive/landfill_research/datasets/AerialWaste/Extracted/2237.png
213,213.png,2,Abandoned area,0,1000,1000,1,1,[],1,/content/drive/MyDrive/landfill_research/datasets/AerialWaste/Extracted/213.png
4960,4960.png,n/a,n/a,0,1000,1000,n/a,0,[],0,/content/drive/MyDrive/landfill_research/datasets/AerialWaste/Extracted/4960.png
8727,8727.png,n/a,n/a,0,1000,1000,n/a,0,[],0,/content/drive/MyDrive/landfill_research/datasets/AerialWaste/Extracted/8727.png
3346,3346.png,n/a,n/a,0,1000,1000,n/a,0,[],0,/content/drive/MyDrive/landfill_research/datasets/AerialWaste/Extracted/3346.png
3521,3521.png,n/a,n/a,0,1000,1000,n/a,0,[],0,/content/drive/MyDrive/landfill_research/datasets/AerialWaste/Extracted/3521.png
5270,5270.png,n/a,n/a,0,1000,1000,n/a,0,[],0,/content/drive/MyDrive/landfill_research/datasets/AerialWaste/Extracted/5270.png
4629,4629.png,n/a,n/a,0,1000,1000,n/a,1,[],1,/content/drive/MyDrive/landfill_research/datasets/AerialWaste/Extracted/4629.png
9764,9764.png,n/a,n/a,0,1000,1000,n/a,0,[],0,/content/drive/MyDrive/landfill_research/datasets/AerialWaste/Extracted/9764.png
1134,1134.png,2,Agricultural area/farm area,0,1000,1000,2,1,[],1,/content/drive/MyDrive/landfill_research/datasets/AerialWaste/Extracted/1134.png
9961,9961.png,n/a,n/a,0,1049,1052,n/a,0,[],0,/content/drive/MyDrive/landfill_research/datasets/AerialWaste/Extracted/9961.png
7830,7830.png,3,Production site,1,1000,1000,3,1,[18],1,/content/drive/MyDrive/landfill_research/datasets/AerialWaste/Extracted/7830.png
8513,8513.png,1,Production site,1,1000,1000,1,1,"[2, 3, 4, 16]",1,/content/drive/MyDrive/landfill_research/datasets/AerialWaste/Extracted/8513.png
7164,7164.png,n/a,n/a,0,1051,1050,n/a,0,[],0,/content/drive/MyDrive/landfill_research/datasets/AerialWaste/Extracted/7164.png
10840,10840.png,3,Non production building,1,1000,1000,1,1,"[2, 1, 16]",1,/content/drive/MyDrive/landfill_research/datasets/AerialWaste/Extracted/10840.png
10572,10572.png,n/a,n/a,0,1000,1000,n/a,0,[],0,/content/drive/MyDrive/landfill_research/datasets/AerialWaste/Extracted/10572.png
332,332.png,n/a,n/a,0,1000,1000,n/a,0,[],0,/content/drive/MyDrive/landfill_research/datasets/AerialWaste/Extracted/332.png
11180,11180.png,n/a,n/a,0,1058,1044,n/a,0,[],0,/content/drive/MyDrive/landfill_research/datasets/AerialWaste/Extracted/11180.png
10796,10796.png,1,Non production building,1,1053,1049,2,1,"[2, 14, 3, 5, 4]",1,/content/drive/MyDrive/landfill_research/datasets/AerialWaste/Extracted/10796.png
8022,8022.png,1,Production site,1,1000,1000,2,1,[2],1,/content/drive/MyDrive/landfill_research/datasets/AerialWaste/Extracted/8022.png
2038,2038.png,2,Production site,1,1000,1000,2,1,"[4, 6, 16, 19]",1,/content/drive/MyDrive/landfill_research/datasets/AerialWaste/Extracted/2038.png
8150,8150.png,n/a,n/a,0,1046,1056,n/a,0,[],0,/content/drive/MyDrive/landfill_research/datasets/AerialWaste/Extracted/8150.png
10700,10700.png,n/a,n/a,0,1000,1000,n/a,0,[],0,/content/drive/MyDrive/landfill_research/datasets/AerialWaste/Extracted/10700.png
11440,11440.png,n/a,n/a,0,1050,1052,n/a,0,[],0,/content/drive/MyDrive/landfill_research/datasets/AerialWaste/Extracted/11440.png
5268,5268.png,n/a,n/a,0,1000,1000,n/a,1,[],1,/content/drive/MyDrive/landfill_research/datasets/AerialWaste/Extracted/5268.png
3373,3373.png,n/a,n/a,0,1000,1000,n/a,0,[],0,/content/drive/MyDrive/landfill_research/datasets/AerialWaste/Extracted/3373.png
8191,8191.png,n/a,n/a,0,1056,1046,n/a,0,[],0,/content/drive/MyDrive/landfill_research/datasets/AerialWaste/Extracted/8191.png
7606,7606.png,n/a,n/a,0,1053,1048,n/a,0,[],0,/content/drive/MyDrive/landfill_research/datasets/AerialWaste/Extracted/7606.png
1856,1856.png,1,Agricultural area/farm area,0,1000,1000,3,1,[],1,/content/drive/MyDrive/landfill_research/datasets/AerialWaste/Extracted/1856.png
6106,6106.png,n/a,n/a,0,1000,1000,n/a,0,[],0,/content/drive/MyDrive/landfill_research/datasets/AerialWaste/Extracted/6106.png
7532,7532.png,n/a,n/a,0,1055,1046,n/a,0,[],0,/content/drive/MyDrive/landfill_research/datasets/AerialWaste/Extracted/7532.png
1582,1582.png,n/a,n/a,0,1042,1059,n/a,0,[],0,/content/drive/MyDrive/landfill_research/datasets/AerialWaste/Extracted/1582.png
3433,3433.png,n/s,n/s,0,1045,1056,n/s,1,[],1,/content/drive/MyDrive/landfill_research/datasets/AerialWaste/Extracted/3433.png
7392,7392.png,n/a,n/a,0,1056,1046,n/a,0,[],0,/content/drive/MyDrive/landfill_research/datasets/AerialWaste/Extracted/7392.png
10142,10142.png,n/a,n/a,0,1057,1045,n/a,0,[],0,/content/drive/MyDrive/landfill_research/datasets/AerialWaste/Extracted/10142.png
9979,9979.png,n/a,n/a,0,1054,1047,n/a,0,[],0,/content/drive/MyDrive/landfill_research/datasets/AerialWaste/Extracted/9979.png
9078,9078.png,n/a,n/a,0,1000,1000,n/a,0,[],0,/content/drive/MyDrive/landfill_research/datasets/AerialWaste/Extracted/9078.png
5516,5516.png,n/a,n/a,0,1000,1000,n/a,0,[],0,/content/drive/MyDrive/landfill_research/datasets/AerialWaste/Extracted/5516.png
766,766.png,1,Production site,0,1000,1000,1,1,[],1,/content/drive/MyDrive/landfill_research/datasets/AerialWaste/Extracted/766.png
3831,3831.png,n/a,n/a,0,1000,1000,n/a,0,[],0,/content/drive/MyDrive/landfill_research/datasets/AerialWaste/Extracted/3831.png
1610,1610.png,2,Production site,0,1000,1000,1,1,[],1,/content/drive/MyDrive/landfill_research/datasets/AerialWaste/Extracted/1610.png
3997,3997.png,n/a,n/a,0,1000,1000,n/a,0,[],0,/content/drive/MyDrive/landfill_research/datasets/AerialWaste/Extracted/3997.png
10797,10797.png,1,Agricultural area/farm area,1,1000,1000,3,1,"[1, 16]",1,/content/drive/MyDrive/landfill_research/datasets/AerialWaste/Extracted/10797.png
9325,9325.png,n/a,n/a,0,1000,1000,n/a,0,[],0,/content/drive/MyDrive/landfill_research/datasets/AerialWaste/Extracted/9325.png
4229,4229.png,n/a,n/a,0,1000,1000,n/a,0,[],0,/content/drive/MyDrive/landfill_research/datasets/AerialWaste/Extracted/4229.png
10195,10195.png,n/a,n/a,0,1055,1046,n/a,0,[],0,/content/drive/MyDrive/landfill_research/datasets/AerialWaste/Extracted/10195.png
3251,3251.png,n/s,n/s,0,1035,1067,1,1,[],1,/content/drive/MyDrive/landfill_research/datasets/AerialWaste/Extracted/3251.png
2510,2510.png,n/s,n/s,0,1056,1045,3,1,[],1,/content/drive/MyDrive/landfill_research/datasets/AerialWaste/Extracted/2510.png
9084,9084.png,n/a,n/a,0,1000,1000,n/a,0,[],0,/content/drive/MyDrive/landfill_research/datasets/AerialWaste/Extracted/9084.png
9247,9247.png,n/a,n/a,0,1000,1000,n/a,0,[],0,/content/drive/MyDrive/landfill_research/datasets/AerialWaste/Extracted/9247.png
9641,9641.png,n/a,n/a,0,1000,1000,n/a,0,[],0,/content/drive/MyDrive/landfill_research/datasets/AerialWaste/Extracted/9641.png
5428,5428.png,n/a,n/a,0,1000,1000,n/a,0,[],0,/content/drive/MyDrive/landfill_research/datasets/AerialWaste/Extracted/5428.png
7723,7723.png,n/a,n/a,0,1054,1048,n/a,0,[],0,/content/drive/MyDrive/landfill_research/datasets/AerialWaste/Extracted/7723.png
11586,11586.png,n/a,n/a,0,1000,1000,n/a,0,[],0,/content/drive/MyDrive/landfill_research/datasets/AerialWaste/Extracted/11586.png
10699,10699.png,n/a,n/a,0,1045,1057,n/a,0,[],0,/content/drive/MyDrive/landfill_research/datasets/AerialWaste/Extracted/10699.png
1659,1659.png,2,Production site,0,1000,1000,2,1,[],1,/content/drive/MyDrive/landfill_research/datasets/AerialWaste/Extracted/1659.png
6812,6812.png,n/a,n/a,0,1000,1000,n/a,0,[],0,/content/drive/MyDrive/landfill_research/datasets/AerialWaste/Extracted/6812.png
9542,9542.png,n/a,n/a,0,1000,1000,n/a,0,[],0,/content/drive/MyDrive/landfill_research/datasets/AerialWaste/Extracted/9542.png
8073,8073.png,n/a,n/a,0,1050,1052,n/a,0,[],0,/content/drive/MyDrive/landfill_research/datasets/AerialWaste/Extracted/8073.png
7053,7053.png,n/a,n/a,0,696,698,n/a,0,[],0,/content/drive/MyDrive/landfill_research/datasets/AerialWaste/Extracted/7053.png
9296,9296.png,n/a,n/a,0,1000,1000,n/a,0,[],0,/content/drive/MyDrive/landfill_research/datasets/AerialWaste/Extracted/9296.png
5493,5493.png,n/a,n/a,0,1000,1000,n/a,0,[],0,/content/drive/MyDrive/landfill_research/datasets/AerialWaste/Extracted/5493.png
6455,6455.png,n/a,n/a,0,1000,1000,n/a,0,[],0,/content/drive/MyDrive/landfill_research/datasets/AerialWaste/Extracted/6455.png
165,165.png,1,Agricultural area/farm area,0,1000,1000,2,1,[],1,/content/drive/MyDrive/landfill_research/datasets/AerialWaste/Extracted/165.png
2211,2211.png,2,Degraded area,1,1000,1000,1,1,"[1, 2, 11, 16]",1,/content/drive/MyDrive/landfill_research/datasets/AerialWaste/Extracted/2211.png
9242,9242.png,n/a,n/a,0,1000,1000,n/a,1,[],1,/content/drive/MyDrive/landfill_research/datasets/AerialWaste/Extracted/9242.png
10456,10456.png,n/a,n/a,0,1000,1000,n/a,0,[],0,/content/drive/MyDrive/landfill_research/datasets/AerialWaste/Extracted/10456.png
9724,9724.png,n/a,n/a,0,1000,1000,n/a,0,[],0,/content/drive/MyDrive/landfill_research/datasets/AerialWaste/Extracted/9724.png
5567,5567.png,n/a,n/a,0,1000,1000,n/a,0,[],0,/content/drive/MyDrive/landfill_research/datasets/AerialWaste/Extracted/5567.png
2532,2532.png,n/s,n/s,0,1057,1045,3,1,[],1,/content/drive/MyDrive/landfill_research/datasets/AerialWaste/Extracted/2532.png
6680,6680.png,n/a,n/a,0,1000,1000,n/a,0,[],0,/content/drive/MyDrive/landfill_research/datasets/AerialWaste/Extracted/6680.png
4610,4610.png,n/a,n/a,0,1000,1000,n/a,0,[],0,/content/drive/MyDrive/landfill_research/datasets/AerialWaste/Extracted/4610.png
3487,3487.png,n/a,n/a,0,1044,1058,n/a,0,[],0,/content/drive/MyDrive/landfill_research/datasets/AerialWaste/Extracted/3487.png
9405,9405.png,n/a,n/a,0,1000,1000,n/a,0,[],0,/content/drive/MyDrive/landfill_research/datasets/AerialWaste/Extracted/9405.png
1576,1576.png,2,Production site,0,1000,1000,1,1,[],1,/content/drive/MyDrive/landfill_research/datasets/AerialWaste/Extracted/1576.png
1051,1051.png,1,Degraded area,0,1000,1000,2,1,[],1,/content/drive/MyDrive/landfill_research/datasets/AerialWaste/Extracted/1051.png
7534,7534.png,n/a,n/a,0,1055,1046,n/a,0,[],0,/content/drive/MyDrive/landfill_research/datasets/AerialWaste/Extracted/7534.png
11481,11481.png,n/a,n/a,0,1000,1000,n/a,0,[],0,/content/drive/MyDrive/landfill_research/datasets/AerialWaste/Extracted/11481.png
7177,7177.png,n/a,n/a,0,1000,1000,n/a,0,[],0,/content/drive/MyDrive/landfill_research/datasets/AerialWaste/Extracted/7177.png
3963,3963.png,n/a,n/a,0,1000,1000,n/a,0,[],0,/content/drive/MyDrive/landfill_research/datasets/AerialWaste/Extracted/3963.png
11208,11208.png,n/a,n/a,0,1050,1052,n/a,0,[],0,/content/drive/MyDrive/landfill_research/datasets/AerialWaste/Extracted/11208.png
6601,6601.png,n/a,n/a,0,1000,1000,n/a,0,[],0,/content/drive/MyDrive/landfill_research/datasets/AerialWaste/Extracted/6601.png
2751,2751.png,n/s,n/s,0,1057,1044,2,1,[],1,/content/drive/MyDrive/landfill_research/datasets/AerialWaste/Extracted/2751.png
9642,9642.png,n/a,n/a,0,1000,1000,n/a,0,[],0,/content/drive/MyDrive/landfill_research/datasets/AerialWaste/Extracted/9642.png
10692,10692.png,n/a,n/a,0,1000,1000,n/a,0,[],0,/content/drive/MyDrive/landfill_research/datasets/AerialWaste/Extracted/10692.png
6310,6310.png,n/a,n/a,0,1000,1000,n/a,0,[],0,/content/drive/MyDrive/landfill_research/datasets/AerialWaste/Extracted/6310.png
8912,8912.png,n/a,n/a,0,697,698,n/a,0,[],0,/content/drive/MyDrive/landfill_research/datasets/AerialWaste/Extracted/8912.png
4991,4991.png,n/a,n/a,0,1000,1000,n/a,0,[],0,/content/drive/MyDrive/landfill_research/datasets/AerialWaste/Extracted/4991.png
4377,4377.png,n/a,n/a,0,1000,1000,n/a,0,[],0,/content/drive/MyDrive/landfill_research/datasets/AerialWaste/Extracted/4377.png
10420,10420.png,n/a,n/a,0,1045,1056,n/a,0,[],0,/content/drive/MyDrive/landfill_research/datasets/AerialWaste/Extracted/10420.png
9358,9358.png,n/a,n/a,0,1000,1000,n/a,0,[],0,/content/drive/MyDrive/landfill_research/datasets/AerialWaste/Extracted/9358.png
10396,10396.png,n/a,n/a,0,1037,1064,n/a,0,[],0,/content/drive/MyDrive/landfill_research/datasets/AerialWaste/Extracted/10396.png
3589,3589.png,n/a,n/a,0,1000,1000,n/a,0,[],0,/content/drive/MyDrive/landfill_research/datasets/AerialWaste/Extracted/3589.png
3649,3649.png,n/a,n/a,0,1000,1000,n/a,0,[],0,/content/drive/MyDrive/landfill_research/datasets/AerialWaste/Extracted/3649.png
6770,6770.png,n/a,n/a,0,1000,1000,n/a,0,[],0,/content/drive/MyDrive/landfill_research/datasets/AerialWaste/Extracted/6770.png
3878,3878.png,n/a,n/a,0,1000,1000,n/a,0,[],0,/content/drive/MyDrive/landfill_research/datasets/AerialWaste/Extracted/3878.png
5058,5058.png,n/a,n/a,0,1000,1000,n/a,1,[],1,/content/drive/MyDrive/landfill_research/datasets/AerialWaste/Extracted/5058.png
8130,8130.png,n/a,n/a,0,1056,1046,n/a,0,[],0,/content/drive/MyDrive/landfill_research/datasets/AerialWaste/Extracted/8130.png
7132,7132.png,n/a,n/a,0,1052,1050,n/a,1,[],1,/content/drive/MyDrive/landfill_research/datasets/AerialWaste/Extracted/7132.png
6208,6208.png,n/a,n/a,0,1000,1000,n/a,0,[],0,/content/drive/MyDrive/landfill_research/datasets/AerialWaste/Extracted/6208.png
3360,3360.png,n/s,n/s,0,1037,1064,1,1,[],1,/content/drive/MyDrive/landfill_research/datasets/AerialWaste/Extracted/3360.png
2993,2993.png,n/s,n/s,0,1045,1057,2,1,[],1,/content/drive/MyDrive/landfill_research/datasets/AerialWaste/Extracted/2993.png
4130,4130.png,n/a,n/a,0,1000,1000,n/a,1,[],1,/content/drive/MyDrive/landfill_research/datasets/AerialWaste/Extracted/4130.png
5623,5623.png,n/a,n/a,0,1000,1000,n/a,0,[],0,/content/drive/MyDrive/landfill_research/datasets/AerialWaste/Extracted/5623.png
6131,6131.png,n/a,n/a,0,1000,1000,n/a,0,[],0,/content/drive/MyDrive/landfill_research/datasets/AerialWaste/Extracted/6131.png
8064,8064.png,n/a,n/a,0,1050,1051,n/a,0,[],0,/content/drive/MyDrive/landfill_research/datasets/AerialWaste/Extracted/8064.png
6070,6070.png,n/a,n/a,0,1000,1000,n/a,0,[],0,/content/drive/MyDrive/landfill_research/datasets/AerialWaste/Extracted/6070.png
8092,8092.png,n/a,n/a,0,1055,1046,n/a,1,[],1,/content/drive/MyDrive/landfill_research/datasets/AerialWaste/Extracted/8092.png
11444,11444.png,n/a,n/a,0,1056,1046,n/a,0,[],0,/content/drive/MyDrive/landfill_research/datasets/AerialWaste/Extracted/11444.png
11053,11053.png,n/a,n/a,0,1000,1000,n/a,0,[],0,/content/drive/MyDrive/landfill_research/datasets/AerialWaste/Extracted/11053.png
8916,8916.png,n/a,n/a,0,1000,1000,n/a,0,[],0,/content/drive/MyDrive/landfill_research/datasets/AerialWaste/Extracted/8916.png
9381,9381.png,n/a,n/a,0,1000,1000,n/a,0,[],0,/content/drive/MyDrive/landfill_research/datasets/AerialWaste/Extracted/9381.png
2044,2044.png,1,Agricultural area/farm area,1,1000,1000,1,1,"[2, 3, 5, 16]",1,/content/drive/MyDrive/landfill_research/datasets/AerialWaste/Extracted/2044.png
4948,4948.png,n/a,n/a,0,1000,1000,n/a,0,[],0,/content/drive/MyDrive/landfill_research/datasets/AerialWaste/Extracted/4948.png
8936,8936.png,n/a,n/a,0,1053,1048,n/a,0,[],0,/content/drive/MyDrive/landfill_research/datasets/AerialWaste/Extracted/8936.png
4630,4630.png,n/a,n/a,0,1000,1000,n/a,0,[],0,/content/drive/MyDrive/landfill_research/datasets/AerialWaste/Extracted/4630.png
11058,11058.png,2,Agricultural area/farm area,1,1044,1057,2,1,"[2, 5, 7, 4, 16]",1,/content/drive/MyDrive/landfill_research/datasets/AerialWaste/Extracted/11058.png
9049,9049.png,n/a,n/a,0,1000,1000,n/a,1,[],1,/content/drive/MyDrive/landfill_research/datasets/AerialWaste/Extracted/9049.png
885,885.png,2,Production site,0,1000,1000,2,1,[],1,/content/drive/MyDrive/landfill_research/datasets/AerialWaste/Extracted/885.png
273,273.png,1,Non production building,0,1000,1000,1,1,[],1,/content/drive/MyDrive/landfill_research/datasets/AerialWaste/Extracted/273.png
4938,4938.png,n/a,n/a,0,1000,1000,n/a,0,[],0,/content/drive/MyDrive/landfill_research/datasets/AerialWaste/Extracted/4938.png
2657,2657.png,n/a,n/a,0,1000,1000,n/a,0,[],0,/content/drive/MyDrive/landfill_research/datasets/AerialWaste/Extracted/2657.png
10524,10524.png,n/a,n/a,0,1000,1000,n/a,0,[],0,/content/drive/MyDrive/landfill_research/datasets/AerialWaste/Extracted/10524.png
11201,11201.png,n/a,n/a,0,1056,1047,n/a,0,[],0,/content/drive/MyDrive/landfill_research/datasets/AerialWaste/Extracted/11201.png
11173,11173.png,n/a,n/a,0,1000,1000,n/a,0,[],0,/content/drive/MyDrive/landfill_research/datasets/AerialWaste/Extracted/11173.png
4534,4534.png,n/a,n/a,0,1000,1000,n/a,0,[],0,/content/drive/MyDrive/landfill_research/datasets/AerialWaste/Extracted/4534.png
11097,11097.png,3,Degraded area,1,1000,1000,3,1,"[2, 4, 16]",1,/content/drive/MyDrive/landfill_research/datasets/AerialWaste/Extracted/11097.png
9398,9398.png,n/a,n/a,0,1000,1000,n/a,0,[],0,/content/drive/MyDrive/landfill_research/datasets/AerialWaste/Extracted/9398.png
1,1.png,1,Production site,0,1000,1000,2,1,[],1,/content/drive/MyDrive/landfill_research/datasets/AerialWaste/Extracted/1.png
6587,6587.png,n/a,n/a,0,1000,1000,n/a,0,[],0,/content/drive/MyDrive/landfill_research/datasets/AerialWaste/Extracted/6587.png
3421,3421.png,n/s,n/s,0,1055,1047,n/s,1,[],1,/content/drive/MyDrive/landfill_research/datasets/AerialWaste/Extracted/3421.png
11504,11504.png,n/a,n/a,0,1000,1000,n/a,0,[],0,/content/drive/MyDrive/landfill_research/datasets/AerialWaste/Extracted/11504.png
9637,9637.png,n/a,n/a,0,1000,1000,n/a,0,[],0,/content/drive/MyDrive/landfill_research/datasets/AerialWaste/Extracted/9637.png
154,154.png,2,Production site,0,1000,1000,1,1,[],1,/content/drive/MyDrive/landfill_research/datasets/AerialWaste/Extracted/154.png
9762,9762.png,n/a,n/a,0,1000,1000,n/a,0,[],0,/content/drive/MyDrive/landfill_research/datasets/AerialWaste/Extracted/9762.png
6040,6040.png,n/a,n/a,0,1000,1000,n/a,0,[],0,/content/drive/MyDrive/landfill_research/datasets/AerialWaste/Extracted/6040.png
775,775.png,n/a,n/a,0,1000,1000,n/a,0,[],0,/content/drive/MyDrive/landfill_research/datasets/AerialWaste/Extracted/775.png
9834,9834.png,n/a,n/a,0,1000,1000,n/a,0,[],0,/content/drive/MyDrive/landfill_research/datasets/AerialWaste/Extracted/9834.png
10441,10441.png,n/a,n/a,0,1045,1056,n/a,0,[],0,/content/drive/MyDrive/landfill_research/datasets/AerialWaste/Extracted/10441.png
10675,10675.png,n/a,n/a,0,1049,1053,n/a,0,[],0,/content/drive/MyDrive/landfill_research/datasets/AerialWaste/Extracted/10675.png
2166,2166.png,2,Degraded area,1,1000,1000,2,1,"[1, 2, 4, 16, 17]",1,/content/drive/MyDrive/landfill_research/datasets/AerialWaste/Extracted/2166.png
6127,6127.png,n/a,n/a,0,1000,1000,n/a,0,[],0,/content/drive/MyDrive/landfill_research/datasets/AerialWaste/Extracted/6127.png
11093,11093.png,3,Production site,1,1000,1000,3,1,"[2, 3, 16]",1,/content/drive/MyDrive/landfill_research/datasets/AerialWaste/Extracted/11093.png
4063,4063.png,n/a,n/a,0,1000,1000,n/a,0,[],0,/content/drive/MyDrive/landfill_research/datasets/AerialWaste/Extracted/4063.png
5375,5375.png,n/a,n/a,0,1000,1000,n/a,0,[],0,/content/drive/MyDrive/landfill_research/datasets/AerialWaste/Extracted/5375.png
7464,7464.png,n/a,n/a,0,1052,1049,n/a,0,[],0,/content/drive/MyDrive/landfill_research/datasets/AerialWaste/Extracted/7464.png
2092,2092.png,1,Agricultural area/farm area,1,1000,1000,1,1,"[5, 16]",1,/content/drive/MyDrive/landfill_research/datasets/AerialWaste/Extracted/2092.png
3826,3826.png,n/a,n/a,0,1000,1000,n/a,0,[],0,/content/drive/MyDrive/landfill_research/datasets/AerialWaste/Extracted/3826.png
8438,8438.png,n/a,n/a,0,1036,1066,n/a,0,[],0,/content/drive/MyDrive/landfill_research/datasets/AerialWaste/Extracted/8438.png
9533,9533.png,n/a,n/a,0,1000,1000,n/a,0,[],0,/content/drive/MyDrive/landfill_research/datasets/AerialWaste/Extracted/9533.png
1289,1289.png,2,Degraded area,0,1000,1000,2,1,[],1,/content/drive/MyDrive/landfill_research/datasets/AerialWaste/Extracted/1289.png
2361,2361.png,2,Production site,1,1000,1000,1,1,"[12, 16]",1,/content/drive/MyDrive/landfill_research/datasets/AerialWaste/Extracted/2361.png
8299,8299.png,2,Abandoned area,1,1000,1000,2,1,"[1, 16]",1,/content/drive/MyDrive/landfill_research/datasets/AerialWaste/Extracted/8299.png
3669,3669.png,n/a,n/a,0,1000,1000,n/a,0,[],0,/content/drive/MyDrive/landfill_research/datasets/AerialWaste/Extracted/3669.png
1004,1004.png,1,Other,0,1000,1000,1,1,[],1,/content/drive/MyDrive/landfill_research/datasets/AerialWaste/Extracted/1004.png
8542,8542.png,1,Non production building,1,1000,1000,2,1,"[1, 12, 16]",1,/content/drive/MyDrive/landfill_research/datasets/AerialWaste/Extracted/8542.png
1853,1853.png,1,Production site,0,1000,1000,2,1,[],1,/content/drive/MyDrive/landfill_research/datasets/AerialWaste/Extracted/1853.png
11517,11517.png,n/a,n/a,0,1036,1066,n/a,0,[],0,/content/drive/MyDrive/landfill_research/datasets/AerialWaste/Extracted/11517.png
1709,1709.png,1,Agricultural area/farm area,0,1000,1000,3,1,[],1,/content/drive/MyDrive/landfill_research/datasets/AerialWaste/Extracted/1709.png
6286,6286.png,n/a,n/a,0,1000,1000,n/a,0,[],0,/content/drive/MyDrive/landfill_research/datasets/AerialWaste/Extracted/6286.png
9047,9047.png,n/a,n/a,0,1000,1000,n/a,0,[],0,/content/drive/MyDrive/landfill_research/datasets/AerialWaste/Extracted/9047.png
4583,4583.png,n/a,n/a,0,1000,1000,n/a,0,[],0,/content/drive/MyDrive/landfill_research/datasets/AerialWaste/Extracted/4583.png
10566,10566.png,n/a,n/a,0,1000,1000,n/a,0,[],0,/content/drive/MyDrive/landfill_research/datasets/AerialWaste/Extracted/10566.png
8523,8523.png,1,Production site,1,1000,1000,1,1,"[3, 5, 4, 16]",1,/content/drive/MyDrive/landfill_research/datasets/AerialWaste/Extracted/8523.png
7018,7018.png,n/a,n/a,0,697,698,n/a,1,[],1,/content/drive/MyDrive/landfill_research/datasets/AerialWaste/Extracted/7018.png
4606,4606.png,n/a,n/a,0,1000,1000,n/a,0,[],0,/content/drive/MyDrive/landfill_research/datasets/AerialWaste/Extracted/4606.png
8419,8419.png,n/a,n/a,0,1037,1064,n/a,0,[],0,/content/drive/MyDrive/landfill_research/datasets/AerialWaste/Extracted/8419.png
9769,9769.png,n/a,n/a,0,1000,1000,n/a,0,[],0,/content/drive/MyDrive/landfill_research/datasets/AerialWaste/Extracted/9769.png
5873,5873.png,n/a,n/a,0,1000,1000,n/a,0,[],0,/content/drive/MyDrive/landfill_research/datasets/AerialWaste/Extracted/5873.png
8924,8924.png,n/a,n/a,0,1054,1047,n/a,0,[],0,/content/drive/MyDrive/landfill_research/datasets/AerialWaste/Extracted/8924.png
4452,4452.png,n/a,n/a,0,1000,1000,n/a,1,[],1,/content/drive/MyDrive/landfill_research/datasets/AerialWaste/Extracted/4452.png
290,290.png,2,Agricultural area/farm area,0,1000,1000,2,1,[],1,/content/drive/MyDrive/landfill_research/datasets/AerialWaste/Extracted/290.png
2978,2978.png,n/a,n/a,0,1000,1000,n/a,0,[],0,/content/drive/MyDrive/landfill_research/datasets/AerialWaste/Extracted/2978.png
4936,4936.png,n/a,n/a,0,1000,1000,n/a,0,[],0,/content/drive/MyDrive/landfill_research/datasets/AerialWaste/Extracted/4936.png
7870,7870.png,n/a,n/a,0,1051,1050,n/a,0,[],0,/content/drive/MyDrive/landfill_research/datasets/AerialWaste/Extracted/7870.png
8080,8080.png,1,Agricultural area/farm area,1,1000,1000,2,1,"[2, 1, 4, 16]",1,/content/drive/MyDrive/landfill_research/datasets/AerialWaste/Extracted/8080.png
5018,5018.png,n/a,n/a,0,1000,1000,n/a,0,[],0,/content/drive/MyDrive/landfill_research/datasets/AerialWaste/Extracted/5018.png
10049,10049.png,n/a,n/a,0,1054,1048,n/a,0,[],0,/content/drive/MyDrive/landfill_research/datasets/AerialWaste/Extracted/10049.png
10422,10422.png,n/a,n/a,0,1000,1000,n/a,0,[],0,/content/drive/MyDrive/landfill_research/datasets/AerialWaste/Extracted/10422.png
638,638.png,1,Agricultural area/farm area,0,1000,1000,2,0,[],0,/content/drive/MyDrive/landfill_research/datasets/AerialWaste/Extracted/638.png
8053,8053.png,1,Production site,0,1000,1000,1,1,[],1,/content/drive/MyDrive/landfill_research/datasets/AerialWaste/Extracted/8053.png
9495,9495.png,n/a,n/a,0,1000,1000,n/a,0,[],0,/content/drive/MyDrive/landfill_research/datasets/AerialWaste/Extracted/9495.png
793,793.png,1,Production site,0,1000,1000,2,1,[],1,/content/drive/MyDrive/landfill_research/datasets/AerialWaste/Extracted/793.png
9433,9433.png,n/a,n/a,0,1000,1000,n/a,0,[],0,/content/drive/MyDrive/landfill_research/datasets/AerialWaste/Extracted/9433.png
11395,11395.png,n/a,n/a,0,1000,1000,n/a,0,[],0,/content/drive/MyDrive/landfill_research/datasets/AerialWaste/Extracted/11395.png
3027,3027.png,n/s,n/s,0,1050,1052,2,1,[],1,/content/drive/MyDrive/landfill_research/datasets/AerialWaste/Extracted/3027.png
8261,8261.png,n/a,n/a,0,1045,1057,n/a,0,[],0,/content/drive/MyDrive/landfill_research/datasets/AerialWaste/Extracted/8261.png
3569,3569.png,n/a,n/a,0,1000,1000,n/a,0,[],0,/content/drive/MyDrive/landfill_research/datasets/AerialWaste/Extracted/3569.png
3462,3462.png,n/s,n/s,1,1055,1047,n/s,1,"[1, 2, 16, 19]",1,/content/drive/MyDrive/landfill_research/datasets/AerialWaste/Extracted/3462.png
3142,3142.png,n/s,n/s,1,1058,1044,2,1,[17],1,/content/drive/MyDrive/landfill_research/datasets/AerialWaste/Extracted/3142.png
716,716.png,2,Degraded area,0,1000,1000,2,1,[],1,/content/drive/MyDrive/landfill_research/datasets/AerialWaste/Extracted/716.png
6392,6392.png,n/a,n/a,0,1000,1000,n/a,0,[],0,/content/drive/MyDrive/landfill_research/datasets/AerialWaste/Extracted/6392.png
9445,9445.png,n/a,n/a,0,1000,1000,n/a,0,[],0,/content/drive/MyDrive/landfill_research/datasets/AerialWaste/Extracted/9445.png
6730,6730.png,n/a,n/a,0,1000,1000,n/a,0,[],0,/content/drive/MyDrive/landfill_research/datasets/AerialWaste/Extracted/6730.png
6415,6415.png,n/a,n/a,0,1000,1000,n/a,1,[],1,/content/drive/MyDrive/landfill_research/datasets/AerialWaste/Extracted/6415.png
4512,4512.png,n/a,n/a,0,1000,1000,n/a,0,[],0,/content/drive/MyDrive/landfill_research/datasets/AerialWaste/Extracted/4512.png
8832,8832.png,n/a,n/a,0,1000,1000,n/a,0,[],0,/content/drive/MyDrive/landfill_research/datasets/AerialWaste/Extracted/8832.png
4857,4857.png,n/a,n/a,0,1000,1000,n/a,0,[],0,/content/drive/MyDrive/landfill_research/datasets/AerialWaste/Extracted/4857.png
5164,5164.png,n/a,n/a,0,1000,1000,n/a,0,[],0,/content/drive/MyDrive/landfill_research/datasets/AerialWaste/Extracted/5164.png
5062,5062.png,n/a,n/a,0,1000,1000,n/a,0,[],0,/content/drive/MyDrive/landfill_research/datasets/AerialWaste/Extracted/5062.png
8526,8526.png,n/a,n/a,0,1038,1064,n/a,0,[],0,/content/drive/MyDrive/landfill_research/datasets/AerialWaste/Extracted/8526.png
4798,4798.png,n/a,n/a,0,1000,1000,n/a,0,[],0,/content/drive/MyDrive/landfill_research/datasets/AerialWaste/Extracted/4798.png
7265,7265.png,n/a,n/a,0,1054,1048,n/a,0,[],0,/content/drive/MyDrive/landfill_research/datasets/AerialWaste/Extracted/7265.png
4507,4507.png,n/a,n/a,0,1000,1000,n/a,0,[],0,/content/drive/MyDrive/landfill_research/datasets/AerialWaste/Extracted/4507.png
4994,4994.png,n/a,n/a,0,1000,1000,n/a,0,[],0,/content/drive/MyDrive/landfill_research/datasets/AerialWaste/Extracted/4994.png
11389,11389.png,n/a,n/a,0,1000,1000,n/a,0,[],0,/content/drive/MyDrive/landfill_research/datasets/AerialWaste/Extracted/11389.png
6913,6913.png,n/a,n/a,0,1056,1046,n/a,0,[],0,/content/drive/MyDrive/landfill_research/datasets/AerialWaste/Extracted/6913.png
3202,3202.png,n/s,n/s,0,1036,1065,3,1,[],1,/content/drive/MyDrive/landfill_research/datasets/AerialWaste/Extracted/3202.png
4672,4672.png,n/a,n/a,0,1000,1000,n/a,0,[],0,/content/drive/MyDrive/landfill_research/datasets/AerialWaste/Extracted/4672.png
11451,11451.png,n/a,n/a,0,1056,1045,n/a,0,[],0,/content/drive/MyDrive/landfill_research/datasets/AerialWaste/Extracted/11451.png
8910,8910.png,1,Agricultural area/farm area,1,1000,1000,2,1,"[10, 16]",1,/content/drive/MyDrive/landfill_research/datasets/AerialWaste/Extracted/8910.png
5553,5553.png,n/a,n/a,0,1000,1000,n/a,0,[],0,/content/drive/MyDrive/landfill_research/datasets/AerialWaste/Extracted/5553.png
9364,9364.png,n/a,n/a,0,1000,1000,n/a,0,[],0,/content/drive/MyDrive/landfill_research/datasets/AerialWaste/Extracted/9364.png
2194,2194.png,3,Degraded area,1,697,697,3,1,"[1, 2, 3, 5, 16]",1,/content/drive/MyDrive/landfill_research/datasets/AerialWaste/Extracted/2194.png
139,139.png,1,Degraded area,0,1000,1000,2,1,[],1,/content/drive/MyDrive/landfill_research/datasets/AerialWaste/Extracted/139.png
10167,10167.png,n/a,n/a,0,1056,1045,n/a,0,[],0,/content/drive/MyDrive/landfill_research/datasets/AerialWaste/Extracted/10167.png
2581,2581.png,n/s,n/s,0,1055,1047,1,1,[],1,/content/drive/MyDrive/landfill_research/datasets/AerialWaste/Extracted/2581.png
10896,10896.png,2,Degraded area,1,1048,1053,1,1,"[1, 16]",1,/content/drive/MyDrive/landfill_research/datasets/AerialWaste/Extracted/10896.png
10071,10071.png,n/a,n/a,0,1054,1048,n/a,0,[],0,/content/drive/MyDrive/landfill_research/datasets/AerialWaste/Extracted/10071.png
3227,3227.png,n/s,n/s,0,1037,1065,2,1,[],1,/content/drive/MyDrive/landfill_research/datasets/AerialWaste/Extracted/3227.png
2703,2703.png,n/s,n/s,0,1055,1047,3,1,[],1,/content/drive/MyDrive/landfill_research/datasets/AerialWaste/Extracted/2703.png
4653,4653.png,n/a,n/a,0,1000,1000,n/a,0,[],0,/content/drive/MyDrive/landfill_research/datasets/AerialWaste/Extracted/4653.png
658,658.png,1,Production site,0,1000,1000,1,1,[],1,/content/drive/MyDrive/landfill_research/datasets/AerialWaste/Extracted/658.png
386,386.png,2,Agricultural area/farm area,0,1000,1000,2,1,[],1,/content/drive/MyDrive/landfill_research/datasets/AerialWaste/Extracted/386.png
1991,1991.png,2,Production site,0,1049,1053,1,1,[],1,/content/drive/MyDrive/landfill_research/datasets/AerialWaste/Extracted/1991.png
11573,11573.png,n/a,n/a,0,1037,1065,n/a,0,[],0,/content/drive/MyDrive/landfill_research/datasets/AerialWaste/Extracted/11573.png
4527,4527.png,n/a,n/a,0,1000,1000,n/a,0,[],0,/content/drive/MyDrive/landfill_research/datasets/AerialWaste/Extracted/4527.png
6349,6349.png,n/a,n/a,0,1000,1000,n/a,0,[],0,/content/drive/MyDrive/landfill_research/datasets/AerialWaste/Extracted/6349.png
4330,4330.png,n/a,n/a,0,1000,1000,n/a,0,[],0,/content/drive/MyDrive/landfill_research/datasets/AerialWaste/Extracted/4330.png
6339,6339.png,n/a,n/a,0,1000,1000,n/a,1,[],1,/content/drive/MyDrive/landfill_research/datasets/AerialWaste/Extracted/6339.png
9989,9989.png,n/a,n/a,0,1000,1000,n/a,0,[],0,/content/drive/MyDrive/landfill_research/datasets/AerialWaste/Extracted/9989.png
954,954.png,1,Degraded area,0,1000,1000,2,1,[],1,/content/drive/MyDrive/landfill_research/datasets/AerialWaste/Extracted/954.png
8276,8276.png,n/a,n/a,0,1053,1049,n/a,0,[],0,/content/drive/MyDrive/landfill_research/datasets/AerialWaste/Extracted/8276.png
1021,1021.png,2,Agricultural area/farm area,0,1000,1000,2,0,[],0,/content/drive/MyDrive/landfill_research/datasets/AerialWaste/Extracted/1021.png
6047,6047.png,n/a,n/a,0,1000,1000,n/a,1,[],1,/content/drive/MyDrive/landfill_research/datasets/AerialWaste/Extracted/6047.png
10640,10640.png,n/a,n/a,0,1000,1000,n/a,0,[],0,/content/drive/MyDrive/landfill_research/datasets/AerialWaste/Extracted/10640.png
8965,8965.png,n/a,n/a,0,1055,1046,n/a,1,[],1,/content/drive/MyDrive/landfill_research/datasets/AerialWaste/Extracted/8965.png
2053,2053.png,2,Degraded area,1,1000,1000,3,1,"[1, 2, 3, 4, 5, 16]",1,/content/drive/MyDrive/landfill_research/datasets/AerialWaste/Extracted/2053.png
2058,2058.png,2,Degraded area,1,1000,1000,3,1,"[1, 2, 16]",1,/content/drive/MyDrive/landfill_research/datasets/AerialWaste/Extracted/2058.png
1986,1986.png,1,Production site,1,1000,1000,1,1,"[2, 4, 16, 18]",1,/content/drive/MyDrive/landfill_research/datasets/AerialWaste/Extracted/1986.png
3848,3848.png,n/a,n/a,0,1000,1000,n/a,0,[],0,/content/drive/MyDrive/landfill_research/datasets/AerialWaste/Extracted/3848.png
9711,9711.png,n/a,n/a,0,1000,1000,n/a,0,[],0,/content/drive/MyDrive/landfill_research/datasets/AerialWaste/Extracted/9711.png
2267,2267.png,2,Other,0,696,698,3,0,[],0,/content/drive/MyDrive/landfill_research/datasets/AerialWaste/Extracted/2267.png
3936,3936.png,n/a,n/a,0,1000,1000,n/a,0,[],0,/content/drive/MyDrive/landfill_research/datasets/AerialWaste/Extracted/3936.png
4643,4643.png,n/a,n/a,0,1000,1000,n/a,0,[],0,/content/drive/MyDrive/landfill_research/datasets/AerialWaste/Extracted/4643.png
1371,1371.png,2,Non production building,0,1000,1000,1,1,[],1,/content/drive/MyDrive/landfill_research/datasets/AerialWaste/Extracted/1371.png
10024,10024.png,n/a,n/a,0,1052,1050,n/a,0,[],0,/content/drive/MyDrive/landfill_research/datasets/AerialWaste/Extracted/10024.png
11528,11528.png,n/a,n/a,0,696,699,n/a,0,[],0,/content/drive/MyDrive/landfill_research/datasets/AerialWaste/Extracted/11528.png
5754,5754.png,n/a,n/a,0,1000,1000,n/a,0,[],0,/content/drive/MyDrive/landfill_research/datasets/AerialWaste/Extracted/5754.png
8772,8772.png,n/a,n/a,0,1000,1000,n/a,0,[],0,/content/drive/MyDrive/landfill_research/datasets/AerialWaste/Extracted/8772.png
6472,6472.png,n/a,n/a,0,1000,1000,n/a,0,[],0,/content/drive/MyDrive/landfill_research/datasets/AerialWaste/Extracted/6472.png
1768,1768.png,2,Production site,0,1000,1000,2,1,[],1,/content/drive/MyDrive/landfill_research/datasets/AerialWaste/Extracted/1768.png
11289,11289.png,n/a,n/a,0,1000,1000,n/a,0,[],0,/content/drive/MyDrive/landfill_research/datasets/AerialWaste/Extracted/11289.png
349,349.png,2,Agricultural area/farm area,0,1000,1000,3,1,[],1,/content/drive/MyDrive/landfill_research/datasets/AerialWaste/Extracted/349.png
7249,7249.png,n/a,n/a,0,1055,1047,n/a,0,[],0,/content/drive/MyDrive/landfill_research/datasets/AerialWaste/Extracted/7249.png
9552,9552.png,n/a,n/a,0,1000,1000,n/a,0,[],0,/content/drive/MyDrive/landfill_research/datasets/AerialWaste/Extracted/9552.png
9732,9732.png,n/a,n/a,0,1000,1000,n/a,0,[],0,/content/drive/MyDrive/landfill_research/datasets/AerialWaste/Extracted/9732.png
11088,11088.png,2,Production site,1,1045,1057,2,1,"[5, 4, 20, 16]",1,/content/drive/MyDrive/landfill_research/datasets/AerialWaste/Extracted/11088.png
401,401.png,n/a,n/a,0,1000,1000,n/a,0,[],0,/content/drive/MyDrive/landfill_research/datasets/AerialWaste/Extracted/401.png
2573,2573.png,n/s,n/s,0,1055,1047,2,1,[],1,/content/drive/MyDrive/landfill_research/datasets/AerialWaste/Extracted/2573.png
5271,5271.png,n/a,n/a,0,1000,1000,n/a,0,[],0,/content/drive/MyDrive/landfill_research/datasets/AerialWaste/Extracted/5271.png
5263,5263.png,n/a,n/a,0,1000,1000,n/a,0,[],0,/content/drive/MyDrive/landfill_research/datasets/AerialWaste/Extracted/5263.png
10804,10804.png,2,Degraded area,1,1000,1000,2,1,"[1, 16]",1,/content/drive/MyDrive/landfill_research/datasets/AerialWaste/Extracted/10804.png
1480,1480.png,1,Production site,0,1000,1000,2,1,[],1,/content/drive/MyDrive/landfill_research/datasets/AerialWaste/Extracted/1480.png
7815,7815.png,n/a,n/a,0,1037,1065,n/a,0,[],0,/content/drive/MyDrive/landfill_research/datasets/AerialWaste/Extracted/7815.png
4096,4096.png,n/a,n/a,0,1000,1000,n/a,0,[],0,/content/drive/MyDrive/landfill_research/datasets/AerialWaste/Extracted/4096.png
6676,6676.png,n/a,n/a,0,1000,1000,n/a,0,[],0,/content/drive/MyDrive/landfill_research/datasets/AerialWaste/Extracted/6676.png
6823,6823.png,n/a,n/a,0,1000,1000,n/a,0,[],0,/content/drive/MyDrive/landfill_research/datasets/AerialWaste/Extracted/6823.png
10299,10299.png,n/a,n/a,0,1052,1049,n/a,0,[],0,/content/drive/MyDrive/landfill_research/datasets/AerialWaste/Extracted/10299.png
3563,3563.png,n/a,n/a,0,1000,1000,n/a,0,[],0,/content/drive/MyDrive/landfill_research/datasets/AerialWaste/Extracted/3563.png
9089,9089.png,n/a,n/a,0,1000,1000,n/a,1,[],1,/content/drive/MyDrive/landfill_research/datasets/AerialWaste/Extracted/9089.png
6030,6030.png,n/a,n/a,0,1000,1000,n/a,0,[],0,/content/drive/MyDrive/landfill_research/datasets/AerialWaste/Extracted/6030.png
2701,2701.png,n/a,n/a,0,1000,1000,n/a,0,[],0,/content/drive/MyDrive/landfill_research/datasets/AerialWaste/Extracted/2701.png
8181,8181.png,n/a,n/a,0,1056,1046,n/a,0,[],0,/content/drive/MyDrive/landfill_research/datasets/AerialWaste/Extracted/8181.png
2209,2209.png,2,Production site,0,1054,1048,2,1,[],1,/content/drive/MyDrive/landfill_research/datasets/AerialWaste/Extracted/2209.png
10503,10503.png,n/a,n/a,0,1045,1056,n/a,0,[],0,/content/drive/MyDrive/landfill_research/datasets/AerialWaste/Extracted/10503.png
1149,1149.png,2,Production site,0,1000,1000,2,1,[],1,/content/drive/MyDrive/landfill_research/datasets/AerialWaste/Extracted/1149.png
11493,11493.png,n/a,n/a,0,1052,1050,n/a,0,[],0,/content/drive/MyDrive/landfill_research/datasets/AerialWaste/Extracted/11493.png
11177,11177.png,n/a,n/a,0,1053,1048,n/a,0,[],0,/content/drive/MyDrive/landfill_research/datasets/AerialWaste/Extracted/11177.png
7223,7223.png,n/a,n/a,0,1050,1052,n/a,0,[],0,/content/drive/MyDrive/landfill_research/datasets/AerialWaste/Extracted/7223.png
11441,11441.png,n/a,n/a,0,1055,1047,n/a,0,[],0,/content/drive/MyDrive/landfill_research/datasets/AerialWaste/Extracted/11441.png
9414,9414.png,n/a,n/a,0,1000,1000,n/a,0,[],0,/content/drive/MyDrive/landfill_research/datasets/AerialWaste/Extracted/9414.png
5551,5551.png,n/a,n/a,0,1000,1000,n/a,0,[],0,/content/drive/MyDrive/landfill_research/datasets/AerialWaste/Extracted/5551.png
3807,3807.png,n/a,n/a,0,1000,1000,n/a,0,[],0,/content/drive/MyDrive/landfill_research/datasets/AerialWaste/Extracted/3807.png
7402,7402.png,n/a,n/a,0,1053,1048,n/a,0,[],0,/content/drive/MyDrive/landfill_research/datasets/AerialWaste/Extracted/7402.png
4993,4993.png,n/a,n/a,0,1000,1000,n/a,0,[],0,/content/drive/MyDrive/landfill_research/datasets/AerialWaste/Extracted/4993.png
7547,7547.png,n/a,n/a,0,1059,1043,n/a,0,[],0,/content/drive/MyDrive/landfill_research/datasets/AerialWaste/Extracted/7547.png
56,56.png,2,Production site,0,1000,1000,2,1,[],1,/content/drive/MyDrive/landfill_research/datasets/AerialWaste/Extracted/56.png
311,311.png,1,Production site,0,1000,1000,2,1,[],1,/content/drive/MyDrive/landfill_research/datasets/AerialWaste/Extracted/311.png
1927,1927.png,2,Degraded area,1,1000,1000,1,1,"[1, 2, 4, 16]",1,/content/drive/MyDrive/landfill_research/datasets/AerialWaste/Extracted/1927.png
10601,10601.png,n/a,n/a,0,1054,1049,n/a,0,[],0,/content/drive/MyDrive/landfill_research/datasets/AerialWaste/Extracted/10601.png
1859,1859.png,2,Production site,1,1000,1000,3,1,"[1, 2, 3, 4, 5, 9, 16, 17, 21]",1,/content/drive/MyDrive/landfill_research/datasets/AerialWaste/Extracted/1859.png
9609,9609.png,n/a,n/a,0,1000,1000,n/a,0,[],0,/content/drive/MyDrive/landfill_research/datasets/AerialWaste/Extracted/9609.png
2068,2068.png,2,Production site,1,1000,1000,1,1,"[1, 4, 16, 17, 19]",1,/content/drive/MyDrive/landfill_research/datasets/AerialWaste/Extracted/2068.png
7403,7403.png,n/a,n/a,0,1053,1049,n/a,0,[],0,/content/drive/MyDrive/landfill_research/datasets/AerialWaste/Extracted/7403.png
9631,9631.png,n/a,n/a,0,1000,1000,n/a,0,[],0,/content/drive/MyDrive/landfill_research/datasets/AerialWaste/Extracted/9631.png
5343,5343.png,n/a,n/a,0,1000,1000,n/a,0,[],0,/content/drive/MyDrive/landfill_research/datasets/AerialWaste/Extracted/5343.png
9055,9055.png,n/a,n/a,0,1000,1000,n/a,0,[],0,/content/drive/MyDrive/landfill_research/datasets/AerialWaste/Extracted/9055.png
7789,7789.png,n/a,n/a,0,1054,1047,n/a,0,[],0,/content/drive/MyDrive/landfill_research/datasets/AerialWaste/Extracted/7789.png
2362,2362.png,2,Production site,1,1000,1000,1,1,"[4, 16]",1,/content/drive/MyDrive/landfill_research/datasets/AerialWaste/Extracted/2362.png
5158,5158.png,n/a,n/a,0,1000,1000,n/a,0,[],0,/content/drive/MyDrive/landfill_research/datasets/AerialWaste/Extracted/5158.png
1539,1539.png,1,Production site,0,1000,1000,1,1,[],1,/content/drive/MyDrive/landfill_research/datasets/AerialWaste/Extracted/1539.png
3681,3681.png,n/a,n/a,0,1000,1000,n/a,0,[],0,/content/drive/MyDrive/landfill_research/datasets/AerialWaste/Extracted/3681.png
9372,9372.png,n/a,n/a,0,1000,1000,n/a,0,[],0,/content/drive/MyDrive/landfill_research/datasets/AerialWaste/Extracted/9372.png
5573,5573.png,n/a,n/a,0,1000,1000,n/a,0,[],0,/content/drive/MyDrive/landfill_research/datasets/AerialWaste/Extracted/5573.png
1023,1023.png,3,Non production building,0,1000,1000,1,1,[],1,/content/drive/MyDrive/landfill_research/datasets/AerialWaste/Extracted/1023.png
5986,5986.png,n/a,n/a,0,1000,1000,n/a,0,[],0,/content/drive/MyDrive/landfill_research/datasets/AerialWaste/Extracted/5986.png
8385,8385.png,n/a,n/a,0,1035,1067,n/a,0,[],0,/content/drive/MyDrive/landfill_research/datasets/AerialWaste/Extracted/8385.png
2691,2691.png,n/s,n/s,0,1057,1045,3,1,[],1,/content/drive/MyDrive/landfill_research/datasets/AerialWaste/Extracted/2691.png
2163,2163.png,2,Agricultural area/farm area,1,1000,1000,1,1,"[2, 5, 7, 16]",1,/content/drive/MyDrive/landfill_research/datasets/AerialWaste/Extracted/2163.png
10283,10283.png,n/a,n/a,0,1052,1051,n/a,0,[],0,/content/drive/MyDrive/landfill_research/datasets/AerialWaste/Extracted/10283.png
912,912.png,2,Production site,0,1000,1000,2,1,[],1,/content/drive/MyDrive/landfill_research/datasets/AerialWaste/Extracted/912.png
429,429.png,1,Degraded area,0,1000,1000,2,1,[],1,/content/drive/MyDrive/landfill_research/datasets/AerialWaste/Extracted/429.png
4847,4847.png,n/a,n/a,0,1000,1000,n/a,0,[],0,/content/drive/MyDrive/landfill_research/datasets/AerialWaste/Extracted/4847.png
11535,11535.png,n/a,n/a,0,1038,1064,n/a,0,[],0,/content/drive/MyDrive/landfill_research/datasets/AerialWaste/Extracted/11535.png
462,462.png,1,Production site,0,1000,1000,1,1,[],1,/content/drive/MyDrive/landfill_research/datasets/AerialWaste/Extracted/462.png
5920,5920.png,n/a,n/a,0,1000,1000,n/a,0,[],0,/content/drive/MyDrive/landfill_research/datasets/AerialWaste/Extracted/5920.png
2419,2419.png,2,Production site,1,697,697,1,1,"[1, 16, 17]",1,/content/drive/MyDrive/landfill_research/datasets/AerialWaste/Extracted/2419.png
7955,7955.png,n/a,n/a,0,1051,1051,n/a,0,[],0,/content/drive/MyDrive/landfill_research/datasets/AerialWaste/Extracted/7955.png
8333,8333.png,n/a,n/a,0,1035,1066,n/a,0,[],0,/content/drive/MyDrive/landfill_research/datasets/AerialWaste/Extracted/8333.png
3527,3527.png,n/a,n/a,0,1000,1000,n/a,0,[],0,/content/drive/MyDrive/landfill_research/datasets/AerialWaste/Extracted/3527.png
5421,5421.png,n/a,n/a,0,1000,1000,n/a,1,[],1,/content/drive/MyDrive/landfill_research/datasets/AerialWaste/Extracted/5421.png
4116,4116.png,n/a,n/a,0,1000,1000,n/a,0,[],0,/content/drive/MyDrive/landfill_research/datasets/AerialWaste/Extracted/4116.png
2268,2268.png,n/a,n/a,0,1047,1055,n/a,0,[],0,/content/drive/MyDrive/landfill_research/datasets/AerialWaste/Extracted/2268.png
3330,3330.png,n/s,n/s,0,1038,1063,1,1,[],1,/content/drive/MyDrive/landfill_research/datasets/AerialWaste/Extracted/3330.png
9171,9171.png,n/a,n/a,0,1000,1000,n/a,0,[],0,/content/drive/MyDrive/landfill_research/datasets/AerialWaste/Extracted/9171.png
3079,3079.png,n/s,n/s,0,1047,1055,1,1,[],1,/content/drive/MyDrive/landfill_research/datasets/AerialWaste/Extracted/3079.png
1335,1335.png,1,Other,0,1000,1000,3,1,[],1,/content/drive/MyDrive/landfill_research/datasets/AerialWaste/Extracted/1335.png
8260,8260.png,n/a,n/a,0,1044,1058,n/a,0,[],0,/content/drive/MyDrive/landfill_research/datasets/AerialWaste/Extracted/8260.png
9300,9300.png,n/a,n/a,0,1000,1000,n/a,0,[],0,/content/drive/MyDrive/landfill_research/datasets/AerialWaste/Extracted/9300.png
3088,3088.png,n/s,n/s,0,1046,1056,1,0,[],0,/content/drive/MyDrive/landfill_research/datasets/AerialWaste/Extracted/3088.png
482,482.png,1,Agricultural area/farm area,0,1000,1000,1,1,[],1,/content/drive/MyDrive/landfill_research/datasets/AerialWaste/Extracted/482.png
4021,4021.png,n/a,n/a,0,1000,1000,n/a,0,[],0,/content/drive/MyDrive/landfill_research/datasets/AerialWaste/Extracted/4021.png
792,792.png,2,Degraded area,0,1000,1000,1,1,[],1,/content/drive/MyDrive/landfill_research/datasets/AerialWaste/Extracted/792.png
7837,7837.png,n/a,n/a,0,1056,1046,n/a,0,[],0,/content/drive/MyDrive/landfill_research/datasets/AerialWaste/Extracted/7837.png
4678,4678.png,n/a,n/a,0,1000,1000,n/a,0,[],0,/content/drive/MyDrive/landfill_research/datasets/AerialWaste/Extracted/4678.png
4174,4174.png,n/a,n/a,0,1000,1000,n/a,0,[],0,/content/drive/MyDrive/landfill_research/datasets/AerialWaste/Extracted/4174.png
5447,5447.png,n/a,n/a,0,1000,1000,n/a,0,[],0,/content/drive/MyDrive/landfill_research/datasets/AerialWaste/Extracted/5447.png
8676,8676.png,n/a,n/a,0,1055,1046,n/a,0,[],0,/content/drive/MyDrive/landfill_research/datasets/AerialWaste/Extracted/8676.png
2600,2600.png,n/s,n/s,0,1053,1049,1,1,[],1,/content/drive/MyDrive/landfill_research/datasets/AerialWaste/Extracted/2600.png
7628,7628.png,n/a,n/a,0,1058,1044,n/a,0,[],0,/content/drive/MyDrive/landfill_research/datasets/AerialWaste/Extracted/7628.png
142,142.png,1,Production site,0,1000,1000,2,1,[],1,/content/drive/MyDrive/landfill_research/datasets/AerialWaste/Extracted/142.png
9898,9898.png,n/a,n/a,0,1000,1000,n/a,0,[],0,/content/drive/MyDrive/landfill_research/datasets/AerialWaste/Extracted/9898.png
123,123.png,1,Agricultural area/farm area,0,1000,1000,1,1,[],1,/content/drive/MyDrive/landfill_research/datasets/AerialWaste/Extracted/123.png
4426,4426.png,n/a,n/a,0,1000,1000,n/a,0,[],0,/content/drive/MyDrive/landfill_research/datasets/AerialWaste/Extracted/4426.png
5984,5984.png,n/a,n/a,0,1000,1000,n/a,0,[],0,/content/drive/MyDrive/landfill_research/datasets/AerialWaste/Extracted/5984.png
8880,8880.png,n/a,n/a,0,1000,1000,n/a,0,[],0,/content/drive/MyDrive/landfill_research/datasets/AerialWaste/Extracted/8880.png
7297,7297.png,n/a,n/a,0,1057,1044,n/a,0,[],0,/content/drive/MyDrive/landfill_research/datasets/AerialWaste/Extracted/7297.png
9866,9866.png,n/a,n/a,0,1000,1000,n/a,0,[],0,/content/drive/MyDrive/landfill_research/datasets/AerialWaste/Extracted/9866.png
8822,8822.png,n/a,n/a,0,1000,1000,n/a,0,[],0,/content/drive/MyDrive/landfill_research/datasets/AerialWaste/Extracted/8822.png
741,741.png,2,Production site,0,1000,1000,1,1,[],1,/content/drive/MyDrive/landfill_research/datasets/AerialWaste/Extracted/741.png
10593,10593.png,n/a,n/a,0,1047,1054,n/a,0,[],0,/content/drive/MyDrive/landfill_research/datasets/AerialWaste/Extracted/10593.png
9502,9502.png,n/a,n/a,0,1000,1000,n/a,0,[],0,/content/drive/MyDrive/landfill_research/datasets/AerialWaste/Extracted/9502.png
3066,3066.png,n/s,n/s,0,1055,1047,1,1,[],1,/content/drive/MyDrive/landfill_research/datasets/AerialWaste/Extracted/3066.png
2396,2396.png,2,Degraded area,0,1052,1050,2,1,[],1,/content/drive/MyDrive/landfill_research/datasets/AerialWaste/Extracted/2396.png
3438,3438.png,n/s,n/s,0,1045,1057,n/s,1,[],1,/content/drive/MyDrive/landfill_research/datasets/AerialWaste/Extracted/3438.png
1158,1158.png,1,Degraded area,0,1000,1000,1,1,[],1,/content/drive/MyDrive/landfill_research/datasets/AerialWaste/Extracted/1158.png
4011,4011.png,n/a,n/a,0,1000,1000,n/a,0,[],0,/content/drive/MyDrive/landfill_research/datasets/AerialWaste/Extracted/4011.png
8048,8048.png,n/a,n/a,0,1050,1052,n/a,0,[],0,/content/drive/MyDrive/landfill_research/datasets/AerialWaste/Extracted/8048.png
1340,1340.png,1,Other,0,1000,1000,2,1,[],1,/content/drive/MyDrive/landfill_research/datasets/AerialWaste/Extracted/1340.png
9309,9309.png,n/a,n/a,0,1000,1000,n/a,0,[],0,/content/drive/MyDrive/landfill_research/datasets/AerialWaste/Extracted/9309.png
6364,6364.png,n/a,n/a,0,1000,1000,n/a,0,[],0,/content/drive/MyDrive/landfill_research/datasets/AerialWaste/Extracted/6364.png
6699,6699.png,n/a,n/a,0,1000,1000,n/a,0,[],0,/content/drive/MyDrive/landfill_research/datasets/AerialWaste/Extracted/6699.png
5318,5318.png,n/a,n/a,0,1000,1000,n/a,0,[],0,/content/drive/MyDrive/landfill_research/datasets/AerialWaste/Extracted/5318.png
6937,6937.png,n/a,n/a,0,1000,1000,n/a,0,[],0,/content/drive/MyDrive/landfill_research/datasets/AerialWaste/Extracted/6937.png
10672,10672.png,n/a,n/a,0,1000,1000,n/a,0,[],0,/content/drive/MyDrive/landfill_research/datasets/AerialWaste/Extracted/10672.png
2484,2484.png,n/s,n/s,0,1053,1048,1,0,[],0,/content/drive/MyDrive/landfill_research/datasets/AerialWaste/Extracted/2484.png
5586,5586.png,n/a,n/a,0,1000,1000,n/a,0,[],0,/content/drive/MyDrive/landfill_research/datasets/AerialWaste/Extracted/5586.png
6243,6243.png,n/a,n/a,0,1000,1000,n/a,0,[],0,/content/drive/MyDrive/landfill_research/datasets/AerialWaste/Extracted/6243.png
5043,5043.png,n/a,n/a,0,1000,1000,n/a,0,[],0,/content/drive/MyDrive/landfill_research/datasets/AerialWaste/Extracted/5043.png
2310,2310.png,2,Degraded area,1,696,698,2,1,"[1, 2, 4, 16]",1,/content/drive/MyDrive/landfill_research/datasets/AerialWaste/Extracted/2310.png
2173,2173.png,1,Agricultural area/farm area,1,1000,1000,2,1,"[10, 16]",1,/content/drive/MyDrive/landfill_research/datasets/AerialWaste/Extracted/2173.png
10309,10309.png,n/a,n/a,0,1000,1000,n/a,0,[],0,/content/drive/MyDrive/landfill_research/datasets/AerialWaste/Extracted/10309.png
5152,5152.png,n/a,n/a,0,1000,1000,n/a,0,[],0,/content/drive/MyDrive/landfill_research/datasets/AerialWaste/Extracted/5152.png
5636,5636.png,n/a,n/a,0,1000,1000,n/a,0,[],0,/content/drive/MyDrive/landfill_research/datasets/AerialWaste/Extracted/5636.png
10487,10487.png,n/a,n/a,0,1048,1053,n/a,0,[],0,/content/drive/MyDrive/landfill_research/datasets/AerialWaste/Extracted/10487.png
8549,8549.png,n/a,n/a,0,1036,1065,n/a,0,[],0,/content/drive/MyDrive/landfill_research/datasets/AerialWaste/Extracted/8549.png
10773,10773.png,n/a,n/a,0,1045,1057,n/a,0,[],0,/content/drive/MyDrive/landfill_research/datasets/AerialWaste/Extracted/10773.png
2956,2956.png,n/s,n/s,1,1045,1056,3,1,[3],1,/content/drive/MyDrive/landfill_research/datasets/AerialWaste/Extracted/2956.png
4353,4353.png,n/a,n/a,0,1000,1000,n/a,0,[],0,/content/drive/MyDrive/landfill_research/datasets/AerialWaste/Extracted/4353.png
10090,10090.png,n/a,n/a,0,1053,1049,n/a,0,[],0,/content/drive/MyDrive/landfill_research/datasets/AerialWaste/Extracted/10090.png
9591,9591.png,n/a,n/a,0,1000,1000,n/a,0,[],0,/content/drive/MyDrive/landfill_research/datasets/AerialWaste/Extracted/9591.png
3811,3811.png,n/a,n/a,0,1000,1000,n/a,0,[],0,/content/drive/MyDrive/landfill_research/datasets/AerialWaste/Extracted/3811.png
3056,3056.png,n/s,n/s,0,1055,1047,3,1,[],1,/content/drive/MyDrive/landfill_research/datasets/AerialWaste/Extracted/3056.png
4700,4700.png,n/a,n/a,0,1000,1000,n/a,0,[],0,/content/drive/MyDrive/landfill_research/datasets/AerialWaste/Extracted/4700.png
5190,5190.png,n/a,n/a,0,1000,1000,n/a,0,[],0,/content/drive/MyDrive/landfill_research/datasets/AerialWaste/Extracted/5190.png
9044,9044.png,n/a,n/a,0,1000,1000,n/a,0,[],0,/content/drive/MyDrive/landfill_research/datasets/AerialWaste/Extracted/9044.png
5999,5999.png,n/a,n/a,0,1000,1000,n/a,0,[],0,/content/drive/MyDrive/landfill_research/datasets/AerialWaste/Extracted/5999.png
7027,7027.png,1,Production site,1,1000,1000,1,1,"[9, 16]",1,/content/drive/MyDrive/landfill_research/datasets/AerialWaste/Extracted/7027.png
364,364.png,1,Agricultural area/farm area,0,1000,1000,1,1,[],1,/content/drive/MyDrive/landfill_research/datasets/AerialWaste/Extracted/364.png
718,718.png,2,Degraded area,0,1000,1000,2,1,[],1,/content/drive/MyDrive/landfill_research/datasets/AerialWaste/Extracted/718.png
5022,5022.png,n/a,n/a,0,1000,1000,n/a,0,[],0,/content/drive/MyDrive/landfill_research/datasets/AerialWaste/Extracted/5022.png
9360,9360.png,n/a,n/a,0,1000,1000,n/a,0,[],0,/content/drive/MyDrive/landfill_research/datasets/AerialWaste/Extracted/9360.png
1279,1279.png,n/a,n/a,0,1044,1058,n/a,0,[],0,/content/drive/MyDrive/landfill_research/datasets/AerialWaste/Extracted/1279.png
5184,5184.png,n/a,n/a,0,1000,1000,n/a,1,[],1,/content/drive/MyDrive/landfill_research/datasets/AerialWaste/Extracted/5184.png
1402,1402.png,1,Production site,0,1000,1000,3,1,[],1,/content/drive/MyDrive/landfill_research/datasets/AerialWaste/Extracted/1402.png
990,990.png,1,Agricultural area/farm area,0,1000,1000,1,1,[],1,/content/drive/MyDrive/landfill_research/datasets/AerialWaste/Extracted/990.png
7247,7247.png,n/a,n/a,0,1054,1048,n/a,0,[],0,/content/drive/MyDrive/landfill_research/datasets/AerialWaste/Extracted/7247.png
849,849.png,2,Other,0,1000,1000,2,1,[],1,/content/drive/MyDrive/landfill_research/datasets/AerialWaste/Extracted/849.png
367,367.png,2,Production site,0,1000,1000,2,1,[],1,/content/drive/MyDrive/landfill_research/datasets/AerialWaste/Extracted/367.png
6672,6672.png,n/a,n/a,0,1000,1000,n/a,0,[],0,/content/drive/MyDrive/landfill_research/datasets/AerialWaste/Extracted/6672.png
4939,4939.png,n/a,n/a,0,1000,1000,n/a,0,[],0,/content/drive/MyDrive/landfill_research/datasets/AerialWaste/Extracted/4939.png
10052,10052.png,n/a,n/a,0,1054,1048,n/a,0,[],0,/content/drive/MyDrive/landfill_research/datasets/AerialWaste/Extracted/10052.png
1059,1059.png,2,Production site,0,1000,1000,1,1,[],1,/content/drive/MyDrive/landfill_research/datasets/AerialWaste/Extracted/1059.png
10565,10565.png,n/a,n/a,0,1044,1056,n/a,0,[],0,/content/drive/MyDrive/landfill_research/datasets/AerialWaste/Extracted/10565.png
8143,8143.png,n/a,n/a,0,1046,1056,n/a,0,[],0,/content/drive/MyDrive/landfill_research/datasets/AerialWaste/Extracted/8143.png
9440,9440.png,n/a,n/a,0,1000,1000,n/a,0,[],0,/content/drive/MyDrive/landfill_research/datasets/AerialWaste/Extracted/9440.png
4238,4238.png,n/a,n/a,0,1000,1000,n/a,0,[],0,/content/drive/MyDrive/landfill_research/datasets/AerialWaste/Extracted/4238.png
3313,3313.png,n/s,n/s,0,1034,1067,2,1,[],1,/content/drive/MyDrive/landfill_research/datasets/AerialWaste/Extracted/3313.png
1171,1171.png,2,Degraded area,0,1000,1000,3,1,[],1,/content/drive/MyDrive/landfill_research/datasets/AerialWaste/Extracted/1171.png
2500,2500.png,n/s,n/s,0,1057,1044,3,1,[],1,/content/drive/MyDrive/landfill_research/datasets/AerialWaste/Extracted/2500.png
650,650.png,n/a,n/a,0,1000,1000,n/a,0,[],0,/content/drive/MyDrive/landfill_research/datasets/AerialWaste/Extracted/650.png
3125,3125.png,n/s,n/s,0,1047,1055,1,1,[],1,/content/drive/MyDrive/landfill_research/datasets/AerialWaste/Extracted/3125.png
11557,11557.png,n/a,n/a,0,1034,1068,n/a,0,[],0,/content/drive/MyDrive/landfill_research/datasets/AerialWaste/Extracted/11557.png
11312,11312.png,n/a,n/a,0,1000,1000,n/a,0,[],0,/content/drive/MyDrive/landfill_research/datasets/AerialWaste/Extracted/11312.png
7272,7272.png,n/a,n/a,0,1057,1044,n/a,0,[],0,/content/drive/MyDrive/landfill_research/datasets/AerialWaste/Extracted/7272.png
8629,8629.png,n/a,n/a,0,1045,1057,n/a,0,[],0,/content/drive/MyDrive/landfill_research/datasets/AerialWaste/Extracted/8629.png
4281,4281.png,n/a,n/a,0,1000,1000,n/a,0,[],0,/content/drive/MyDrive/landfill_research/datasets/AerialWaste/Extracted/4281.png
6976,6976.png,n/a,n/a,0,1000,1000,n/a,1,[],1,/content/drive/MyDrive/landfill_research/datasets/AerialWaste/Extracted/6976.png
6742,6742.png,n/a,n/a,0,1000,1000,n/a,0,[],0,/content/drive/MyDrive/landfill_research/datasets/AerialWaste/Extracted/6742.png
5240,5240.png,n/a,n/a,0,1000,1000,n/a,0,[],0,/content/drive/MyDrive/landfill_research/datasets/AerialWaste/Extracted/5240.png
951,951.png,2,Other,0,1000,1000,3,0,[],0,/content/drive/MyDrive/landfill_research/datasets/AerialWaste/Extracted/951.png
588,588.png,1,Production site,0,1000,1000,1,1,[],1,/content/drive/MyDrive/landfill_research/datasets/AerialWaste/Extracted/588.png
1168,1168.png,2,Production site,0,1000,1000,2,1,[],1,/content/drive/MyDrive/landfill_research/datasets/AerialWaste/Extracted/1168.png
3780,3780.png,n/a,n/a,0,1000,1000,n/a,0,[],0,/content/drive/MyDrive/landfill_research/datasets/AerialWaste/Extracted/3780.png
10956,10956.png,2,Degraded area,1,1000,1000,2,1,"[2, 1, 16]",1,/content/drive/MyDrive/landfill_research/datasets/AerialWaste/Extracted/10956.png
346,346.png,1,Agricultural area/farm area,0,1000,1000,1,1,[],1,/content/drive/MyDrive/landfill_research/datasets/AerialWaste/Extracted/346.png
6789,6789.png,n/a,n/a,0,696,698,n/a,1,[],1,/content/drive/MyDrive/landfill_research/datasets/AerialWaste/Extracted/6789.png
432,432.png,2,Production site,0,1000,1000,1,1,[],1,/content/drive/MyDrive/landfill_research/datasets/AerialWaste/Extracted/432.png
3910,3910.png,n/a,n/a,0,1000,1000,n/a,0,[],0,/content/drive/MyDrive/landfill_research/datasets/AerialWaste/Extracted/3910.png
11507,11507.png,n/a,n/a,0,1056,1046,n/a,0,[],0,/content/drive/MyDrive/landfill_research/datasets/AerialWaste/Extracted/11507.png
6348,6348.png,n/a,n/a,0,1000,1000,n/a,0,[],0,/content/drive/MyDrive/landfill_research/datasets/AerialWaste/Extracted/6348.png
1449,1449.png,2,Other,0,1000,1000,2,1,[],1,/content/drive/MyDrive/landfill_research/datasets/AerialWaste/Extracted/1449.png
266,266.png,1,Non production building,0,1000,1000,1,1,[],1,/content/drive/MyDrive/landfill_research/datasets/AerialWaste/Extracted/266.png
9611,9611.png,n/a,n/a,0,1000,1000,n/a,0,[],0,/content/drive/MyDrive/landfill_research/datasets/AerialWaste/Extracted/9611.png
323,323.png,1,Non production building,0,1000,1000,2,0,[],0,/content/drive/MyDrive/landfill_research/datasets/AerialWaste/Extracted/323.png
5243,5243.png,n/a,n/a,0,1000,1000,n/a,0,[],0,/content/drive/MyDrive/landfill_research/datasets/AerialWaste/Extracted/5243.png
3594,3594.png,n/a,n/a,0,1000,1000,n/a,0,[],0,/content/drive/MyDrive/landfill_research/datasets/AerialWaste/Extracted/3594.png
6978,6978.png,n/a,n/a,0,696,698,n/a,0,[],0,/content/drive/MyDrive/landfill_research/datasets/AerialWaste/Extracted/6978.png
2515,2515.png,n/s,n/s,0,1058,1044,1,1,[],1,/content/drive/MyDrive/landfill_research/datasets/AerialWaste/Extracted/2515.png
10058,10058.png,n/a,n/a,0,1056,1046,n/a,0,[],0,/content/drive/MyDrive/landfill_research/datasets/AerialWaste/Extracted/10058.png
6709,6709.png,n/a,n/a,0,1000,1000,n/a,0,[],0,/content/drive/MyDrive/landfill_research/datasets/AerialWaste/Extracted/6709.png
4893,4893.png,n/a,n/a,0,1000,1000,n/a,0,[],0,/content/drive/MyDrive/landfill_research/datasets/AerialWaste/Extracted/4893.png
4582,4582.png,n/a,n/a,0,1000,1000,n/a,0,[],0,/content/drive/MyDrive/landfill_research/datasets/AerialWaste/Extracted/4582.png
6454,6454.png,n/a,n/a,0,1000,1000,n/a,1,[],1,/content/drive/MyDrive/landfill_research/datasets/AerialWaste/Extracted/6454.png
1672,1672.png,1,Production site,0,1000,1000,1,1,[],1,/content/drive/MyDrive/landfill_research/datasets/AerialWaste/Extracted/1672.png
10087,10087.png,n/a,n/a,0,1053,1049,n/a,1,[],1,/content/drive/MyDrive/landfill_research/datasets/AerialWaste/Extracted/10087.png
8660,8660.png,n/a,n/a,0,1055,1046,n/a,0,[],0,/content/drive/MyDrive/landfill_research/datasets/AerialWaste/Extracted/8660.png
604,604.png,1,Production site,1,1000,1000,1,1,[17],1,/content/drive/MyDrive/landfill_research/datasets/AerialWaste/Extracted/604.png
3812,3812.png,n/a,n/a,0,1000,1000,n/a,0,[],0,/content/drive/MyDrive/landfill_research/datasets/AerialWaste/Extracted/3812.png
4094,4094.png,n/a,n/a,0,1000,1000,n/a,0,[],0,/content/drive/MyDrive/landfill_research/datasets/AerialWaste/Extracted/4094.png
7790,7790.png,n/a,n/a,0,1054,1048,n/a,0,[],0,/content/drive/MyDrive/landfill_research/datasets/AerialWaste/Extracted/7790.png
7168,7168.png,n/a,n/a,0,698,698,n/a,0,[],0,/content/drive/MyDrive/landfill_research/datasets/AerialWaste/Extracted/7168.png
11650,11650.png,n/a,n/a,0,1053,1049,n/a,0,[],0,/content/drive/MyDrive/landfill_research/datasets/AerialWaste/Extracted/11650.png
7062,7062.png,n/a,n/a,0,1000,1000,n/a,1,[],1,/content/drive/MyDrive/landfill_research/datasets/AerialWaste/Extracted/7062.png
9092,9092.png,n/a,n/a,0,1000,1000,n/a,0,[],0,/content/drive/MyDrive/landfill_research/datasets/AerialWaste/Extracted/9092.png
9014,9014.png,n/a,n/a,0,1037,1065,n/a,0,[],0,/content/drive/MyDrive/landfill_research/datasets/AerialWaste/Extracted/9014.png
5606,5606.png,n/a,n/a,0,1000,1000,n/a,0,[],0,/content/drive/MyDrive/landfill_research/datasets/AerialWaste/Extracted/5606.png
2115,2115.png,1,Abandoned area,1,1000,1000,3,1,"[1, 16]",1,/content/drive/MyDrive/landfill_research/datasets/AerialWaste/Extracted/2115.png
1764,1764.png,2,Production site,0,1000,1000,2,1,[],1,/content/drive/MyDrive/landfill_research/datasets/AerialWaste/Extracted/1764.png
11095,11095.png,2,Production site,1,1000,1000,2,1,"[4, 20]",1,/content/drive/MyDrive/landfill_research/datasets/AerialWaste/Extracted/11095.png
8868,8868.png,n/a,n/a,0,1000,1000,n/a,0,[],0,/content/drive/MyDrive/landfill_research/datasets/AerialWaste/Extracted/8868.png
6779,6779.png,n/a,n/a,0,697,698,n/a,1,[],1,/content/drive/MyDrive/landfill_research/datasets/AerialWaste/Extracted/6779.png
8731,8731.png,2,Production site,1,1000,1000,2,1,"[2, 6, 16]",1,/content/drive/MyDrive/landfill_research/datasets/AerialWaste/Extracted/8731.png
2102,2102.png,1,Degraded area,1,1000,1000,2,1,"[1, 2, 4, 5, 8, 14, 20]",1,/content/drive/MyDrive/landfill_research/datasets/AerialWaste/Extracted/2102.png
626,626.png,1,Production site,0,1000,1000,2,1,[],1,/content/drive/MyDrive/landfill_research/datasets/AerialWaste/Extracted/626.png
348,348.png,2,Agricultural area/farm area,0,1000,1000,3,1,[],1,/content/drive/MyDrive/landfill_research/datasets/AerialWaste/Extracted/348.png
11569,11569.png,n/a,n/a,0,1038,1063,n/a,0,[],0,/content/drive/MyDrive/landfill_research/datasets/AerialWaste/Extracted/11569.png
9305,9305.png,n/a,n/a,0,1000,1000,n/a,0,[],0,/content/drive/MyDrive/landfill_research/datasets/AerialWaste/Extracted/9305.png
4878,4878.png,n/a,n/a,0,1000,1000,n/a,0,[],0,/content/drive/MyDrive/landfill_research/datasets/AerialWaste/Extracted/4878.png
2242,2242.png,2,Production site,0,1054,1047,2,1,[],1,/content/drive/MyDrive/landfill_research/datasets/AerialWaste/Extracted/2242.png
5706,5706.png,n/a,n/a,0,1000,1000,n/a,0,[],0,/content/drive/MyDrive/landfill_research/datasets/AerialWaste/Extracted/5706.png
4120,4120.png,n/a,n/a,0,1000,1000,n/a,0,[],0,/content/drive/MyDrive/landfill_research/datasets/AerialWaste/Extracted/4120.png
6695,6695.png,n/a,n/a,0,1000,1000,n/a,0,[],0,/content/drive/MyDrive/landfill_research/datasets/AerialWaste/Extracted/6695.png
1068,1068.png,n/a,n/a,0,1000,1000,n/a,0,[],0,/content/drive/MyDrive/landfill_research/datasets/AerialWaste/Extracted/1068.png
8195,8195.png,n/a,n/a,0,1042,1059,n/a,0,[],0,/content/drive/MyDrive/landfill_research/datasets/AerialWaste/Extracted/8195.png
7187,7187.png,n/a,n/a,0,1000,1000,n/a,0,[],0,/content/drive/MyDrive/landfill_research/datasets/AerialWaste/Extracted/7187.png
880,880.png,3,Production site,0,1000,1000,2,1,[],1,/content/drive/MyDrive/landfill_research/datasets/AerialWaste/Extracted/880.png
7112,7112.png,1,Other,1,1000,1000,1,1,"[2, 1, 4, 16]",1,/content/drive/MyDrive/landfill_research/datasets/AerialWaste/Extracted/7112.png
6158,6158.png,n/a,n/a,0,1000,1000,n/a,0,[],0,/content/drive/MyDrive/landfill_research/datasets/AerialWaste/Extracted/6158.png
4030,4030.png,n/a,n/a,0,1000,1000,n/a,0,[],0,/content/drive/MyDrive/landfill_research/datasets/AerialWaste/Extracted/4030.png
11198,11198.png,n/a,n/a,0,1052,1050,n/a,0,[],0,/content/drive/MyDrive/landfill_research/datasets/AerialWaste/Extracted/11198.png
2309,2309.png,2,Degraded area,1,697,698,3,1,"[1, 2, 4, 5]",1,/content/drive/MyDrive/landfill_research/datasets/AerialWaste/Extracted/2309.png
7572,7572.png,n/a,n/a,0,1054,1047,n/a,0,[],0,/content/drive/MyDrive/landfill_research/datasets/AerialWaste/Extracted/7572.png
9739,9739.png,n/a,n/a,0,1000,1000,n/a,0,[],0,/content/drive/MyDrive/landfill_research/datasets/AerialWaste/Extracted/9739.png
10603,10603.png,n/a,n/a,0,1053,1049,n/a,0,[],0,/content/drive/MyDrive/landfill_research/datasets/AerialWaste/Extracted/10603.png
10104,10104.png,n/a,n/a,0,1055,1046,n/a,0,[],0,/content/drive/MyDrive/landfill_research/datasets/AerialWaste/Extracted/10104.png
3412,3412.png,n/s,n/s,0,1036,1066,n/s,0,[],0,/content/drive/MyDrive/landfill_research/datasets/AerialWaste/Extracted/3412.png
1043,1043.png,2,Production site,0,1000,1000,2,1,[],1,/content/drive/MyDrive/landfill_research/datasets/AerialWaste/Extracted/1043.png
9194,9194.png,n/a,n/a,0,1000,1000,n/a,0,[],0,/content/drive/MyDrive/landfill_research/datasets/AerialWaste/Extracted/9194.png
6679,6679.png,n/a,n/a,0,1000,1000,n/a,0,[],0,/content/drive/MyDrive/landfill_research/datasets/AerialWaste/Extracted/6679.png
3345,3345.png,n/a,n/a,0,1000,1000,n/a,0,[],0,/content/drive/MyDrive/landfill_research/datasets/AerialWaste/Extracted/3345.png
8573,8573.png,n/a,n/a,0,1037,1065,n/a,0,[],0,/content/drive/MyDrive/landfill_research/datasets/AerialWaste/Extracted/8573.png
4050,4050.png,n/a,n/a,0,1000,1000,n/a,0,[],0,/content/drive/MyDrive/landfill_research/datasets/AerialWaste/Extracted/4050.png
10429,10429.png,n/a,n/a,0,1045,1057,n/a,0,[],0,/content/drive/MyDrive/landfill_research/datasets/AerialWaste/Extracted/10429.png
1614,1614.png,1,Production site,0,1000,1000,3,1,[],1,/content/drive/MyDrive/landfill_research/datasets/AerialWaste/Extracted/1614.png
5805,5805.png,n/a,n/a,0,1000,1000,n/a,0,[],0,/content/drive/MyDrive/landfill_research/datasets/AerialWaste/Extracted/5805.png
10164,10164.png,n/a,n/a,0,1051,1051,n/a,0,[],0,/content/drive/MyDrive/landfill_research/datasets/AerialWaste/Extracted/10164.png
6470,6470.png,n/a,n/a,0,1000,1000,n/a,0,[],0,/content/drive/MyDrive/landfill_research/datasets/AerialWaste/Extracted/6470.png
3320,3320.png,n/s,n/s,0,1035,1067,1,1,[],1,/content/drive/MyDrive/landfill_research/datasets/AerialWaste/Extracted/3320.png
653,653.png,1,Degraded area,0,1000,1000,2,1,[],1,/content/drive/MyDrive/landfill_research/datasets/AerialWaste/Extracted/653.png
6161,6161.png,n/a,n/a,0,1000,1000,n/a,0,[],0,/content/drive/MyDrive/landfill_research/datasets/AerialWaste/Extracted/6161.png
4500,4500.png,n/a,n/a,0,1000,1000,n/a,0,[],0,/content/drive/MyDrive/landfill_research/datasets/AerialWaste/Extracted/4500.png
1181,1181.png,2,Non production building,0,1000,1000,1,1,[],1,/content/drive/MyDrive/landfill_research/datasets/AerialWaste/Extracted/1181.png
3947,3947.png,n/a,n/a,0,1000,1000,n/a,0,[],0,/content/drive/MyDrive/landfill_research/datasets/AerialWaste/Extracted/3947.png
10747,10747.png,n/a,n/a,0,1000,1000,n/a,0,[],0,/content/drive/MyDrive/landfill_research/datasets/AerialWaste/Extracted/10747.png
5749,5749.png,n/a,n/a,0,1000,1000,n/a,1,[],1,/content/drive/MyDrive/landfill_research/datasets/AerialWaste/Extracted/5749.png
2939,2939.png,n/s,n/s,0,1046,1055,3,0,[],0,/content/drive/MyDrive/landfill_research/datasets/AerialWaste/Extracted/2939.png
5874,5874.png,n/a,n/a,0,1000,1000,n/a,0,[],0,/content/drive/MyDrive/landfill_research/datasets/AerialWaste/Extracted/5874.png
5730,5730.png,n/a,n/a,0,1000,1000,n/a,0,[],0,/content/drive/MyDrive/landfill_research/datasets/AerialWaste/Extracted/5730.png
4841,4841.png,n/a,n/a,0,1000,1000,n/a,0,[],0,/content/drive/MyDrive/landfill_research/datasets/AerialWaste/Extracted/4841.png
8833,8833.png,n/a,n/a,0,1000,1000,n/a,0,[],0,/content/drive/MyDrive/landfill_research/datasets/AerialWaste/Extracted/8833.png
3952,3952.png,n/a,n/a,0,1000,1000,n/a,0,[],0,/content/drive/MyDrive/landfill_research/datasets/AerialWaste/Extracted/3952.png
3610,3610.png,n/a,n/a,0,1000,1000,n/a,0,[],0,/content/drive/MyDrive/landfill_research/datasets/AerialWaste/Extracted/3610.png
11568,11568.png,n/a,n/a,0,1000,1000,n/a,0,[],0,/content/drive/MyDrive/landfill_research/datasets/AerialWaste/Extracted/11568.png
1444,1444.png,n/a,n/a,0,1051,1050,n/a,0,[],0,/content/drive/MyDrive/landfill_research/datasets/AerialWaste/Extracted/1444.png
4263,4263.png,n/a,n/a,0,1000,1000,n/a,0,[],0,/content/drive/MyDrive/landfill_research/datasets/AerialWaste/Extracted/4263.png
1169,1169.png,1,Production site,0,1000,1000,1,1,[],1,/content/drive/MyDrive/landfill_research/datasets/AerialWaste/Extracted/1169.png
11520,11520.png,n/a,n/a,0,1038,1063,n/a,0,[],0,/content/drive/MyDrive/landfill_research/datasets/AerialWaste/Extracted/11520.png
10909,10909.png,2,Production site,1,1000,1000,3,1,"[2, 19]",1,/content/drive/MyDrive/landfill_research/datasets/AerialWaste/Extracted/10909.png
1767,1767.png,1,Production site,0,1000,1000,2,1,[],1,/content/drive/MyDrive/landfill_research/datasets/AerialWaste/Extracted/1767.png
1766,1766.png,1,Production site,0,1000,1000,2,1,[],1,/content/drive/MyDrive/landfill_research/datasets/AerialWaste/Extracted/1766.png
822,822.png,1,Degraded area,0,1000,1000,1,1,[],1,/content/drive/MyDrive/landfill_research/datasets/AerialWaste/Extracted/822.png
7200,7200.png,n/a,n/a,0,1000,1000,n/a,0,[],0,/content/drive/MyDrive/landfill_research/datasets/AerialWaste/Extracted/7200.png
4590,4590.png,n/a,n/a,0,1000,1000,n/a,0,[],0,/content/drive/MyDrive/landfill_research/datasets/AerialWaste/Extracted/4590.png
8825,8825.png,1,Degraded area,1,1000,1000,2,1,"[2, 5, 4, 6, 16]",1,/content/drive/MyDrive/landfill_research/datasets/AerialWaste/Extracted/8825.png
7086,7086.png,1,Agricultural area/farm area,1,1000,1000,1,1,"[2, 1, 16]",1,/content/drive/MyDrive/landfill_research/datasets/AerialWaste/Extracted/7086.png
214,214.png,1,Production site,0,1000,1000,1,1,[],1,/content/drive/MyDrive/landfill_research/datasets/AerialWaste/Extracted/214.png
8157,8157.png,n/a,n/a,0,1047,1055,n/a,0,[],0,/content/drive/MyDrive/landfill_research/datasets/AerialWaste/Extracted/8157.png
7307,7307.png,n/a,n/a,0,1051,1051,n/a,0,[],0,/content/drive/MyDrive/landfill_research/datasets/AerialWaste/Extracted/7307.png
3650,3650.png,n/a,n/a,0,1000,1000,n/a,0,[],0,/content/drive/MyDrive/landfill_research/datasets/AerialWaste/Extracted/3650.png
10942,10942.png,1,Degraded area,1,1000,1000,2,1,"[1, 16]",1,/content/drive/MyDrive/landfill_research/datasets/AerialWaste/Extracted/10942.png
5129,5129.png,n/a,n/a,0,1000,1000,n/a,0,[],0,/content/drive/MyDrive/landfill_research/datasets/AerialWaste/Extracted/5129.png
1155,1155.png,2,Production site,0,1000,1000,2,1,[],1,/content/drive/MyDrive/landfill_research/datasets/AerialWaste/Extracted/1155.png
6504,6504.png,n/a,n/a,0,1043,1059,n/a,0,[],0,/content/drive/MyDrive/landfill_research/datasets/AerialWaste/Extracted/6504.png
8973,8973.png,n/a,n/a,0,1046,1055,n/a,0,[],0,/content/drive/MyDrive/landfill_research/datasets/AerialWaste/Extracted/8973.png
394,394.png,2,Non production building,0,1000,1000,2,1,[],1,/content/drive/MyDrive/landfill_research/datasets/AerialWaste/Extracted/394.png
8317,8317.png,n/a,n/a,0,1037,1065,n/a,0,[],0,/content/drive/MyDrive/landfill_research/datasets/AerialWaste/Extracted/8317.png
6655,6655.png,n/a,n/a,0,1000,1000,n/a,1,[],1,/content/drive/MyDrive/landfill_research/datasets/AerialWaste/Extracted/6655.png
2464,2464.png,1,Agricultural area/farm area,0,1049,1052,1,1,[],1,/content/drive/MyDrive/landfill_research/datasets/AerialWaste/Extracted/2464.png
3444,3444.png,n/a,n/a,0,1000,1000,n/a,0,[],0,/content/drive/MyDrive/landfill_research/datasets/AerialWaste/Extracted/3444.png
4410,4410.png,n/a,n/a,0,1000,1000,n/a,0,[],0,/content/drive/MyDrive/landfill_research/datasets/AerialWaste/Extracted/4410.png
11246,11246.png,n/a,n/a,0,1000,1000,n/a,0,[],0,/content/drive/MyDrive/landfill_research/datasets/AerialWaste/Extracted/11246.png
3748,3748.png,n/a,n/a,0,1000,1000,n/a,0,[],0,/content/drive/MyDrive/landfill_research/datasets/AerialWaste/Extracted/3748.png
4655,4655.png,n/a,n/a,0,1000,1000,n/a,0,[],0,/content/drive/MyDrive/landfill_research/datasets/AerialWaste/Extracted/4655.png
3718,3718.png,n/a,n/a,0,1000,1000,n/a,0,[],0,/content/drive/MyDrive/landfill_research/datasets/AerialWaste/Extracted/3718.png
8093,8093.png,n/a,n/a,0,1055,1046,n/a,0,[],0,/content/drive/MyDrive/landfill_research/datasets/AerialWaste/Extracted/8093.png
3817,3817.png,n/a,n/a,0,1000,1000,n/a,0,[],0,/content/drive/MyDrive/landfill_research/datasets/AerialWaste/Extracted/3817.png
9170,9170.png,n/a,n/a,0,1000,1000,n/a,0,[],0,/content/drive/MyDrive/landfill_research/datasets/AerialWaste/Extracted/9170.png
634,634.png,1,Agricultural area/farm area,0,1000,1000,2,1,[],1,/content/drive/MyDrive/landfill_research/datasets/AerialWaste/Extracted/634.png
8649,8649.png,n/a,n/a,0,1046,1057,n/a,0,[],0,/content/drive/MyDrive/landfill_research/datasets/AerialWaste/Extracted/8649.png
3783,3783.png,n/a,n/a,0,1000,1000,n/a,0,[],0,/content/drive/MyDrive/landfill_research/datasets/AerialWaste/Extracted/3783.png
4375,4375.png,n/a,n/a,0,1000,1000,n/a,0,[],0,/content/drive/MyDrive/landfill_research/datasets/AerialWaste/Extracted/4375.png
6844,6844.png,n/a,n/a,0,1000,1000,n/a,0,[],0,/content/drive/MyDrive/landfill_research/datasets/AerialWaste/Extracted/6844.png
9983,9983.png,n/a,n/a,0,1044,1058,n/a,0,[],0,/content/drive/MyDrive/landfill_research/datasets/AerialWaste/Extracted/9983.png
8663,8663.png,n/a,n/a,0,1056,1046,n/a,0,[],0,/content/drive/MyDrive/landfill_research/datasets/AerialWaste/Extracted/8663.png
3765,3765.png,n/a,n/a,0,1000,1000,n/a,0,[],0,/content/drive/MyDrive/landfill_research/datasets/AerialWaste/Extracted/3765.png
4035,4035.png,n/a,n/a,0,1000,1000,n/a,0,[],0,/content/drive/MyDrive/landfill_research/datasets/AerialWaste/Extracted/4035.png
11394,11394.png,n/a,n/a,0,1000,1000,n/a,0,[],0,/content/drive/MyDrive/landfill_research/datasets/AerialWaste/Extracted/11394.png
7376,7376.png,n/a,n/a,0,1056,1045,n/a,0,[],0,/content/drive/MyDrive/landfill_research/datasets/AerialWaste/Extracted/7376.png
10124,10124.png,n/a,n/a,0,1056,1046,n/a,0,[],0,/content/drive/MyDrive/landfill_research/datasets/AerialWaste/Extracted/10124.png
8057,8057.png,n/a,n/a,0,1050,1052,n/a,0,[],0,/content/drive/MyDrive/landfill_research/datasets/AerialWaste/Extracted/8057.png
8803,8803.png,1,Other,1,1000,1000,1,1,"[10, 1, 16]",1,/content/drive/MyDrive/landfill_research/datasets/AerialWaste/Extracted/8803.png
5601,5601.png,n/a,n/a,0,1000,1000,n/a,0,[],0,/content/drive/MyDrive/landfill_research/datasets/AerialWaste/Extracted/5601.png
1413,1413.png,2,Agricultural area/farm area,0,1000,1000,1,1,[],1,/content/drive/MyDrive/landfill_research/datasets/AerialWaste/Extracted/1413.png
3136,3136.png,n/s,n/s,0,1051,1050,3,1,[],1,/content/drive/MyDrive/landfill_research/datasets/AerialWaste/Extracted/3136.png
5150,5150.png,n/a,n/a,0,1000,1000,n/a,0,[],0,/content/drive/MyDrive/landfill_research/datasets/AerialWaste/Extracted/5150.png
10060,10060.png,n/a,n/a,0,1055,1047,n/a,0,[],0,/content/drive/MyDrive/landfill_research/datasets/AerialWaste/Extracted/10060.png
9531,9531.png,n/a,n/a,0,1000,1000,n/a,0,[],0,/content/drive/MyDrive/landfill_research/datasets/AerialWaste/Extracted/9531.png
8763,8763.png,n/a,n/a,0,1000,1000,n/a,0,[],0,/content/drive/MyDrive/landfill_research/datasets/AerialWaste/Extracted/8763.png
2929,2929.png,n/a,n/a,0,1000,1000,n/a,0,[],0,/content/drive/MyDrive/landfill_research/datasets/AerialWaste/Extracted/2929.png
11354,11354.png,n/a,n/a,0,1000,1000,n/a,0,[],0,/content/drive/MyDrive/landfill_research/datasets/AerialWaste/Extracted/11354.png
5494,5494.png,n/a,n/a,0,1000,1000,n/a,0,[],0,/content/drive/MyDrive/landfill_research/datasets/AerialWaste/Extracted/5494.png
4675,4675.png,n/a,n/a,0,1000,1000,n/a,1,[],1,/content/drive/MyDrive/landfill_research/datasets/AerialWaste/Extracted/4675.png
3676,3676.png,n/a,n/a,0,1000,1000,n/a,0,[],0,/content/drive/MyDrive/landfill_research/datasets/AerialWaste/Extracted/3676.png
5995,5995.png,n/a,n/a,0,1000,1000,n/a,0,[],0,/content/drive/MyDrive/landfill_research/datasets/AerialWaste/Extracted/5995.png
5384,5384.png,n/a,n/a,0,1000,1000,n/a,0,[],0,/content/drive/MyDrive/landfill_research/datasets/AerialWaste/Extracted/5384.png
7563,7563.png,n/a,n/a,0,1052,1049,n/a,0,[],0,/content/drive/MyDrive/landfill_research/datasets/AerialWaste/Extracted/7563.png
2145,2145.png,2,Non production building,0,1053,1048,3,1,[],1,/content/drive/MyDrive/landfill_research/datasets/AerialWaste/Extracted/2145.png
1250,1250.png,1,Agricultural area/farm area,0,1000,1000,1,1,[],1,/content/drive/MyDrive/landfill_research/datasets/AerialWaste/Extracted/1250.png
6782,6782.png,n/a,n/a,0,697,698,n/a,0,[],0,/content/drive/MyDrive/landfill_research/datasets/AerialWaste/Extracted/6782.png
970,970.png,2,Production site,0,1000,1000,2,1,[],1,/content/drive/MyDrive/landfill_research/datasets/AerialWaste/Extracted/970.png
7404,7404.png,n/a,n/a,0,1054,1048,n/a,0,[],0,/content/drive/MyDrive/landfill_research/datasets/AerialWaste/Extracted/7404.png
8564,8564.png,1,Agricultural area/farm area,1,1000,1000,1,1,"[1, 16]",1,/content/drive/MyDrive/landfill_research/datasets/AerialWaste/Extracted/8564.png
2275,2275.png,2,Production site,0,1055,1047,1,1,[],1,/content/drive/MyDrive/landfill_research/datasets/AerialWaste/Extracted/2275.png
5763,5763.png,n/a,n/a,0,1000,1000,n/a,0,[],0,/content/drive/MyDrive/landfill_research/datasets/AerialWaste/Extracted/5763.png
1993,1993.png,2,Degraded area,1,1000,1000,1,1,"[1, 2, 4, 16]",1,/content/drive/MyDrive/landfill_research/datasets/AerialWaste/Extracted/1993.png
3796,3796.png,n/a,n/a,0,1000,1000,n/a,0,[],0,/content/drive/MyDrive/landfill_research/datasets/AerialWaste/Extracted/3796.png
6780,6780.png,n/a,n/a,0,1000,1000,n/a,0,[],0,/content/drive/MyDrive/landfill_research/datasets/AerialWaste/Extracted/6780.png
10383,10383.png,n/a,n/a,0,1038,1064,n/a,0,[],0,/content/drive/MyDrive/landfill_research/datasets/AerialWaste/Extracted/10383.png
10393,10393.png,n/a,n/a,0,1037,1064,n/a,0,[],0,/content/drive/MyDrive/landfill_research/datasets/AerialWaste/Extracted/10393.png
11698,11698.png,n/a,n/a,0,1054,1048,n/a,0,[],0,/content/drive/MyDrive/landfill_research/datasets/AerialWaste/Extracted/11698.png
3245,3245.png,n/s,n/s,0,1036,1065,3,1,[],1,/content/drive/MyDrive/landfill_research/datasets/AerialWaste/Extracted/3245.png
8516,8516.png,n/a,n/a,0,1038,1064,n/a,0,[],0,/content/drive/MyDrive/landfill_research/datasets/AerialWaste/Extracted/8516.png
5171,5171.png,n/a,n/a,0,1000,1000,n/a,0,[],0,/content/drive/MyDrive/landfill_research/datasets/AerialWaste/Extracted/5171.png
6183,6183.png,n/a,n/a,0,1000,1000,n/a,0,[],0,/content/drive/MyDrive/landfill_research/datasets/AerialWaste/Extracted/6183.png
2352,2352.png,2,Degraded area,1,1000,1000,2,1,"[1, 16]",1,/content/drive/MyDrive/landfill_research/datasets/AerialWaste/Extracted/2352.png
1961,1961.png,2,Production site,1,1000,1000,2,1,"[1, 4, 11, 16]",1,/content/drive/MyDrive/landfill_research/datasets/AerialWaste/Extracted/1961.png
4297,4297.png,n/a,n/a,0,1000,1000,n/a,0,[],0,/content/drive/MyDrive/landfill_research/datasets/AerialWaste/Extracted/4297.png
11635,11635.png,n/a,n/a,0,1051,1051,n/a,0,[],0,/content/drive/MyDrive/landfill_research/datasets/AerialWaste/Extracted/11635.png
6930,6930.png,n/a,n/a,0,1000,1000,n/a,0,[],0,/content/drive/MyDrive/landfill_research/datasets/AerialWaste/Extracted/6930.png
283,283.png,1,Production site,0,1000,1000,1,1,[],1,/content/drive/MyDrive/landfill_research/datasets/AerialWaste/Extracted/283.png
8582,8582.png,n/a,n/a,0,1037,1065,n/a,0,[],0,/content/drive/MyDrive/landfill_research/datasets/AerialWaste/Extracted/8582.png
6841,6841.png,n/a,n/a,0,1000,1000,n/a,0,[],0,/content/drive/MyDrive/landfill_research/datasets/AerialWaste/Extracted/6841.png
6076,6076.png,n/a,n/a,0,1000,1000,n/a,0,[],0,/content/drive/MyDrive/landfill_research/datasets/AerialWaste/Extracted/6076.png
4668,4668.png,n/a,n/a,0,1000,1000,n/a,0,[],0,/content/drive/MyDrive/landfill_research/datasets/AerialWaste/Extracted/4668.png
4284,4284.png,n/a,n/a,0,1000,1000,n/a,0,[],0,/content/drive/MyDrive/landfill_research/datasets/AerialWaste/Extracted/4284.png
6010,6010.png,n/a,n/a,0,1000,1000,n/a,0,[],0,/content/drive/MyDrive/landfill_research/datasets/AerialWaste/Extracted/6010.png
6122,6122.png,n/a,n/a,0,1000,1000,n/a,0,[],0,/content/drive/MyDrive/landfill_research/datasets/AerialWaste/Extracted/6122.png
5133,5133.png,n/a,n/a,0,1000,1000,n/a,0,[],0,/content/drive/MyDrive/landfill_research/datasets/AerialWaste/Extracted/5133.png
8937,8937.png,n/a,n/a,0,1054,1048,n/a,0,[],0,/content/drive/MyDrive/landfill_research/datasets/AerialWaste/Extracted/8937.png
1106,1106.png,2,Degraded area,0,1000,1000,3,1,[],1,/content/drive/MyDrive/landfill_research/datasets/AerialWaste/Extracted/1106.png
926,926.png,2,Agricultural area/farm area,0,1000,1000,1,1,[],1,/content/drive/MyDrive/landfill_research/datasets/AerialWaste/Extracted/926.png
8934,8934.png,n/a,n/a,0,1054,1047,n/a,0,[],0,/content/drive/MyDrive/landfill_research/datasets/AerialWaste/Extracted/8934.png
5338,5338.png,n/a,n/a,0,1000,1000,n/a,0,[],0,/content/drive/MyDrive/landfill_research/datasets/AerialWaste/Extracted/5338.png
6548,6548.png,n/a,n/a,0,1000,1000,n/a,0,[],0,/content/drive/MyDrive/landfill_research/datasets/AerialWaste/Extracted/6548.png
9942,9942.png,n/a,n/a,0,1046,1056,n/a,0,[],0,/content/drive/MyDrive/landfill_research/datasets/AerialWaste/Extracted/9942.png
9901,9901.png,n/a,n/a,0,1000,1000,n/a,0,[],0,/content/drive/MyDrive/landfill_research/datasets/AerialWaste/Extracted/9901.png
1212,1212.png,2,Production site,0,1000,1000,2,1,[],1,/content/drive/MyDrive/landfill_research/datasets/AerialWaste/Extracted/1212.png
6221,6221.png,n/a,n/a,0,1000,1000,n/a,0,[],0,/content/drive/MyDrive/landfill_research/datasets/AerialWaste/Extracted/6221.png
10803,10803.png,2,Production site,1,1049,1053,1,1,"[2, 3, 5, 19, 21, 16]",1,/content/drive/MyDrive/landfill_research/datasets/AerialWaste/Extracted/10803.png
4334,4334.png,n/a,n/a,0,1000,1000,n/a,0,[],0,/content/drive/MyDrive/landfill_research/datasets/AerialWaste/Extracted/4334.png
1729,1729.png,1,Non production building,0,1000,1000,3,1,[],1,/content/drive/MyDrive/landfill_research/datasets/AerialWaste/Extracted/1729.png
9640,9640.png,n/a,n/a,0,1000,1000,n/a,0,[],0,/content/drive/MyDrive/landfill_research/datasets/AerialWaste/Extracted/9640.png
1501,1501.png,1,Production site,0,1000,1000,2,1,[],1,/content/drive/MyDrive/landfill_research/datasets/AerialWaste/Extracted/1501.png
9743,9743.png,n/a,n/a,0,1000,1000,n/a,0,[],0,/content/drive/MyDrive/landfill_research/datasets/AerialWaste/Extracted/9743.png
4146,4146.png,n/a,n/a,0,1000,1000,n/a,0,[],0,/content/drive/MyDrive/landfill_research/datasets/AerialWaste/Extracted/4146.png
6653,6653.png,n/a,n/a,0,1000,1000,n/a,0,[],0,/content/drive/MyDrive/landfill_research/datasets/AerialWaste/Extracted/6653.png
6593,6593.png,n/a,n/a,0,1000,1000,n/a,0,[],0,/content/drive/MyDrive/landfill_research/datasets/AerialWaste/Extracted/6593.png
10448,10448.png,n/a,n/a,0,1000,1000,n/a,0,[],0,/content/drive/MyDrive/landfill_research/datasets/AerialWaste/Extracted/10448.png
7827,7827.png,n/a,n/a,0,1055,1047,n/a,0,[],0,/content/drive/MyDrive/landfill_research/datasets/AerialWaste/Extracted/7827.png
3132,3132.png,n/s,n/s,0,1052,1049,3,1,[],1,/content/drive/MyDrive/landfill_research/datasets/AerialWaste/Extracted/3132.png
3816,3816.png,n/a,n/a,0,1000,1000,n/a,0,[],0,/content/drive/MyDrive/landfill_research/datasets/AerialWaste/Extracted/3816.png
7369,7369.png,n/a,n/a,0,1057,1044,n/a,0,[],0,/content/drive/MyDrive/landfill_research/datasets/AerialWaste/Extracted/7369.png
3416,3416.png,n/s,n/s,1,1055,1047,n/s,1,[17],1,/content/drive/MyDrive/landfill_research/datasets/AerialWaste/Extracted/3416.png
8735,8735.png,n/a,n/a,0,1000,1000,n/a,0,[],0,/content/drive/MyDrive/landfill_research/datasets/AerialWaste/Extracted/8735.png
8369,8369.png,n/a,n/a,0,1037,1065,n/a,0,[],0,/content/drive/MyDrive/landfill_research/datasets/AerialWaste/Extracted/8369.png
10847,10847.png,2,Production site,1,1045,1057,1,1,"[2, 4, 16]",1,/content/drive/MyDrive/landfill_research/datasets/AerialWaste/Extracted/10847.png
6441,6441.png,n/a,n/a,0,1000,1000,n/a,0,[],0,/content/drive/MyDrive/landfill_research/datasets/AerialWaste/Extracted/6441.png
9048,9048.png,n/a,n/a,0,1000,1000,n/a,0,[],0,/content/drive/MyDrive/landfill_research/datasets/AerialWaste/Extracted/9048.png
9318,9318.png,n/a,n/a,0,1000,1000,n/a,1,[],1,/content/drive/MyDrive/landfill_research/datasets/AerialWaste/Extracted/9318.png
10725,10725.png,n/a,n/a,0,1000,1000,n/a,0,[],0,/content/drive/MyDrive/landfill_research/datasets/AerialWaste/Extracted/10725.png
9341,9341.png,n/a,n/a,0,1000,1000,n/a,0,[],0,/content/drive/MyDrive/landfill_research/datasets/AerialWaste/Extracted/9341.png
5945,5945.png,n/a,n/a,0,1000,1000,n/a,0,[],0,/content/drive/MyDrive/landfill_research/datasets/AerialWaste/Extracted/5945.png
4634,4634.png,n/a,n/a,0,1000,1000,n/a,0,[],0,/content/drive/MyDrive/landfill_research/datasets/AerialWaste/Extracted/4634.png
2481,2481.png,n/s,n/s,0,1054,1048,2,1,[],1,/content/drive/MyDrive/landfill_research/datasets/AerialWaste/Extracted/2481.png
725,725.png,1,Production site,0,1000,1000,1,1,[],1,/content/drive/MyDrive/landfill_research/datasets/AerialWaste/Extracted/725.png
4,4.png,2,Production site,0,1000,1000,2,1,[],1,/content/drive/MyDrive/landfill_research/datasets/AerialWaste/Extracted/4.png
7934,7934.png,n/a,n/a,0,1056,1045,n/a,0,[],0,/content/drive/MyDrive/landfill_research/datasets/AerialWaste/Extracted/7934.png
3246,3246.png,n/s,n/s,0,1035,1067,1,1,[],1,/content/drive/MyDrive/landfill_research/datasets/AerialWaste/Extracted/3246.png
8789,8789.png,n/a,n/a,0,1000,1000,n/a,0,[],0,/content/drive/MyDrive/landfill_research/datasets/AerialWaste/Extracted/8789.png
3626,3626.png,n/a,n/a,0,1000,1000,n/a,0,[],0,/content/drive/MyDrive/landfill_research/datasets/AerialWaste/Extracted/3626.png
11615,11615.png,n/a,n/a,0,1057,1045,n/a,0,[],0,/content/drive/MyDrive/landfill_research/datasets/AerialWaste/Extracted/11615.png
4201,4201.png,n/a,n/a,0,1000,1000,n/a,0,[],0,/content/drive/MyDrive/landfill_research/datasets/AerialWaste/Extracted/4201.png
8066,8066.png,n/a,n/a,0,1051,1050,n/a,0,[],0,/content/drive/MyDrive/landfill_research/datasets/AerialWaste/Extracted/8066.png
5786,5786.png,n/a,n/a,0,1000,1000,n/a,0,[],0,/content/drive/MyDrive/landfill_research/datasets/AerialWaste/Extracted/5786.png
5006,5006.png,n/a,n/a,0,1000,1000,n/a,0,[],0,/content/drive/MyDrive/landfill_research/datasets/AerialWaste/Extracted/5006.png
9076,9076.png,1,Non production building,1,1000,1000,1,1,"[1, 16]",1,/content/drive/MyDrive/landfill_research/datasets/AerialWaste/Extracted/9076.png
5376,5376.png,n/a,n/a,0,1000,1000,n/a,0,[],0,/content/drive/MyDrive/landfill_research/datasets/AerialWaste/Extracted/5376.png
1554,1554.png,2,Agricultural area/farm area,0,1000,1000,2,1,[],1,/content/drive/MyDrive/landfill_research/datasets/AerialWaste/Extracted/1554.png
7016,7016.png,n/a,n/a,0,1000,1000,n/a,0,[],0,/content/drive/MyDrive/landfill_research/datasets/AerialWaste/Extracted/7016.png
10704,10704.png,n/a,n/a,0,1045,1057,n/a,0,[],0,/content/drive/MyDrive/landfill_research/datasets/AerialWaste/Extracted/10704.png
7271,7271.png,n/a,n/a,0,1058,1044,n/a,0,[],0,/content/drive/MyDrive/landfill_research/datasets/AerialWaste/Extracted/7271.png
7559,7559.png,n/a,n/a,0,1055,1046,n/a,0,[],0,/content/drive/MyDrive/landfill_research/datasets/AerialWaste/Extracted/7559.png
6536,6536.png,n/a,n/a,0,1000,1000,n/a,0,[],0,/content/drive/MyDrive/landfill_research/datasets/AerialWaste/Extracted/6536.png
4557,4557.png,n/a,n/a,0,1000,1000,n/a,0,[],0,/content/drive/MyDrive/landfill_research/datasets/AerialWaste/Extracted/4557.png
2460,2460.png,n/a,n/a,0,1046,1056,n/a,0,[],0,/content/drive/MyDrive/landfill_research/datasets/AerialWaste/Extracted/2460.png
6461,6461.png,n/a,n/a,0,1000,1000,n/a,0,[],0,/content/drive/MyDrive/landfill_research/datasets/AerialWaste/Extracted/6461.png
9755,9755.png,n/a,n/a,0,1000,1000,n/a,0,[],0,/content/drive/MyDrive/landfill_research/datasets/AerialWaste/Extracted/9755.png
9517,9517.png,n/a,n/a,0,1000,1000,n/a,0,[],0,/content/drive/MyDrive/landfill_research/datasets/AerialWaste/Extracted/9517.png
5089,5089.png,n/a,n/a,0,1000,1000,n/a,0,[],0,/content/drive/MyDrive/landfill_research/datasets/AerialWaste/Extracted/5089.png
3633,3633.png,n/a,n/a,0,1000,1000,n/a,0,[],0,/content/drive/MyDrive/landfill_research/datasets/AerialWaste/Extracted/3633.png
9126,9126.png,n/a,n/a,0,1000,1000,n/a,0,[],0,/content/drive/MyDrive/landfill_research/datasets/AerialWaste/Extracted/9126.png
2494,2494.png,n/s,n/s,0,1057,1044,3,1,[],1,/content/drive/MyDrive/landfill_research/datasets/AerialWaste/Extracted/2494.png
9527,9527.png,n/a,n/a,0,1000,1000,n/a,0,[],0,/content/drive/MyDrive/landfill_research/datasets/AerialWaste/Extracted/9527.png
10913,10913.png,1,Production site,1,1051,1051,1,1,"[1, 16]",1,/content/drive/MyDrive/landfill_research/datasets/AerialWaste/Extracted/10913.png
3479,3479.png,n/a,n/a,0,1055,1046,n/a,0,[],0,/content/drive/MyDrive/landfill_research/datasets/AerialWaste/Extracted/3479.png
4508,4508.png,n/a,n/a,0,1000,1000,n/a,0,[],0,/content/drive/MyDrive/landfill_research/datasets/AerialWaste/Extracted/4508.png
740,740.png,1,Abandoned area,0,1000,1000,1,1,[],1,/content/drive/MyDrive/landfill_research/datasets/AerialWaste/Extracted/740.png
1959,1959.png,2,Production site,0,1043,1059,2,1,[],1,/content/drive/MyDrive/landfill_research/datasets/AerialWaste/Extracted/1959.png
3269,3269.png,n/s,n/s,0,1037,1065,1,1,[],1,/content/drive/MyDrive/landfill_research/datasets/AerialWaste/Extracted/3269.png
6692,6692.png,n/a,n/a,0,1000,1000,n/a,0,[],0,/content/drive/MyDrive/landfill_research/datasets/AerialWaste/Extracted/6692.png
1615,1615.png,1,Production site,0,1000,1000,2,1,[],1,/content/drive/MyDrive/landfill_research/datasets/AerialWaste/Extracted/1615.png
11072,11072.png,1,Non production building,0,1053,1049,2,1,[],1,/content/drive/MyDrive/landfill_research/datasets/AerialWaste/Extracted/11072.png
7125,7125.png,n/a,n/a,0,1051,1050,n/a,0,[],0,/content/drive/MyDrive/landfill_research/datasets/AerialWaste/Extracted/7125.png
7800,7800.png,n/a,n/a,0,1054,1048,n/a,0,[],0,/content/drive/MyDrive/landfill_research/datasets/AerialWaste/Extracted/7800.png
4806,4806.png,n/a,n/a,0,1000,1000,n/a,0,[],0,/content/drive/MyDrive/landfill_research/datasets/AerialWaste/Extracted/4806.png
9130,9130.png,n/a,n/a,0,1000,1000,n/a,0,[],0,/content/drive/MyDrive/landfill_research/datasets/AerialWaste/Extracted/9130.png
10580,10580.png,n/a,n/a,0,1000,1000,n/a,0,[],0,/content/drive/MyDrive/landfill_research/datasets/AerialWaste/Extracted/10580.png
4067,4067.png,n/a,n/a,0,1000,1000,n/a,0,[],0,/content/drive/MyDrive/landfill_research/datasets/AerialWaste/Extracted/4067.png
9490,9490.png,n/a,n/a,0,1000,1000,n/a,0,[],0,/content/drive/MyDrive/landfill_research/datasets/AerialWaste/Extracted/9490.png
6476,6476.png,n/a,n/a,0,1049,1053,n/a,0,[],0,/content/drive/MyDrive/landfill_research/datasets/AerialWaste/Extracted/6476.png
5281,5281.png,n/a,n/a,0,1000,1000,n/a,0,[],0,/content/drive/MyDrive/landfill_research/datasets/AerialWaste/Extracted/5281.png
8755,8755.png,n/a,n/a,0,1000,1000,n/a,0,[],0,/content/drive/MyDrive/landfill_research/datasets/AerialWaste/Extracted/8755.png
11450,11450.png,n/a,n/a,0,1056,1046,n/a,0,[],0,/content/drive/MyDrive/landfill_research/datasets/AerialWaste/Extracted/11450.png
7612,7612.png,n/a,n/a,0,1054,1048,n/a,1,[],1,/content/drive/MyDrive/landfill_research/datasets/AerialWaste/Extracted/7612.png
8005,8005.png,n/a,n/a,0,1044,1057,n/a,0,[],0,/content/drive/MyDrive/landfill_research/datasets/AerialWaste/Extracted/8005.png
381,381.png,2,Production site,0,1000,1000,2,1,[],1,/content/drive/MyDrive/landfill_research/datasets/AerialWaste/Extracted/381.png
7467,7467.png,n/a,n/a,0,1059,1043,n/a,0,[],0,/content/drive/MyDrive/landfill_research/datasets/AerialWaste/Extracted/7467.png
2569,2569.png,n/s,n/s,0,1057,1044,1,0,[],0,/content/drive/MyDrive/landfill_research/datasets/AerialWaste/Extracted/2569.png
1120,1120.png,2,Agricultural area/farm area,0,1000,1000,2,1,[],1,/content/drive/MyDrive/landfill_research/datasets/AerialWaste/Extracted/1120.png
4040,4040.png,n/a,n/a,0,1000,1000,n/a,0,[],0,/content/drive/MyDrive/landfill_research/datasets/AerialWaste/Extracted/4040.png
7529,7529.png,n/a,n/a,0,1056,1045,n/a,0,[],0,/content/drive/MyDrive/landfill_research/datasets/AerialWaste/Extracted/7529.png
2259,2259.png,2,Production site,0,1000,1000,2,0,[],0,/content/drive/MyDrive/landfill_research/datasets/AerialWaste/Extracted/2259.png
9086,9086.png,n/a,n/a,0,1000,1000,n/a,0,[],0,/content/drive/MyDrive/landfill_research/datasets/AerialWaste/Extracted/9086.png
8452,8452.png,n/a,n/a,0,1035,1067,n/a,0,[],0,/content/drive/MyDrive/landfill_research/datasets/AerialWaste/Extracted/8452.png
5482,5482.png,n/a,n/a,0,1038,1063,n/a,0,[],0,/content/drive/MyDrive/landfill_research/datasets/AerialWaste/Extracted/5482.png
11484,11484.png,n/a,n/a,0,1000,1000,n/a,0,[],0,/content/drive/MyDrive/landfill_research/datasets/AerialWaste/Extracted/11484.png
11691,11691.png,n/a,n/a,0,1053,1048,n/a,0,[],0,/content/drive/MyDrive/landfill_research/datasets/AerialWaste/Extracted/11691.png
8807,8807.png,n/a,n/a,0,1000,1000,n/a,0,[],0,/content/drive/MyDrive/landfill_research/datasets/AerialWaste/Extracted/8807.png
10459,10459.png,n/a,n/a,0,1000,1000,n/a,0,[],0,/content/drive/MyDrive/landfill_research/datasets/AerialWaste/Extracted/10459.png
2285,2285.png,n/a,n/a,0,1044,1057,n/a,0,[],0,/content/drive/MyDrive/landfill_research/datasets/AerialWaste/Extracted/2285.png
3767,3767.png,n/a,n/a,0,1000,1000,n/a,0,[],0,/content/drive/MyDrive/landfill_research/datasets/AerialWaste/Extracted/3767.png
9129,9129.png,n/a,n/a,0,1000,1000,n/a,0,[],0,/content/drive/MyDrive/landfill_research/datasets/AerialWaste/Extracted/9129.png
8585,8585.png,n/a,n/a,0,1037,1065,n/a,0,[],0,/content/drive/MyDrive/landfill_research/datasets/AerialWaste/Extracted/8585.png
9205,9205.png,n/a,n/a,0,1000,1000,n/a,0,[],0,/content/drive/MyDrive/landfill_research/datasets/AerialWaste/Extracted/9205.png
19,19.png,1,Production site,0,1000,1000,1,1,[],1,/content/drive/MyDrive/landfill_research/datasets/AerialWaste/Extracted/19.png
3691,3691.png,n/a,n/a,0,1000,1000,n/a,0,[],0,/content/drive/MyDrive/landfill_research/datasets/AerialWaste/Extracted/3691.png
8535,8535.png,n/a,n/a,0,1038,1064,n/a,0,[],0,/content/drive/MyDrive/landfill_research/datasets/AerialWaste/Extracted/8535.png
1288,1288.png,2,Production site,0,1000,1000,2,1,[],1,/content/drive/MyDrive/landfill_research/datasets/AerialWaste/Extracted/1288.png
5691,5691.png,n/a,n/a,0,1000,1000,n/a,0,[],0,/content/drive/MyDrive/landfill_research/datasets/AerialWaste/Extracted/5691.png
11134,11134.png,n/a,n/a,0,1000,1000,n/a,0,[],0,/content/drive/MyDrive/landfill_research/datasets/AerialWaste/Extracted/11134.png
2252,2252.png,3,Other,1,1000,1000,3,1,"[1, 3, 16]",1,/content/drive/MyDrive/landfill_research/datasets/AerialWaste/Extracted/2252.png
796,796.png,2,Production site,0,1000,1000,1,1,[],1,/content/drive/MyDrive/landfill_research/datasets/AerialWaste/Extracted/796.png
1354,1354.png,2,Production site,0,1000,1000,2,1,[],1,/content/drive/MyDrive/landfill_research/datasets/AerialWaste/Extracted/1354.png
6,6.png,2,Agricultural area/farm area,0,1000,1000,1,1,[],1,/content/drive/MyDrive/landfill_research/datasets/AerialWaste/Extracted/6.png
8255,8255.png,n/a,n/a,0,1044,1057,n/a,0,[],0,/content/drive/MyDrive/landfill_research/datasets/AerialWaste/Extracted/8255.png
2385,2385.png,2,Degraded area,1,696,698,2,1,"[1, 3, 4, 5, 16]",1,/content/drive/MyDrive/landfill_research/datasets/AerialWaste/Extracted/2385.png
5658,5658.png,n/a,n/a,0,1000,1000,n/a,0,[],0,/content/drive/MyDrive/landfill_research/datasets/AerialWaste/Extracted/5658.png
2121,2121.png,0,Other,1,1000,1000,0,1,"[2, 3, 4, 5, 8, 9, 15, 17, 20]",1,/content/drive/MyDrive/landfill_research/datasets/AerialWaste/Extracted/2121.png
7819,7819.png,n/a,n/a,0,1055,1046,n/a,0,[],0,/content/drive/MyDrive/landfill_research/datasets/AerialWaste/Extracted/7819.png
6272,6272.png,n/a,n/a,0,1000,1000,n/a,0,[],0,/content/drive/MyDrive/landfill_research/datasets/AerialWaste/Extracted/6272.png
5411,5411.png,n/a,n/a,0,1000,1000,n/a,0,[],0,/content/drive/MyDrive/landfill_research/datasets/AerialWaste/Extracted/5411.png
1142,1142.png,1,Other,0,1000,1000,2,1,[],1,/content/drive/MyDrive/landfill_research/datasets/AerialWaste/Extracted/1142.png
8809,8809.png,n/a,n/a,0,1000,1000,n/a,0,[],0,/content/drive/MyDrive/landfill_research/datasets/AerialWaste/Extracted/8809.png
6518,6518.png,n/a,n/a,0,1000,1000,n/a,0,[],0,/content/drive/MyDrive/landfill_research/datasets/AerialWaste/Extracted/6518.png
5536,5536.png,n/a,n/a,0,1000,1000,n/a,0,[],0,/content/drive/MyDrive/landfill_research/datasets/AerialWaste/Extracted/5536.png
457,457.png,1,Production site,0,1000,1000,1,1,[],1,/content/drive/MyDrive/landfill_research/datasets/AerialWaste/Extracted/457.png
8968,8968.png,n/a,n/a,0,1053,1049,n/a,0,[],0,/content/drive/MyDrive/landfill_research/datasets/AerialWaste/Extracted/8968.png
6697,6697.png,n/a,n/a,0,1000,1000,n/a,0,[],0,/content/drive/MyDrive/landfill_research/datasets/AerialWaste/Extracted/6697.png
771,771.png,2,Production site,0,1000,1000,2,1,[],1,/content/drive/MyDrive/landfill_research/datasets/AerialWaste/Extracted/771.png
7429,7429.png,n/a,n/a,0,1054,1048,n/a,0,[],0,/content/drive/MyDrive/landfill_research/datasets/AerialWaste/Extracted/7429.png
4658,4658.png,n/a,n/a,0,1000,1000,n/a,0,[],0,/content/drive/MyDrive/landfill_research/datasets/AerialWaste/Extracted/4658.png
1122,1122.png,2,Agricultural area/farm area,0,1000,1000,1,1,[],1,/content/drive/MyDrive/landfill_research/datasets/AerialWaste/Extracted/1122.png
5053,5053.png,n/a,n/a,0,1000,1000,n/a,0,[],0,/content/drive/MyDrive/landfill_research/datasets/AerialWaste/Extracted/5053.png
10993,10993.png,2,Production site,1,1000,1000,3,1,"[1, 20]",1,/content/drive/MyDrive/landfill_research/datasets/AerialWaste/Extracted/10993.png
11306,11306.png,n/a,n/a,0,1000,1000,n/a,0,[],0,/content/drive/MyDrive/landfill_research/datasets/AerialWaste/Extracted/11306.png
6236,6236.png,n/a,n/a,0,1000,1000,n/a,0,[],0,/content/drive/MyDrive/landfill_research/datasets/AerialWaste/Extracted/6236.png
4250,4250.png,n/a,n/a,0,1000,1000,n/a,0,[],0,/content/drive/MyDrive/landfill_research/datasets/AerialWaste/Extracted/4250.png
2908,2908.png,n/s,n/s,0,1052,1049,3,1,[],1,/content/drive/MyDrive/landfill_research/datasets/AerialWaste/Extracted/2908.png
8464,8464.png,n/a,n/a,0,1037,1065,n/a,0,[],0,/content/drive/MyDrive/landfill_research/datasets/AerialWaste/Extracted/8464.png
10180,10180.png,n/a,n/a,0,1055,1047,n/a,0,[],0,/content/drive/MyDrive/landfill_research/datasets/AerialWaste/Extracted/10180.png
135,135.png,1,Degraded area,0,1000,1000,2,1,[],1,/content/drive/MyDrive/landfill_research/datasets/AerialWaste/Extracted/135.png
11686,11686.png,n/a,n/a,0,1054,1047,n/a,0,[],0,/content/drive/MyDrive/landfill_research/datasets/AerialWaste/Extracted/11686.png
6612,6612.png,n/a,n/a,0,1000,1000,n/a,0,[],0,/content/drive/MyDrive/landfill_research/datasets/AerialWaste/Extracted/6612.png
485,485.png,1,Agricultural area/farm area,0,1000,1000,1,0,[],0,/content/drive/MyDrive/landfill_research/datasets/AerialWaste/Extracted/485.png
8415,8415.png,n/a,n/a,0,1037,1064,n/a,0,[],0,/content/drive/MyDrive/landfill_research/datasets/AerialWaste/Extracted/8415.png
621,621.png,1,Agricultural area/farm area,0,1000,1000,2,1,[],1,/content/drive/MyDrive/landfill_research/datasets/AerialWaste/Extracted/621.png
9028,9028.png,1,Abandoned area,1,1000,1000,2,1,"[2, 16]",1,/content/drive/MyDrive/landfill_research/datasets/AerialWaste/Extracted/9028.png
7813,7813.png,n/a,n/a,0,1038,1064,n/a,0,[],0,/content/drive/MyDrive/landfill_research/datasets/AerialWaste/Extracted/7813.png
10598,10598.png,n/a,n/a,0,1000,1000,n/a,0,[],0,/content/drive/MyDrive/landfill_research/datasets/AerialWaste/Extracted/10598.png
4739,4739.png,n/a,n/a,0,1000,1000,n/a,0,[],0,/content/drive/MyDrive/landfill_research/datasets/AerialWaste/Extracted/4739.png
1252,1252.png,1,Degraded area,0,1000,1000,1,1,[],1,/content/drive/MyDrive/landfill_research/datasets/AerialWaste/Extracted/1252.png
513,513.png,2,Production site,0,1000,1000,3,1,[],1,/content/drive/MyDrive/landfill_research/datasets/AerialWaste/Extracted/513.png
9964,9964.png,n/a,n/a,0,1041,1060,n/a,0,[],0,/content/drive/MyDrive/landfill_research/datasets/AerialWaste/Extracted/9964.png
5611,5611.png,n/a,n/a,0,1000,1000,n/a,0,[],0,/content/drive/MyDrive/landfill_research/datasets/AerialWaste/Extracted/5611.png
5784,5784.png,n/a,n/a,0,1000,1000,n/a,0,[],0,/content/drive/MyDrive/landfill_research/datasets/AerialWaste/Extracted/5784.png
4864,4864.png,n/a,n/a,0,1000,1000,n/a,0,[],0,/content/drive/MyDrive/landfill_research/datasets/AerialWaste/Extracted/4864.png
6114,6114.png,n/a,n/a,0,1000,1000,n/a,0,[],0,/content/drive/MyDrive/landfill_research/datasets/AerialWaste/Extracted/6114.png
4100,4100.png,n/a,n/a,0,1000,1000,n/a,0,[],0,/content/drive/MyDrive/landfill_research/datasets/AerialWaste/Extracted/4100.png
7792,7792.png,n/a,n/a,0,1054,1047,n/a,0,[],0,/content/drive/MyDrive/landfill_research/datasets/AerialWaste/Extracted/7792.png
1741,1741.png,2,Agricultural area/farm area,0,1000,1000,2,0,[],0,/content/drive/MyDrive/landfill_research/datasets/AerialWaste/Extracted/1741.png
3709,3709.png,n/a,n/a,0,1000,1000,n/a,0,[],0,/content/drive/MyDrive/landfill_research/datasets/AerialWaste/Extracted/3709.png
7098,7098.png,n/a,n/a,0,697,697,n/a,0,[],0,/content/drive/MyDrive/landfill_research/datasets/AerialWaste/Extracted/7098.png
6165,6165.png,n/a,n/a,0,1000,1000,n/a,0,[],0,/content/drive/MyDrive/landfill_research/datasets/AerialWaste/Extracted/6165.png
7743,7743.png,n/a,n/a,0,1054,1047,n/a,0,[],0,/content/drive/MyDrive/landfill_research/datasets/AerialWaste/Extracted/7743.png
9648,9648.png,n/a,n/a,0,1000,1000,n/a,0,[],0,/content/drive/MyDrive/landfill_research/datasets/AerialWaste/Extracted/9648.png
8704,8704.png,n/a,n/a,0,1000,1000,n/a,0,[],0,/content/drive/MyDrive/landfill_research/datasets/AerialWaste/Extracted/8704.png
308,308.png,2,Production site,0,1000,1000,2,0,[],0,/content/drive/MyDrive/landfill_research/datasets/AerialWaste/Extracted/308.png
9767,9767.png,n/a,n/a,0,1000,1000,n/a,0,[],0,/content/drive/MyDrive/landfill_research/datasets/AerialWaste/Extracted/9767.png
9995,9995.png,n/a,n/a,0,1049,1053,n/a,0,[],0,/content/drive/MyDrive/landfill_research/datasets/AerialWaste/Extracted/9995.png
6321,6321.png,n/a,n/a,0,1000,1000,n/a,0,[],0,/content/drive/MyDrive/landfill_research/datasets/AerialWaste/Extracted/6321.png
1428,1428.png,2,Agricultural area/farm area,0,1000,1000,2,1,[],1,/content/drive/MyDrive/landfill_research/datasets/AerialWaste/Extracted/1428.png
2467,2467.png,1,Agricultural area/farm area,0,1050,1052,2,1,[],1,/content/drive/MyDrive/landfill_research/datasets/AerialWaste/Extracted/2467.png
9485,9485.png,n/a,n/a,0,1047,1056,n/a,0,[],0,/content/drive/MyDrive/landfill_research/datasets/AerialWaste/Extracted/9485.png
2497,2497.png,n/a,n/a,0,1000,1000,n/a,0,[],0,/content/drive/MyDrive/landfill_research/datasets/AerialWaste/Extracted/2497.png
9505,9505.png,n/a,n/a,0,1000,1000,n/a,1,[],1,/content/drive/MyDrive/landfill_research/datasets/AerialWaste/Extracted/9505.png
5783,5783.png,n/a,n/a,0,1000,1000,n/a,0,[],0,/content/drive/MyDrive/landfill_research/datasets/AerialWaste/Extracted/5783.png
6868,6868.png,n/a,n/a,0,1000,1000,n/a,0,[],0,/content/drive/MyDrive/landfill_research/datasets/AerialWaste/Extracted/6868.png
1391,1391.png,2,Agricultural area/farm area,0,1000,1000,2,1,[],1,/content/drive/MyDrive/landfill_research/datasets/AerialWaste/Extracted/1391.png
7280,7280.png,n/a,n/a,0,1056,1044,n/a,0,[],0,/content/drive/MyDrive/landfill_research/datasets/AerialWaste/Extracted/7280.png
7694,7694.png,n/a,n/a,0,1055,1047,n/a,0,[],0,/content/drive/MyDrive/landfill_research/datasets/AerialWaste/Extracted/7694.png
1594,1594.png,1,Agricultural area/farm area,0,1000,1000,3,1,[],1,/content/drive/MyDrive/landfill_research/datasets/AerialWaste/Extracted/1594.png
4669,4669.png,n/a,n/a,0,1000,1000,n/a,0,[],0,/content/drive/MyDrive/landfill_research/datasets/AerialWaste/Extracted/4669.png
608,608.png,n/a,n/a,0,1000,1000,n/a,0,[],0,/content/drive/MyDrive/landfill_research/datasets/AerialWaste/Extracted/608.png
3350,3350.png,n/s,n/s,1,1038,1063,1,1,[18],1,/content/drive/MyDrive/landfill_research/datasets/AerialWaste/Extracted/3350.png
7191,7191.png,n/a,n/a,0,1000,1000,n/a,0,[],0,/content/drive/MyDrive/landfill_research/datasets/AerialWaste/Extracted/7191.png
7217,7217.png,n/a,n/a,0,1050,1052,n/a,1,[],1,/content/drive/MyDrive/landfill_research/datasets/AerialWaste/Extracted/7217.png
9744,9744.png,n/a,n/a,0,1000,1000,n/a,0,[],0,/content/drive/MyDrive/landfill_research/datasets/AerialWaste/Extracted/9744.png
2525,2525.png,n/s,n/s,1,1051,1050,2,1,[17],1,/content/drive/MyDrive/landfill_research/datasets/AerialWaste/Extracted/2525.png
5363,5363.png,n/a,n/a,0,1000,1000,n/a,1,[],1,/content/drive/MyDrive/landfill_research/datasets/AerialWaste/Extracted/5363.png
10891,10891.png,1,Other,1,1045,1056,1,1,"[1, 16]",1,/content/drive/MyDrive/landfill_research/datasets/AerialWaste/Extracted/10891.png
8998,8998.png,n/a,n/a,0,1051,1051,n/a,0,[],0,/content/drive/MyDrive/landfill_research/datasets/AerialWaste/Extracted/8998.png
1222,1222.png,1,Degraded area,0,1000,1000,2,1,[],1,/content/drive/MyDrive/landfill_research/datasets/AerialWaste/Extracted/1222.png
1436,1436.png,1,Agricultural area/farm area,0,1000,1000,1,0,[],0,/content/drive/MyDrive/landfill_research/datasets/AerialWaste/Extracted/1436.png
67,67.png,1,Agricultural area/farm area,0,1000,1000,1,1,[],1,/content/drive/MyDrive/landfill_research/datasets/AerialWaste/Extracted/67.png
10596,10596.png,n/a,n/a,0,1050,1052,n/a,0,[],0,/content/drive/MyDrive/landfill_research/datasets/AerialWaste/Extracted/10596.png
1988,1988.png,1,Production site,1,1000,1000,1,1,"[6, 16]",1,/content/drive/MyDrive/landfill_research/datasets/AerialWaste/Extracted/1988.png
10647,10647.png,n/a,n/a,0,1047,1055,n/a,0,[],0,/content/drive/MyDrive/landfill_research/datasets/AerialWaste/Extracted/10647.png
4660,4660.png,n/a,n/a,0,1000,1000,n/a,0,[],0,/content/drive/MyDrive/landfill_research/datasets/AerialWaste/Extracted/4660.png
6228,6228.png,n/a,n/a,0,1000,1000,n/a,0,[],0,/content/drive/MyDrive/landfill_research/datasets/AerialWaste/Extracted/6228.png
1803,1803.png,1,Non production building,0,1000,1000,1,1,[],1,/content/drive/MyDrive/landfill_research/datasets/AerialWaste/Extracted/1803.png
3984,3984.png,n/a,n/a,0,1000,1000,n/a,0,[],0,/content/drive/MyDrive/landfill_research/datasets/AerialWaste/Extracted/3984.png
68,68.png,2,Production site,0,1000,1000,1,1,[],1,/content/drive/MyDrive/landfill_research/datasets/AerialWaste/Extracted/68.png
48,48.png,3,Production site,0,1000,1000,2,1,[],1,/content/drive/MyDrive/landfill_research/datasets/AerialWaste/Extracted/48.png
2717,2717.png,n/s,n/s,0,1055,1046,2,1,[],1,/content/drive/MyDrive/landfill_research/datasets/AerialWaste/Extracted/2717.png
1389,1389.png,2,Non production building,0,1000,1000,2,1,[],1,/content/drive/MyDrive/landfill_research/datasets/AerialWaste/Extracted/1389.png
4517,4517.png,n/a,n/a,0,1000,1000,n/a,0,[],0,/content/drive/MyDrive/landfill_research/datasets/AerialWaste/Extracted/4517.png
6878,6878.png,n/a,n/a,0,1054,1047,n/a,1,[],1,/content/drive/MyDrive/landfill_research/datasets/AerialWaste/Extracted/6878.png
10177,10177.png,n/a,n/a,0,1055,1047,n/a,0,[],0,/content/drive/MyDrive/landfill_research/datasets/AerialWaste/Extracted/10177.png
4165,4165.png,n/a,n/a,0,1000,1000,n/a,0,[],0,/content/drive/MyDrive/landfill_research/datasets/AerialWaste/Extracted/4165.png
5485,5485.png,n/a,n/a,0,1000,1000,n/a,0,[],0,/content/drive/MyDrive/landfill_research/datasets/AerialWaste/Extracted/5485.png
2829,2829.png,n/s,n/s,0,1054,1047,2,1,[],1,/content/drive/MyDrive/landfill_research/datasets/AerialWaste/Extracted/2829.png
4473,4473.png,n/a,n/a,0,1000,1000,n/a,0,[],0,/content/drive/MyDrive/landfill_research/datasets/AerialWaste/Extracted/4473.png
8619,8619.png,n/a,n/a,0,1045,1057,n/a,0,[],0,/content/drive/MyDrive/landfill_research/datasets/AerialWaste/Extracted/8619.png
5753,5753.png,n/a,n/a,0,1000,1000,n/a,0,[],0,/content/drive/MyDrive/landfill_research/datasets/AerialWaste/Extracted/5753.png
7335,7335.png,n/a,n/a,0,1059,1043,n/a,1,[],1,/content/drive/MyDrive/landfill_research/datasets/AerialWaste/Extracted/7335.png
5801,5801.png,n/a,n/a,0,1000,1000,n/a,0,[],0,/content/drive/MyDrive/landfill_research/datasets/AerialWaste/Extracted/5801.png
11543,11543.png,n/a,n/a,0,696,698,n/a,0,[],0,/content/drive/MyDrive/landfill_research/datasets/AerialWaste/Extracted/11543.png
1894,1894.png,2,Degraded area,1,1000,1000,3,1,"[1, 2, 9, 16]",1,/content/drive/MyDrive/landfill_research/datasets/AerialWaste/Extracted/1894.png
9634,9634.png,n/a,n/a,0,1000,1000,n/a,0,[],0,/content/drive/MyDrive/landfill_research/datasets/AerialWaste/Extracted/9634.png
2239,2239.png,2,Production site,0,1054,1047,3,1,[],1,/content/drive/MyDrive/landfill_research/datasets/AerialWaste/Extracted/2239.png
4777,4777.png,n/a,n/a,0,1000,1000,n/a,0,[],0,/content/drive/MyDrive/landfill_research/datasets/AerialWaste/Extracted/4777.png
10852,10852.png,3,Production site,1,1000,1000,3,1,"[2, 5, 4, 16]",1,/content/drive/MyDrive/landfill_research/datasets/AerialWaste/Extracted/10852.png
5463,5463.png,n/a,n/a,0,1038,1064,n/a,0,[],0,/content/drive/MyDrive/landfill_research/datasets/AerialWaste/Extracted/5463.png
4466,4466.png,n/a,n/a,0,1000,1000,n/a,0,[],0,/content/drive/MyDrive/landfill_research/datasets/AerialWaste/Extracted/4466.png
7845,7845.png,n/a,n/a,0,1055,1047,n/a,0,[],0,/content/drive/MyDrive/landfill_research/datasets/AerialWaste/Extracted/7845.png
11144,11144.png,n/a,n/a,0,1038,1064,n/a,0,[],0,/content/drive/MyDrive/landfill_research/datasets/AerialWaste/Extracted/11144.png
10280,10280.png,n/a,n/a,0,1045,1057,n/a,0,[],0,/content/drive/MyDrive/landfill_research/datasets/AerialWaste/Extracted/10280.png
3197,3197.png,n/s,n/s,0,1036,1066,2,1,[],1,/content/drive/MyDrive/landfill_research/datasets/AerialWaste/Extracted/3197.png
11678,11678.png,n/a,n/a,0,1056,1045,n/a,0,[],0,/content/drive/MyDrive/landfill_research/datasets/AerialWaste/Extracted/11678.png
8295,8295.png,n/a,n/a,0,1050,1051,n/a,0,[],0,/content/drive/MyDrive/landfill_research/datasets/AerialWaste/Extracted/8295.png
2304,2304.png,1,Production site,1,696,698,2,1,"[1, 2, 4, 12, 16]",1,/content/drive/MyDrive/landfill_research/datasets/AerialWaste/Extracted/2304.png
11505,11505.png,n/a,n/a,0,696,699,n/a,0,[],0,/content/drive/MyDrive/landfill_research/datasets/AerialWaste/Extracted/11505.png
987,987.png,2,Non production building,0,1000,1000,1,1,[],1,/content/drive/MyDrive/landfill_research/datasets/AerialWaste/Extracted/987.png
11311,11311.png,n/a,n/a,0,1000,1000,n/a,0,[],0,/content/drive/MyDrive/landfill_research/datasets/AerialWaste/Extracted/11311.png
10753,10753.png,n/a,n/a,0,1000,1000,n/a,0,[],0,/content/drive/MyDrive/landfill_research/datasets/AerialWaste/Extracted/10753.png
3457,3457.png,n/s,n/s,1,1055,1047,n/s,1,"[1, 2, 16]",1,/content/drive/MyDrive/landfill_research/datasets/AerialWaste/Extracted/3457.png
11039,11039.png,1,Degraded area,1,1000,1000,1,1,"[1, 16]",1,/content/drive/MyDrive/landfill_research/datasets/AerialWaste/Extracted/11039.png
5762,5762.png,n/a,n/a,0,1000,1000,n/a,0,[],0,/content/drive/MyDrive/landfill_research/datasets/AerialWaste/Extracted/5762.png
847,847.png,1,Agricultural area/farm area,0,1000,1000,1,1,[],1,/content/drive/MyDrive/landfill_research/datasets/AerialWaste/Extracted/847.png
5738,5738.png,n/a,n/a,0,1000,1000,n/a,0,[],0,/content/drive/MyDrive/landfill_research/datasets/AerialWaste/Extracted/5738.png
10225,10225.png,n/a,n/a,0,1047,1054,n/a,0,[],0,/content/drive/MyDrive/landfill_research/datasets/AerialWaste/Extracted/10225.png
6111,6111.png,n/a,n/a,0,1000,1000,n/a,0,[],0,/content/drive/MyDrive/landfill_research/datasets/AerialWaste/Extracted/6111.png
8694,8694.png,2,Other,1,1000,1000,1,0,"[1, 16]",0,/content/drive/MyDrive/landfill_research/datasets/AerialWaste/Extracted/8694.png
8404,8404.png,n/a,n/a,0,1037,1064,n/a,0,[],0,/content/drive/MyDrive/landfill_research/datasets/AerialWaste/Extracted/8404.png
1526,1526.png,n/a,n/a,0,1044,1057,n/a,0,[],0,/content/drive/MyDrive/landfill_research/datasets/AerialWaste/Extracted/1526.png
2272,2272.png,1,Non production building,0,1055,1046,1,0,[],0,/content/drive/MyDrive/landfill_research/datasets/AerialWaste/Extracted/2272.png
4637,4637.png,n/a,n/a,0,1000,1000,n/a,0,[],0,/content/drive/MyDrive/landfill_research/datasets/AerialWaste/Extracted/4637.png
8640,8640.png,n/a,n/a,0,1045,1056,n/a,0,[],0,/content/drive/MyDrive/landfill_research/datasets/AerialWaste/Extracted/8640.png
8797,8797.png,n/a,n/a,0,1000,1000,n/a,0,[],0,/content/drive/MyDrive/landfill_research/datasets/AerialWaste/Extracted/8797.png
8517,8517.png,n/a,n/a,0,1038,1064,n/a,0,[],0,/content/drive/MyDrive/landfill_research/datasets/AerialWaste/Extracted/8517.png
271,271.png,1,Production site,0,1000,1000,2,1,[],1,/content/drive/MyDrive/landfill_research/datasets/AerialWaste/Extracted/271.png
8117,8117.png,n/a,n/a,0,1041,1060,n/a,0,[],0,/content/drive/MyDrive/landfill_research/datasets/AerialWaste/Extracted/8117.png
5404,5404.png,n/a,n/a,0,1000,1000,n/a,0,[],0,/content/drive/MyDrive/landfill_research/datasets/AerialWaste/Extracted/5404.png
2726,2726.png,n/s,n/s,1,1055,1046,2,1,[17],1,/content/drive/MyDrive/landfill_research/datasets/AerialWaste/Extracted/2726.png
4265,4265.png,n/a,n/a,0,1000,1000,n/a,0,[],0,/content/drive/MyDrive/landfill_research/datasets/AerialWaste/Extracted/4265.png
11049,11049.png,n/a,n/a,0,1000,1000,n/a,0,[],0,/content/drive/MyDrive/landfill_research/datasets/AerialWaste/Extracted/11049.png
2857,2857.png,n/s,n/s,0,1054,1047,2,1,[],1,/content/drive/MyDrive/landfill_research/datasets/AerialWaste/Extracted/2857.png
9462,9462.png,n/a,n/a,0,1000,1000,n/a,0,[],0,/content/drive/MyDrive/landfill_research/datasets/AerialWaste/Extracted/9462.png
2572,2572.png,n/s,n/s,0,1057,1045,2,1,[],1,/content/drive/MyDrive/landfill_research/datasets/AerialWaste/Extracted/2572.png
6847,6847.png,n/a,n/a,0,1055,1047,n/a,0,[],0,/content/drive/MyDrive/landfill_research/datasets/AerialWaste/Extracted/6847.png
2496,2496.png,n/s,n/s,0,1057,1044,1,1,[],1,/content/drive/MyDrive/landfill_research/datasets/AerialWaste/Extracted/2496.png
7972,7972.png,1,Production site,1,1000,1000,2,1,[20],1,/content/drive/MyDrive/landfill_research/datasets/AerialWaste/Extracted/7972.png
10972,10972.png,1,Degraded area,1,1048,1054,1,1,"[2, 1, 12, 16]",1,/content/drive/MyDrive/landfill_research/datasets/AerialWaste/Extracted/10972.png
7171,7171.png,n/a,n/a,0,1000,1000,n/a,1,[],1,/content/drive/MyDrive/landfill_research/datasets/AerialWaste/Extracted/7171.png
977,977.png,3,Production site,0,1000,1000,1,1,[],1,/content/drive/MyDrive/landfill_research/datasets/AerialWaste/Extracted/977.png
3991,3991.png,n/a,n/a,0,1000,1000,n/a,0,[],0,/content/drive/MyDrive/landfill_research/datasets/AerialWaste/Extracted/3991.png
10776,10776.png,n/a,n/a,0,1051,1051,n/a,0,[],0,/content/drive/MyDrive/landfill_research/datasets/AerialWaste/Extracted/10776.png
7500,7500.png,n/a,n/a,0,1054,1047,n/a,0,[],0,/content/drive/MyDrive/landfill_research/datasets/AerialWaste/Extracted/7500.png
9412,9412.png,n/a,n/a,0,1051,1051,n/a,0,[],0,/content/drive/MyDrive/landfill_research/datasets/AerialWaste/Extracted/9412.png
11234,11234.png,n/a,n/a,0,1000,1000,n/a,0,[],0,/content/drive/MyDrive/landfill_research/datasets/AerialWaste/Extracted/11234.png
9460,9460.png,n/a,n/a,0,1000,1000,n/a,0,[],0,/content/drive/MyDrive/landfill_research/datasets/AerialWaste/Extracted/9460.png
11498,11498.png,n/a,n/a,0,1056,1046,n/a,0,[],0,/content/drive/MyDrive/landfill_research/datasets/AerialWaste/Extracted/11498.png
5475,5475.png,n/a,n/a,0,1000,1000,n/a,0,[],0,/content/drive/MyDrive/landfill_research/datasets/AerialWaste/Extracted/5475.png
4577,4577.png,n/a,n/a,0,1000,1000,n/a,1,[],1,/content/drive/MyDrive/landfill_research/datasets/AerialWaste/Extracted/4577.png
6644,6644.png,n/a,n/a,0,1000,1000,n/a,0,[],0,/content/drive/MyDrive/landfill_research/datasets/AerialWaste/Extracted/6644.png
9779,9779.png,n/a,n/a,0,1000,1000,n/a,0,[],0,/content/drive/MyDrive/landfill_research/datasets/AerialWaste/Extracted/9779.png
4301,4301.png,n/a,n/a,0,1000,1000,n/a,0,[],0,/content/drive/MyDrive/landfill_research/datasets/AerialWaste/Extracted/4301.png
3667,3667.png,n/a,n/a,0,1000,1000,n/a,0,[],0,/content/drive/MyDrive/landfill_research/datasets/AerialWaste/Extracted/3667.png
6490,6490.png,n/a,n/a,0,1051,1051,n/a,0,[],0,/content/drive/MyDrive/landfill_research/datasets/AerialWaste/Extracted/6490.png
586,586.png,1,Agricultural area/farm area,0,1000,1000,1,1,[],1,/content/drive/MyDrive/landfill_research/datasets/AerialWaste/Extracted/586.png
1669,1669.png,1,Agricultural area/farm area,0,1000,1000,3,1,[],1,/content/drive/MyDrive/landfill_research/datasets/AerialWaste/Extracted/1669.png
4382,4382.png,n/a,n/a,0,1000,1000,n/a,1,[],1,/content/drive/MyDrive/landfill_research/datasets/AerialWaste/Extracted/4382.png
366,366.png,1,Abandoned area,0,1000,1000,1,0,[],0,/content/drive/MyDrive/landfill_research/datasets/AerialWaste/Extracted/366.png
4550,4550.png,n/a,n/a,0,1000,1000,n/a,0,[],0,/content/drive/MyDrive/landfill_research/datasets/AerialWaste/Extracted/4550.png
9243,9243.png,n/a,n/a,0,1000,1000,n/a,0,[],0,/content/drive/MyDrive/landfill_research/datasets/AerialWaste/Extracted/9243.png
1544,1544.png,2,Agricultural area/farm area,0,1000,1000,2,1,[],1,/content/drive/MyDrive/landfill_research/datasets/AerialWaste/Extracted/1544.png
10034,10034.png,n/a,n/a,0,1058,1043,n/a,1,[],1,/content/drive/MyDrive/landfill_research/datasets/AerialWaste/Extracted/10034.png
5610,5610.png,n/a,n/a,0,1000,1000,n/a,0,[],0,/content/drive/MyDrive/landfill_research/datasets/AerialWaste/Extracted/5610.png
3544,3544.png,n/a,n/a,0,1000,1000,n/a,0,[],0,/content/drive/MyDrive/landfill_research/datasets/AerialWaste/Extracted/3544.png
2940,2940.png,n/s,n/s,0,1046,1055,2,1,[],1,/content/drive/MyDrive/landfill_research/datasets/AerialWaste/Extracted/2940.png
3474,3474.png,n/s,n/s,1,1055,1046,n/s,1,[1],1,/content/drive/MyDrive/landfill_research/datasets/AerialWaste/Extracted/3474.png
7570,7570.png,n/a,n/a,0,1056,1046,n/a,0,[],0,/content/drive/MyDrive/landfill_research/datasets/AerialWaste/Extracted/7570.png
10970,10970.png,n/a,n/a,0,1000,1000,n/a,0,[],0,/content/drive/MyDrive/landfill_research/datasets/AerialWaste/Extracted/10970.png
9265,9265.png,n/a,n/a,0,1000,1000,n/a,0,[],0,/content/drive/MyDrive/landfill_research/datasets/AerialWaste/Extracted/9265.png
1570,1570.png,1,Agricultural area/farm area,0,1000,1000,1,1,[],1,/content/drive/MyDrive/landfill_research/datasets/AerialWaste/Extracted/1570.png
11578,11578.png,n/a,n/a,0,1037,1065,n/a,0,[],0,/content/drive/MyDrive/landfill_research/datasets/AerialWaste/Extracted/11578.png
5466,5466.png,n/a,n/a,0,1038,1065,n/a,0,[],0,/content/drive/MyDrive/landfill_research/datasets/AerialWaste/Extracted/5466.png
2475,2475.png,n/a,n/a,0,1000,1000,n/a,0,[],0,/content/drive/MyDrive/landfill_research/datasets/AerialWaste/Extracted/2475.png
10510,10510.png,n/a,n/a,0,1049,1052,n/a,0,[],0,/content/drive/MyDrive/landfill_research/datasets/AerialWaste/Extracted/10510.png
6025,6025.png,n/a,n/a,0,1000,1000,n/a,0,[],0,/content/drive/MyDrive/landfill_research/datasets/AerialWaste/Extracted/6025.png
5314,5314.png,n/a,n/a,0,1000,1000,n/a,0,[],0,/content/drive/MyDrive/landfill_research/datasets/AerialWaste/Extracted/5314.png
5437,5437.png,n/a,n/a,0,1000,1000,n/a,0,[],0,/content/drive/MyDrive/landfill_research/datasets/AerialWaste/Extracted/5437.png
11648,11648.png,n/a,n/a,0,1053,1048,n/a,0,[],0,/content/drive/MyDrive/landfill_research/datasets/AerialWaste/Extracted/11648.png
8743,8743.png,n/a,n/a,0,1000,1000,n/a,0,[],0,/content/drive/MyDrive/landfill_research/datasets/AerialWaste/Extracted/8743.png
11218,11218.png,n/a,n/a,0,1000,1000,n/a,0,[],0,/content/drive/MyDrive/landfill_research/datasets/AerialWaste/Extracted/11218.png
8919,8919.png,1,Other,1,1000,1000,1,1,"[2, 3, 16]",1,/content/drive/MyDrive/landfill_research/datasets/AerialWaste/Extracted/8919.png
9157,9157.png,n/a,n/a,0,1000,1000,n/a,0,[],0,/content/drive/MyDrive/landfill_research/datasets/AerialWaste/Extracted/9157.png
10772,10772.png,n/a,n/a,0,1045,1056,n/a,0,[],0,/content/drive/MyDrive/landfill_research/datasets/AerialWaste/Extracted/10772.png
3939,3939.png,n/a,n/a,0,1000,1000,n/a,0,[],0,/content/drive/MyDrive/landfill_research/datasets/AerialWaste/Extracted/3939.png
8480,8480.png,n/a,n/a,0,1035,1067,n/a,0,[],0,/content/drive/MyDrive/landfill_research/datasets/AerialWaste/Extracted/8480.png
5465,5465.png,n/a,n/a,0,1038,1064,n/a,0,[],0,/content/drive/MyDrive/landfill_research/datasets/AerialWaste/Extracted/5465.png
8178,8178.png,n/a,n/a,0,1056,1045,n/a,0,[],0,/content/drive/MyDrive/landfill_research/datasets/AerialWaste/Extracted/8178.png
1598,1598.png,n/a,n/a,0,1000,1000,n/a,0,[],0,/content/drive/MyDrive/landfill_research/datasets/AerialWaste/Extracted/1598.png
9718,9718.png,n/a,n/a,0,1000,1000,n/a,0,[],0,/content/drive/MyDrive/landfill_research/datasets/AerialWaste/Extracted/9718.png
10785,10785.png,n/a,n/a,0,1045,1057,n/a,0,[],0,/content/drive/MyDrive/landfill_research/datasets/AerialWaste/Extracted/10785.png
5309,5309.png,n/a,n/a,0,1000,1000,n/a,0,[],0,/content/drive/MyDrive/landfill_research/datasets/AerialWaste/Extracted/5309.png
9863,9863.png,n/a,n/a,0,1000,1000,n/a,0,[],0,/content/drive/MyDrive/landfill_research/datasets/AerialWaste/Extracted/9863.png
5203,5203.png,n/a,n/a,0,1000,1000,n/a,0,[],0,/content/drive/MyDrive/landfill_research/datasets/AerialWaste/Extracted/5203.png
11071,11071.png,2,Production site,1,1000,1000,3,1,"[2, 3, 5, 4, 18, 17]",1,/content/drive/MyDrive/landfill_research/datasets/AerialWaste/Extracted/11071.png
3407,3407.png,n/s,n/s,0,1035,1066,n/s,1,[],1,/content/drive/MyDrive/landfill_research/datasets/AerialWaste/Extracted/3407.png
10227,10227.png,n/a,n/a,0,1047,1055,n/a,0,[],0,/content/drive/MyDrive/landfill_research/datasets/AerialWaste/Extracted/10227.png
8594,8594.png,n/a,n/a,0,1035,1066,n/a,0,[],0,/content/drive/MyDrive/landfill_research/datasets/AerialWaste/Extracted/8594.png
870,870.png,1,Agricultural area/farm area,0,1000,1000,2,1,[],1,/content/drive/MyDrive/landfill_research/datasets/AerialWaste/Extracted/870.png
7274,7274.png,n/a,n/a,0,1057,1044,n/a,0,[],0,/content/drive/MyDrive/landfill_research/datasets/AerialWaste/Extracted/7274.png
1651,1651.png,2,Abandoned area,0,1000,1000,2,1,[],1,/content/drive/MyDrive/landfill_research/datasets/AerialWaste/Extracted/1651.png
7513,7513.png,n/a,n/a,0,1056,1046,n/a,0,[],0,/content/drive/MyDrive/landfill_research/datasets/AerialWaste/Extracted/7513.png
9737,9737.png,n/a,n/a,0,1000,1000,n/a,0,[],0,/content/drive/MyDrive/landfill_research/datasets/AerialWaste/Extracted/9737.png
5640,5640.png,n/a,n/a,0,1000,1000,n/a,0,[],0,/content/drive/MyDrive/landfill_research/datasets/AerialWaste/Extracted/5640.png
7021,7021.png,2,Non production building,1,1000,1000,2,1,"[9, 2, 3, 1, 5, 16]",1,/content/drive/MyDrive/landfill_research/datasets/AerialWaste/Extracted/7021.png
4217,4217.png,n/a,n/a,0,1000,1000,n/a,0,[],0,/content/drive/MyDrive/landfill_research/datasets/AerialWaste/Extracted/4217.png
3287,3287.png,n/s,n/s,0,1037,1064,1,1,[],1,/content/drive/MyDrive/landfill_research/datasets/AerialWaste/Extracted/3287.png
1763,1763.png,3,Other,0,1000,1000,3,1,[],1,/content/drive/MyDrive/landfill_research/datasets/AerialWaste/Extracted/1763.png
4198,4198.png,n/a,n/a,0,1000,1000,n/a,0,[],0,/content/drive/MyDrive/landfill_research/datasets/AerialWaste/Extracted/4198.png
10006,10006.png,n/a,n/a,0,1054,1047,n/a,0,[],0,/content/drive/MyDrive/landfill_research/datasets/AerialWaste/Extracted/10006.png
10516,10516.png,n/a,n/a,0,1044,1057,n/a,0,[],0,/content/drive/MyDrive/landfill_research/datasets/AerialWaste/Extracted/10516.png
9986,9986.png,n/a,n/a,0,1055,1046,n/a,0,[],0,/content/drive/MyDrive/landfill_research/datasets/AerialWaste/Extracted/9986.png
10544,10544.png,n/a,n/a,0,1000,1000,n/a,0,[],0,/content/drive/MyDrive/landfill_research/datasets/AerialWaste/Extracted/10544.png
9190,9190.png,n/a,n/a,0,1000,1000,n/a,0,[],0,/content/drive/MyDrive/landfill_research/datasets/AerialWaste/Extracted/9190.png
5365,5365.png,n/a,n/a,0,1000,1000,n/a,0,[],0,/content/drive/MyDrive/landfill_research/datasets/AerialWaste/Extracted/5365.png
680,680.png,n/a,n/a,0,1000,1000,n/a,0,[],0,/content/drive/MyDrive/landfill_research/datasets/AerialWaste/Extracted/680.png
4844,4844.png,n/a,n/a,0,1000,1000,n/a,0,[],0,/content/drive/MyDrive/landfill_research/datasets/AerialWaste/Extracted/4844.png
4259,4259.png,n/a,n/a,0,1000,1000,n/a,0,[],0,/content/drive/MyDrive/landfill_research/datasets/AerialWaste/Extracted/4259.png
7888,7888.png,n/a,n/a,0,1052,1049,n/a,0,[],0,/content/drive/MyDrive/landfill_research/datasets/AerialWaste/Extracted/7888.png
8760,8760.png,n/a,n/a,0,1000,1000,n/a,0,[],0,/content/drive/MyDrive/landfill_research/datasets/AerialWaste/Extracted/8760.png
11437,11437.png,n/a,n/a,0,1051,1051,n/a,0,[],0,/content/drive/MyDrive/landfill_research/datasets/AerialWaste/Extracted/11437.png
1380,1380.png,1,Non production building,0,1000,1000,2,1,[],1,/content/drive/MyDrive/landfill_research/datasets/AerialWaste/Extracted/1380.png
10550,10550.png,n/a,n/a,0,1048,1054,n/a,0,[],0,/content/drive/MyDrive/landfill_research/datasets/AerialWaste/Extracted/10550.png
6848,6848.png,n/a,n/a,0,1054,1047,n/a,0,[],0,/content/drive/MyDrive/landfill_research/datasets/AerialWaste/Extracted/6848.png
5304,5304.png,n/a,n/a,0,1000,1000,n/a,0,[],0,/content/drive/MyDrive/landfill_research/datasets/AerialWaste/Extracted/5304.png
4292,4292.png,n/a,n/a,0,1000,1000,n/a,0,[],0,/content/drive/MyDrive/landfill_research/datasets/AerialWaste/Extracted/4292.png
8126,8126.png,n/a,n/a,0,1048,1054,n/a,0,[],0,/content/drive/MyDrive/landfill_research/datasets/AerialWaste/Extracted/8126.png
414,414.png,2,Production site,0,1000,1000,2,1,[],1,/content/drive/MyDrive/landfill_research/datasets/AerialWaste/Extracted/414.png
8206,8206.png,n/a,n/a,0,1046,1056,n/a,0,[],0,/content/drive/MyDrive/landfill_research/datasets/AerialWaste/Extracted/8206.png
2692,2692.png,n/s,n/s,0,1057,1045,2,1,[],1,/content/drive/MyDrive/landfill_research/datasets/AerialWaste/Extracted/2692.png
8210,8210.png,n/a,n/a,0,1052,1050,n/a,0,[],0,/content/drive/MyDrive/landfill_research/datasets/AerialWaste/Extracted/8210.png
5718,5718.png,n/a,n/a,0,1000,1000,n/a,0,[],0,/content/drive/MyDrive/landfill_research/datasets/AerialWaste/Extracted/5718.png
9291,9291.png,n/a,n/a,0,1000,1000,n/a,0,[],0,/content/drive/MyDrive/landfill_research/datasets/AerialWaste/Extracted/9291.png
1338,1338.png,2,Agricultural area/farm area,0,1000,1000,1,0,[],0,/content/drive/MyDrive/landfill_research/datasets/AerialWaste/Extracted/1338.png
3630,3630.png,n/a,n/a,0,1000,1000,n/a,0,[],0,/content/drive/MyDrive/landfill_research/datasets/AerialWaste/Extracted/3630.png
6696,6696.png,n/a,n/a,0,1000,1000,n/a,0,[],0,/content/drive/MyDrive/landfill_research/datasets/AerialWaste/Extracted/6696.png
236,236.png,1,Production site,0,1000,1000,1,1,[],1,/content/drive/MyDrive/landfill_research/datasets/AerialWaste/Extracted/236.png
2356,2356.png,3,Production site,1,1000,1000,2,1,[1],1,/content/drive/MyDrive/landfill_research/datasets/AerialWaste/Extracted/2356.png
10098,10098.png,n/a,n/a,0,1054,1048,n/a,0,[],0,/content/drive/MyDrive/landfill_research/datasets/AerialWaste/Extracted/10098.png
991,991.png,2,Agricultural area/farm area,0,1000,1000,1,1,[],1,/content/drive/MyDrive/landfill_research/datasets/AerialWaste/Extracted/991.png
4556,4556.png,n/a,n/a,0,1000,1000,n/a,0,[],0,/content/drive/MyDrive/landfill_research/datasets/AerialWaste/Extracted/4556.png
6171,6171.png,n/a,n/a,0,1000,1000,n/a,0,[],0,/content/drive/MyDrive/landfill_research/datasets/AerialWaste/Extracted/6171.png
3789,3789.png,n/a,n/a,0,1000,1000,n/a,0,[],0,/content/drive/MyDrive/landfill_research/datasets/AerialWaste/Extracted/3789.png
2197,2197.png,2,Non production building,1,1000,1000,3,1,"[1, 2, 3, 5, 9, 16]",1,/content/drive/MyDrive/landfill_research/datasets/AerialWaste/Extracted/2197.png
3620,3620.png,n/a,n/a,0,1000,1000,n/a,0,[],0,/content/drive/MyDrive/landfill_research/datasets/AerialWaste/Extracted/3620.png
609,609.png,2,Production site,0,1000,1000,2,1,[],1,/content/drive/MyDrive/landfill_research/datasets/AerialWaste/Extracted/609.png
4097,4097.png,n/a,n/a,0,1000,1000,n/a,0,[],0,/content/drive/MyDrive/landfill_research/datasets/AerialWaste/Extracted/4097.png
535,535.png,1,Production site,0,1000,1000,1,1,[],1,/content/drive/MyDrive/landfill_research/datasets/AerialWaste/Extracted/535.png
98,98.png,1,Non production building,0,1000,1000,1,1,[],1,/content/drive/MyDrive/landfill_research/datasets/AerialWaste/Extracted/98.png
1353,1353.png,2,Non production building,0,1000,1000,1,1,[],1,/content/drive/MyDrive/landfill_research/datasets/AerialWaste/Extracted/1353.png
7136,7136.png,n/a,n/a,0,1052,1050,n/a,1,[],1,/content/drive/MyDrive/landfill_research/datasets/AerialWaste/Extracted/7136.png
9407,9407.png,n/a,n/a,0,1000,1000,n/a,0,[],0,/content/drive/MyDrive/landfill_research/datasets/AerialWaste/Extracted/9407.png
8656,8656.png,n/a,n/a,0,1056,1046,n/a,0,[],0,/content/drive/MyDrive/landfill_research/datasets/AerialWaste/Extracted/8656.png
11342,11342.png,n/a,n/a,0,1000,1000,n/a,0,[],0,/content/drive/MyDrive/landfill_research/datasets/AerialWaste/Extracted/11342.png
8791,8791.png,n/a,n/a,0,1000,1000,n/a,0,[],0,/content/drive/MyDrive/landfill_research/datasets/AerialWaste/Extracted/8791.png
10312,10312.png,n/a,n/a,0,1037,1065,n/a,0,[],0,/content/drive/MyDrive/landfill_research/datasets/AerialWaste/Extracted/10312.png
10336,10336.png,n/a,n/a,0,1038,1064,n/a,0,[],0,/content/drive/MyDrive/landfill_research/datasets/AerialWaste/Extracted/10336.png
3581,3581.png,n/a,n/a,0,1000,1000,n/a,0,[],0,/content/drive/MyDrive/landfill_research/datasets/AerialWaste/Extracted/3581.png
320,320.png,1,Production site,0,1000,1000,2,0,[],0,/content/drive/MyDrive/landfill_research/datasets/AerialWaste/Extracted/320.png
50,50.png,2,Degraded area,0,1000,1000,2,1,[],1,/content/drive/MyDrive/landfill_research/datasets/AerialWaste/Extracted/50.png
9131,9131.png,n/a,n/a,0,1000,1000,n/a,0,[],0,/content/drive/MyDrive/landfill_research/datasets/AerialWaste/Extracted/9131.png
4404,4404.png,n/a,n/a,0,1000,1000,n/a,0,[],0,/content/drive/MyDrive/landfill_research/datasets/AerialWaste/Extracted/4404.png
3685,3685.png,n/a,n/a,0,1000,1000,n/a,0,[],0,/content/drive/MyDrive/landfill_research/datasets/AerialWaste/Extracted/3685.png
7585,7585.png,n/a,n/a,0,1055,1047,n/a,0,[],0,/content/drive/MyDrive/landfill_research/datasets/AerialWaste/Extracted/7585.png
10257,10257.png,n/a,n/a,0,1041,1061,n/a,0,[],0,/content/drive/MyDrive/landfill_research/datasets/AerialWaste/Extracted/10257.png
4291,4291.png,n/a,n/a,0,1000,1000,n/a,0,[],0,/content/drive/MyDrive/landfill_research/datasets/AerialWaste/Extracted/4291.png
8051,8051.png,n/a,n/a,0,1050,1052,n/a,0,[],0,/content/drive/MyDrive/landfill_research/datasets/AerialWaste/Extracted/8051.png
8475,8475.png,2,Agricultural area/farm area,1,1000,1000,2,1,[16],1,/content/drive/MyDrive/landfill_research/datasets/AerialWaste/Extracted/8475.png
8153,8153.png,n/a,n/a,0,1046,1055,n/a,0,[],0,/content/drive/MyDrive/landfill_research/datasets/AerialWaste/Extracted/8153.png
8216,8216.png,n/a,n/a,0,1052,1049,n/a,0,[],0,/content/drive/MyDrive/landfill_research/datasets/AerialWaste/Extracted/8216.png
2202,2202.png,n/a,n/a,0,1000,1000,n/a,0,[],0,/content/drive/MyDrive/landfill_research/datasets/AerialWaste/Extracted/2202.png
2858,2858.png,n/s,n/s,1,1055,1047,1,1,[17],1,/content/drive/MyDrive/landfill_research/datasets/AerialWaste/Extracted/2858.png
1038,1038.png,1,Non production building,0,1000,1000,3,1,[],1,/content/drive/MyDrive/landfill_research/datasets/AerialWaste/Extracted/1038.png
7965,7965.png,n/a,n/a,0,1046,1055,n/a,0,[],0,/content/drive/MyDrive/landfill_research/datasets/AerialWaste/Extracted/7965.png
3727,3727.png,n/a,n/a,0,1000,1000,n/a,0,[],0,/content/drive/MyDrive/landfill_research/datasets/AerialWaste/Extracted/3727.png
9269,9269.png,n/a,n/a,0,1000,1000,n/a,0,[],0,/content/drive/MyDrive/landfill_research/datasets/AerialWaste/Extracted/9269.png
966,966.png,2,Production site,0,1000,1000,2,1,[],1,/content/drive/MyDrive/landfill_research/datasets/AerialWaste/Extracted/966.png
8672,8672.png,n/a,n/a,0,1055,1046,n/a,0,[],0,/content/drive/MyDrive/landfill_research/datasets/AerialWaste/Extracted/8672.png
7939,7939.png,n/a,n/a,0,1047,1055,n/a,0,[],0,/content/drive/MyDrive/landfill_research/datasets/AerialWaste/Extracted/7939.png
6972,6972.png,2,Non production building,1,1000,1000,2,1,"[2, 4, 16]",1,/content/drive/MyDrive/landfill_research/datasets/AerialWaste/Extracted/6972.png
5038,5038.png,n/a,n/a,0,1000,1000,n/a,0,[],0,/content/drive/MyDrive/landfill_research/datasets/AerialWaste/Extracted/5038.png
6941,6941.png,n/a,n/a,0,1056,1046,n/a,1,[],1,/content/drive/MyDrive/landfill_research/datasets/AerialWaste/Extracted/6941.png
4386,4386.png,n/a,n/a,0,1000,1000,n/a,0,[],0,/content/drive/MyDrive/landfill_research/datasets/AerialWaste/Extracted/4386.png
9604,9604.png,n/a,n/a,0,1000,1000,n/a,0,[],0,/content/drive/MyDrive/landfill_research/datasets/AerialWaste/Extracted/9604.png
8991,8991.png,1,Production site,1,1000,1000,2,1,"[1, 12, 16]",1,/content/drive/MyDrive/landfill_research/datasets/AerialWaste/Extracted/8991.png
4821,4821.png,n/a,n/a,0,1000,1000,n/a,0,[],0,/content/drive/MyDrive/landfill_research/datasets/AerialWaste/Extracted/4821.png
4371,4371.png,n/a,n/a,0,1000,1000,n/a,0,[],0,/content/drive/MyDrive/landfill_research/datasets/AerialWaste/Extracted/4371.png
7463,7463.png,n/a,n/a,0,1052,1049,n/a,0,[],0,/content/drive/MyDrive/landfill_research/datasets/AerialWaste/Extracted/7463.png
6544,6544.png,n/a,n/a,0,1000,1000,n/a,0,[],0,/content/drive/MyDrive/landfill_research/datasets/AerialWaste/Extracted/6544.png
9998,9998.png,n/a,n/a,0,1050,1052,n/a,0,[],0,/content/drive/MyDrive/landfill_research/datasets/AerialWaste/Extracted/9998.png
7155,7155.png,1,Production site,1,1000,1000,1,1,"[1, 16]",1,/content/drive/MyDrive/landfill_research/datasets/AerialWaste/Extracted/7155.png
9501,9501.png,n/a,n/a,0,1000,1000,n/a,0,[],0,/content/drive/MyDrive/landfill_research/datasets/AerialWaste/Extracted/9501.png
6431,6431.png,n/a,n/a,0,1000,1000,n/a,0,[],0,/content/drive/MyDrive/landfill_research/datasets/AerialWaste/Extracted/6431.png
5653,5653.png,n/a,n/a,0,1000,1000,n/a,0,[],0,/content/drive/MyDrive/landfill_research/datasets/AerialWaste/Extracted/5653.png
7986,7986.png,n/a,n/a,0,1049,1053,n/a,0,[],0,/content/drive/MyDrive/landfill_research/datasets/AerialWaste/Extracted/7986.png
375,375.png,1,Production site,0,1000,1000,2,1,[],1,/content/drive/MyDrive/landfill_research/datasets/AerialWaste/Extracted/375.png
10839,10839.png,2,Production site,1,1047,1055,1,1,"[9, 20, 16]",1,/content/drive/MyDrive/landfill_research/datasets/AerialWaste/Extracted/10839.png
4677,4677.png,n/a,n/a,0,1000,1000,n/a,0,[],0,/content/drive/MyDrive/landfill_research/datasets/AerialWaste/Extracted/4677.png
551,551.png,n/a,n/a,0,1000,1000,n/a,0,[],0,/content/drive/MyDrive/landfill_research/datasets/AerialWaste/Extracted/551.png
9621,9621.png,n/a,n/a,0,1000,1000,n/a,0,[],0,/content/drive/MyDrive/landfill_research/datasets/AerialWaste/Extracted/9621.png
1753,1753.png,n/a,n/a,0,1000,1000,n/a,0,[],0,/content/drive/MyDrive/landfill_research/datasets/AerialWaste/Extracted/1753.png
8220,8220.png,n/a,n/a,0,1058,1044,n/a,0,[],0,/content/drive/MyDrive/landfill_research/datasets/AerialWaste/Extracted/8220.png
5554,5554.png,n/a,n/a,0,1000,1000,n/a,0,[],0,/content/drive/MyDrive/landfill_research/datasets/AerialWaste/Extracted/5554.png
10399,10399.png,n/a,n/a,0,1037,1065,n/a,0,[],0,/content/drive/MyDrive/landfill_research/datasets/AerialWaste/Extracted/10399.png
1130,1130.png,3,Production site,0,1000,1000,3,1,[],1,/content/drive/MyDrive/landfill_research/datasets/AerialWaste/Extracted/1130.png
9371,9371.png,n/a,n/a,0,1000,1000,n/a,0,[],0,/content/drive/MyDrive/landfill_research/datasets/AerialWaste/Extracted/9371.png
5461,5461.png,n/a,n/a,0,1038,1064,n/a,1,[],1,/content/drive/MyDrive/landfill_research/datasets/AerialWaste/Extracted/5461.png
8975,8975.png,1,Degraded area,1,1000,1000,2,1,"[12, 16]",1,/content/drive/MyDrive/landfill_research/datasets/AerialWaste/Extracted/8975.png
30,30.png,1,Production site,0,1000,1000,1,1,[],1,/content/drive/MyDrive/landfill_research/datasets/AerialWaste/Extracted/30.png
7689,7689.png,n/a,n/a,0,1055,1047,n/a,0,[],0,/content/drive/MyDrive/landfill_research/datasets/AerialWaste/Extracted/7689.png
8827,8827.png,n/a,n/a,0,1000,1000,n/a,0,[],0,/content/drive/MyDrive/landfill_research/datasets/AerialWaste/Extracted/8827.png
6390,6390.png,n/a,n/a,0,1000,1000,n/a,0,[],0,/content/drive/MyDrive/landfill_research/datasets/AerialWaste/Extracted/6390.png
7449,7449.png,n/a,n/a,0,1053,1049,n/a,0,[],0,/content/drive/MyDrive/landfill_research/datasets/AerialWaste/Extracted/7449.png
555,555.png,n/a,n/a,0,1000,1000,n/a,0,[],0,/content/drive/MyDrive/landfill_research/datasets/AerialWaste/Extracted/555.png
10608,10608.png,n/a,n/a,0,1048,1054,n/a,0,[],0,/content/drive/MyDrive/landfill_research/datasets/AerialWaste/Extracted/10608.png
939,939.png,n/a,n/a,0,1000,1000,n/a,0,[],0,/content/drive/MyDrive/landfill_research/datasets/AerialWaste/Extracted/939.png
8609,8609.png,n/a,n/a,0,1055,1047,n/a,0,[],0,/content/drive/MyDrive/landfill_research/datasets/AerialWaste/Extracted/8609.png
11239,11239.png,n/a,n/a,0,1000,1000,n/a,0,[],0,/content/drive/MyDrive/landfill_research/datasets/AerialWaste/Extracted/11239.png
4611,4611.png,n/a,n/a,0,1000,1000,n/a,0,[],0,/content/drive/MyDrive/landfill_research/datasets/AerialWaste/Extracted/4611.png
11430,11430.png,n/a,n/a,0,1038,1064,n/a,0,[],0,/content/drive/MyDrive/landfill_research/datasets/AerialWaste/Extracted/11430.png
940,940.png,n/a,n/a,0,1000,1000,n/a,0,[],0,/content/drive/MyDrive/landfill_research/datasets/AerialWaste/Extracted/940.png
5696,5696.png,n/a,n/a,0,1000,1000,n/a,0,[],0,/content/drive/MyDrive/landfill_research/datasets/AerialWaste/Extracted/5696.png
5232,5232.png,n/a,n/a,0,1000,1000,n/a,0,[],0,/content/drive/MyDrive/landfill_research/datasets/AerialWaste/Extracted/5232.png
6999,6999.png,n/a,n/a,0,1000,1000,n/a,0,[],0,/content/drive/MyDrive/landfill_research/datasets/AerialWaste/Extracted/6999.png
2823,2823.png,n/s,n/s,0,1054,1047,1,0,[],0,/content/drive/MyDrive/landfill_research/datasets/AerialWaste/Extracted/2823.png
7152,7152.png,1,Agricultural area/farm area,1,1000,1000,1,1,"[10, 18, 20]",1,/content/drive/MyDrive/landfill_research/datasets/AerialWaste/Extracted/7152.png
10220,10220.png,n/a,n/a,0,1050,1052,n/a,0,[],0,/content/drive/MyDrive/landfill_research/datasets/AerialWaste/Extracted/10220.png
5041,5041.png,n/a,n/a,0,1000,1000,n/a,0,[],0,/content/drive/MyDrive/landfill_research/datasets/AerialWaste/Extracted/5041.png
4710,4710.png,n/a,n/a,0,1000,1000,n/a,0,[],0,/content/drive/MyDrive/landfill_research/datasets/AerialWaste/Extracted/4710.png
11336,11336.png,n/a,n/a,0,1055,1047,n/a,0,[],0,/content/drive/MyDrive/landfill_research/datasets/AerialWaste/Extracted/11336.png
7024,7024.png,3,Production site,1,1000,1000,3,1,[16],1,/content/drive/MyDrive/landfill_research/datasets/AerialWaste/Extracted/7024.png
6650,6650.png,n/a,n/a,0,1054,1048,n/a,0,[],0,/content/drive/MyDrive/landfill_research/datasets/AerialWaste/Extracted/6650.png
2229,2229.png,1,Non production building,1,697,698,2,1,[18],1,/content/drive/MyDrive/landfill_research/datasets/AerialWaste/Extracted/2229.png
6947,6947.png,n/a,n/a,0,1000,1000,n/a,0,[],0,/content/drive/MyDrive/landfill_research/datasets/AerialWaste/Extracted/6947.png
4182,4182.png,n/a,n/a,0,1000,1000,n/a,0,[],0,/content/drive/MyDrive/landfill_research/datasets/AerialWaste/Extracted/4182.png
6506,6506.png,n/a,n/a,0,1044,1059,n/a,0,[],0,/content/drive/MyDrive/landfill_research/datasets/AerialWaste/Extracted/6506.png
4103,4103.png,n/a,n/a,0,1000,1000,n/a,1,[],1,/content/drive/MyDrive/landfill_research/datasets/AerialWaste/Extracted/4103.png
11384,11384.png,n/a,n/a,0,1000,1000,n/a,0,[],0,/content/drive/MyDrive/landfill_research/datasets/AerialWaste/Extracted/11384.png
223,223.png,2,Production site,0,1000,1000,2,1,[],1,/content/drive/MyDrive/landfill_research/datasets/AerialWaste/Extracted/223.png
9280,9280.png,n/a,n/a,0,1000,1000,n/a,0,[],0,/content/drive/MyDrive/landfill_research/datasets/AerialWaste/Extracted/9280.png
5956,5956.png,n/a,n/a,0,1000,1000,n/a,0,[],0,/content/drive/MyDrive/landfill_research/datasets/AerialWaste/Extracted/5956.png
4491,4491.png,n/a,n/a,0,1000,1000,n/a,0,[],0,/content/drive/MyDrive/landfill_research/datasets/AerialWaste/Extracted/4491.png
2469,2469.png,1,Production site,0,1051,1052,2,1,[],1,/content/drive/MyDrive/landfill_research/datasets/AerialWaste/Extracted/2469.png
7838,7838.png,n/a,n/a,0,1054,1047,n/a,0,[],0,/content/drive/MyDrive/landfill_research/datasets/AerialWaste/Extracted/7838.png
4906,4906.png,n/a,n/a,0,1000,1000,n/a,0,[],0,/content/drive/MyDrive/landfill_research/datasets/AerialWaste/Extracted/4906.png
2565,2565.png,n/s,n/s,0,1054,1047,2,1,[],1,/content/drive/MyDrive/landfill_research/datasets/AerialWaste/Extracted/2565.png
10688,10688.png,n/a,n/a,0,1000,1000,n/a,0,[],0,/content/drive/MyDrive/landfill_research/datasets/AerialWaste/Extracted/10688.png
4666,4666.png,n/a,n/a,0,1000,1000,n/a,0,[],0,/content/drive/MyDrive/landfill_research/datasets/AerialWaste/Extracted/4666.png
9392,9392.png,n/a,n/a,0,1045,1056,n/a,0,[],0,/content/drive/MyDrive/landfill_research/datasets/AerialWaste/Extracted/9392.png
5373,5373.png,n/a,n/a,0,1000,1000,n/a,0,[],0,/content/drive/MyDrive/landfill_research/datasets/AerialWaste/Extracted/5373.png
7144,7144.png,n/a,n/a,0,1051,1050,n/a,0,[],0,/content/drive/MyDrive/landfill_research/datasets/AerialWaste/Extracted/7144.png
4400,4400.png,n/a,n/a,0,1000,1000,n/a,0,[],0,/content/drive/MyDrive/landfill_research/datasets/AerialWaste/Extracted/4400.png
4354,4354.png,n/a,n/a,0,1000,1000,n/a,0,[],0,/content/drive/MyDrive/landfill_research/datasets/AerialWaste/Extracted/4354.png
5104,5104.png,n/a,n/a,0,1000,1000,n/a,0,[],0,/content/drive/MyDrive/landfill_research/datasets/AerialWaste/Extracted/5104.png
6859,6859.png,n/a,n/a,0,697,698,n/a,0,[],0,/content/drive/MyDrive/landfill_research/datasets/AerialWaste/Extracted/6859.png
6958,6958.png,n/a,n/a,0,1000,1000,n/a,0,[],0,/content/drive/MyDrive/landfill_research/datasets/AerialWaste/Extracted/6958.png
6287,6287.png,n/a,n/a,0,1000,1000,n/a,0,[],0,/content/drive/MyDrive/landfill_research/datasets/AerialWaste/Extracted/6287.png
5891,5891.png,n/a,n/a,0,1000,1000,n/a,0,[],0,/content/drive/MyDrive/landfill_research/datasets/AerialWaste/Extracted/5891.png
6625,6625.png,n/a,n/a,0,1000,1000,n/a,0,[],0,/content/drive/MyDrive/landfill_research/datasets/AerialWaste/Extracted/6625.png
5825,5825.png,n/a,n/a,0,1000,1000,n/a,0,[],0,/content/drive/MyDrive/landfill_research/datasets/AerialWaste/Extracted/5825.png
8981,8981.png,n/a,n/a,0,1053,1049,n/a,0,[],0,/content/drive/MyDrive/landfill_research/datasets/AerialWaste/Extracted/8981.png
7521,7521.png,n/a,n/a,0,1054,1047,n/a,0,[],0,/content/drive/MyDrive/landfill_research/datasets/AerialWaste/Extracted/7521.png
6900,6900.png,n/a,n/a,0,1000,1000,n/a,0,[],0,/content/drive/MyDrive/landfill_research/datasets/AerialWaste/Extracted/6900.png
7065,7065.png,1,Degraded area,0,1000,1000,1,1,[],1,/content/drive/MyDrive/landfill_research/datasets/AerialWaste/Extracted/7065.png
9158,9158.png,n/a,n/a,0,1000,1000,n/a,0,[],0,/content/drive/MyDrive/landfill_research/datasets/AerialWaste/Extracted/9158.png
10427,10427.png,n/a,n/a,0,1000,1000,n/a,0,[],0,/content/drive/MyDrive/landfill_research/datasets/AerialWaste/Extracted/10427.png
1204,1204.png,2,Degraded area,0,1000,1000,2,1,[],1,/content/drive/MyDrive/landfill_research/datasets/AerialWaste/Extracted/1204.png
10979,10979.png,2,Non production building,1,1000,1000,2,1,"[8, 2, 3, 4, 19, 16]",1,/content/drive/MyDrive/landfill_research/datasets/AerialWaste/Extracted/10979.png
11164,11164.png,n/a,n/a,0,1044,1058,n/a,0,[],0,/content/drive/MyDrive/landfill_research/datasets/AerialWaste/Extracted/11164.png
7225,7225.png,n/a,n/a,0,1049,1053,n/a,0,[],0,/content/drive/MyDrive/landfill_research/datasets/AerialWaste/Extracted/7225.png
5737,5737.png,n/a,n/a,0,1000,1000,n/a,0,[],0,/content/drive/MyDrive/landfill_research/datasets/AerialWaste/Extracted/5737.png
7121,7121.png,2,Degraded area,1,1000,1000,3,1,"[1, 16]",1,/content/drive/MyDrive/landfill_research/datasets/AerialWaste/Extracted/7121.png
252,252.png,2,Agricultural area/farm area,0,1000,1000,1,0,[],0,/content/drive/MyDrive/landfill_research/datasets/AerialWaste/Extracted/252.png
2403,2403.png,1,Production site,0,1051,1051,2,1,[],1,/content/drive/MyDrive/landfill_research/datasets/AerialWaste/Extracted/2403.png
5620,5620.png,n/a,n/a,0,1000,1000,n/a,0,[],0,/content/drive/MyDrive/landfill_research/datasets/AerialWaste/Extracted/5620.png
6907,6907.png,n/a,n/a,0,1056,1046,n/a,0,[],0,/content/drive/MyDrive/landfill_research/datasets/AerialWaste/Extracted/6907.png
8608,8608.png,n/a,n/a,0,1035,1067,n/a,0,[],0,/content/drive/MyDrive/landfill_research/datasets/AerialWaste/Extracted/8608.png
8356,8356.png,n/a,n/a,0,1035,1066,n/a,0,[],0,/content/drive/MyDrive/landfill_research/datasets/AerialWaste/Extracted/8356.png
7941,7941.png,n/a,n/a,0,1045,1057,n/a,1,[],1,/content/drive/MyDrive/landfill_research/datasets/AerialWaste/Extracted/7941.png
2132,2132.png,2,Agricultural area/farm area,1,1000,1000,2,1,"[2, 16]",1,/content/drive/MyDrive/landfill_research/datasets/AerialWaste/Extracted/2132.png
10315,10315.png,n/a,n/a,0,1000,1000,n/a,0,[],0,/content/drive/MyDrive/landfill_research/datasets/AerialWaste/Extracted/10315.png
11309,11309.png,n/a,n/a,0,1000,1000,n/a,0,[],0,/content/drive/MyDrive/landfill_research/datasets/AerialWaste/Extracted/11309.png
3961,3961.png,n/a,n/a,0,1000,1000,n/a,0,[],0,/content/drive/MyDrive/landfill_research/datasets/AerialWaste/Extracted/3961.png
1414,1414.png,2,Agricultural area/farm area,0,1000,1000,1,0,[],0,/content/drive/MyDrive/landfill_research/datasets/AerialWaste/Extracted/1414.png
4584,4584.png,n/a,n/a,0,1000,1000,n/a,0,[],0,/content/drive/MyDrive/landfill_research/datasets/AerialWaste/Extracted/4584.png
6450,6450.png,n/a,n/a,0,1000,1000,n/a,0,[],0,/content/drive/MyDrive/landfill_research/datasets/AerialWaste/Extracted/6450.png
6595,6595.png,n/a,n/a,0,1000,1000,n/a,0,[],0,/content/drive/MyDrive/landfill_research/datasets/AerialWaste/Extracted/6595.png
1967,1967.png,1,Degraded area,1,1000,1000,1,1,[1],1,/content/drive/MyDrive/landfill_research/datasets/AerialWaste/Extracted/1967.png
4896,4896.png,n/a,n/a,0,1000,1000,n/a,0,[],0,/content/drive/MyDrive/landfill_research/datasets/AerialWaste/Extracted/4896.png
11533,11533.png,n/a,n/a,0,1037,1064,n/a,0,[],0,/content/drive/MyDrive/landfill_research/datasets/AerialWaste/Extracted/11533.png
5235,5235.png,n/a,n/a,0,1000,1000,n/a,0,[],0,/content/drive/MyDrive/landfill_research/datasets/AerialWaste/Extracted/5235.png
8561,8561.png,n/a,n/a,0,1037,1065,n/a,0,[],0,/content/drive/MyDrive/landfill_research/datasets/AerialWaste/Extracted/8561.png
2013,2013.png,2,Degraded area,1,1000,1000,2,1,"[1, 2, 3, 16]",1,/content/drive/MyDrive/landfill_research/datasets/AerialWaste/Extracted/2013.png
2425,2425.png,1,Production site,1,698,697,1,1,"[2, 5, 18, 19]",1,/content/drive/MyDrive/landfill_research/datasets/AerialWaste/Extracted/2425.png
9494,9494.png,n/a,n/a,0,1000,1000,n/a,0,[],0,/content/drive/MyDrive/landfill_research/datasets/AerialWaste/Extracted/9494.png
6049,6049.png,n/a,n/a,0,1000,1000,n/a,0,[],0,/content/drive/MyDrive/landfill_research/datasets/AerialWaste/Extracted/6049.png
10078,10078.png,n/a,n/a,0,1053,1049,n/a,0,[],0,/content/drive/MyDrive/landfill_research/datasets/AerialWaste/Extracted/10078.png
2641,2641.png,n/s,n/s,0,1053,1048,2,1,[],1,/content/drive/MyDrive/landfill_research/datasets/AerialWaste/Extracted/2641.png
3019,3019.png,n/s,n/s,0,1048,1053,2,1,[],1,/content/drive/MyDrive/landfill_research/datasets/AerialWaste/Extracted/3019.png
10082,10082.png,n/a,n/a,0,1046,1055,n/a,0,[],0,/content/drive/MyDrive/landfill_research/datasets/AerialWaste/Extracted/10082.png
347,347.png,1,Agricultural area/farm area,0,1000,1000,1,1,[],1,/content/drive/MyDrive/landfill_research/datasets/AerialWaste/Extracted/347.png
42,42.png,3,Production site,0,1000,1000,3,1,[],1,/content/drive/MyDrive/landfill_research/datasets/AerialWaste/Extracted/42.png
3452,3452.png,n/s,n/s,1,1055,1046,n/s,1,"[2, 16, 17]",1,/content/drive/MyDrive/landfill_research/datasets/AerialWaste/Extracted/3452.png
6997,6997.png,n/a,n/a,0,1000,1000,n/a,0,[],0,/content/drive/MyDrive/landfill_research/datasets/AerialWaste/Extracted/6997.png
2253,2253.png,2,Degraded area,0,1055,1046,2,1,[],1,/content/drive/MyDrive/landfill_research/datasets/AerialWaste/Extracted/2253.png
2235,2235.png,2,Abandoned area,1,1000,1000,2,1,"[2, 16]",1,/content/drive/MyDrive/landfill_research/datasets/AerialWaste/Extracted/2235.png
4623,4623.png,n/a,n/a,0,1000,1000,n/a,0,[],0,/content/drive/MyDrive/landfill_research/datasets/AerialWaste/Extracted/4623.png
4930,4930.png,n/a,n/a,0,1000,1000,n/a,0,[],0,/content/drive/MyDrive/landfill_research/datasets/AerialWaste/Extracted/4930.png
2934,2934.png,n/s,n/s,0,1049,1052,2,1,[],1,/content/drive/MyDrive/landfill_research/datasets/AerialWaste/Extracted/2934.png
4215,4215.png,n/a,n/a,0,1000,1000,n/a,0,[],0,/content/drive/MyDrive/landfill_research/datasets/AerialWaste/Extracted/4215.png
4083,4083.png,n/a,n/a,0,1000,1000,n/a,0,[],0,/content/drive/MyDrive/landfill_research/datasets/AerialWaste/Extracted/4083.png
4703,4703.png,n/a,n/a,0,1000,1000,n/a,0,[],0,/content/drive/MyDrive/landfill_research/datasets/AerialWaste/Extracted/4703.png
6638,6638.png,n/a,n/a,0,1000,1000,n/a,0,[],0,/content/drive/MyDrive/landfill_research/datasets/AerialWaste/Extracted/6638.png
5523,5523.png,n/a,n/a,0,1000,1000,n/a,0,[],0,/content/drive/MyDrive/landfill_research/datasets/AerialWaste/Extracted/5523.png
4659,4659.png,n/a,n/a,0,1000,1000,n/a,0,[],0,/content/drive/MyDrive/landfill_research/datasets/AerialWaste/Extracted/4659.png
1794,1794.png,2,Abandoned area,0,1000,1000,2,1,[],1,/content/drive/MyDrive/landfill_research/datasets/AerialWaste/Extracted/1794.png
1325,1325.png,1,Degraded area,0,1037,1064,2,1,[],1,/content/drive/MyDrive/landfill_research/datasets/AerialWaste/Extracted/1325.png
11453,11453.png,n/a,n/a,0,1052,1050,n/a,0,[],0,/content/drive/MyDrive/landfill_research/datasets/AerialWaste/Extracted/11453.png
3134,3134.png,n/s,n/s,0,1051,1050,3,1,[],1,/content/drive/MyDrive/landfill_research/datasets/AerialWaste/Extracted/3134.png
10978,10978.png,1,Production site,1,1043,1058,1,1,"[2, 4, 16]",1,/content/drive/MyDrive/landfill_research/datasets/AerialWaste/Extracted/10978.png
9461,9461.png,n/a,n/a,0,1000,1000,n/a,0,[],0,/content/drive/MyDrive/landfill_research/datasets/AerialWaste/Extracted/9461.png
9851,9851.png,n/a,n/a,0,1000,1000,n/a,0,[],0,/content/drive/MyDrive/landfill_research/datasets/AerialWaste/Extracted/9851.png
257,257.png,2,Agricultural area/farm area,0,1000,1000,2,1,[],1,/content/drive/MyDrive/landfill_research/datasets/AerialWaste/Extracted/257.png
104,104.png,1,Production site,0,1000,1000,1,1,[],1,/content/drive/MyDrive/landfill_research/datasets/AerialWaste/Extracted/104.png
544,544.png,3,Production site,0,1000,1000,1,1,[],1,/content/drive/MyDrive/landfill_research/datasets/AerialWaste/Extracted/544.png
5002,5002.png,n/a,n/a,0,1000,1000,n/a,0,[],0,/content/drive/MyDrive/landfill_research/datasets/AerialWaste/Extracted/5002.png
3405,3405.png,n/s,n/s,0,1037,1065,n/s,1,[],1,/content/drive/MyDrive/landfill_research/datasets/AerialWaste/Extracted/3405.png
6908,6908.png,n/a,n/a,0,1056,1047,n/a,0,[],0,/content/drive/MyDrive/landfill_research/datasets/AerialWaste/Extracted/6908.png
1718,1718.png,2,Non production building,0,1000,1000,2,1,[],1,/content/drive/MyDrive/landfill_research/datasets/AerialWaste/Extracted/1718.png
9466,9466.png,n/a,n/a,0,1000,1000,n/a,0,[],0,/content/drive/MyDrive/landfill_research/datasets/AerialWaste/Extracted/9466.png
727,727.png,2,Production site,0,1000,1000,2,0,[],0,/content/drive/MyDrive/landfill_research/datasets/AerialWaste/Extracted/727.png
8875,8875.png,n/a,n/a,0,697,698,n/a,0,[],0,/content/drive/MyDrive/landfill_research/datasets/AerialWaste/Extracted/8875.png
10670,10670.png,n/a,n/a,0,1000,1000,n/a,0,[],0,/content/drive/MyDrive/landfill_research/datasets/AerialWaste/Extracted/10670.png
6693,6693.png,n/a,n/a,0,1000,1000,n/a,0,[],0,/content/drive/MyDrive/landfill_research/datasets/AerialWaste/Extracted/6693.png
4559,4559.png,n/a,n/a,0,1000,1000,n/a,0,[],0,/content/drive/MyDrive/landfill_research/datasets/AerialWaste/Extracted/4559.png
7104,7104.png,n/a,n/a,0,697,698,n/a,1,[],1,/content/drive/MyDrive/landfill_research/datasets/AerialWaste/Extracted/7104.png
11594,11594.png,n/a,n/a,0,1036,1066,n/a,0,[],0,/content/drive/MyDrive/landfill_research/datasets/AerialWaste/Extracted/11594.png
11286,11286.png,n/a,n/a,0,1000,1000,n/a,0,[],0,/content/drive/MyDrive/landfill_research/datasets/AerialWaste/Extracted/11286.png
6597,6597.png,n/a,n/a,0,1000,1000,n/a,0,[],0,/content/drive/MyDrive/landfill_research/datasets/AerialWaste/Extracted/6597.png
3714,3714.png,n/a,n/a,0,1000,1000,n/a,0,[],0,/content/drive/MyDrive/landfill_research/datasets/AerialWaste/Extracted/3714.png
3499,3499.png,n/a,n/a,0,1000,1000,n/a,0,[],0,/content/drive/MyDrive/landfill_research/datasets/AerialWaste/Extracted/3499.png
288,288.png,3,Production site,0,1000,1000,1,1,[],1,/content/drive/MyDrive/landfill_research/datasets/AerialWaste/Extracted/288.png
2595,2595.png,n/s,n/s,0,1054,1048,3,1,[],1,/content/drive/MyDrive/landfill_research/datasets/AerialWaste/Extracted/2595.png
1308,1308.png,1,Agricultural area/farm area,0,1000,1000,1,1,[],1,/content/drive/MyDrive/landfill_research/datasets/AerialWaste/Extracted/1308.png
10597,10597.png,n/a,n/a,0,1000,1000,n/a,0,[],0,/content/drive/MyDrive/landfill_research/datasets/AerialWaste/Extracted/10597.png
7609,7609.png,n/a,n/a,0,1054,1048,n/a,0,[],0,/content/drive/MyDrive/landfill_research/datasets/AerialWaste/Extracted/7609.png
6280,6280.png,n/a,n/a,0,695,699,n/a,0,[],0,/content/drive/MyDrive/landfill_research/datasets/AerialWaste/Extracted/6280.png
7744,7744.png,1,Production site,1,1000,1000,1,1,[4],1,/content/drive/MyDrive/landfill_research/datasets/AerialWaste/Extracted/7744.png
8538,8538.png,n/a,n/a,0,1039,1064,n/a,0,[],0,/content/drive/MyDrive/landfill_research/datasets/AerialWaste/Extracted/8538.png
1945,1945.png,1,Production site,0,1052,1050,1,1,[],1,/content/drive/MyDrive/landfill_research/datasets/AerialWaste/Extracted/1945.png
4150,4150.png,n/a,n/a,0,1000,1000,n/a,0,[],0,/content/drive/MyDrive/landfill_research/datasets/AerialWaste/Extracted/4150.png
9377,9377.png,n/a,n/a,0,1000,1000,n/a,1,[],1,/content/drive/MyDrive/landfill_research/datasets/AerialWaste/Extracted/9377.png
10522,10522.png,n/a,n/a,0,1000,1000,n/a,0,[],0,/content/drive/MyDrive/landfill_research/datasets/AerialWaste/Extracted/10522.png
10313,10313.png,n/a,n/a,0,1036,1066,n/a,0,[],0,/content/drive/MyDrive/landfill_research/datasets/AerialWaste/Extracted/10313.png
689,689.png,1,Agricultural area/farm area,0,1000,1000,1,1,[],1,/content/drive/MyDrive/landfill_research/datasets/AerialWaste/Extracted/689.png
4661,4661.png,n/a,n/a,0,1000,1000,n/a,0,[],0,/content/drive/MyDrive/landfill_research/datasets/AerialWaste/Extracted/4661.png
3292,3292.png,n/s,n/s,0,1036,1066,1,1,[],1,/content/drive/MyDrive/landfill_research/datasets/AerialWaste/Extracted/3292.png
7454,7454.png,n/a,n/a,0,1053,1049,n/a,0,[],0,/content/drive/MyDrive/landfill_research/datasets/AerialWaste/Extracted/7454.png
3047,3047.png,n/s,n/s,0,1055,1047,1,1,[],1,/content/drive/MyDrive/landfill_research/datasets/AerialWaste/Extracted/3047.png
4424,4424.png,n/a,n/a,0,1000,1000,n/a,0,[],0,/content/drive/MyDrive/landfill_research/datasets/AerialWaste/Extracted/4424.png
5604,5604.png,n/a,n/a,0,1000,1000,n/a,0,[],0,/content/drive/MyDrive/landfill_research/datasets/AerialWaste/Extracted/5604.png
11156,11156.png,n/a,n/a,0,1046,1056,n/a,0,[],0,/content/drive/MyDrive/landfill_research/datasets/AerialWaste/Extracted/11156.png
7869,7869.png,n/a,n/a,0,1051,1050,n/a,0,[],0,/content/drive/MyDrive/landfill_research/datasets/AerialWaste/Extracted/7869.png
8245,8245.png,1,Other,0,1000,1000,1,1,[],1,/content/drive/MyDrive/landfill_research/datasets/AerialWaste/Extracted/8245.png
2312,2312.png,1,Degraded area,1,697,698,2,1,"[1, 16]",1,/content/drive/MyDrive/landfill_research/datasets/AerialWaste/Extracted/2312.png
3109,3109.png,n/s,n/s,0,1056,1046,1,1,[],1,/content/drive/MyDrive/landfill_research/datasets/AerialWaste/Extracted/3109.png
5722,5722.png,n/a,n/a,0,1000,1000,n/a,0,[],0,/content/drive/MyDrive/landfill_research/datasets/AerialWaste/Extracted/5722.png
9788,9788.png,n/a,n/a,0,1000,1000,n/a,0,[],0,/content/drive/MyDrive/landfill_research/datasets/AerialWaste/Extracted/9788.png
5416,5416.png,n/a,n/a,0,1000,1000,n/a,0,[],0,/content/drive/MyDrive/landfill_research/datasets/AerialWaste/Extracted/5416.png
10886,10886.png,n/a,n/a,0,1000,1000,n/a,0,[],0,/content/drive/MyDrive/landfill_research/datasets/AerialWaste/Extracted/10886.png
1556,1556.png,n/a,n/a,0,1043,1058,n/a,0,[],0,/content/drive/MyDrive/landfill_research/datasets/AerialWaste/Extracted/1556.png
5849,5849.png,n/a,n/a,0,1000,1000,n/a,0,[],0,/content/drive/MyDrive/landfill_research/datasets/AerialWaste/Extracted/5849.png
938,938.png,1,Non production building,0,1000,1000,1,1,[],1,/content/drive/MyDrive/landfill_research/datasets/AerialWaste/Extracted/938.png
4553,4553.png,n/a,n/a,0,1000,1000,n/a,0,[],0,/content/drive/MyDrive/landfill_research/datasets/AerialWaste/Extracted/4553.png
3248,3248.png,n/s,n/s,0,1035,1066,1,1,[],1,/content/drive/MyDrive/landfill_research/datasets/AerialWaste/Extracted/3248.png
10582,10582.png,n/a,n/a,0,1000,1000,n/a,0,[],0,/content/drive/MyDrive/landfill_research/datasets/AerialWaste/Extracted/10582.png
4412,4412.png,n/a,n/a,0,1000,1000,n/a,0,[],0,/content/drive/MyDrive/landfill_research/datasets/AerialWaste/Extracted/4412.png
1695,1695.png,2,Other,0,1000,1000,3,1,[],1,/content/drive/MyDrive/landfill_research/datasets/AerialWaste/Extracted/1695.png
11585,11585.png,n/a,n/a,0,1037,1065,n/a,0,[],0,/content/drive/MyDrive/landfill_research/datasets/AerialWaste/Extracted/11585.png
11172,11172.png,n/a,n/a,0,1052,1050,n/a,0,[],0,/content/drive/MyDrive/landfill_research/datasets/AerialWaste/Extracted/11172.png
3854,3854.png,n/a,n/a,0,1000,1000,n/a,0,[],0,/content/drive/MyDrive/landfill_research/datasets/AerialWaste/Extracted/3854.png
8015,8015.png,1,Non production building,1,1000,1000,1,1,"[4, 16]",1,/content/drive/MyDrive/landfill_research/datasets/AerialWaste/Extracted/8015.png
3862,3862.png,n/a,n/a,0,1000,1000,n/a,0,[],0,/content/drive/MyDrive/landfill_research/datasets/AerialWaste/Extracted/3862.png
10146,10146.png,n/a,n/a,0,1056,1045,n/a,0,[],0,/content/drive/MyDrive/landfill_research/datasets/AerialWaste/Extracted/10146.png
6630,6630.png,n/a,n/a,0,1000,1000,n/a,0,[],0,/content/drive/MyDrive/landfill_research/datasets/AerialWaste/Extracted/6630.png
10930,10930.png,n/a,n/a,0,1000,1000,n/a,0,[],0,/content/drive/MyDrive/landfill_research/datasets/AerialWaste/Extracted/10930.png
5351,5351.png,n/a,n/a,0,1000,1000,n/a,0,[],0,/content/drive/MyDrive/landfill_research/datasets/AerialWaste/Extracted/5351.png
4657,4657.png,n/a,n/a,0,1000,1000,n/a,0,[],0,/content/drive/MyDrive/landfill_research/datasets/AerialWaste/Extracted/4657.png
5398,5398.png,n/a,n/a,0,1000,1000,n/a,0,[],0,/content/drive/MyDrive/landfill_research/datasets/AerialWaste/Extracted/5398.png
1459,1459.png,2,Agricultural area/farm area,0,1000,1000,2,1,[],1,/content/drive/MyDrive/landfill_research/datasets/AerialWaste/Extracted/1459.png
4615,4615.png,n/a,n/a,0,1000,1000,n/a,0,[],0,/content/drive/MyDrive/landfill_research/datasets/AerialWaste/Extracted/4615.png
5046,5046.png,n/a,n/a,0,1000,1000,n/a,0,[],0,/content/drive/MyDrive/landfill_research/datasets/AerialWaste/Extracted/5046.png
5527,5527.png,n/a,n/a,0,1000,1000,n/a,0,[],0,/content/drive/MyDrive/landfill_research/datasets/AerialWaste/Extracted/5527.png
5255,5255.png,n/a,n/a,0,1000,1000,n/a,0,[],0,/content/drive/MyDrive/landfill_research/datasets/AerialWaste/Extracted/5255.png
4908,4908.png,n/a,n/a,0,1000,1000,n/a,0,[],0,/content/drive/MyDrive/landfill_research/datasets/AerialWaste/Extracted/4908.png
10005,10005.png,n/a,n/a,0,1053,1048,n/a,0,[],0,/content/drive/MyDrive/landfill_research/datasets/AerialWaste/Extracted/10005.png
1310,1310.png,2,Production site,0,1000,1000,1,1,[],1,/content/drive/MyDrive/landfill_research/datasets/AerialWaste/Extracted/1310.png
6368,6368.png,n/a,n/a,0,1000,1000,n/a,0,[],0,/content/drive/MyDrive/landfill_research/datasets/AerialWaste/Extracted/6368.png
3722,3722.png,n/a,n/a,0,1000,1000,n/a,0,[],0,/content/drive/MyDrive/landfill_research/datasets/AerialWaste/Extracted/3722.png
5400,5400.png,n/a,n/a,0,1000,1000,n/a,0,[],0,/content/drive/MyDrive/landfill_research/datasets/AerialWaste/Extracted/5400.png
4367,4367.png,n/a,n/a,0,1000,1000,n/a,0,[],0,/content/drive/MyDrive/landfill_research/datasets/AerialWaste/Extracted/4367.png
3996,3996.png,n/a,n/a,0,1000,1000,n/a,1,[],1,/content/drive/MyDrive/landfill_research/datasets/AerialWaste/Extracted/3996.png
1758,1758.png,1,Production site,0,1000,1000,1,1,[],1,/content/drive/MyDrive/landfill_research/datasets/AerialWaste/Extracted/1758.png
2455,2455.png,2,Production site,0,1050,1051,2,1,[],1,/content/drive/MyDrive/landfill_research/datasets/AerialWaste/Extracted/2455.png
11352,11352.png,n/a,n/a,0,1000,1000,n/a,0,[],0,/content/drive/MyDrive/landfill_research/datasets/AerialWaste/Extracted/11352.png
3274,3274.png,n/a,n/a,0,1000,1000,n/a,0,[],0,/content/drive/MyDrive/landfill_research/datasets/AerialWaste/Extracted/3274.png
6083,6083.png,n/a,n/a,0,1000,1000,n/a,0,[],0,/content/drive/MyDrive/landfill_research/datasets/AerialWaste/Extracted/6083.png
6151,6151.png,n/a,n/a,0,1000,1000,n/a,1,[],1,/content/drive/MyDrive/landfill_research/datasets/AerialWaste/Extracted/6151.png
5918,5918.png,n/a,n/a,0,1000,1000,n/a,0,[],0,/content/drive/MyDrive/landfill_research/datasets/AerialWaste/Extracted/5918.png
8484,8484.png,n/a,n/a,0,1036,1065,n/a,1,[],1,/content/drive/MyDrive/landfill_research/datasets/AerialWaste/Extracted/8484.png
7652,7652.png,n/a,n/a,0,1054,1048,n/a,0,[],0,/content/drive/MyDrive/landfill_research/datasets/AerialWaste/Extracted/7652.png
8613,8613.png,n/a,n/a,0,1056,1046,n/a,0,[],0,/content/drive/MyDrive/landfill_research/datasets/AerialWaste/Extracted/8613.png
4399,4399.png,n/a,n/a,0,1000,1000,n/a,0,[],0,/content/drive/MyDrive/landfill_research/datasets/AerialWaste/Extracted/4399.png
8581,8581.png,n/a,n/a,0,1038,1064,n/a,0,[],0,/content/drive/MyDrive/landfill_research/datasets/AerialWaste/Extracted/8581.png
5139,5139.png,n/a,n/a,0,1000,1000,n/a,0,[],0,/content/drive/MyDrive/landfill_research/datasets/AerialWaste/Extracted/5139.png
9172,9172.png,n/a,n/a,0,1000,1000,n/a,0,[],0,/content/drive/MyDrive/landfill_research/datasets/AerialWaste/Extracted/9172.png
1466,1466.png,2,Agricultural area/farm area,0,1000,1000,2,1,[],1,/content/drive/MyDrive/landfill_research/datasets/AerialWaste/Extracted/1466.png
10051,10051.png,n/a,n/a,0,1054,1047,n/a,0,[],0,/content/drive/MyDrive/landfill_research/datasets/AerialWaste/Extracted/10051.png
10059,10059.png,n/a,n/a,0,1055,1046,n/a,0,[],0,/content/drive/MyDrive/landfill_research/datasets/AerialWaste/Extracted/10059.png
8074,8074.png,2,Degraded area,1,1000,1000,2,1,"[2, 1, 16]",1,/content/drive/MyDrive/landfill_research/datasets/AerialWaste/Extracted/8074.png
294,294.png,n/a,n/a,0,1000,1000,n/a,0,[],0,/content/drive/MyDrive/landfill_research/datasets/AerialWaste/Extracted/294.png
9091,9091.png,n/a,n/a,0,1000,1000,n/a,0,[],0,/content/drive/MyDrive/landfill_research/datasets/AerialWaste/Extracted/9091.png
1623,1623.png,1,Production site,0,1000,1000,1,1,[],1,/content/drive/MyDrive/landfill_research/datasets/AerialWaste/Extracted/1623.png
2435,2435.png,1,Agricultural area/farm area,1,1000,1000,2,1,"[1, 2, 16, 20]",1,/content/drive/MyDrive/landfill_research/datasets/AerialWaste/Extracted/2435.png
2699,2699.png,n/s,n/s,0,1059,1043,3,1,[],1,/content/drive/MyDrive/landfill_research/datasets/AerialWaste/Extracted/2699.png
7740,7740.png,n/a,n/a,0,1055,1047,n/a,0,[],0,/content/drive/MyDrive/landfill_research/datasets/AerialWaste/Extracted/7740.png
1558,1558.png,1,Non production building,0,1000,1000,1,1,[],1,/content/drive/MyDrive/landfill_research/datasets/AerialWaste/Extracted/1558.png
9703,9703.png,n/a,n/a,0,1000,1000,n/a,0,[],0,/content/drive/MyDrive/landfill_research/datasets/AerialWaste/Extracted/9703.png
4299,4299.png,n/a,n/a,0,1000,1000,n/a,0,[],0,/content/drive/MyDrive/landfill_research/datasets/AerialWaste/Extracted/4299.png
3051,3051.png,n/s,n/s,0,1056,1046,1,1,[],1,/content/drive/MyDrive/landfill_research/datasets/AerialWaste/Extracted/3051.png
4614,4614.png,n/a,n/a,0,1000,1000,n/a,0,[],0,/content/drive/MyDrive/landfill_research/datasets/AerialWaste/Extracted/4614.png
6658,6658.png,n/a,n/a,0,1000,1000,n/a,0,[],0,/content/drive/MyDrive/landfill_research/datasets/AerialWaste/Extracted/6658.png
1990,1990.png,1,Agricultural area/farm area,1,1049,1053,1,1,[1],1,/content/drive/MyDrive/landfill_research/datasets/AerialWaste/Extracted/1990.png
1333,1333.png,2,Other,1,1038,1063,2,1,[1],1,/content/drive/MyDrive/landfill_research/datasets/AerialWaste/Extracted/1333.png
7042,7042.png,n/a,n/a,0,696,698,n/a,0,[],0,/content/drive/MyDrive/landfill_research/datasets/AerialWaste/Extracted/7042.png
4845,4845.png,n/a,n/a,0,1000,1000,n/a,0,[],0,/content/drive/MyDrive/landfill_research/datasets/AerialWaste/Extracted/4845.png
8482,8482.png,n/a,n/a,0,1036,1066,n/a,0,[],0,/content/drive/MyDrive/landfill_research/datasets/AerialWaste/Extracted/8482.png
1783,1783.png,1,Production site,0,1000,1000,2,1,[],1,/content/drive/MyDrive/landfill_research/datasets/AerialWaste/Extracted/1783.png
3839,3839.png,n/a,n/a,0,1000,1000,n/a,0,[],0,/content/drive/MyDrive/landfill_research/datasets/AerialWaste/Extracted/3839.png
7005,7005.png,n/a,n/a,0,1000,1000,n/a,0,[],0,/content/drive/MyDrive/landfill_research/datasets/AerialWaste/Extracted/7005.png
9547,9547.png,n/a,n/a,0,1000,1000,n/a,0,[],0,/content/drive/MyDrive/landfill_research/datasets/AerialWaste/Extracted/9547.png
8708,8708.png,n/a,n/a,0,1000,1000,n/a,0,[],0,/content/drive/MyDrive/landfill_research/datasets/AerialWaste/Extracted/8708.png
9273,9273.png,n/a,n/a,0,1000,1000,n/a,0,[],0,/content/drive/MyDrive/landfill_research/datasets/AerialWaste/Extracted/9273.png
2724,2724.png,n/s,n/s,1,1055,1046,2,1,[3],1,/content/drive/MyDrive/landfill_research/datasets/AerialWaste/Extracted/2724.png
9159,9159.png,n/a,n/a,0,1000,1000,n/a,0,[],0,/content/drive/MyDrive/landfill_research/datasets/AerialWaste/Extracted/9159.png
10450,10450.png,n/a,n/a,0,1000,1000,n/a,0,[],0,/content/drive/MyDrive/landfill_research/datasets/AerialWaste/Extracted/10450.png
4771,4771.png,n/a,n/a,0,1000,1000,n/a,1,[],1,/content/drive/MyDrive/landfill_research/datasets/AerialWaste/Extracted/4771.png
11692,11692.png,n/a,n/a,0,1055,1047,n/a,0,[],0,/content/drive/MyDrive/landfill_research/datasets/AerialWaste/Extracted/11692.png
4724,4724.png,n/a,n/a,0,1000,1000,n/a,0,[],0,/content/drive/MyDrive/landfill_research/datasets/AerialWaste/Extracted/4724.png
9903,9903.png,n/a,n/a,0,1000,1000,n/a,0,[],0,/content/drive/MyDrive/landfill_research/datasets/AerialWaste/Extracted/9903.png
2476,2476.png,n/s,n/s,1,1054,1047,2,1,[3],1,/content/drive/MyDrive/landfill_research/datasets/AerialWaste/Extracted/2476.png
539,539.png,1,Production site,0,1000,1000,1,1,[],1,/content/drive/MyDrive/landfill_research/datasets/AerialWaste/Extracted/539.png
11672,11672.png,n/a,n/a,0,1056,1045,n/a,0,[],0,/content/drive/MyDrive/landfill_research/datasets/AerialWaste/Extracted/11672.png
7641,7641.png,n/a,n/a,0,1056,1046,n/a,0,[],0,/content/drive/MyDrive/landfill_research/datasets/AerialWaste/Extracted/7641.png
10885,10885.png,3,Non production building,1,1000,1000,2,1,"[9, 2, 3, 5, 4, 19, 20, 16]",1,/content/drive/MyDrive/landfill_research/datasets/AerialWaste/Extracted/10885.png
9373,9373.png,n/a,n/a,0,1000,1000,n/a,0,[],0,/content/drive/MyDrive/landfill_research/datasets/AerialWaste/Extracted/9373.png
8478,8478.png,n/a,n/a,0,1035,1067,n/a,0,[],0,/content/drive/MyDrive/landfill_research/datasets/AerialWaste/Extracted/8478.png
7406,7406.png,n/a,n/a,0,1054,1048,n/a,0,[],0,/content/drive/MyDrive/landfill_research/datasets/AerialWaste/Extracted/7406.png
919,919.png,2,Non production building,0,1000,1000,2,1,[],1,/content/drive/MyDrive/landfill_research/datasets/AerialWaste/Extracted/919.png
193,193.png,2,Agricultural area/farm area,0,1000,1000,3,1,[],1,/content/drive/MyDrive/landfill_research/datasets/AerialWaste/Extracted/193.png
5997,5997.png,n/a,n/a,0,1000,1000,n/a,0,[],0,/content/drive/MyDrive/landfill_research/datasets/AerialWaste/Extracted/5997.png
3928,3928.png,n/a,n/a,0,1000,1000,n/a,0,[],0,/content/drive/MyDrive/landfill_research/datasets/AerialWaste/Extracted/3928.png
632,632.png,1,Production site,0,1000,1000,1,1,[],1,/content/drive/MyDrive/landfill_research/datasets/AerialWaste/Extracted/632.png
4144,4144.png,n/a,n/a,0,1000,1000,n/a,0,[],0,/content/drive/MyDrive/landfill_research/datasets/AerialWaste/Extracted/4144.png
7487,7487.png,n/a,n/a,0,1054,1047,n/a,0,[],0,/content/drive/MyDrive/landfill_research/datasets/AerialWaste/Extracted/7487.png
1734,1734.png,2,Agricultural area/farm area,0,1000,1000,2,1,[],1,/content/drive/MyDrive/landfill_research/datasets/AerialWaste/Extracted/1734.png
7661,7661.png,1,Non production building,1,1000,1000,1,1,"[8, 2, 3, 16]",1,/content/drive/MyDrive/landfill_research/datasets/AerialWaste/Extracted/7661.png
9576,9576.png,n/a,n/a,0,1000,1000,n/a,0,[],0,/content/drive/MyDrive/landfill_research/datasets/AerialWaste/Extracted/9576.png
3162,3162.png,n/s,n/s,0,1044,1057,1,1,[],1,/content/drive/MyDrive/landfill_research/datasets/AerialWaste/Extracted/3162.png
2847,2847.png,n/a,n/a,0,1000,1000,n/a,0,[],0,/content/drive/MyDrive/landfill_research/datasets/AerialWaste/Extracted/2847.png
10266,10266.png,n/a,n/a,0,1056,1046,n/a,0,[],0,/content/drive/MyDrive/landfill_research/datasets/AerialWaste/Extracted/10266.png
7015,7015.png,n/a,n/a,0,1000,1000,n/a,0,[],0,/content/drive/MyDrive/landfill_research/datasets/AerialWaste/Extracted/7015.png
6373,6373.png,n/a,n/a,0,1000,1000,n/a,0,[],0,/content/drive/MyDrive/landfill_research/datasets/AerialWaste/Extracted/6373.png
2730,2730.png,n/s,n/s,1,1051,1051,2,1,[17],1,/content/drive/MyDrive/landfill_research/datasets/AerialWaste/Extracted/2730.png
2904,2904.png,n/s,n/s,0,1055,1047,3,1,[],1,/content/drive/MyDrive/landfill_research/datasets/AerialWaste/Extracted/2904.png
2503,2503.png,n/s,n/s,0,1052,1050,2,1,[],1,/content/drive/MyDrive/landfill_research/datasets/AerialWaste/Extracted/2503.png
10751,10751.png,n/a,n/a,0,1000,1000,n/a,0,[],0,/content/drive/MyDrive/landfill_research/datasets/AerialWaste/Extracted/10751.png
3573,3573.png,n/a,n/a,0,1000,1000,n/a,0,[],0,/content/drive/MyDrive/landfill_research/datasets/AerialWaste/Extracted/3573.png
3276,3276.png,n/s,n/s,0,1038,1065,1,1,[],1,/content/drive/MyDrive/landfill_research/datasets/AerialWaste/Extracted/3276.png
2849,2849.png,n/s,n/s,0,1054,1048,1,1,[],1,/content/drive/MyDrive/landfill_research/datasets/AerialWaste/Extracted/2849.png
10320,10320.png,n/a,n/a,0,1035,1066,n/a,0,[],0,/content/drive/MyDrive/landfill_research/datasets/AerialWaste/Extracted/10320.png
7072,7072.png,n/a,n/a,0,1000,1000,n/a,0,[],0,/content/drive/MyDrive/landfill_research/datasets/AerialWaste/Extracted/7072.png
3097,3097.png,n/s,n/s,0,1047,1055,1,1,[],1,/content/drive/MyDrive/landfill_research/datasets/AerialWaste/Extracted/3097.png
4177,4177.png,n/a,n/a,0,1000,1000,n/a,0,[],0,/content/drive/MyDrive/landfill_research/datasets/AerialWaste/Extracted/4177.png
10557,10557.png,n/a,n/a,0,1000,1000,n/a,0,[],0,/content/drive/MyDrive/landfill_research/datasets/AerialWaste/Extracted/10557.png
6774,6774.png,n/a,n/a,0,1000,1000,n/a,1,[],1,/content/drive/MyDrive/landfill_research/datasets/AerialWaste/Extracted/6774.png
11349,11349.png,n/a,n/a,0,1000,1000,n/a,0,[],0,/content/drive/MyDrive/landfill_research/datasets/AerialWaste/Extracted/11349.png
10308,10308.png,n/a,n/a,0,1036,1065,n/a,0,[],0,/content/drive/MyDrive/landfill_research/datasets/AerialWaste/Extracted/10308.png
10731,10731.png,n/a,n/a,0,1052,1049,n/a,0,[],0,/content/drive/MyDrive/landfill_research/datasets/AerialWaste/Extracted/10731.png
10323,10323.png,n/a,n/a,0,1036,1065,n/a,0,[],0,/content/drive/MyDrive/landfill_research/datasets/AerialWaste/Extracted/10323.png
910,910.png,1,Production site,0,1000,1000,1,1,[],1,/content/drive/MyDrive/landfill_research/datasets/AerialWaste/Extracted/910.png
11202,11202.png,n/a,n/a,0,1000,1000,n/a,0,[],0,/content/drive/MyDrive/landfill_research/datasets/AerialWaste/Extracted/11202.png
9919,9919.png,n/a,n/a,0,1000,1000,n/a,0,[],0,/content/drive/MyDrive/landfill_research/datasets/AerialWaste/Extracted/9919.png
2005,2005.png,2,Production site,1,1000,1000,3,1,"[1, 2, 4, 16]",1,/content/drive/MyDrive/landfill_research/datasets/AerialWaste/Extracted/2005.png
817,817.png,n/a,n/a,0,1000,1000,n/a,0,[],0,/content/drive/MyDrive/landfill_research/datasets/AerialWaste/Extracted/817.png
10019,10019.png,n/a,n/a,0,1052,1050,n/a,0,[],0,/content/drive/MyDrive/landfill_research/datasets/AerialWaste/Extracted/10019.png
10985,10985.png,n/a,n/a,0,1000,1000,n/a,0,[],0,/content/drive/MyDrive/landfill_research/datasets/AerialWaste/Extracted/10985.png
7980,7980.png,n/a,n/a,0,1052,1049,n/a,0,[],0,/content/drive/MyDrive/landfill_research/datasets/AerialWaste/Extracted/7980.png
9782,9782.png,n/a,n/a,0,1000,1000,n/a,0,[],0,/content/drive/MyDrive/landfill_research/datasets/AerialWaste/Extracted/9782.png
8969,8969.png,n/a,n/a,0,1051,1050,n/a,0,[],0,/content/drive/MyDrive/landfill_research/datasets/AerialWaste/Extracted/8969.png
2524,2524.png,n/s,n/s,1,1051,1051,1,1,[17],1,/content/drive/MyDrive/landfill_research/datasets/AerialWaste/Extracted/2524.png
4256,4256.png,n/a,n/a,0,1000,1000,n/a,0,[],0,/content/drive/MyDrive/landfill_research/datasets/AerialWaste/Extracted/4256.png
8534,8534.png,n/a,n/a,0,1039,1064,n/a,0,[],0,/content/drive/MyDrive/landfill_research/datasets/AerialWaste/Extracted/8534.png
247,247.png,2,Production site,0,1000,1000,1,1,[],1,/content/drive/MyDrive/landfill_research/datasets/AerialWaste/Extracted/247.png
5562,5562.png,n/a,n/a,0,1000,1000,n/a,0,[],0,/content/drive/MyDrive/landfill_research/datasets/AerialWaste/Extracted/5562.png
7052,7052.png,n/a,n/a,0,1000,1000,n/a,0,[],0,/content/drive/MyDrive/landfill_research/datasets/AerialWaste/Extracted/7052.png
776,776.png,3,Production site,0,1000,1000,2,1,[],1,/content/drive/MyDrive/landfill_research/datasets/AerialWaste/Extracted/776.png
2902,2902.png,n/s,n/s,1,1054,1047,3,1,[7],1,/content/drive/MyDrive/landfill_research/datasets/AerialWaste/Extracted/2902.png
575,575.png,1,Agricultural area/farm area,0,1000,1000,1,1,[],1,/content/drive/MyDrive/landfill_research/datasets/AerialWaste/Extracted/575.png
4423,4423.png,n/a,n/a,0,1000,1000,n/a,0,[],0,/content/drive/MyDrive/landfill_research/datasets/AerialWaste/Extracted/4423.png
10057,10057.png,n/a,n/a,0,1055,1046,n/a,0,[],0,/content/drive/MyDrive/landfill_research/datasets/AerialWaste/Extracted/10057.png
2432,2432.png,1,Agricultural area/farm area,0,1000,1000,2,0,[],0,/content/drive/MyDrive/landfill_research/datasets/AerialWaste/Extracted/2432.png
3352,3352.png,n/s,n/s,0,1038,1064,1,1,[],1,/content/drive/MyDrive/landfill_research/datasets/AerialWaste/Extracted/3352.png
8682,8682.png,n/a,n/a,0,1055,1046,n/a,0,[],0,/content/drive/MyDrive/landfill_research/datasets/AerialWaste/Extracted/8682.png
9939,9939.png,n/a,n/a,0,1000,1000,n/a,0,[],0,/content/drive/MyDrive/landfill_research/datasets/AerialWaste/Extracted/9939.png
11512,11512.png,n/a,n/a,0,696,698,n/a,0,[],0,/content/drive/MyDrive/landfill_research/datasets/AerialWaste/Extracted/11512.png
3358,3358.png,n/s,n/s,0,1037,1064,1,1,[],1,/content/drive/MyDrive/landfill_research/datasets/AerialWaste/Extracted/3358.png
1778,1778.png,2,Agricultural area/farm area,0,1000,1000,2,1,[],1,/content/drive/MyDrive/landfill_research/datasets/AerialWaste/Extracted/1778.png
9389,9389.png,n/a,n/a,0,1000,1000,n/a,0,[],0,/content/drive/MyDrive/landfill_research/datasets/AerialWaste/Extracted/9389.png
4372,4372.png,n/a,n/a,0,1000,1000,n/a,0,[],0,/content/drive/MyDrive/landfill_research/datasets/AerialWaste/Extracted/4372.png
3715,3715.png,n/a,n/a,0,1000,1000,n/a,0,[],0,/content/drive/MyDrive/landfill_research/datasets/AerialWaste/Extracted/3715.png
10439,10439.png,n/a,n/a,0,1045,1056,n/a,0,[],0,/content/drive/MyDrive/landfill_research/datasets/AerialWaste/Extracted/10439.png
5794,5794.png,n/a,n/a,0,1000,1000,n/a,0,[],0,/content/drive/MyDrive/landfill_research/datasets/AerialWaste/Extracted/5794.png
7705,7705.png,n/a,n/a,0,1055,1046,n/a,0,[],0,/content/drive/MyDrive/landfill_research/datasets/AerialWaste/Extracted/7705.png
10081,10081.png,n/a,n/a,0,1054,1048,n/a,0,[],0,/content/drive/MyDrive/landfill_research/datasets/AerialWaste/Extracted/10081.png
3925,3925.png,n/a,n/a,0,1000,1000,n/a,0,[],0,/content/drive/MyDrive/landfill_research/datasets/AerialWaste/Extracted/3925.png
693,693.png,1,Production site,0,1000,1000,2,1,[],1,/content/drive/MyDrive/landfill_research/datasets/AerialWaste/Extracted/693.png
9758,9758.png,n/a,n/a,0,1000,1000,n/a,0,[],0,/content/drive/MyDrive/landfill_research/datasets/AerialWaste/Extracted/9758.png
8265,8265.png,n/a,n/a,0,1043,1059,n/a,0,[],0,/content/drive/MyDrive/landfill_research/datasets/AerialWaste/Extracted/8265.png
7614,7614.png,n/a,n/a,0,1053,1048,n/a,0,[],0,/content/drive/MyDrive/landfill_research/datasets/AerialWaste/Extracted/7614.png
1330,1330.png,3,Production site,0,1038,1064,1,1,[],1,/content/drive/MyDrive/landfill_research/datasets/AerialWaste/Extracted/1330.png
8457,8457.png,n/a,n/a,0,1036,1065,n/a,0,[],0,/content/drive/MyDrive/landfill_research/datasets/AerialWaste/Extracted/8457.png
3332,3332.png,n/s,n/s,0,1038,1063,2,1,[],1,/content/drive/MyDrive/landfill_research/datasets/AerialWaste/Extracted/3332.png
9040,9040.png,n/a,n/a,0,1000,1000,n/a,0,[],0,/content/drive/MyDrive/landfill_research/datasets/AerialWaste/Extracted/9040.png
9721,9721.png,n/a,n/a,0,1000,1000,n/a,0,[],0,/content/drive/MyDrive/landfill_research/datasets/AerialWaste/Extracted/9721.png
10097,10097.png,n/a,n/a,0,1054,1047,n/a,0,[],0,/content/drive/MyDrive/landfill_research/datasets/AerialWaste/Extracted/10097.png
2066,2066.png,2,Production site,1,1000,1000,1,1,"[6, 7, 16]",1,/content/drive/MyDrive/landfill_research/datasets/AerialWaste/Extracted/2066.png
3115,3115.png,n/a,n/a,0,1000,1000,n/a,0,[],0,/content/drive/MyDrive/landfill_research/datasets/AerialWaste/Extracted/3115.png
10263,10263.png,n/a,n/a,0,1055,1046,n/a,0,[],0,/content/drive/MyDrive/landfill_research/datasets/AerialWaste/Extracted/10263.png
1032,1032.png,3,Production site,0,1000,1000,3,1,[],1,/content/drive/MyDrive/landfill_research/datasets/AerialWaste/Extracted/1032.png
1139,1139.png,2,Agricultural area/farm area,0,1000,1000,1,1,[],1,/content/drive/MyDrive/landfill_research/datasets/AerialWaste/Extracted/1139.png
5868,5868.png,n/a,n/a,0,1000,1000,n/a,0,[],0,/content/drive/MyDrive/landfill_research/datasets/AerialWaste/Extracted/5868.png
1698,1698.png,2,Production site,0,1000,1000,1,1,[],1,/content/drive/MyDrive/landfill_research/datasets/AerialWaste/Extracted/1698.png
8205,8205.png,n/a,n/a,0,1046,1056,n/a,0,[],0,/content/drive/MyDrive/landfill_research/datasets/AerialWaste/Extracted/8205.png
7708,7708.png,n/a,n/a,0,1056,1045,n/a,0,[],0,/content/drive/MyDrive/landfill_research/datasets/AerialWaste/Extracted/7708.png
9790,9790.png,n/a,n/a,0,1000,1000,n/a,0,[],0,/content/drive/MyDrive/landfill_research/datasets/AerialWaste/Extracted/9790.png
704,704.png,1,Agricultural area/farm area,0,1000,1000,1,1,[],1,/content/drive/MyDrive/landfill_research/datasets/AerialWaste/Extracted/704.png
11364,11364.png,n/a,n/a,0,1000,1000,n/a,0,[],0,/content/drive/MyDrive/landfill_research/datasets/AerialWaste/Extracted/11364.png
8031,8031.png,n/a,n/a,0,1048,1054,n/a,0,[],0,/content/drive/MyDrive/landfill_research/datasets/AerialWaste/Extracted/8031.png
10112,10112.png,n/a,n/a,0,1055,1047,n/a,0,[],0,/content/drive/MyDrive/landfill_research/datasets/AerialWaste/Extracted/10112.png
11334,11334.png,n/a,n/a,0,1000,1000,n/a,0,[],0,/content/drive/MyDrive/landfill_research/datasets/AerialWaste/Extracted/11334.png
1828,1828.png,1,Production site,0,1000,1000,1,1,[],1,/content/drive/MyDrive/landfill_research/datasets/AerialWaste/Extracted/1828.png
8345,8345.png,n/a,n/a,0,1036,1066,n/a,0,[],0,/content/drive/MyDrive/landfill_research/datasets/AerialWaste/Extracted/8345.png
8212,8212.png,n/a,n/a,0,1052,1050,n/a,0,[],0,/content/drive/MyDrive/landfill_research/datasets/AerialWaste/Extracted/8212.png
6363,6363.png,n/a,n/a,0,1000,1000,n/a,0,[],0,/content/drive/MyDrive/landfill_research/datasets/AerialWaste/Extracted/6363.png
7020,7020.png,n/a,n/a,0,696,698,n/a,0,[],0,/content/drive/MyDrive/landfill_research/datasets/AerialWaste/Extracted/7020.png
10122,10122.png,n/a,n/a,0,1054,1047,n/a,0,[],0,/content/drive/MyDrive/landfill_research/datasets/AerialWaste/Extracted/10122.png
249,249.png,3,Production site,0,1000,1000,2,1,[],1,/content/drive/MyDrive/landfill_research/datasets/AerialWaste/Extracted/249.png
10466,10466.png,n/a,n/a,0,1000,1000,n/a,0,[],0,/content/drive/MyDrive/landfill_research/datasets/AerialWaste/Extracted/10466.png
2762,2762.png,n/s,n/s,0,1056,1045,1,1,[],1,/content/drive/MyDrive/landfill_research/datasets/AerialWaste/Extracted/2762.png
1179,1179.png,2,Degraded area,0,1000,1000,3,1,[],1,/content/drive/MyDrive/landfill_research/datasets/AerialWaste/Extracted/1179.png
7876,7876.png,n/a,n/a,0,1051,1050,n/a,0,[],0,/content/drive/MyDrive/landfill_research/datasets/AerialWaste/Extracted/7876.png
11521,11521.png,n/a,n/a,0,1038,1064,n/a,0,[],0,/content/drive/MyDrive/landfill_research/datasets/AerialWaste/Extracted/11521.png
11432,11432.png,n/a,n/a,0,1037,1064,n/a,0,[],0,/content/drive/MyDrive/landfill_research/datasets/AerialWaste/Extracted/11432.png
953,953.png,3,Abandoned area,0,1000,1000,3,1,[],1,/content/drive/MyDrive/landfill_research/datasets/AerialWaste/Extracted/953.png
8335,8335.png,n/a,n/a,0,1037,1065,n/a,0,[],0,/content/drive/MyDrive/landfill_research/datasets/AerialWaste/Extracted/8335.png
3679,3679.png,n/a,n/a,0,1000,1000,n/a,0,[],0,/content/drive/MyDrive/landfill_research/datasets/AerialWaste/Extracted/3679.png
10242,10242.png,n/a,n/a,0,1050,1052,n/a,0,[],0,/content/drive/MyDrive/landfill_research/datasets/AerialWaste/Extracted/10242.png
8593,8593.png,n/a,n/a,0,1036,1065,n/a,0,[],0,/content/drive/MyDrive/landfill_research/datasets/AerialWaste/Extracted/8593.png
8850,8850.png,n/a,n/a,0,696,698,n/a,0,[],0,/content/drive/MyDrive/landfill_research/datasets/AerialWaste/Extracted/8850.png
6618,6618.png,n/a,n/a,0,1000,1000,n/a,0,[],0,/content/drive/MyDrive/landfill_research/datasets/AerialWaste/Extracted/6618.png
7143,7143.png,2,Production site,1,1000,1000,2,1,"[4, 16]",1,/content/drive/MyDrive/landfill_research/datasets/AerialWaste/Extracted/7143.png
5337,5337.png,n/a,n/a,0,1000,1000,n/a,0,[],0,/content/drive/MyDrive/landfill_research/datasets/AerialWaste/Extracted/5337.png
10381,10381.png,n/a,n/a,0,1038,1064,n/a,0,[],0,/content/drive/MyDrive/landfill_research/datasets/AerialWaste/Extracted/10381.png
8671,8671.png,n/a,n/a,0,1055,1047,n/a,0,[],0,/content/drive/MyDrive/landfill_research/datasets/AerialWaste/Extracted/8671.png
6879,6879.png,n/a,n/a,0,1054,1048,n/a,0,[],0,/content/drive/MyDrive/landfill_research/datasets/AerialWaste/Extracted/6879.png
10428,10428.png,n/a,n/a,0,1045,1057,n/a,0,[],0,/content/drive/MyDrive/landfill_research/datasets/AerialWaste/Extracted/10428.png
2521,2521.png,n/s,n/s,0,1051,1051,2,1,[],1,/content/drive/MyDrive/landfill_research/datasets/AerialWaste/Extracted/2521.png
5925,5925.png,n/a,n/a,0,1000,1000,n/a,0,[],0,/content/drive/MyDrive/landfill_research/datasets/AerialWaste/Extracted/5925.png
10861,10861.png,3,Abandoned area,1,1053,1049,2,1,"[2, 1, 7, 4, 6, 20, 16]",1,/content/drive/MyDrive/landfill_research/datasets/AerialWaste/Extracted/10861.png
7618,7618.png,n/a,n/a,0,1054,1048,n/a,0,[],0,/content/drive/MyDrive/landfill_research/datasets/AerialWaste/Extracted/7618.png
3972,3972.png,n/a,n/a,0,1000,1000,n/a,0,[],0,/content/drive/MyDrive/landfill_research/datasets/AerialWaste/Extracted/3972.png
9571,9571.png,n/a,n/a,0,1000,1000,n/a,0,[],0,/content/drive/MyDrive/landfill_research/datasets/AerialWaste/Extracted/9571.png
10710,10710.png,n/a,n/a,0,1045,1056,n/a,0,[],0,/content/drive/MyDrive/landfill_research/datasets/AerialWaste/Extracted/10710.png
4953,4953.png,n/a,n/a,0,1000,1000,n/a,0,[],0,/content/drive/MyDrive/landfill_research/datasets/AerialWaste/Extracted/4953.png
7023,7023.png,1,Agricultural area/farm area,1,1000,1000,1,1,"[1, 16]",1,/content/drive/MyDrive/landfill_research/datasets/AerialWaste/Extracted/7023.png
7183,7183.png,n/a,n/a,0,1000,1000,n/a,0,[],0,/content/drive/MyDrive/landfill_research/datasets/AerialWaste/Extracted/7183.png
5980,5980.png,n/a,n/a,0,1000,1000,n/a,0,[],0,/content/drive/MyDrive/landfill_research/datasets/AerialWaste/Extracted/5980.png
4740,4740.png,n/a,n/a,0,1000,1000,n/a,0,[],0,/content/drive/MyDrive/landfill_research/datasets/AerialWaste/Extracted/4740.png
8331,8331.png,n/a,n/a,0,1035,1067,n/a,0,[],0,/content/drive/MyDrive/landfill_research/datasets/AerialWaste/Extracted/8331.png
8942,8942.png,n/a,n/a,0,1055,1047,n/a,0,[],0,/content/drive/MyDrive/landfill_research/datasets/AerialWaste/Extracted/8942.png
2597,2597.png,n/s,n/s,1,1054,1048,1,1,[17],1,/content/drive/MyDrive/landfill_research/datasets/AerialWaste/Extracted/2597.png
10965,10965.png,n/a,n/a,0,1000,1000,n/a,0,[],0,/content/drive/MyDrive/landfill_research/datasets/AerialWaste/Extracted/10965.png
122,122.png,1,Degraded area,0,1000,1000,2,1,[],1,/content/drive/MyDrive/landfill_research/datasets/AerialWaste/Extracted/122.png
1505,1505.png,n/a,n/a,0,1000,1000,n/a,0,[],0,/content/drive/MyDrive/landfill_research/datasets/AerialWaste/Extracted/1505.png
5742,5742.png,n/a,n/a,0,1000,1000,n/a,0,[],0,/content/drive/MyDrive/landfill_research/datasets/AerialWaste/Extracted/5742.png
4695,4695.png,n/a,n/a,0,1000,1000,n/a,0,[],0,/content/drive/MyDrive/landfill_research/datasets/AerialWaste/Extracted/4695.png
5119,5119.png,n/a,n/a,0,1000,1000,n/a,0,[],0,/content/drive/MyDrive/landfill_research/datasets/AerialWaste/Extracted/5119.png
11446,11446.png,n/a,n/a,0,1055,1046,n/a,0,[],0,/content/drive/MyDrive/landfill_research/datasets/AerialWaste/Extracted/11446.png
3541,3541.png,n/a,n/a,0,1000,1000,n/a,0,[],0,/content/drive/MyDrive/landfill_research/datasets/AerialWaste/Extracted/3541.png
8953,8953.png,n/a,n/a,0,1054,1048,n/a,0,[],0,/content/drive/MyDrive/landfill_research/datasets/AerialWaste/Extracted/8953.png
2335,2335.png,2,Degraded area,1,697,698,2,1,"[1, 2, 4, 5]",1,/content/drive/MyDrive/landfill_research/datasets/AerialWaste/Extracted/2335.png
2483,2483.png,n/s,n/s,0,1054,1048,1,1,[],1,/content/drive/MyDrive/landfill_research/datasets/AerialWaste/Extracted/2483.png
7505,7505.png,n/a,n/a,0,1052,1050,n/a,0,[],0,/content/drive/MyDrive/landfill_research/datasets/AerialWaste/Extracted/7505.png
9932,9932.png,n/a,n/a,0,1000,1000,n/a,0,[],0,/content/drive/MyDrive/landfill_research/datasets/AerialWaste/Extracted/9932.png
2767,2767.png,n/s,n/s,0,1057,1045,1,1,[],1,/content/drive/MyDrive/landfill_research/datasets/AerialWaste/Extracted/2767.png
8543,8543.png,n/a,n/a,0,1037,1065,n/a,0,[],0,/content/drive/MyDrive/landfill_research/datasets/AerialWaste/Extracted/8543.png
6821,6821.png,n/a,n/a,0,1000,1000,n/a,0,[],0,/content/drive/MyDrive/landfill_research/datasets/AerialWaste/Extracted/6821.png
9098,9098.png,n/a,n/a,0,1000,1000,n/a,0,[],0,/content/drive/MyDrive/landfill_research/datasets/AerialWaste/Extracted/9098.png
6736,6736.png,n/a,n/a,0,1000,1000,n/a,0,[],0,/content/drive/MyDrive/landfill_research/datasets/AerialWaste/Extracted/6736.png
3751,3751.png,n/a,n/a,0,1000,1000,n/a,1,[],1,/content/drive/MyDrive/landfill_research/datasets/AerialWaste/Extracted/3751.png
9820,9820.png,n/a,n/a,0,1000,1000,n/a,0,[],0,/content/drive/MyDrive/landfill_research/datasets/AerialWaste/Extracted/9820.png
10248,10248.png,n/a,n/a,0,1055,1046,n/a,0,[],0,/content/drive/MyDrive/landfill_research/datasets/AerialWaste/Extracted/10248.png
8009,8009.png,n/a,n/a,0,1052,1050,n/a,0,[],0,/content/drive/MyDrive/landfill_research/datasets/AerialWaste/Extracted/8009.png
10371,10371.png,n/a,n/a,0,1035,1067,n/a,0,[],0,/content/drive/MyDrive/landfill_research/datasets/AerialWaste/Extracted/10371.png
5348,5348.png,n/a,n/a,0,1000,1000,n/a,0,[],0,/content/drive/MyDrive/landfill_research/datasets/AerialWaste/Extracted/5348.png
8515,8515.png,n/a,n/a,0,1038,1063,n/a,0,[],0,/content/drive/MyDrive/landfill_research/datasets/AerialWaste/Extracted/8515.png
10741,10741.png,n/a,n/a,0,1000,1000,n/a,0,[],0,/content/drive/MyDrive/landfill_research/datasets/AerialWaste/Extracted/10741.png
9125,9125.png,n/a,n/a,0,1000,1000,n/a,1,[],1,/content/drive/MyDrive/landfill_research/datasets/AerialWaste/Extracted/9125.png
5570,5570.png,n/a,n/a,0,1000,1000,n/a,0,[],0,/content/drive/MyDrive/landfill_research/datasets/AerialWaste/Extracted/5570.png
5750,5750.png,n/a,n/a,0,1000,1000,n/a,0,[],0,/content/drive/MyDrive/landfill_research/datasets/AerialWaste/Extracted/5750.png
7687,7687.png,n/a,n/a,0,1051,1050,n/a,0,[],0,/content/drive/MyDrive/landfill_research/datasets/AerialWaste/Extracted/7687.png
1871,1871.png,1,Degraded area,1,694,700,2,1,"[2, 4, 16, 22]",1,/content/drive/MyDrive/landfill_research/datasets/AerialWaste/Extracted/1871.png
4721,4721.png,n/a,n/a,0,1000,1000,n/a,0,[],0,/content/drive/MyDrive/landfill_research/datasets/AerialWaste/Extracted/4721.png
3808,3808.png,n/a,n/a,0,1000,1000,n/a,0,[],0,/content/drive/MyDrive/landfill_research/datasets/AerialWaste/Extracted/3808.png
3643,3643.png,n/a,n/a,0,1000,1000,n/a,0,[],0,/content/drive/MyDrive/landfill_research/datasets/AerialWaste/Extracted/3643.png
1460,1460.png,2,Agricultural area/farm area,0,1000,1000,2,1,[],1,/content/drive/MyDrive/landfill_research/datasets/AerialWaste/Extracted/1460.png
8980,8980.png,n/a,n/a,0,1046,1056,n/a,1,[],1,/content/drive/MyDrive/landfill_research/datasets/AerialWaste/Extracted/8980.png
207,207.png,2,Production site,0,1000,1000,1,1,[],1,/content/drive/MyDrive/landfill_research/datasets/AerialWaste/Extracted/207.png
10864,10864.png,n/a,n/a,0,1000,1000,n/a,0,[],0,/content/drive/MyDrive/landfill_research/datasets/AerialWaste/Extracted/10864.png
2799,2799.png,n/s,n/s,0,1055,1047,2,1,[],1,/content/drive/MyDrive/landfill_research/datasets/AerialWaste/Extracted/2799.png
5028,5028.png,n/a,n/a,0,1000,1000,n/a,0,[],0,/content/drive/MyDrive/landfill_research/datasets/AerialWaste/Extracted/5028.png
8591,8591.png,n/a,n/a,0,1037,1065,n/a,0,[],0,/content/drive/MyDrive/landfill_research/datasets/AerialWaste/Extracted/8591.png
5870,5870.png,n/a,n/a,0,1000,1000,n/a,0,[],0,/content/drive/MyDrive/landfill_research/datasets/AerialWaste/Extracted/5870.png
7161,7161.png,n/a,n/a,0,697,697,n/a,0,[],0,/content/drive/MyDrive/landfill_research/datasets/AerialWaste/Extracted/7161.png
9353,9353.png,n/a,n/a,0,1049,1053,n/a,0,[],0,/content/drive/MyDrive/landfill_research/datasets/AerialWaste/Extracted/9353.png
9681,9681.png,n/a,n/a,0,1038,1064,n/a,0,[],0,/content/drive/MyDrive/landfill_research/datasets/AerialWaste/Extracted/9681.png
6116,6116.png,n/a,n/a,0,1000,1000,n/a,0,[],0,/content/drive/MyDrive/landfill_research/datasets/AerialWaste/Extracted/6116.png
4755,4755.png,n/a,n/a,0,1000,1000,n/a,0,[],0,/content/drive/MyDrive/landfill_research/datasets/AerialWaste/Extracted/4755.png
2434,2434.png,3,Degraded area,1,1000,1000,3,1,"[1, 2, 5, 16]",1,/content/drive/MyDrive/landfill_research/datasets/AerialWaste/Extracted/2434.png
8852,8852.png,n/a,n/a,0,1000,1000,n/a,0,[],0,/content/drive/MyDrive/landfill_research/datasets/AerialWaste/Extracted/8852.png
11221,11221.png,n/a,n/a,0,1000,1000,n/a,0,[],0,/content/drive/MyDrive/landfill_research/datasets/AerialWaste/Extracted/11221.png
4242,4242.png,n/a,n/a,0,1000,1000,n/a,0,[],0,/content/drive/MyDrive/landfill_research/datasets/AerialWaste/Extracted/4242.png
6748,6748.png,n/a,n/a,0,1000,1000,n/a,0,[],0,/content/drive/MyDrive/landfill_research/datasets/AerialWaste/Extracted/6748.png
2358,2358.png,2,Production site,1,1000,1000,1,1,"[18, 19]",1,/content/drive/MyDrive/landfill_research/datasets/AerialWaste/Extracted/2358.png
4797,4797.png,n/a,n/a,0,1000,1000,n/a,0,[],0,/content/drive/MyDrive/landfill_research/datasets/AerialWaste/Extracted/4797.png
9560,9560.png,n/a,n/a,0,1000,1000,n/a,0,[],0,/content/drive/MyDrive/landfill_research/datasets/AerialWaste/Extracted/9560.png
14,14.png,2,Abandoned area,0,1000,1000,3,1,[],1,/content/drive/MyDrive/landfill_research/datasets/AerialWaste/Extracted/14.png
7653,7653.png,n/a,n/a,0,1054,1048,n/a,0,[],0,/content/drive/MyDrive/landfill_research/datasets/AerialWaste/Extracted/7653.png
1386,1386.png,1,Degraded area,0,1000,1000,1,1,[],1,/content/drive/MyDrive/landfill_research/datasets/AerialWaste/Extracted/1386.png
11120,11120.png,n/a,n/a,0,1000,1000,n/a,0,[],0,/content/drive/MyDrive/landfill_research/datasets/AerialWaste/Extracted/11120.png
2228,2228.png,1,Production site,0,1055,1046,2,1,[],1,/content/drive/MyDrive/landfill_research/datasets/AerialWaste/Extracted/2228.png
2198,2198.png,1,Degraded area,0,697,697,2,0,[],0,/content/drive/MyDrive/landfill_research/datasets/AerialWaste/Extracted/2198.png
2931,2931.png,n/s,n/s,0,1050,1052,3,1,[],1,/content/drive/MyDrive/landfill_research/datasets/AerialWaste/Extracted/2931.png
11563,11563.png,n/a,n/a,0,1036,1066,n/a,0,[],0,/content/drive/MyDrive/landfill_research/datasets/AerialWaste/Extracted/11563.png
1292,1292.png,1,Non production building,0,1000,1000,1,1,[],1,/content/drive/MyDrive/landfill_research/datasets/AerialWaste/Extracted/1292.png
7775,7775.png,n/a,n/a,0,1055,1048,n/a,0,[],0,/content/drive/MyDrive/landfill_research/datasets/AerialWaste/Extracted/7775.png
11136,11136.png,n/a,n/a,0,1000,1000,n/a,0,[],0,/content/drive/MyDrive/landfill_research/datasets/AerialWaste/Extracted/11136.png
6647,6647.png,n/a,n/a,0,1000,1000,n/a,0,[],0,/content/drive/MyDrive/landfill_research/datasets/AerialWaste/Extracted/6647.png
5755,5755.png,n/a,n/a,0,1000,1000,n/a,0,[],0,/content/drive/MyDrive/landfill_research/datasets/AerialWaste/Extracted/5755.png
6288,6288.png,n/a,n/a,0,1000,1000,n/a,0,[],0,/content/drive/MyDrive/landfill_research/datasets/AerialWaste/Extracted/6288.png
10927,10927.png,n/a,n/a,0,1000,1000,n/a,0,[],0,/content/drive/MyDrive/landfill_research/datasets/AerialWaste/Extracted/10927.png
2424,2424.png,1,Production site,1,698,697,1,1,"[2, 16, 21]",1,/content/drive/MyDrive/landfill_research/datasets/AerialWaste/Extracted/2424.png
6388,6388.png,n/a,n/a,0,1000,1000,n/a,0,[],0,/content/drive/MyDrive/landfill_research/datasets/AerialWaste/Extracted/6388.png
2753,2753.png,n/a,n/a,0,1000,1000,n/a,0,[],0,/content/drive/MyDrive/landfill_research/datasets/AerialWaste/Extracted/2753.png
5864,5864.png,n/a,n/a,0,1000,1000,n/a,0,[],0,/content/drive/MyDrive/landfill_research/datasets/AerialWaste/Extracted/5864.png
3738,3738.png,n/a,n/a,0,1000,1000,n/a,0,[],0,/content/drive/MyDrive/landfill_research/datasets/AerialWaste/Extracted/3738.png
3702,3702.png,n/a,n/a,0,1000,1000,n/a,1,[],1,/content/drive/MyDrive/landfill_research/datasets/AerialWaste/Extracted/3702.png
5919,5919.png,n/a,n/a,0,1000,1000,n/a,0,[],0,/content/drive/MyDrive/landfill_research/datasets/AerialWaste/Extracted/5919.png
3704,3704.png,n/a,n/a,0,1000,1000,n/a,0,[],0,/content/drive/MyDrive/landfill_research/datasets/AerialWaste/Extracted/3704.png
6393,6393.png,n/a,n/a,0,1000,1000,n/a,0,[],0,/content/drive/MyDrive/landfill_research/datasets/AerialWaste/Extracted/6393.png
4959,4959.png,n/a,n/a,0,1000,1000,n/a,0,[],0,/content/drive/MyDrive/landfill_research/datasets/AerialWaste/Extracted/4959.png
4544,4544.png,n/a,n/a,0,1000,1000,n/a,0,[],0,/content/drive/MyDrive/landfill_research/datasets/AerialWaste/Extracted/4544.png
7123,7123.png,2,Agricultural area/farm area,1,1000,1000,1,1,"[2, 16]",1,/content/drive/MyDrive/landfill_research/datasets/AerialWaste/Extracted/7123.png
832,832.png,2,Agricultural area/farm area,0,1000,1000,1,1,[],1,/content/drive/MyDrive/landfill_research/datasets/AerialWaste/Extracted/832.png
677,677.png,1,Agricultural area/farm area,0,1000,1000,2,1,[],1,/content/drive/MyDrive/landfill_research/datasets/AerialWaste/Extracted/677.png
3286,3286.png,n/s,n/s,0,1037,1065,1,1,[],1,/content/drive/MyDrive/landfill_research/datasets/AerialWaste/Extracted/3286.png
6520,6520.png,n/a,n/a,0,1000,1000,n/a,0,[],0,/content/drive/MyDrive/landfill_research/datasets/AerialWaste/Extracted/6520.png
7970,7970.png,n/a,n/a,0,1045,1056,n/a,0,[],0,/content/drive/MyDrive/landfill_research/datasets/AerialWaste/Extracted/7970.png
6830,6830.png,n/a,n/a,0,1052,1051,n/a,0,[],0,/content/drive/MyDrive/landfill_research/datasets/AerialWaste/Extracted/6830.png
7540,7540.png,n/a,n/a,0,1056,1045,n/a,0,[],0,/content/drive/MyDrive/landfill_research/datasets/AerialWaste/Extracted/7540.png
4923,4923.png,n/a,n/a,0,1000,1000,n/a,0,[],0,/content/drive/MyDrive/landfill_research/datasets/AerialWaste/Extracted/4923.png
9233,9233.png,n/a,n/a,0,1000,1000,n/a,0,[],0,/content/drive/MyDrive/landfill_research/datasets/AerialWaste/Extracted/9233.png
7489,7489.png,n/a,n/a,0,1056,1047,n/a,0,[],0,/content/drive/MyDrive/landfill_research/datasets/AerialWaste/Extracted/7489.png
6591,6591.png,n/a,n/a,0,1000,1000,n/a,0,[],0,/content/drive/MyDrive/landfill_research/datasets/AerialWaste/Extracted/6591.png
11078,11078.png,n/a,n/a,0,1000,1000,n/a,0,[],0,/content/drive/MyDrive/landfill_research/datasets/AerialWaste/Extracted/11078.png
4187,4187.png,n/a,n/a,0,1000,1000,n/a,0,[],0,/content/drive/MyDrive/landfill_research/datasets/AerialWaste/Extracted/4187.png
10496,10496.png,n/a,n/a,0,1044,1058,n/a,0,[],0,/content/drive/MyDrive/landfill_research/datasets/AerialWaste/Extracted/10496.png
2108,2108.png,2,Abandoned area,1,1000,1000,2,1,"[1, 2, 16]",1,/content/drive/MyDrive/landfill_research/datasets/AerialWaste/Extracted/2108.png
4592,4592.png,n/a,n/a,0,1000,1000,n/a,0,[],0,/content/drive/MyDrive/landfill_research/datasets/AerialWaste/Extracted/4592.png
1813,1813.png,1,Agricultural area/farm area,0,1000,1000,1,1,[],1,/content/drive/MyDrive/landfill_research/datasets/AerialWaste/Extracted/1813.png
4997,4997.png,n/a,n/a,0,1000,1000,n/a,1,[],1,/content/drive/MyDrive/landfill_research/datasets/AerialWaste/Extracted/4997.png
985,985.png,2,Production site,0,1000,1000,1,1,[],1,/content/drive/MyDrive/landfill_research/datasets/AerialWaste/Extracted/985.png
10878,10878.png,1,Production site,1,1000,1000,1,1,"[1, 16]",1,/content/drive/MyDrive/landfill_research/datasets/AerialWaste/Extracted/10878.png
4682,4682.png,n/a,n/a,0,1000,1000,n/a,0,[],0,/content/drive/MyDrive/landfill_research/datasets/AerialWaste/Extracted/4682.png
580,580.png,2,Production site,1,1000,1000,1,1,"[2, 16, 17]",1,/content/drive/MyDrive/landfill_research/datasets/AerialWaste/Extracted/580.png
9854,9854.png,n/a,n/a,0,1000,1000,n/a,0,[],0,/content/drive/MyDrive/landfill_research/datasets/AerialWaste/Extracted/9854.png
10342,10342.png,n/a,n/a,0,1037,1065,n/a,0,[],0,/content/drive/MyDrive/landfill_research/datasets/AerialWaste/Extracted/10342.png
10119,10119.png,n/a,n/a,0,1053,1049,n/a,0,[],0,/content/drive/MyDrive/landfill_research/datasets/AerialWaste/Extracted/10119.png
3126,3126.png,n/s,n/s,0,1047,1054,1,1,[],1,/content/drive/MyDrive/landfill_research/datasets/AerialWaste/Extracted/3126.png
10677,10677.png,n/a,n/a,0,1048,1054,n/a,0,[],0,/content/drive/MyDrive/landfill_research/datasets/AerialWaste/Extracted/10677.png
8351,8351.png,n/a,n/a,0,1036,1066,n/a,1,[],1,/content/drive/MyDrive/landfill_research/datasets/AerialWaste/Extracted/8351.png
5841,5841.png,n/a,n/a,0,1000,1000,n/a,0,[],0,/content/drive/MyDrive/landfill_research/datasets/AerialWaste/Extracted/5841.png
875,875.png,2,Agricultural area/farm area,0,1000,1000,1,1,[],1,/content/drive/MyDrive/landfill_research/datasets/AerialWaste/Extracted/875.png
486,486.png,1,Agricultural area/farm area,0,1000,1000,2,1,[],1,/content/drive/MyDrive/landfill_research/datasets/AerialWaste/Extracted/486.png
2732,2732.png,n/s,n/s,0,1051,1050,2,1,[],1,/content/drive/MyDrive/landfill_research/datasets/AerialWaste/Extracted/2732.png
5467,5467.png,n/a,n/a,0,1038,1064,n/a,0,[],0,/content/drive/MyDrive/landfill_research/datasets/AerialWaste/Extracted/5467.png
396,396.png,1,Production site,0,1000,1000,2,1,[],1,/content/drive/MyDrive/landfill_research/datasets/AerialWaste/Extracted/396.png
8010,8010.png,n/a,n/a,0,1052,1049,n/a,0,[],0,/content/drive/MyDrive/landfill_research/datasets/AerialWaste/Extracted/8010.png
7074,7074.png,n/a,n/a,0,1000,1000,n/a,0,[],0,/content/drive/MyDrive/landfill_research/datasets/AerialWaste/Extracted/7074.png
4189,4189.png,n/a,n/a,0,1000,1000,n/a,0,[],0,/content/drive/MyDrive/landfill_research/datasets/AerialWaste/Extracted/4189.png
2454,2454.png,1,Agricultural area/farm area,0,1051,1051,1,1,[],1,/content/drive/MyDrive/landfill_research/datasets/AerialWaste/Extracted/2454.png
6232,6232.png,n/a,n/a,0,1000,1000,n/a,0,[],0,/content/drive/MyDrive/landfill_research/datasets/AerialWaste/Extracted/6232.png
2522,2522.png,n/s,n/s,0,1051,1051,2,1,[],1,/content/drive/MyDrive/landfill_research/datasets/AerialWaste/Extracted/2522.png
7300,7300.png,n/a,n/a,0,1056,1045,n/a,0,[],0,/content/drive/MyDrive/landfill_research/datasets/AerialWaste/Extracted/7300.png
11646,11646.png,n/a,n/a,0,1053,1048,n/a,0,[],0,/content/drive/MyDrive/landfill_research/datasets/AerialWaste/Extracted/11646.png
10964,10964.png,1,Degraded area,1,1000,1000,2,1,"[2, 1, 16]",1,/content/drive/MyDrive/landfill_research/datasets/AerialWaste/Extracted/10964.png
9402,9402.png,n/a,n/a,0,1000,1000,n/a,0,[],0,/content/drive/MyDrive/landfill_research/datasets/AerialWaste/Extracted/9402.png
2137,2137.png,3,Degraded area,1,1000,1000,3,1,"[1, 2, 3, 16]",1,/content/drive/MyDrive/landfill_research/datasets/AerialWaste/Extracted/2137.png
11564,11564.png,n/a,n/a,0,1037,1064,n/a,0,[],0,/content/drive/MyDrive/landfill_research/datasets/AerialWaste/Extracted/11564.png
6081,6081.png,n/a,n/a,0,1000,1000,n/a,0,[],0,/content/drive/MyDrive/landfill_research/datasets/AerialWaste/Extracted/6081.png
6033,6033.png,n/a,n/a,0,1000,1000,n/a,0,[],0,/content/drive/MyDrive/landfill_research/datasets/AerialWaste/Extracted/6033.png
6211,6211.png,n/a,n/a,0,1000,1000,n/a,0,[],0,/content/drive/MyDrive/landfill_research/datasets/AerialWaste/Extracted/6211.png
8128,8128.png,n/a,n/a,0,1047,1055,n/a,0,[],0,/content/drive/MyDrive/landfill_research/datasets/AerialWaste/Extracted/8128.png
10816,10816.png,2,Production site,1,1043,1059,2,1,"[9, 2, 3, 5, 18, 21, 16]",1,/content/drive/MyDrive/landfill_research/datasets/AerialWaste/Extracted/10816.png
9208,9208.png,n/a,n/a,0,1000,1000,n/a,0,[],0,/content/drive/MyDrive/landfill_research/datasets/AerialWaste/Extracted/9208.png
4231,4231.png,n/a,n/a,0,1000,1000,n/a,0,[],0,/content/drive/MyDrive/landfill_research/datasets/AerialWaste/Extracted/4231.png
5712,5712.png,n/a,n/a,0,1000,1000,n/a,0,[],0,/content/drive/MyDrive/landfill_research/datasets/AerialWaste/Extracted/5712.png
6661,6661.png,n/a,n/a,0,1000,1000,n/a,0,[],0,/content/drive/MyDrive/landfill_research/datasets/AerialWaste/Extracted/6661.png
10392,10392.png,n/a,n/a,0,1000,1000,n/a,0,[],0,/content/drive/MyDrive/landfill_research/datasets/AerialWaste/Extracted/10392.png
9173,9173.png,1,Agricultural area/farm area,1,1000,1000,1,1,"[10, 16]",1,/content/drive/MyDrive/landfill_research/datasets/AerialWaste/Extracted/9173.png
9258,9258.png,n/a,n/a,0,1000,1000,n/a,0,[],0,/content/drive/MyDrive/landfill_research/datasets/AerialWaste/Extracted/9258.png
11182,11182.png,n/a,n/a,0,1058,1044,n/a,0,[],0,/content/drive/MyDrive/landfill_research/datasets/AerialWaste/Extracted/11182.png
4912,4912.png,n/a,n/a,0,1000,1000,n/a,0,[],0,/content/drive/MyDrive/landfill_research/datasets/AerialWaste/Extracted/4912.png
7440,7440.png,n/a,n/a,0,1054,1048,n/a,0,[],0,/content/drive/MyDrive/landfill_research/datasets/AerialWaste/Extracted/7440.png
2067,2067.png,1,Degraded area,1,1000,1000,3,1,"[1, 4, 16]",1,/content/drive/MyDrive/landfill_research/datasets/AerialWaste/Extracted/2067.png
9363,9363.png,n/a,n/a,0,1000,1000,n/a,0,[],0,/content/drive/MyDrive/landfill_research/datasets/AerialWaste/Extracted/9363.png
11461,11461.png,n/a,n/a,0,1055,1047,n/a,0,[],0,/content/drive/MyDrive/landfill_research/datasets/AerialWaste/Extracted/11461.png
1903,1903.png,1,Agricultural area/farm area,1,1000,1000,2,1,"[1, 16]",1,/content/drive/MyDrive/landfill_research/datasets/AerialWaste/Extracted/1903.png
7408,7408.png,n/a,n/a,0,1053,1048,n/a,1,[],1,/content/drive/MyDrive/landfill_research/datasets/AerialWaste/Extracted/7408.png
2950,2950.png,n/a,n/a,0,1000,1000,n/a,0,[],0,/content/drive/MyDrive/landfill_research/datasets/AerialWaste/Extracted/2950.png
3305,3305.png,n/s,n/s,0,1037,1065,3,1,[],1,/content/drive/MyDrive/landfill_research/datasets/AerialWaste/Extracted/3305.png
10867,10867.png,1,Production site,1,1047,1054,1,1,"[1, 4, 19, 16]",1,/content/drive/MyDrive/landfill_research/datasets/AerialWaste/Extracted/10867.png
4903,4903.png,n/a,n/a,0,1000,1000,n/a,0,[],0,/content/drive/MyDrive/landfill_research/datasets/AerialWaste/Extracted/4903.png
6689,6689.png,n/a,n/a,0,1000,1000,n/a,0,[],0,/content/drive/MyDrive/landfill_research/datasets/AerialWaste/Extracted/6689.png
2157,2157.png,1,Production site,1,1000,1000,2,1,"[2, 16]",1,/content/drive/MyDrive/landfill_research/datasets/AerialWaste/Extracted/2157.png
11059,11059.png,n/a,n/a,0,1000,1000,n/a,0,[],0,/content/drive/MyDrive/landfill_research/datasets/AerialWaste/Extracted/11059.png
9274,9274.png,n/a,n/a,0,1049,1052,n/a,0,[],0,/content/drive/MyDrive/landfill_research/datasets/AerialWaste/Extracted/9274.png
2234,2234.png,2,Degraded area,1,1000,1000,1,1,"[2, 16]",1,/content/drive/MyDrive/landfill_research/datasets/AerialWaste/Extracted/2234.png
4763,4763.png,n/a,n/a,0,1000,1000,n/a,0,[],0,/content/drive/MyDrive/landfill_research/datasets/AerialWaste/Extracted/4763.png
7996,7996.png,2,Other,0,1000,1000,1,1,[],1,/content/drive/MyDrive/landfill_research/datasets/AerialWaste/Extracted/7996.png
6883,6883.png,n/a,n/a,0,1055,1047,n/a,1,[],1,/content/drive/MyDrive/landfill_research/datasets/AerialWaste/Extracted/6883.png
4311,4311.png,n/a,n/a,0,1000,1000,n/a,0,[],0,/content/drive/MyDrive/landfill_research/datasets/AerialWaste/Extracted/4311.png
3571,3571.png,n/a,n/a,0,1000,1000,n/a,0,[],0,/content/drive/MyDrive/landfill_research/datasets/AerialWaste/Extracted/3571.png
4216,4216.png,n/a,n/a,0,1000,1000,n/a,0,[],0,/content/drive/MyDrive/landfill_research/datasets/AerialWaste/Extracted/4216.png
1995,1995.png,2,Degraded area,0,1049,1053,1,1,[],1,/content/drive/MyDrive/landfill_research/datasets/AerialWaste/Extracted/1995.png
6726,6726.png,n/a,n/a,0,1054,1048,n/a,0,[],0,/content/drive/MyDrive/landfill_research/datasets/AerialWaste/Extracted/6726.png
4963,4963.png,n/a,n/a,0,1000,1000,n/a,0,[],0,/content/drive/MyDrive/landfill_research/datasets/AerialWaste/Extracted/4963.png
11356,11356.png,n/a,n/a,0,1000,1000,n/a,0,[],0,/content/drive/MyDrive/landfill_research/datasets/AerialWaste/Extracted/11356.png
7753,7753.png,2,Production site,1,1000,1000,2,1,"[2, 5, 18, 16]",1,/content/drive/MyDrive/landfill_research/datasets/AerialWaste/Extracted/7753.png
10644,10644.png,n/a,n/a,0,1046,1056,n/a,0,[],0,/content/drive/MyDrive/landfill_research/datasets/AerialWaste/Extracted/10644.png
10088,10088.png,n/a,n/a,0,1052,1050,n/a,0,[],0,/content/drive/MyDrive/landfill_research/datasets/AerialWaste/Extracted/10088.png
102,102.png,1,Production site,0,1000,1000,1,1,[],1,/content/drive/MyDrive/landfill_research/datasets/AerialWaste/Extracted/102.png
3880,3880.png,n/a,n/a,0,1000,1000,n/a,0,[],0,/content/drive/MyDrive/landfill_research/datasets/AerialWaste/Extracted/3880.png
9498,9498.png,n/a,n/a,0,1000,1000,n/a,0,[],0,/content/drive/MyDrive/landfill_research/datasets/AerialWaste/Extracted/9498.png
5831,5831.png,n/a,n/a,0,1000,1000,n/a,0,[],0,/content/drive/MyDrive/landfill_research/datasets/AerialWaste/Extracted/5831.png
3798,3798.png,n/a,n/a,0,1000,1000,n/a,0,[],0,/content/drive/MyDrive/landfill_research/datasets/AerialWaste/Extracted/3798.png
11470,11470.png,n/a,n/a,0,1000,1000,n/a,0,[],0,/content/drive/MyDrive/landfill_research/datasets/AerialWaste/Extracted/11470.png
1936,1936.png,1,Other,1,1000,1000,2,1,"[1, 3, 16]",1,/content/drive/MyDrive/landfill_research/datasets/AerialWaste/Extracted/1936.png
3552,3552.png,n/a,n/a,0,1000,1000,n/a,0,[],0,/content/drive/MyDrive/landfill_research/datasets/AerialWaste/Extracted/3552.png
4579,4579.png,n/a,n/a,0,1000,1000,n/a,0,[],0,/content/drive/MyDrive/landfill_research/datasets/AerialWaste/Extracted/4579.png
4456,4456.png,n/a,n/a,0,1000,1000,n/a,0,[],0,/content/drive/MyDrive/landfill_research/datasets/AerialWaste/Extracted/4456.png
3451,3451.png,n/s,n/s,1,1055,1046,n/s,1,"[16, 17]",1,/content/drive/MyDrive/landfill_research/datasets/AerialWaste/Extracted/3451.png
11416,11416.png,n/a,n/a,0,1000,1000,n/a,0,[],0,/content/drive/MyDrive/landfill_research/datasets/AerialWaste/Extracted/11416.png
9113,9113.png,n/a,n/a,0,1000,1000,n/a,0,[],0,/content/drive/MyDrive/landfill_research/datasets/AerialWaste/Extracted/9113.png
1762,1762.png,1,Production site,0,1000,1000,1,1,[],1,/content/drive/MyDrive/landfill_research/datasets/AerialWaste/Extracted/1762.png
10594,10594.png,n/a,n/a,0,1000,1000,n/a,0,[],0,/content/drive/MyDrive/landfill_research/datasets/AerialWaste/Extracted/10594.png
4619,4619.png,n/a,n/a,0,1000,1000,n/a,0,[],0,/content/drive/MyDrive/landfill_research/datasets/AerialWaste/Extracted/4619.png
2972,2972.png,n/s,n/s,0,1046,1056,3,1,[],1,/content/drive/MyDrive/landfill_research/datasets/AerialWaste/Extracted/2972.png
7873,7873.png,n/a,n/a,0,1053,1049,n/a,0,[],0,/content/drive/MyDrive/landfill_research/datasets/AerialWaste/Extracted/7873.png
11231,11231.png,n/a,n/a,0,1000,1000,n/a,0,[],0,/content/drive/MyDrive/landfill_research/datasets/AerialWaste/Extracted/11231.png
6927,6927.png,n/a,n/a,0,1056,1046,n/a,1,[],1,/content/drive/MyDrive/landfill_research/datasets/AerialWaste/Extracted/6927.png
1341,1341.png,1,Agricultural area/farm area,0,1000,1000,1,1,[],1,/content/drive/MyDrive/landfill_research/datasets/AerialWaste/Extracted/1341.png
1931,1931.png,2,Degraded area,1,1000,1000,3,1,"[1, 2, 4, 5, 16]",1,/content/drive/MyDrive/landfill_research/datasets/AerialWaste/Extracted/1931.png
7887,7887.png,n/a,n/a,0,1052,1050,n/a,0,[],0,/content/drive/MyDrive/landfill_research/datasets/AerialWaste/Extracted/7887.png
4899,4899.png,n/a,n/a,0,1000,1000,n/a,0,[],0,/content/drive/MyDrive/landfill_research/datasets/AerialWaste/Extracted/4899.png
8752,8752.png,1,Non production building,1,1000,1000,1,1,[16],1,/content/drive/MyDrive/landfill_research/datasets/AerialWaste/Extracted/8752.png
10096,10096.png,n/a,n/a,0,1055,1047,n/a,0,[],0,/content/drive/MyDrive/landfill_research/datasets/AerialWaste/Extracted/10096.png
8219,8219.png,n/a,n/a,0,1058,1044,n/a,0,[],0,/content/drive/MyDrive/landfill_research/datasets/AerialWaste/Extracted/8219.png
11000,11000.png,1,Degraded area,1,1053,1049,2,1,"[2, 1, 4, 6]",1,/content/drive/MyDrive/landfill_research/datasets/AerialWaste/Extracted/11000.png
446,446.png,1,Production site,0,1000,1000,1,1,[],1,/content/drive/MyDrive/landfill_research/datasets/AerialWaste/Extracted/446.png
3788,3788.png,n/a,n/a,0,1000,1000,n/a,0,[],0,/content/drive/MyDrive/landfill_research/datasets/AerialWaste/Extracted/3788.png
8354,8354.png,1,Other,1,1000,1000,1,1,[16],1,/content/drive/MyDrive/landfill_research/datasets/AerialWaste/Extracted/8354.png
1759,1759.png,1,Other,0,1000,1000,2,0,[],0,/content/drive/MyDrive/landfill_research/datasets/AerialWaste/Extracted/1759.png
9186,9186.png,n/a,n/a,0,1000,1000,n/a,0,[],0,/content/drive/MyDrive/landfill_research/datasets/AerialWaste/Extracted/9186.png
209,209.png,2,Other,0,1000,1000,2,1,[],1,/content/drive/MyDrive/landfill_research/datasets/AerialWaste/Extracted/209.png
3536,3536.png,n/a,n/a,0,1000,1000,n/a,0,[],0,/content/drive/MyDrive/landfill_research/datasets/AerialWaste/Extracted/3536.png
9814,9814.png,n/a,n/a,0,1000,1000,n/a,0,[],0,/content/drive/MyDrive/landfill_research/datasets/AerialWaste/Extracted/9814.png
6412,6412.png,n/a,n/a,0,1000,1000,n/a,0,[],0,/content/drive/MyDrive/landfill_research/datasets/AerialWaste/Extracted/6412.png
1223,1223.png,1,Agricultural area/farm area,0,1000,1000,2,1,[],1,/content/drive/MyDrive/landfill_research/datasets/AerialWaste/Extracted/1223.png
9660,9660.png,n/a,n/a,0,1000,1000,n/a,0,[],0,/content/drive/MyDrive/landfill_research/datasets/AerialWaste/Extracted/9660.png
3150,3150.png,n/s,n/s,1,1058,1044,1,1,[3],1,/content/drive/MyDrive/landfill_research/datasets/AerialWaste/Extracted/3150.png
9913,9913.png,n/a,n/a,0,1000,1000,n/a,1,[],1,/content/drive/MyDrive/landfill_research/datasets/AerialWaste/Extracted/9913.png
1351,1351.png,2,Other,0,1000,1000,1,1,[],1,/content/drive/MyDrive/landfill_research/datasets/AerialWaste/Extracted/1351.png
3923,3923.png,n/a,n/a,0,1000,1000,n/a,0,[],0,/content/drive/MyDrive/landfill_research/datasets/AerialWaste/Extracted/3923.png
3285,3285.png,n/s,n/s,0,1037,1064,1,1,[],1,/content/drive/MyDrive/landfill_research/datasets/AerialWaste/Extracted/3285.png
9437,9437.png,n/a,n/a,0,1000,1000,n/a,0,[],0,/content/drive/MyDrive/landfill_research/datasets/AerialWaste/Extracted/9437.png
5065,5065.png,n/a,n/a,0,1000,1000,n/a,0,[],0,/content/drive/MyDrive/landfill_research/datasets/AerialWaste/Extracted/5065.png
1455,1455.png,1,Production site,0,1000,1000,3,1,[],1,/content/drive/MyDrive/landfill_research/datasets/AerialWaste/Extracted/1455.png
6552,6552.png,n/a,n/a,0,1000,1000,n/a,0,[],0,/content/drive/MyDrive/landfill_research/datasets/AerialWaste/Extracted/6552.png
11024,11024.png,2,Degraded area,1,1043,1059,3,1,"[1, 16]",1,/content/drive/MyDrive/landfill_research/datasets/AerialWaste/Extracted/11024.png
10,10.png,1,Production site,0,1000,1000,1,1,[],1,/content/drive/MyDrive/landfill_research/datasets/AerialWaste/Extracted/10.png
2033,2033.png,1,Production site,1,1000,1000,1,1,"[3, 5, 9, 11, 16, 20]",1,/content/drive/MyDrive/landfill_research/datasets/AerialWaste/Extracted/2033.png
6168,6168.png,n/a,n/a,0,1000,1000,n/a,0,[],0,/content/drive/MyDrive/landfill_research/datasets/AerialWaste/Extracted/6168.png
5901,5901.png,n/a,n/a,0,1000,1000,n/a,0,[],0,/content/drive/MyDrive/landfill_research/datasets/AerialWaste/Extracted/5901.png
5816,5816.png,n/a,n/a,0,1000,1000,n/a,0,[],0,/content/drive/MyDrive/landfill_research/datasets/AerialWaste/Extracted/5816.png
10643,10643.png,n/a,n/a,0,1000,1000,n/a,0,[],0,/content/drive/MyDrive/landfill_research/datasets/AerialWaste/Extracted/10643.png
354,354.png,2,Production site,0,1000,1000,2,1,[],1,/content/drive/MyDrive/landfill_research/datasets/AerialWaste/Extracted/354.png
5137,5137.png,n/a,n/a,0,1000,1000,n/a,0,[],0,/content/drive/MyDrive/landfill_research/datasets/AerialWaste/Extracted/5137.png
9761,9761.png,n/a,n/a,0,1000,1000,n/a,0,[],0,/content/drive/MyDrive/landfill_research/datasets/AerialWaste/Extracted/9761.png
8155,8155.png,n/a,n/a,0,1046,1055,n/a,0,[],0,/content/drive/MyDrive/landfill_research/datasets/AerialWaste/Extracted/8155.png
1124,1124.png,3,Degraded area,0,1000,1000,2,1,[],1,/content/drive/MyDrive/landfill_research/datasets/AerialWaste/Extracted/1124.png
9164,9164.png,n/a,n/a,0,1000,1000,n/a,0,[],0,/content/drive/MyDrive/landfill_research/datasets/AerialWaste/Extracted/9164.png
3636,3636.png,n/a,n/a,0,1000,1000,n/a,0,[],0,/content/drive/MyDrive/landfill_research/datasets/AerialWaste/Extracted/3636.png
7893,7893.png,n/a,n/a,0,1052,1049,n/a,0,[],0,/content/drive/MyDrive/landfill_research/datasets/AerialWaste/Extracted/7893.png
10379,10379.png,n/a,n/a,0,1045,1056,n/a,0,[],0,/content/drive/MyDrive/landfill_research/datasets/AerialWaste/Extracted/10379.png
9328,9328.png,n/a,n/a,0,1000,1000,n/a,0,[],0,/content/drive/MyDrive/landfill_research/datasets/AerialWaste/Extracted/9328.png
6971,6971.png,1,Non production building,1,1000,1000,2,1,"[2, 1, 4, 16]",1,/content/drive/MyDrive/landfill_research/datasets/AerialWaste/Extracted/6971.png
9317,9317.png,n/a,n/a,0,1000,1000,n/a,0,[],0,/content/drive/MyDrive/landfill_research/datasets/AerialWaste/Extracted/9317.png
5218,5218.png,n/a,n/a,0,1000,1000,n/a,0,[],0,/content/drive/MyDrive/landfill_research/datasets/AerialWaste/Extracted/5218.png
1742,1742.png,1,Agricultural area/farm area,0,1000,1000,3,1,[],1,/content/drive/MyDrive/landfill_research/datasets/AerialWaste/Extracted/1742.png
5811,5811.png,n/a,n/a,0,1000,1000,n/a,0,[],0,/content/drive/MyDrive/landfill_research/datasets/AerialWaste/Extracted/5811.png
6802,6802.png,n/a,n/a,0,1000,1000,n/a,0,[],0,/content/drive/MyDrive/landfill_research/datasets/AerialWaste/Extracted/6802.png
3309,3309.png,n/a,n/a,0,1000,1000,n/a,0,[],0,/content/drive/MyDrive/landfill_research/datasets/AerialWaste/Extracted/3309.png
5992,5992.png,n/a,n/a,0,1000,1000,n/a,0,[],0,/content/drive/MyDrive/landfill_research/datasets/AerialWaste/Extracted/5992.png
5751,5751.png,n/a,n/a,0,1000,1000,n/a,0,[],0,/content/drive/MyDrive/landfill_research/datasets/AerialWaste/Extracted/5751.png
1857,1857.png,2,Agricultural area/farm area,0,1000,1000,2,1,[],1,/content/drive/MyDrive/landfill_research/datasets/AerialWaste/Extracted/1857.png
2802,2802.png,n/s,n/s,0,1054,1048,1,1,[],1,/content/drive/MyDrive/landfill_research/datasets/AerialWaste/Extracted/2802.png
4749,4749.png,n/a,n/a,0,1000,1000,n/a,0,[],0,/content/drive/MyDrive/landfill_research/datasets/AerialWaste/Extracted/4749.png
4599,4599.png,n/a,n/a,0,1000,1000,n/a,0,[],0,/content/drive/MyDrive/landfill_research/datasets/AerialWaste/Extracted/4599.png
8485,8485.png,n/a,n/a,0,1035,1066,n/a,0,[],0,/content/drive/MyDrive/landfill_research/datasets/AerialWaste/Extracted/8485.png
7966,7966.png,n/a,n/a,0,1047,1055,n/a,0,[],0,/content/drive/MyDrive/landfill_research/datasets/AerialWaste/Extracted/7966.png
210,210.png,1,Production site,0,1000,1000,1,1,[],1,/content/drive/MyDrive/landfill_research/datasets/AerialWaste/Extracted/210.png
5021,5021.png,n/a,n/a,0,1000,1000,n/a,0,[],0,/content/drive/MyDrive/landfill_research/datasets/AerialWaste/Extracted/5021.png
10339,10339.png,n/a,n/a,0,1037,1066,n/a,0,[],0,/content/drive/MyDrive/landfill_research/datasets/AerialWaste/Extracted/10339.png
406,406.png,1,Agricultural area/farm area,0,1000,1000,1,1,[],1,/content/drive/MyDrive/landfill_research/datasets/AerialWaste/Extracted/406.png
1339,1339.png,1,Production site,0,1000,1000,1,1,[],1,/content/drive/MyDrive/landfill_research/datasets/AerialWaste/Extracted/1339.png
1643,1643.png,1,Agricultural area/farm area,0,1000,1000,1,1,[],1,/content/drive/MyDrive/landfill_research/datasets/AerialWaste/Extracted/1643.png
7386,7386.png,n/a,n/a,0,1055,1046,n/a,0,[],0,/content/drive/MyDrive/landfill_research/datasets/AerialWaste/Extracted/7386.png
6004,6004.png,n/a,n/a,0,1000,1000,n/a,0,[],0,/content/drive/MyDrive/landfill_research/datasets/AerialWaste/Extracted/6004.png
11534,11534.png,n/a,n/a,0,1036,1065,n/a,0,[],0,/content/drive/MyDrive/landfill_research/datasets/AerialWaste/Extracted/11534.png
10868,10868.png,2,Production site,1,1043,1059,2,1,"[3, 16]",1,/content/drive/MyDrive/landfill_research/datasets/AerialWaste/Extracted/10868.png
7601,7601.png,n/a,n/a,0,1053,1048,n/a,0,[],0,/content/drive/MyDrive/landfill_research/datasets/AerialWaste/Extracted/7601.png
1412,1412.png,2,Non production building,0,1000,1000,1,1,[],1,/content/drive/MyDrive/landfill_research/datasets/AerialWaste/Extracted/1412.png
10532,10532.png,n/a,n/a,0,1047,1054,n/a,0,[],0,/content/drive/MyDrive/landfill_research/datasets/AerialWaste/Extracted/10532.png
3065,3065.png,n/s,n/s,0,1055,1047,2,1,[],1,/content/drive/MyDrive/landfill_research/datasets/AerialWaste/Extracted/3065.png
6206,6206.png,n/a,n/a,0,1000,1000,n/a,0,[],0,/content/drive/MyDrive/landfill_research/datasets/AerialWaste/Extracted/6206.png
8847,8847.png,n/a,n/a,0,1055,1047,n/a,0,[],0,/content/drive/MyDrive/landfill_research/datasets/AerialWaste/Extracted/8847.png
6716,6716.png,n/a,n/a,0,1000,1000,n/a,0,[],0,/content/drive/MyDrive/landfill_research/datasets/AerialWaste/Extracted/6716.png
9469,9469.png,n/a,n/a,0,1000,1000,n/a,0,[],0,/content/drive/MyDrive/landfill_research/datasets/AerialWaste/Extracted/9469.png
2426,2426.png,1,Abandoned area,0,1051,1050,1,1,[],1,/content/drive/MyDrive/landfill_research/datasets/AerialWaste/Extracted/2426.png
8839,8839.png,n/a,n/a,0,1000,1000,n/a,0,[],0,/content/drive/MyDrive/landfill_research/datasets/AerialWaste/Extracted/8839.png
6318,6318.png,n/a,n/a,0,1000,1000,n/a,0,[],0,/content/drive/MyDrive/landfill_research/datasets/AerialWaste/Extracted/6318.png
2529,2529.png,n/s,n/s,0,1051,1051,3,1,[],1,/content/drive/MyDrive/landfill_research/datasets/AerialWaste/Extracted/2529.png
10727,10727.png,n/a,n/a,0,1000,1000,n/a,0,[],0,/content/drive/MyDrive/landfill_research/datasets/AerialWaste/Extracted/10727.png
8056,8056.png,n/a,n/a,0,1049,1053,n/a,0,[],0,/content/drive/MyDrive/landfill_research/datasets/AerialWaste/Extracted/8056.png
10952,10952.png,2,Production site,1,1048,1054,1,1,"[2, 19, 18]",1,/content/drive/MyDrive/landfill_research/datasets/AerialWaste/Extracted/10952.png
8287,8287.png,n/a,n/a,0,1050,1052,n/a,0,[],0,/content/drive/MyDrive/landfill_research/datasets/AerialWaste/Extracted/8287.png
3465,3465.png,n/s,n/s,1,1056,1046,n/s,1,"[1, 2, 16, 17, 19]",1,/content/drive/MyDrive/landfill_research/datasets/AerialWaste/Extracted/3465.png
652,652.png,2,Degraded area,0,1000,1000,3,1,[],1,/content/drive/MyDrive/landfill_research/datasets/AerialWaste/Extracted/652.png
7056,7056.png,n/a,n/a,0,1000,1000,n/a,0,[],0,/content/drive/MyDrive/landfill_research/datasets/AerialWaste/Extracted/7056.png
7253,7253.png,n/a,n/a,0,1053,1048,n/a,0,[],0,/content/drive/MyDrive/landfill_research/datasets/AerialWaste/Extracted/7253.png
3102,3102.png,n/s,n/s,0,1046,1056,3,1,[],1,/content/drive/MyDrive/landfill_research/datasets/AerialWaste/Extracted/3102.png
6459,6459.png,n/a,n/a,0,1000,1000,n/a,0,[],0,/content/drive/MyDrive/landfill_research/datasets/AerialWaste/Extracted/6459.png
11017,11017.png,2,Abandoned area,1,1000,1000,1,1,"[1, 16]",1,/content/drive/MyDrive/landfill_research/datasets/AerialWaste/Extracted/11017.png
2747,2747.png,n/s,n/s,0,1054,1048,1,1,[],1,/content/drive/MyDrive/landfill_research/datasets/AerialWaste/Extracted/2747.png
6741,6741.png,n/a,n/a,0,1000,1000,n/a,0,[],0,/content/drive/MyDrive/landfill_research/datasets/AerialWaste/Extracted/6741.png
1633,1633.png,1,Agricultural area/farm area,0,1000,1000,3,1,[],1,/content/drive/MyDrive/landfill_research/datasets/AerialWaste/Extracted/1633.png
6313,6313.png,n/a,n/a,0,1000,1000,n/a,0,[],0,/content/drive/MyDrive/landfill_research/datasets/AerialWaste/Extracted/6313.png
1321,1321.png,2,Agricultural area/farm area,0,1037,1064,1,1,[],1,/content/drive/MyDrive/landfill_research/datasets/AerialWaste/Extracted/1321.png
5114,5114.png,n/a,n/a,0,1000,1000,n/a,0,[],0,/content/drive/MyDrive/landfill_research/datasets/AerialWaste/Extracted/5114.png
5937,5937.png,n/a,n/a,0,1000,1000,n/a,0,[],0,/content/drive/MyDrive/landfill_research/datasets/AerialWaste/Extracted/5937.png
5175,5175.png,n/a,n/a,0,1000,1000,n/a,0,[],0,/content/drive/MyDrive/landfill_research/datasets/AerialWaste/Extracted/5175.png
1905,1905.png,1,Production site,1,1000,1000,1,1,"[2, 3, 19, 21]",1,/content/drive/MyDrive/landfill_research/datasets/AerialWaste/Extracted/1905.png
4781,4781.png,n/a,n/a,0,1000,1000,n/a,0,[],0,/content/drive/MyDrive/landfill_research/datasets/AerialWaste/Extracted/4781.png
5204,5204.png,n/a,n/a,0,1000,1000,n/a,0,[],0,/content/drive/MyDrive/landfill_research/datasets/AerialWaste/Extracted/5204.png
10329,10329.png,n/a,n/a,0,1036,1065,n/a,0,[],0,/content/drive/MyDrive/landfill_research/datasets/AerialWaste/Extracted/10329.png
11476,11476.png,n/a,n/a,0,1056,1045,n/a,0,[],0,/content/drive/MyDrive/landfill_research/datasets/AerialWaste/Extracted/11476.png
10653,10653.png,n/a,n/a,0,1045,1057,n/a,0,[],0,/content/drive/MyDrive/landfill_research/datasets/AerialWaste/Extracted/10653.png
8089,8089.png,n/a,n/a,0,1056,1046,n/a,0,[],0,/content/drive/MyDrive/landfill_research/datasets/AerialWaste/Extracted/8089.png
1101,1101.png,2,Production site,0,1000,1000,2,1,[],1,/content/drive/MyDrive/landfill_research/datasets/AerialWaste/Extracted/1101.png
8463,8463.png,n/a,n/a,0,1037,1064,n/a,0,[],0,/content/drive/MyDrive/landfill_research/datasets/AerialWaste/Extracted/8463.png
2790,2790.png,n/s,n/s,0,1050,1052,2,1,[],1,/content/drive/MyDrive/landfill_research/datasets/AerialWaste/Extracted/2790.png
1814,1814.png,2,Agricultural area/farm area,0,1000,1000,2,1,[],1,/content/drive/MyDrive/landfill_research/datasets/AerialWaste/Extracted/1814.png
8226,8226.png,n/a,n/a,0,1058,1044,n/a,0,[],0,/content/drive/MyDrive/landfill_research/datasets/AerialWaste/Extracted/8226.png
7428,7428.png,n/a,n/a,0,1053,1048,n/a,0,[],0,/content/drive/MyDrive/landfill_research/datasets/AerialWaste/Extracted/7428.png
7758,7758.png,2,Production site,1,1000,1000,2,1,"[1, 16]",1,/content/drive/MyDrive/landfill_research/datasets/AerialWaste/Extracted/7758.png
10391,10391.png,n/a,n/a,0,1036,1065,n/a,1,[],1,/content/drive/MyDrive/landfill_research/datasets/AerialWaste/Extracted/10391.png
2938,2938.png,n/s,n/s,0,1041,1060,3,1,[],1,/content/drive/MyDrive/landfill_research/datasets/AerialWaste/Extracted/2938.png
641,641.png,n/a,n/a,0,1000,1000,n/a,0,[],0,/content/drive/MyDrive/landfill_research/datasets/AerialWaste/Extracted/641.png
7786,7786.png,n/a,n/a,0,1054,1048,n/a,0,[],0,/content/drive/MyDrive/landfill_research/datasets/AerialWaste/Extracted/7786.png
1416,1416.png,1,Agricultural area/farm area,0,1000,1000,1,1,[],1,/content/drive/MyDrive/landfill_research/datasets/AerialWaste/Extracted/1416.png
6974,6974.png,n/a,n/a,0,696,698,n/a,1,[],1,/content/drive/MyDrive/landfill_research/datasets/AerialWaste/Extracted/6974.png
3953,3953.png,n/a,n/a,0,1000,1000,n/a,0,[],0,/content/drive/MyDrive/landfill_research/datasets/AerialWaste/Extracted/3953.png
5025,5025.png,n/a,n/a,0,1000,1000,n/a,1,[],1,/content/drive/MyDrive/landfill_research/datasets/AerialWaste/Extracted/5025.png
4391,4391.png,n/a,n/a,0,1000,1000,n/a,0,[],0,/content/drive/MyDrive/landfill_research/datasets/AerialWaste/Extracted/4391.png
9180,9180.png,n/a,n/a,0,1000,1000,n/a,0,[],0,/content/drive/MyDrive/landfill_research/datasets/AerialWaste/Extracted/9180.png
4176,4176.png,n/a,n/a,0,1000,1000,n/a,0,[],0,/content/drive/MyDrive/landfill_research/datasets/AerialWaste/Extracted/4176.png
1733,1733.png,n/a,n/a,0,1048,1053,n/a,0,[],0,/content/drive/MyDrive/landfill_research/datasets/AerialWaste/Extracted/1733.png
173,173.png,n/a,n/a,0,1000,1000,n/a,0,[],0,/content/drive/MyDrive/landfill_research/datasets/AerialWaste/Extracted/173.png
1831,1831.png,2,Agricultural area/farm area,0,1000,1000,2,1,[],1,/content/drive/MyDrive/landfill_research/datasets/AerialWaste/Extracted/1831.png
5647,5647.png,n/a,n/a,0,1000,1000,n/a,0,[],0,/content/drive/MyDrive/landfill_research/datasets/AerialWaste/Extracted/5647.png
225,225.png,1,Agricultural area/farm area,0,1000,1000,2,1,[],1,/content/drive/MyDrive/landfill_research/datasets/AerialWaste/Extracted/225.png
3172,3172.png,n/s,n/s,0,1052,1049,1,1,[],1,/content/drive/MyDrive/landfill_research/datasets/AerialWaste/Extracted/3172.png
4604,4604.png,n/a,n/a,0,1000,1000,n/a,0,[],0,/content/drive/MyDrive/landfill_research/datasets/AerialWaste/Extracted/4604.png
4882,4882.png,n/a,n/a,0,1000,1000,n/a,0,[],0,/content/drive/MyDrive/landfill_research/datasets/AerialWaste/Extracted/4882.png
2772,2772.png,n/s,n/s,0,1054,1048,2,1,[],1,/content/drive/MyDrive/landfill_research/datasets/AerialWaste/Extracted/2772.png
1658,1658.png,2,Production site,0,1000,1000,2,1,[],1,/content/drive/MyDrive/landfill_research/datasets/AerialWaste/Extracted/1658.png
2395,2395.png,1,Degraded area,0,1051,1050,1,1,[],1,/content/drive/MyDrive/landfill_research/datasets/AerialWaste/Extracted/2395.png
1040,1040.png,1,Production site,0,1000,1000,1,1,[],1,/content/drive/MyDrive/landfill_research/datasets/AerialWaste/Extracted/1040.png
8861,8861.png,n/a,n/a,0,1055,1047,n/a,0,[],0,/content/drive/MyDrive/landfill_research/datasets/AerialWaste/Extracted/8861.png
3357,3357.png,n/a,n/a,0,1000,1000,n/a,0,[],0,/content/drive/MyDrive/landfill_research/datasets/AerialWaste/Extracted/3357.png
2742,2742.png,n/s,n/s,0,1054,1048,1,1,[],1,/content/drive/MyDrive/landfill_research/datasets/AerialWaste/Extracted/2742.png
5239,5239.png,n/a,n/a,0,1000,1000,n/a,0,[],0,/content/drive/MyDrive/landfill_research/datasets/AerialWaste/Extracted/5239.png
9094,9094.png,n/a,n/a,0,1000,1000,n/a,0,[],0,/content/drive/MyDrive/landfill_research/datasets/AerialWaste/Extracted/9094.png
10037,10037.png,n/a,n/a,0,1053,1048,n/a,0,[],0,/content/drive/MyDrive/landfill_research/datasets/AerialWaste/Extracted/10037.png
9848,9848.png,n/a,n/a,0,1000,1000,n/a,0,[],0,/content/drive/MyDrive/landfill_research/datasets/AerialWaste/Extracted/9848.png
8227,8227.png,n/a,n/a,0,1059,1044,n/a,0,[],0,/content/drive/MyDrive/landfill_research/datasets/AerialWaste/Extracted/8227.png
10354,10354.png,n/a,n/a,0,1045,1057,n/a,0,[],0,/content/drive/MyDrive/landfill_research/datasets/AerialWaste/Extracted/10354.png
9451,9451.png,n/a,n/a,0,1000,1000,n/a,0,[],0,/content/drive/MyDrive/landfill_research/datasets/AerialWaste/Extracted/9451.png
764,764.png,2,Degraded area,0,1000,1000,2,1,[],1,/content/drive/MyDrive/landfill_research/datasets/AerialWaste/Extracted/764.png
10657,10657.png,n/a,n/a,0,1000,1000,n/a,0,[],0,/content/drive/MyDrive/landfill_research/datasets/AerialWaste/Extracted/10657.png
11703,11703.png,n/a,n/a,0,1054,1047,n/a,0,[],0,/content/drive/MyDrive/landfill_research/datasets/AerialWaste/Extracted/11703.png
853,853.png,2,Agricultural area/farm area,0,1000,1000,2,0,[],0,/content/drive/MyDrive/landfill_research/datasets/AerialWaste/Extracted/853.png
8780,8780.png,n/a,n/a,0,1000,1000,n/a,0,[],0,/content/drive/MyDrive/landfill_research/datasets/AerialWaste/Extracted/8780.png
7415,7415.png,n/a,n/a,0,1053,1048,n/a,0,[],0,/content/drive/MyDrive/landfill_research/datasets/AerialWaste/Extracted/7415.png
5756,5756.png,n/a,n/a,0,1000,1000,n/a,0,[],0,/content/drive/MyDrive/landfill_research/datasets/AerialWaste/Extracted/5756.png
5396,5396.png,n/a,n/a,0,1000,1000,n/a,0,[],0,/content/drive/MyDrive/landfill_research/datasets/AerialWaste/Extracted/5396.png
3847,3847.png,n/a,n/a,0,1000,1000,n/a,0,[],0,/content/drive/MyDrive/landfill_research/datasets/AerialWaste/Extracted/3847.png
7841,7841.png,n/a,n/a,0,1055,1046,n/a,0,[],0,/content/drive/MyDrive/landfill_research/datasets/AerialWaste/Extracted/7841.png
10029,10029.png,n/a,n/a,0,1059,1043,n/a,0,[],0,/content/drive/MyDrive/landfill_research/datasets/AerialWaste/Extracted/10029.png
5245,5245.png,n/a,n/a,0,1000,1000,n/a,0,[],0,/content/drive/MyDrive/landfill_research/datasets/AerialWaste/Extracted/5245.png
53,53.png,1,Production site,0,1000,1000,1,1,[],1,/content/drive/MyDrive/landfill_research/datasets/AerialWaste/Extracted/53.png
408,408.png,1,Production site,0,1000,1000,1,1,[],1,/content/drive/MyDrive/landfill_research/datasets/AerialWaste/Extracted/408.png
1350,1350.png,2,Production site,0,1000,1000,1,1,[],1,/content/drive/MyDrive/landfill_research/datasets/AerialWaste/Extracted/1350.png
9902,9902.png,n/a,n/a,0,1000,1000,n/a,0,[],0,/content/drive/MyDrive/landfill_research/datasets/AerialWaste/Extracted/9902.png
1586,1586.png,1,Degraded area,0,1000,1000,2,0,[],0,/content/drive/MyDrive/landfill_research/datasets/AerialWaste/Extracted/1586.png
9307,9307.png,n/a,n/a,0,1000,1000,n/a,1,[],1,/content/drive/MyDrive/landfill_research/datasets/AerialWaste/Extracted/9307.png
8432,8432.png,n/a,n/a,0,1038,1064,n/a,1,[],1,/content/drive/MyDrive/landfill_research/datasets/AerialWaste/Extracted/8432.png
6808,6808.png,n/a,n/a,0,1000,1000,n/a,0,[],0,/content/drive/MyDrive/landfill_research/datasets/AerialWaste/Extracted/6808.png
4042,4042.png,n/a,n/a,0,1000,1000,n/a,0,[],0,/content/drive/MyDrive/landfill_research/datasets/AerialWaste/Extracted/4042.png
11402,11402.png,n/a,n/a,0,1000,1000,n/a,0,[],0,/content/drive/MyDrive/landfill_research/datasets/AerialWaste/Extracted/11402.png
7433,7433.png,n/a,n/a,0,1053,1049,n/a,1,[],1,/content/drive/MyDrive/landfill_research/datasets/AerialWaste/Extracted/7433.png
6660,6660.png,n/a,n/a,0,1000,1000,n/a,0,[],0,/content/drive/MyDrive/landfill_research/datasets/AerialWaste/Extracted/6660.png
7478,7478.png,n/a,n/a,0,1055,1047,n/a,0,[],0,/content/drive/MyDrive/landfill_research/datasets/AerialWaste/Extracted/7478.png
5593,5593.png,n/a,n/a,0,1000,1000,n/a,0,[],0,/content/drive/MyDrive/landfill_research/datasets/AerialWaste/Extracted/5593.png
8279,8279.png,n/a,n/a,0,1051,1050,n/a,0,[],0,/content/drive/MyDrive/landfill_research/datasets/AerialWaste/Extracted/8279.png
4309,4309.png,n/a,n/a,0,1000,1000,n/a,0,[],0,/content/drive/MyDrive/landfill_research/datasets/AerialWaste/Extracted/4309.png
3523,3523.png,n/a,n/a,0,1000,1000,n/a,0,[],0,/content/drive/MyDrive/landfill_research/datasets/AerialWaste/Extracted/3523.png
2347,2347.png,1,Agricultural area/farm area,1,696,698,2,1,"[1, 2, 3, 5, 16]",1,/content/drive/MyDrive/landfill_research/datasets/AerialWaste/Extracted/2347.png
3710,3710.png,n/a,n/a,0,1000,1000,n/a,1,[],1,/content/drive/MyDrive/landfill_research/datasets/AerialWaste/Extracted/3710.png
937,937.png,2,Production site,0,1000,1000,2,1,[],1,/content/drive/MyDrive/landfill_research/datasets/AerialWaste/Extracted/937.png
3417,3417.png,n/s,n/s,1,1057,1044,n/s,1,[18],1,/content/drive/MyDrive/landfill_research/datasets/AerialWaste/Extracted/3417.png
9781,9781.png,n/a,n/a,0,1000,1000,n/a,0,[],0,/content/drive/MyDrive/landfill_research/datasets/AerialWaste/Extracted/9781.png
4249,4249.png,n/a,n/a,0,1000,1000,n/a,0,[],0,/content/drive/MyDrive/landfill_research/datasets/AerialWaste/Extracted/4249.png
10648,10648.png,n/a,n/a,0,1044,1058,n/a,0,[],0,/content/drive/MyDrive/landfill_research/datasets/AerialWaste/Extracted/10648.png
2768,2768.png,n/s,n/s,0,1057,1045,1,1,[],1,/content/drive/MyDrive/landfill_research/datasets/AerialWaste/Extracted/2768.png
2143,2143.png,2,Other,0,1054,1049,2,1,[],1,/content/drive/MyDrive/landfill_research/datasets/AerialWaste/Extracted/2143.png
9382,9382.png,n/a,n/a,0,1000,1000,n/a,0,[],0,/content/drive/MyDrive/landfill_research/datasets/AerialWaste/Extracted/9382.png
3329,3329.png,n/s,n/s,0,1037,1065,1,1,[],1,/content/drive/MyDrive/landfill_research/datasets/AerialWaste/Extracted/3329.png
10989,10989.png,3,Production site,1,1000,1000,3,1,"[5, 4, 19, 18, 16]",1,/content/drive/MyDrive/landfill_research/datasets/AerialWaste/Extracted/10989.png
6824,6824.png,n/a,n/a,0,1054,1047,n/a,0,[],0,/content/drive/MyDrive/landfill_research/datasets/AerialWaste/Extracted/6824.png
9035,9035.png,n/a,n/a,0,1000,1000,n/a,0,[],0,/content/drive/MyDrive/landfill_research/datasets/AerialWaste/Extracted/9035.png
10212,10212.png,n/a,n/a,0,1044,1057,n/a,0,[],0,/content/drive/MyDrive/landfill_research/datasets/AerialWaste/Extracted/10212.png
7828,7828.png,n/a,n/a,0,1055,1047,n/a,0,[],0,/content/drive/MyDrive/landfill_research/datasets/AerialWaste/Extracted/7828.png
6274,6274.png,n/a,n/a,0,1000,1000,n/a,0,[],0,/content/drive/MyDrive/landfill_research/datasets/AerialWaste/Extracted/6274.png
5458,5458.png,n/a,n/a,0,1000,1000,n/a,0,[],0,/content/drive/MyDrive/landfill_research/datasets/AerialWaste/Extracted/5458.png
4320,4320.png,n/a,n/a,0,1000,1000,n/a,0,[],0,/content/drive/MyDrive/landfill_research/datasets/AerialWaste/Extracted/4320.png
258,258.png,n/a,n/a,0,1000,1000,n/a,0,[],0,/content/drive/MyDrive/landfill_research/datasets/AerialWaste/Extracted/258.png
4352,4352.png,n/a,n/a,0,1000,1000,n/a,0,[],0,/content/drive/MyDrive/landfill_research/datasets/AerialWaste/Extracted/4352.png
8930,8930.png,n/a,n/a,0,1056,1045,n/a,0,[],0,/content/drive/MyDrive/landfill_research/datasets/AerialWaste/Extracted/8930.png
1317,1317.png,1,Production site,0,1000,1000,1,1,[],1,/content/drive/MyDrive/landfill_research/datasets/AerialWaste/Extracted/1317.png
3601,3601.png,n/a,n/a,0,1000,1000,n/a,0,[],0,/content/drive/MyDrive/landfill_research/datasets/AerialWaste/Extracted/3601.png
8915,8915.png,n/a,n/a,0,1000,1000,n/a,0,[],0,/content/drive/MyDrive/landfill_research/datasets/AerialWaste/Extracted/8915.png
1589,1589.png,1,Agricultural area/farm area,0,1000,1000,1,1,[],1,/content/drive/MyDrive/landfill_research/datasets/AerialWaste/Extracted/1589.png
9887,9887.png,n/a,n/a,0,1000,1000,n/a,1,[],1,/content/drive/MyDrive/landfill_research/datasets/AerialWaste/Extracted/9887.png
10460,10460.png,n/a,n/a,0,1000,1000,n/a,0,[],0,/content/drive/MyDrive/landfill_research/datasets/AerialWaste/Extracted/10460.png
10715,10715.png,n/a,n/a,0,1000,1000,n/a,0,[],0,/content/drive/MyDrive/landfill_research/datasets/AerialWaste/Extracted/10715.png
8946,8946.png,n/a,n/a,0,1055,1046,n/a,0,[],0,/content/drive/MyDrive/landfill_research/datasets/AerialWaste/Extracted/8946.png
6199,6199.png,n/a,n/a,0,1000,1000,n/a,0,[],0,/content/drive/MyDrive/landfill_research/datasets/AerialWaste/Extracted/6199.png
2894,2894.png,n/s,n/s,0,1054,1047,2,1,[],1,/content/drive/MyDrive/landfill_research/datasets/AerialWaste/Extracted/2894.png
5899,5899.png,n/a,n/a,0,1000,1000,n/a,0,[],0,/content/drive/MyDrive/landfill_research/datasets/AerialWaste/Extracted/5899.png
1531,1531.png,1,Agricultural area/farm area,0,1000,1000,1,1,[],1,/content/drive/MyDrive/landfill_research/datasets/AerialWaste/Extracted/1531.png
8390,8390.png,n/a,n/a,0,1035,1066,n/a,0,[],0,/content/drive/MyDrive/landfill_research/datasets/AerialWaste/Extracted/8390.png
5670,5670.png,n/a,n/a,0,1000,1000,n/a,0,[],0,/content/drive/MyDrive/landfill_research/datasets/AerialWaste/Extracted/5670.png
59,59.png,2,Degraded area,0,1000,1000,2,1,[],1,/content/drive/MyDrive/landfill_research/datasets/AerialWaste/Extracted/59.png
9760,9760.png,n/a,n/a,0,1000,1000,n/a,0,[],0,/content/drive/MyDrive/landfill_research/datasets/AerialWaste/Extracted/9760.png
7030,7030.png,3,Production site,1,1000,1000,3,1,"[1, 18, 16]",1,/content/drive/MyDrive/landfill_research/datasets/AerialWaste/Extracted/7030.png
5345,5345.png,n/a,n/a,0,1000,1000,n/a,0,[],0,/content/drive/MyDrive/landfill_research/datasets/AerialWaste/Extracted/5345.png
9510,9510.png,n/a,n/a,0,1000,1000,n/a,0,[],0,/content/drive/MyDrive/landfill_research/datasets/AerialWaste/Extracted/9510.png
8878,8878.png,n/a,n/a,0,1000,1000,n/a,0,[],0,/content/drive/MyDrive/landfill_research/datasets/AerialWaste/Extracted/8878.png
3616,3616.png,n/a,n/a,0,1000,1000,n/a,0,[],0,/content/drive/MyDrive/landfill_research/datasets/AerialWaste/Extracted/3616.png
11029,11029.png,2,Abandoned area,1,1048,1054,1,1,"[1, 18, 16]",1,/content/drive/MyDrive/landfill_research/datasets/AerialWaste/Extracted/11029.png
10497,10497.png,n/a,n/a,0,1044,1058,n/a,0,[],0,/content/drive/MyDrive/landfill_research/datasets/AerialWaste/Extracted/10497.png
5205,5205.png,n/a,n/a,0,1000,1000,n/a,0,[],0,/content/drive/MyDrive/landfill_research/datasets/AerialWaste/Extracted/5205.png
3745,3745.png,n/a,n/a,0,1000,1000,n/a,0,[],0,/content/drive/MyDrive/landfill_research/datasets/AerialWaste/Extracted/3745.png
181,181.png,3,Production site,0,1000,1000,1,0,[],0,/content/drive/MyDrive/landfill_research/datasets/AerialWaste/Extracted/181.png
8578,8578.png,n/a,n/a,0,1038,1064,n/a,0,[],0,/content/drive/MyDrive/landfill_research/datasets/AerialWaste/Extracted/8578.png
5674,5674.png,n/a,n/a,0,1000,1000,n/a,0,[],0,/content/drive/MyDrive/landfill_research/datasets/AerialWaste/Extracted/5674.png
9153,9153.png,n/a,n/a,0,1000,1000,n/a,0,[],0,/content/drive/MyDrive/landfill_research/datasets/AerialWaste/Extracted/9153.png
4947,4947.png,n/a,n/a,0,1000,1000,n/a,0,[],0,/content/drive/MyDrive/landfill_research/datasets/AerialWaste/Extracted/4947.png
1456,1456.png,1,Agricultural area/farm area,0,1000,1000,2,1,[],1,/content/drive/MyDrive/landfill_research/datasets/AerialWaste/Extracted/1456.png
5545,5545.png,n/a,n/a,0,1000,1000,n/a,0,[],0,/content/drive/MyDrive/landfill_research/datasets/AerialWaste/Extracted/5545.png
9899,9899.png,n/a,n/a,0,1000,1000,n/a,0,[],0,/content/drive/MyDrive/landfill_research/datasets/AerialWaste/Extracted/9899.png
4744,4744.png,n/a,n/a,0,1000,1000,n/a,0,[],0,/content/drive/MyDrive/landfill_research/datasets/AerialWaste/Extracted/4744.png
8420,8420.png,n/a,n/a,0,1038,1064,n/a,0,[],0,/content/drive/MyDrive/landfill_research/datasets/AerialWaste/Extracted/8420.png
8235,8235.png,n/a,n/a,0,1058,1044,n/a,0,[],0,/content/drive/MyDrive/landfill_research/datasets/AerialWaste/Extracted/8235.png
7073,7073.png,n/a,n/a,0,1000,1000,n/a,0,[],0,/content/drive/MyDrive/landfill_research/datasets/AerialWaste/Extracted/7073.png
8648,8648.png,n/a,n/a,0,1044,1057,n/a,0,[],0,/content/drive/MyDrive/landfill_research/datasets/AerialWaste/Extracted/8648.png
9520,9520.png,n/a,n/a,0,1000,1000,n/a,0,[],0,/content/drive/MyDrive/landfill_research/datasets/AerialWaste/Extracted/9520.png
8929,8929.png,n/a,n/a,0,1056,1046,n/a,1,[],1,/content/drive/MyDrive/landfill_research/datasets/AerialWaste/Extracted/8929.png
9178,9178.png,1,Agricultural area/farm area,1,1000,1000,1,1,[16],1,/content/drive/MyDrive/landfill_research/datasets/AerialWaste/Extracted/9178.png
10666,10666.png,n/a,n/a,0,1000,1000,n/a,0,[],0,/content/drive/MyDrive/landfill_research/datasets/AerialWaste/Extracted/10666.png
11175,11175.png,n/a,n/a,0,1051,1051,n/a,0,[],0,/content/drive/MyDrive/landfill_research/datasets/AerialWaste/Extracted/11175.png
7665,7665.png,n/a,n/a,0,1051,1050,n/a,0,[],0,/content/drive/MyDrive/landfill_research/datasets/AerialWaste/Extracted/7665.png
1714,1714.png,1,Abandoned area,0,1000,1000,1,1,[],1,/content/drive/MyDrive/landfill_research/datasets/AerialWaste/Extracted/1714.png
7697,7697.png,n/a,n/a,0,1054,1048,n/a,0,[],0,/content/drive/MyDrive/landfill_research/datasets/AerialWaste/Extracted/7697.png
7778,7778.png,2,Other,1,1000,1000,2,1,"[1, 4, 6, 16]",1,/content/drive/MyDrive/landfill_research/datasets/AerialWaste/Extracted/7778.png
2351,2351.png,2,Degraded area,1,697,698,1,1,"[1, 2, 3, 4, 5, 8, 16]",1,/content/drive/MyDrive/landfill_research/datasets/AerialWaste/Extracted/2351.png
9020,9020.png,1,Agricultural area/farm area,1,1000,1000,1,1,"[3, 16]",1,/content/drive/MyDrive/landfill_research/datasets/AerialWaste/Extracted/9020.png
1978,1978.png,1,Non production building,1,1000,1000,1,1,"[1, 2, 3, 4, 5, 8, 16, 19, 22]",1,/content/drive/MyDrive/landfill_research/datasets/AerialWaste/Extracted/1978.png
1549,1549.png,1,Agricultural area/farm area,0,1000,1000,2,1,[],1,/content/drive/MyDrive/landfill_research/datasets/AerialWaste/Extracted/1549.png
2390,2390.png,3,Degraded area,1,1000,1000,3,1,"[1, 2, 3, 5, 8, 16, 17, 19]",1,/content/drive/MyDrive/landfill_research/datasets/AerialWaste/Extracted/2390.png
2982,2982.png,n/s,n/s,0,1049,1052,1,1,[],1,/content/drive/MyDrive/landfill_research/datasets/AerialWaste/Extracted/2982.png
3985,3985.png,n/a,n/a,0,1000,1000,n/a,0,[],0,/content/drive/MyDrive/landfill_research/datasets/AerialWaste/Extracted/3985.png
2326,2326.png,0,Abandoned area,1,1000,1000,0,1,[16],1,/content/drive/MyDrive/landfill_research/datasets/AerialWaste/Extracted/2326.png
2608,2608.png,n/s,n/s,0,1054,1049,2,1,[],1,/content/drive/MyDrive/landfill_research/datasets/AerialWaste/Extracted/2608.png
6733,6733.png,n/a,n/a,0,1000,1000,n/a,0,[],0,/content/drive/MyDrive/landfill_research/datasets/AerialWaste/Extracted/6733.png
3566,3566.png,n/a,n/a,0,1000,1000,n/a,0,[],0,/content/drive/MyDrive/landfill_research/datasets/AerialWaste/Extracted/3566.png
4871,4871.png,n/a,n/a,0,1000,1000,n/a,0,[],0,/content/drive/MyDrive/landfill_research/datasets/AerialWaste/Extracted/4871.png
6807,6807.png,n/a,n/a,0,1000,1000,n/a,1,[],1,/content/drive/MyDrive/landfill_research/datasets/AerialWaste/Extracted/6807.png
8,8.png,1,Production site,0,1000,1000,1,1,[],1,/content/drive/MyDrive/landfill_research/datasets/AerialWaste/Extracted/8.png
8625,8625.png,n/a,n/a,0,1045,1057,n/a,0,[],0,/content/drive/MyDrive/landfill_research/datasets/AerialWaste/Extracted/8625.png
3927,3927.png,n/a,n/a,0,1000,1000,n/a,0,[],0,/content/drive/MyDrive/landfill_research/datasets/AerialWaste/Extracted/3927.png
459,459.png,1,Agricultural area/farm area,0,1000,1000,1,1,[],1,/content/drive/MyDrive/landfill_research/datasets/AerialWaste/Extracted/459.png
3877,3877.png,n/a,n/a,0,1000,1000,n/a,0,[],0,/content/drive/MyDrive/landfill_research/datasets/AerialWaste/Extracted/3877.png
1462,1462.png,n/a,n/a,0,1000,1000,n/a,0,[],0,/content/drive/MyDrive/landfill_research/datasets/AerialWaste/Extracted/1462.png
10904,10904.png,2,Degraded area,1,1045,1057,2,1,"[1, 16]",1,/content/drive/MyDrive/landfill_research/datasets/AerialWaste/Extracted/10904.png
7671,7671.png,1,Agricultural area/farm area,1,1000,1000,1,1,[16],1,/content/drive/MyDrive/landfill_research/datasets/AerialWaste/Extracted/7671.png
598,598.png,1,Production site,0,1000,1000,2,1,[],1,/content/drive/MyDrive/landfill_research/datasets/AerialWaste/Extracted/598.png
10646,10646.png,n/a,n/a,0,1000,1000,n/a,0,[],0,/content/drive/MyDrive/landfill_research/datasets/AerialWaste/Extracted/10646.png
391,391.png,1,Non production building,0,1000,1000,2,1,[],1,/content/drive/MyDrive/landfill_research/datasets/AerialWaste/Extracted/391.png
824,824.png,1,Degraded area,0,1000,1000,2,1,[],1,/content/drive/MyDrive/landfill_research/datasets/AerialWaste/Extracted/824.png
9239,9239.png,n/a,n/a,0,1000,1000,n/a,0,[],0,/content/drive/MyDrive/landfill_research/datasets/AerialWaste/Extracted/9239.png
3390,3390.png,n/s,n/s,0,1038,1064,n/s,1,[],1,/content/drive/MyDrive/landfill_research/datasets/AerialWaste/Extracted/3390.png
404,404.png,2,Non production building,0,1000,1000,1,1,[],1,/content/drive/MyDrive/landfill_research/datasets/AerialWaste/Extracted/404.png
1415,1415.png,1,Production site,0,1000,1000,1,1,[],1,/content/drive/MyDrive/landfill_research/datasets/AerialWaste/Extracted/1415.png
6302,6302.png,n/a,n/a,0,1000,1000,n/a,0,[],0,/content/drive/MyDrive/landfill_research/datasets/AerialWaste/Extracted/6302.png
3306,3306.png,n/s,n/s,0,1037,1065,2,1,[],1,/content/drive/MyDrive/landfill_research/datasets/AerialWaste/Extracted/3306.png
1007,1007.png,2,Production site,0,1000,1000,1,1,[],1,/content/drive/MyDrive/landfill_research/datasets/AerialWaste/Extracted/1007.png
3378,3378.png,n/s,n/s,0,1037,1064,1,1,[],1,/content/drive/MyDrive/landfill_research/datasets/AerialWaste/Extracted/3378.png
4622,4622.png,n/a,n/a,0,1000,1000,n/a,0,[],0,/content/drive/MyDrive/landfill_research/datasets/AerialWaste/Extracted/4622.png
217,217.png,1,Degraded area,0,1000,1000,2,1,[],1,/content/drive/MyDrive/landfill_research/datasets/AerialWaste/Extracted/217.png
1254,1254.png,1,Non production building,0,1000,1000,1,1,[],1,/content/drive/MyDrive/landfill_research/datasets/AerialWaste/Extracted/1254.png
10000,10000.png,n/a,n/a,0,1050,1052,n/a,0,[],0,/content/drive/MyDrive/landfill_research/datasets/AerialWaste/Extracted/10000.png
2625,2625.png,n/s,n/s,0,1053,1048,2,1,[],1,/content/drive/MyDrive/landfill_research/datasets/AerialWaste/Extracted/2625.png
4576,4576.png,n/a,n/a,0,1000,1000,n/a,0,[],0,/content/drive/MyDrive/landfill_research/datasets/AerialWaste/Extracted/4576.png
5381,5381.png,n/a,n/a,0,1000,1000,n/a,0,[],0,/content/drive/MyDrive/landfill_research/datasets/AerialWaste/Extracted/5381.png
6372,6372.png,n/a,n/a,0,1000,1000,n/a,0,[],0,/content/drive/MyDrive/landfill_research/datasets/AerialWaste/Extracted/6372.png
8431,8431.png,n/a,n/a,0,1038,1064,n/a,0,[],0,/content/drive/MyDrive/landfill_research/datasets/AerialWaste/Extracted/8431.png
8103,8103.png,n/a,n/a,0,1056,1046,n/a,0,[],0,/content/drive/MyDrive/landfill_research/datasets/AerialWaste/Extracted/8103.png
9775,9775.png,n/a,n/a,0,1000,1000,n/a,0,[],0,/content/drive/MyDrive/landfill_research/datasets/AerialWaste/Extracted/9775.png
5860,5860.png,n/a,n/a,0,1000,1000,n/a,0,[],0,/content/drive/MyDrive/landfill_research/datasets/AerialWaste/Extracted/5860.png
2193,2193.png,2,Degraded area,1,1000,1000,3,1,"[1, 2, 3, 4, 16]",1,/content/drive/MyDrive/landfill_research/datasets/AerialWaste/Extracted/2193.png
10996,10996.png,n/a,n/a,0,1000,1000,n/a,0,[],0,/content/drive/MyDrive/landfill_research/datasets/AerialWaste/Extracted/10996.png
8646,8646.png,n/a,n/a,0,1046,1056,n/a,0,[],0,/content/drive/MyDrive/landfill_research/datasets/AerialWaste/Extracted/8646.png
2416,2416.png,1,Production site,1,697,697,1,1,"[2, 8, 16]",1,/content/drive/MyDrive/landfill_research/datasets/AerialWaste/Extracted/2416.png
825,825.png,1,Production site,0,1000,1000,1,1,[],1,/content/drive/MyDrive/landfill_research/datasets/AerialWaste/Extracted/825.png
5865,5865.png,n/a,n/a,0,1000,1000,n/a,0,[],0,/content/drive/MyDrive/landfill_research/datasets/AerialWaste/Extracted/5865.png
6196,6196.png,n/a,n/a,0,1000,1000,n/a,0,[],0,/content/drive/MyDrive/landfill_research/datasets/AerialWaste/Extracted/6196.png
1291,1291.png,1,Non production building,0,1000,1000,1,1,[],1,/content/drive/MyDrive/landfill_research/datasets/AerialWaste/Extracted/1291.png
4415,4415.png,n/a,n/a,0,1000,1000,n/a,0,[],0,/content/drive/MyDrive/landfill_research/datasets/AerialWaste/Extracted/4415.png
9272,9272.png,n/a,n/a,0,1000,1000,n/a,0,[],0,/content/drive/MyDrive/landfill_research/datasets/AerialWaste/Extracted/9272.png
7306,7306.png,n/a,n/a,0,1057,1045,n/a,0,[],0,/content/drive/MyDrive/landfill_research/datasets/AerialWaste/Extracted/7306.png
4376,4376.png,n/a,n/a,0,1000,1000,n/a,1,[],1,/content/drive/MyDrive/landfill_research/datasets/AerialWaste/Extracted/4376.png
11329,11329.png,n/a,n/a,0,1000,1000,n/a,0,[],0,/content/drive/MyDrive/landfill_research/datasets/AerialWaste/Extracted/11329.png
9715,9715.png,n/a,n/a,0,1000,1000,n/a,0,[],0,/content/drive/MyDrive/landfill_research/datasets/AerialWaste/Extracted/9715.png
2187,2187.png,2,Production site,1,1000,1000,2,1,"[2, 4, 16, 17]",1,/content/drive/MyDrive/landfill_research/datasets/AerialWaste/Extracted/2187.png
2422,2422.png,1,Production site,0,1051,1050,2,1,[],1,/content/drive/MyDrive/landfill_research/datasets/AerialWaste/Extracted/2422.png
10645,10645.png,n/a,n/a,0,1000,1000,n/a,0,[],0,/content/drive/MyDrive/landfill_research/datasets/AerialWaste/Extracted/10645.png
1103,1103.png,2,Degraded area,0,1000,1000,3,1,[],1,/content/drive/MyDrive/landfill_research/datasets/AerialWaste/Extracted/1103.png
10999,10999.png,1,Production site,1,1049,1053,1,1,"[3, 19]",1,/content/drive/MyDrive/landfill_research/datasets/AerialWaste/Extracted/10999.png
7323,7323.png,n/a,n/a,0,1052,1049,n/a,0,[],0,/content/drive/MyDrive/landfill_research/datasets/AerialWaste/Extracted/7323.png
10115,10115.png,n/a,n/a,0,1056,1045,n/a,0,[],0,/content/drive/MyDrive/landfill_research/datasets/AerialWaste/Extracted/10115.png
4158,4158.png,n/a,n/a,0,1000,1000,n/a,0,[],0,/content/drive/MyDrive/landfill_research/datasets/AerialWaste/Extracted/4158.png
3146,3146.png,n/s,n/s,1,1058,1043,1,1,[18],1,/content/drive/MyDrive/landfill_research/datasets/AerialWaste/Extracted/3146.png
4049,4049.png,n/a,n/a,0,1000,1000,n/a,0,[],0,/content/drive/MyDrive/landfill_research/datasets/AerialWaste/Extracted/4049.png
6063,6063.png,n/a,n/a,0,1000,1000,n/a,0,[],0,/content/drive/MyDrive/landfill_research/datasets/AerialWaste/Extracted/6063.png
2891,2891.png,n/s,n/s,0,1055,1047,2,1,[],1,/content/drive/MyDrive/landfill_research/datasets/AerialWaste/Extracted/2891.png
3804,3804.png,n/a,n/a,0,1000,1000,n/a,0,[],0,/content/drive/MyDrive/landfill_research/datasets/AerialWaste/Extracted/3804.png
1147,1147.png,2,Production site,0,1000,1000,2,1,[],1,/content/drive/MyDrive/landfill_research/datasets/AerialWaste/Extracted/1147.png
1886,1886.png,1,Non production building,1,1000,1000,2,1,"[1, 4, 16]",1,/content/drive/MyDrive/landfill_research/datasets/AerialWaste/Extracted/1886.png
3208,3208.png,n/s,n/s,0,1035,1066,2,1,[],1,/content/drive/MyDrive/landfill_research/datasets/AerialWaste/Extracted/3208.png
8725,8725.png,n/a,n/a,0,1000,1000,n/a,0,[],0,/content/drive/MyDrive/landfill_research/datasets/AerialWaste/Extracted/8725.png
7818,7818.png,n/a,n/a,0,1037,1065,n/a,1,[],1,/content/drive/MyDrive/landfill_research/datasets/AerialWaste/Extracted/7818.png
8308,8308.png,n/a,n/a,0,1037,1065,n/a,0,[],0,/content/drive/MyDrive/landfill_research/datasets/AerialWaste/Extracted/8308.png
874,874.png,2,Production site,0,1000,1000,2,1,[],1,/content/drive/MyDrive/landfill_research/datasets/AerialWaste/Extracted/874.png
9727,9727.png,n/a,n/a,0,1000,1000,n/a,1,[],1,/content/drive/MyDrive/landfill_research/datasets/AerialWaste/Extracted/9727.png
3005,3005.png,n/s,n/s,1,1048,1054,1,1,[17],1,/content/drive/MyDrive/landfill_research/datasets/AerialWaste/Extracted/3005.png
7688,7688.png,n/a,n/a,0,1051,1050,n/a,0,[],0,/content/drive/MyDrive/landfill_research/datasets/AerialWaste/Extracted/7688.png
447,447.png,1,Agricultural area/farm area,0,1000,1000,2,1,[],1,/content/drive/MyDrive/landfill_research/datasets/AerialWaste/Extracted/447.png
5167,5167.png,n/a,n/a,0,1000,1000,n/a,0,[],0,/content/drive/MyDrive/landfill_research/datasets/AerialWaste/Extracted/5167.png
9962,9962.png,n/a,n/a,0,1049,1053,n/a,1,[],1,/content/drive/MyDrive/landfill_research/datasets/AerialWaste/Extracted/9962.png
5656,5656.png,n/a,n/a,0,1000,1000,n/a,0,[],0,/content/drive/MyDrive/landfill_research/datasets/AerialWaste/Extracted/5656.png
7646,7646.png,n/a,n/a,0,1057,1045,n/a,0,[],0,/content/drive/MyDrive/landfill_research/datasets/AerialWaste/Extracted/7646.png
10233,10233.png,n/a,n/a,0,1048,1055,n/a,0,[],0,/content/drive/MyDrive/landfill_research/datasets/AerialWaste/Extracted/10233.png
4683,4683.png,n/a,n/a,0,1000,1000,n/a,1,[],1,/content/drive/MyDrive/landfill_research/datasets/AerialWaste/Extracted/4683.png
819,819.png,2,Production site,0,1000,1000,2,1,[],1,/content/drive/MyDrive/landfill_research/datasets/AerialWaste/Extracted/819.png
8602,8602.png,n/a,n/a,0,1036,1066,n/a,0,[],0,/content/drive/MyDrive/landfill_research/datasets/AerialWaste/Extracted/8602.png
1704,1704.png,2,Other,0,1000,1000,2,1,[],1,/content/drive/MyDrive/landfill_research/datasets/AerialWaste/Extracted/1704.png
3160,3160.png,n/s,n/s,0,1045,1057,1,0,[],0,/content/drive/MyDrive/landfill_research/datasets/AerialWaste/Extracted/3160.png
976,976.png,1,Production site,0,1000,1000,1,1,[],1,/content/drive/MyDrive/landfill_research/datasets/AerialWaste/Extracted/976.png
11319,11319.png,n/a,n/a,0,1000,1000,n/a,0,[],0,/content/drive/MyDrive/landfill_research/datasets/AerialWaste/Extracted/11319.png
1067,1067.png,3,Agricultural area/farm area,0,1000,1000,2,1,[],1,/content/drive/MyDrive/landfill_research/datasets/AerialWaste/Extracted/1067.png
665,665.png,2,Production site,0,1000,1000,1,1,[],1,/content/drive/MyDrive/landfill_research/datasets/AerialWaste/Extracted/665.png
4783,4783.png,n/a,n/a,0,1000,1000,n/a,0,[],0,/content/drive/MyDrive/landfill_research/datasets/AerialWaste/Extracted/4783.png
9949,9949.png,n/a,n/a,0,1046,1056,n/a,0,[],0,/content/drive/MyDrive/landfill_research/datasets/AerialWaste/Extracted/9949.png
2924,2924.png,n/s,n/s,0,1052,1050,3,1,[],1,/content/drive/MyDrive/landfill_research/datasets/AerialWaste/Extracted/2924.png
7070,7070.png,n/a,n/a,0,1000,1000,n/a,1,[],1,/content/drive/MyDrive/landfill_research/datasets/AerialWaste/Extracted/7070.png
5966,5966.png,n/a,n/a,0,1000,1000,n/a,0,[],0,/content/drive/MyDrive/landfill_research/datasets/AerialWaste/Extracted/5966.png
146,146.png,2,Production site,0,1000,1000,3,1,[],1,/content/drive/MyDrive/landfill_research/datasets/AerialWaste/Extracted/146.png
10778,10778.png,n/a,n/a,0,1000,1000,n/a,0,[],0,/content/drive/MyDrive/landfill_research/datasets/AerialWaste/Extracted/10778.png
3559,3559.png,n/a,n/a,0,1000,1000,n/a,0,[],0,/content/drive/MyDrive/landfill_research/datasets/AerialWaste/Extracted/3559.png
1485,1485.png,1,Production site,0,1000,1000,3,1,[],1,/content/drive/MyDrive/landfill_research/datasets/AerialWaste/Extracted/1485.png
4907,4907.png,n/a,n/a,0,1000,1000,n/a,0,[],0,/content/drive/MyDrive/landfill_research/datasets/AerialWaste/Extracted/4907.png
2897,2897.png,n/s,n/s,0,1054,1047,2,1,[],1,/content/drive/MyDrive/landfill_research/datasets/AerialWaste/Extracted/2897.png
250,250.png,n/a,n/a,0,1000,1000,n/a,0,[],0,/content/drive/MyDrive/landfill_research/datasets/AerialWaste/Extracted/250.png
6409,6409.png,n/a,n/a,0,1000,1000,n/a,0,[],0,/content/drive/MyDrive/landfill_research/datasets/AerialWaste/Extracted/6409.png
9042,9042.png,n/a,n/a,0,1000,1000,n/a,0,[],0,/content/drive/MyDrive/landfill_research/datasets/AerialWaste/Extracted/9042.png
5227,5227.png,n/a,n/a,0,1000,1000,n/a,0,[],0,/content/drive/MyDrive/landfill_research/datasets/AerialWaste/Extracted/5227.png
8845,8845.png,n/a,n/a,0,1000,1000,n/a,0,[],0,/content/drive/MyDrive/landfill_research/datasets/AerialWaste/Extracted/8845.png
9869,9869.png,n/a,n/a,0,1000,1000,n/a,0,[],0,/content/drive/MyDrive/landfill_research/datasets/AerialWaste/Extracted/9869.png
7367,7367.png,n/a,n/a,0,1054,1048,n/a,0,[],0,/content/drive/MyDrive/landfill_research/datasets/AerialWaste/Extracted/7367.png
1799,1799.png,n/a,n/a,0,1000,1000,n/a,0,[],0,/content/drive/MyDrive/landfill_research/datasets/AerialWaste/Extracted/1799.png
3201,3201.png,n/s,n/s,0,1036,1066,3,1,[],1,/content/drive/MyDrive/landfill_research/datasets/AerialWaste/Extracted/3201.png
11483,11483.png,n/a,n/a,0,1000,1000,n/a,0,[],0,/content/drive/MyDrive/landfill_research/datasets/AerialWaste/Extracted/11483.png
4147,4147.png,n/a,n/a,0,1000,1000,n/a,0,[],0,/content/drive/MyDrive/landfill_research/datasets/AerialWaste/Extracted/4147.png
5216,5216.png,n/a,n/a,0,1000,1000,n/a,0,[],0,/content/drive/MyDrive/landfill_research/datasets/AerialWaste/Extracted/5216.png
5033,5033.png,n/a,n/a,0,1000,1000,n/a,0,[],0,/content/drive/MyDrive/landfill_research/datasets/AerialWaste/Extracted/5033.png
3737,3737.png,n/a,n/a,0,1000,1000,n/a,0,[],0,/content/drive/MyDrive/landfill_research/datasets/AerialWaste/Extracted/3737.png
8598,8598.png,n/a,n/a,0,1036,1066,n/a,0,[],0,/content/drive/MyDrive/landfill_research/datasets/AerialWaste/Extracted/8598.png
5208,5208.png,n/a,n/a,0,1000,1000,n/a,0,[],0,/content/drive/MyDrive/landfill_research/datasets/AerialWaste/Extracted/5208.png
2001,2001.png,2,Production site,1,1000,1000,2,1,"[2, 3, 5, 7, 16]",1,/content/drive/MyDrive/landfill_research/datasets/AerialWaste/Extracted/2001.png
7788,7788.png,n/a,n/a,0,1054,1047,n/a,0,[],0,/content/drive/MyDrive/landfill_research/datasets/AerialWaste/Extracted/7788.png
10183,10183.png,n/a,n/a,0,1054,1047,n/a,0,[],0,/content/drive/MyDrive/landfill_research/datasets/AerialWaste/Extracted/10183.png
8996,8996.png,n/a,n/a,0,1057,1044,n/a,0,[],0,/content/drive/MyDrive/landfill_research/datasets/AerialWaste/Extracted/8996.png
10933,10933.png,1,Production site,1,1046,1056,2,1,"[2, 4, 16]",1,/content/drive/MyDrive/landfill_research/datasets/AerialWaste/Extracted/10933.png
4626,4626.png,n/a,n/a,0,1000,1000,n/a,0,[],0,/content/drive/MyDrive/landfill_research/datasets/AerialWaste/Extracted/4626.png
9537,9537.png,n/a,n/a,0,1000,1000,n/a,0,[],0,/content/drive/MyDrive/landfill_research/datasets/AerialWaste/Extracted/9537.png
152,152.png,2,Degraded area,0,1000,1000,1,1,[],1,/content/drive/MyDrive/landfill_research/datasets/AerialWaste/Extracted/152.png
7853,7853.png,2,Agricultural area/farm area,1,1000,1000,2,1,[16],1,/content/drive/MyDrive/landfill_research/datasets/AerialWaste/Extracted/7853.png
1429,1429.png,1,Production site,0,1000,1000,3,1,[],1,/content/drive/MyDrive/landfill_research/datasets/AerialWaste/Extracted/1429.png
11452,11452.png,n/a,n/a,0,1051,1050,n/a,0,[],0,/content/drive/MyDrive/landfill_research/datasets/AerialWaste/Extracted/11452.png
5067,5067.png,n/a,n/a,0,1000,1000,n/a,0,[],0,/content/drive/MyDrive/landfill_research/datasets/AerialWaste/Extracted/5067.png
4979,4979.png,n/a,n/a,0,1000,1000,n/a,0,[],0,/content/drive/MyDrive/landfill_research/datasets/AerialWaste/Extracted/4979.png
5387,5387.png,n/a,n/a,0,1000,1000,n/a,0,[],0,/content/drive/MyDrive/landfill_research/datasets/AerialWaste/Extracted/5387.png
11030,11030.png,n/a,n/a,0,1037,1065,n/a,0,[],0,/content/drive/MyDrive/landfill_research/datasets/AerialWaste/Extracted/11030.png
6227,6227.png,n/a,n/a,0,1000,1000,n/a,0,[],0,/content/drive/MyDrive/landfill_research/datasets/AerialWaste/Extracted/6227.png
11102,11102.png,n/a,n/a,0,1037,1065,n/a,0,[],0,/content/drive/MyDrive/landfill_research/datasets/AerialWaste/Extracted/11102.png
3280,3280.png,n/s,n/s,0,1037,1065,1,0,[],0,/content/drive/MyDrive/landfill_research/datasets/AerialWaste/Extracted/3280.png
10857,10857.png,n/a,n/a,0,1000,1000,n/a,0,[],0,/content/drive/MyDrive/landfill_research/datasets/AerialWaste/Extracted/10857.png
1297,1297.png,2,Production site,0,1000,1000,1,1,[],1,/content/drive/MyDrive/landfill_research/datasets/AerialWaste/Extracted/1297.png
3918,3918.png,n/a,n/a,0,1000,1000,n/a,0,[],0,/content/drive/MyDrive/landfill_research/datasets/AerialWaste/Extracted/3918.png
11513,11513.png,n/a,n/a,0,697,698,n/a,0,[],0,/content/drive/MyDrive/landfill_research/datasets/AerialWaste/Extracted/11513.png
3582,3582.png,n/a,n/a,0,1000,1000,n/a,0,[],0,/content/drive/MyDrive/landfill_research/datasets/AerialWaste/Extracted/3582.png
10482,10482.png,n/a,n/a,0,1000,1000,n/a,0,[],0,/content/drive/MyDrive/landfill_research/datasets/AerialWaste/Extracted/10482.png
9776,9776.png,n/a,n/a,0,1000,1000,n/a,0,[],0,/content/drive/MyDrive/landfill_research/datasets/AerialWaste/Extracted/9776.png
1926,1926.png,1,Degraded area,1,1000,1000,2,1,"[1, 2, 3, 16]",1,/content/drive/MyDrive/landfill_research/datasets/AerialWaste/Extracted/1926.png
4712,4712.png,n/a,n/a,0,1000,1000,n/a,0,[],0,/content/drive/MyDrive/landfill_research/datasets/AerialWaste/Extracted/4712.png
9253,9253.png,n/a,n/a,0,1000,1000,n/a,0,[],0,/content/drive/MyDrive/landfill_research/datasets/AerialWaste/Extracted/9253.png
5294,5294.png,n/a,n/a,0,1000,1000,n/a,0,[],0,/content/drive/MyDrive/landfill_research/datasets/AerialWaste/Extracted/5294.png
3338,3338.png,n/s,n/s,0,1038,1064,1,0,[],0,/content/drive/MyDrive/landfill_research/datasets/AerialWaste/Extracted/3338.png
11634,11634.png,n/a,n/a,0,1059,1042,n/a,0,[],0,/content/drive/MyDrive/landfill_research/datasets/AerialWaste/Extracted/11634.png
11080,11080.png,3,Degraded area,1,1000,1000,3,1,"[1, 6, 16]",1,/content/drive/MyDrive/landfill_research/datasets/AerialWaste/Extracted/11080.png
3858,3858.png,n/a,n/a,0,1000,1000,n/a,0,[],0,/content/drive/MyDrive/landfill_research/datasets/AerialWaste/Extracted/3858.png
8291,8291.png,n/a,n/a,0,1049,1052,n/a,0,[],0,/content/drive/MyDrive/landfill_research/datasets/AerialWaste/Extracted/8291.png
9653,9653.png,n/a,n/a,0,1000,1000,n/a,0,[],0,/content/drive/MyDrive/landfill_research/datasets/AerialWaste/Extracted/9653.png
9882,9882.png,n/a,n/a,0,1000,1000,n/a,0,[],0,/content/drive/MyDrive/landfill_research/datasets/AerialWaste/Extracted/9882.png
9948,9948.png,n/a,n/a,0,1000,1000,n/a,0,[],0,/content/drive/MyDrive/landfill_research/datasets/AerialWaste/Extracted/9948.png
902,902.png,1,Non production building,0,1000,1000,1,1,[],1,/content/drive/MyDrive/landfill_research/datasets/AerialWaste/Extracted/902.png
9434,9434.png,n/a,n/a,0,1000,1000,n/a,0,[],0,/content/drive/MyDrive/landfill_research/datasets/AerialWaste/Extracted/9434.png
3758,3758.png,n/a,n/a,0,1000,1000,n/a,0,[],0,/content/drive/MyDrive/landfill_research/datasets/AerialWaste/Extracted/3758.png
7523,7523.png,n/a,n/a,0,1056,1046,n/a,0,[],0,/content/drive/MyDrive/landfill_research/datasets/AerialWaste/Extracted/7523.png
1884,1884.png,2,Other,0,1000,1000,1,0,[],0,/content/drive/MyDrive/landfill_research/datasets/AerialWaste/Extracted/1884.png
3553,3553.png,n/a,n/a,0,1000,1000,n/a,0,[],0,/content/drive/MyDrive/landfill_research/datasets/AerialWaste/Extracted/3553.png
10889,10889.png,n/a,n/a,0,1000,1000,n/a,0,[],0,/content/drive/MyDrive/landfill_research/datasets/AerialWaste/Extracted/10889.png
8661,8661.png,n/a,n/a,0,1055,1047,n/a,0,[],0,/content/drive/MyDrive/landfill_research/datasets/AerialWaste/Extracted/8661.png
1939,1939.png,0,Other,1,1000,1000,0,1,"[2, 4, 5, 9, 15, 17]",1,/content/drive/MyDrive/landfill_research/datasets/AerialWaste/Extracted/1939.png
1070,1070.png,1,Production site,0,1000,1000,2,1,[],1,/content/drive/MyDrive/landfill_research/datasets/AerialWaste/Extracted/1070.png
2921,2921.png,n/s,n/s,0,1052,1050,2,0,[],0,/content/drive/MyDrive/landfill_research/datasets/AerialWaste/Extracted/2921.png
1224,1224.png,2,Degraded area,0,1000,1000,2,1,[],1,/content/drive/MyDrive/landfill_research/datasets/AerialWaste/Extracted/1224.png
5213,5213.png,n/a,n/a,0,1000,1000,n/a,0,[],0,/content/drive/MyDrive/landfill_research/datasets/AerialWaste/Extracted/5213.png
7514,7514.png,n/a,n/a,0,1056,1045,n/a,0,[],0,/content/drive/MyDrive/landfill_research/datasets/AerialWaste/Extracted/7514.png
10850,10850.png,n/a,n/a,0,1000,1000,n/a,0,[],0,/content/drive/MyDrive/landfill_research/datasets/AerialWaste/Extracted/10850.png
4380,4380.png,n/a,n/a,0,1000,1000,n/a,0,[],0,/content/drive/MyDrive/landfill_research/datasets/AerialWaste/Extracted/4380.png
7936,7936.png,n/a,n/a,0,1056,1046,n/a,0,[],0,/content/drive/MyDrive/landfill_research/datasets/AerialWaste/Extracted/7936.png
6480,6480.png,n/a,n/a,0,1049,1052,n/a,1,[],1,/content/drive/MyDrive/landfill_research/datasets/AerialWaste/Extracted/6480.png
3315,3315.png,n/s,n/s,0,1035,1067,2,1,[],1,/content/drive/MyDrive/landfill_research/datasets/AerialWaste/Extracted/3315.png
6109,6109.png,n/a,n/a,0,1000,1000,n/a,0,[],0,/content/drive/MyDrive/landfill_research/datasets/AerialWaste/Extracted/6109.png
8060,8060.png,n/a,n/a,0,1051,1051,n/a,0,[],0,/content/drive/MyDrive/landfill_research/datasets/AerialWaste/Extracted/8060.png
8711,8711.png,n/a,n/a,0,1000,1000,n/a,0,[],0,/content/drive/MyDrive/landfill_research/datasets/AerialWaste/Extracted/8711.png
9710,9710.png,n/a,n/a,0,1000,1000,n/a,0,[],0,/content/drive/MyDrive/landfill_research/datasets/AerialWaste/Extracted/9710.png
1282,1282.png,2,Degraded area,0,1000,1000,3,1,[],1,/content/drive/MyDrive/landfill_research/datasets/AerialWaste/Extracted/1282.png
9082,9082.png,n/a,n/a,0,1000,1000,n/a,0,[],0,/content/drive/MyDrive/landfill_research/datasets/AerialWaste/Extracted/9082.png
1795,1795.png,2,Production site,0,1000,1000,2,1,[],1,/content/drive/MyDrive/landfill_research/datasets/AerialWaste/Extracted/1795.png
6333,6333.png,n/a,n/a,0,1000,1000,n/a,0,[],0,/content/drive/MyDrive/landfill_research/datasets/AerialWaste/Extracted/6333.png
370,370.png,1,Production site,0,1000,1000,1,1,[],1,/content/drive/MyDrive/landfill_research/datasets/AerialWaste/Extracted/370.png
8814,8814.png,n/a,n/a,0,1000,1000,n/a,0,[],0,/content/drive/MyDrive/landfill_research/datasets/AerialWaste/Extracted/8814.png
305,305.png,n/a,n/a,0,1000,1000,n/a,0,[],0,/content/drive/MyDrive/landfill_research/datasets/AerialWaste/Extracted/305.png
6688,6688.png,n/a,n/a,0,1000,1000,n/a,0,[],0,/content/drive/MyDrive/landfill_research/datasets/AerialWaste/Extracted/6688.png
3813,3813.png,n/a,n/a,0,1000,1000,n/a,0,[],0,/content/drive/MyDrive/landfill_research/datasets/AerialWaste/Extracted/3813.png
11142,11142.png,n/a,n/a,0,1000,1000,n/a,0,[],0,/content/drive/MyDrive/landfill_research/datasets/AerialWaste/Extracted/11142.png
2745,2745.png,n/s,n/s,0,1053,1048,1,1,[],1,/content/drive/MyDrive/landfill_research/datasets/AerialWaste/Extracted/2745.png
26,26.png,1,Production site,0,1000,1000,2,1,[],1,/content/drive/MyDrive/landfill_research/datasets/AerialWaste/Extracted/26.png
10940,10940.png,1,Production site,1,1045,1057,1,1,[19],1,/content/drive/MyDrive/landfill_research/datasets/AerialWaste/Extracted/10940.png
1153,1153.png,2,Agricultural area/farm area,0,1000,1000,3,1,[],1,/content/drive/MyDrive/landfill_research/datasets/AerialWaste/Extracted/1153.png
1821,1821.png,1,Degraded area,0,1000,1000,3,1,[],1,/content/drive/MyDrive/landfill_research/datasets/AerialWaste/Extracted/1821.png
5733,5733.png,n/a,n/a,0,1000,1000,n/a,0,[],0,/content/drive/MyDrive/landfill_research/datasets/AerialWaste/Extracted/5733.png
3408,3408.png,n/s,n/s,0,1036,1067,n/s,1,[],1,/content/drive/MyDrive/landfill_research/datasets/AerialWaste/Extracted/3408.png
1879,1879.png,1,Production site,1,1000,1000,2,1,"[2, 4, 16]",1,/content/drive/MyDrive/landfill_research/datasets/AerialWaste/Extracted/1879.png
687,687.png,1,Production site,0,1000,1000,1,1,[],1,/content/drive/MyDrive/landfill_research/datasets/AerialWaste/Extracted/687.png
4746,4746.png,n/a,n/a,0,1000,1000,n/a,0,[],0,/content/drive/MyDrive/landfill_research/datasets/AerialWaste/Extracted/4746.png
10737,10737.png,n/a,n/a,0,1000,1000,n/a,0,[],0,/content/drive/MyDrive/landfill_research/datasets/AerialWaste/Extracted/10737.png
9282,9282.png,n/a,n/a,0,1000,1000,n/a,0,[],0,/content/drive/MyDrive/landfill_research/datasets/AerialWaste/Extracted/9282.png
9923,9923.png,n/a,n/a,0,1000,1000,n/a,0,[],0,/content/drive/MyDrive/landfill_research/datasets/AerialWaste/Extracted/9923.png
116,116.png,1,Degraded area,0,1000,1000,1,1,[],1,/content/drive/MyDrive/landfill_research/datasets/AerialWaste/Extracted/116.png
9993,9993.png,n/a,n/a,0,1050,1052,n/a,0,[],0,/content/drive/MyDrive/landfill_research/datasets/AerialWaste/Extracted/9993.png
8877,8877.png,1,Agricultural area/farm area,1,1000,1000,1,1,"[10, 1, 16]",1,/content/drive/MyDrive/landfill_research/datasets/AerialWaste/Extracted/8877.png
5319,5319.png,n/a,n/a,0,1000,1000,n/a,0,[],0,/content/drive/MyDrive/landfill_research/datasets/AerialWaste/Extracted/5319.png
3073,3073.png,n/s,n/s,0,1041,1060,1,1,[],1,/content/drive/MyDrive/landfill_research/datasets/AerialWaste/Extracted/3073.png
1362,1362.png,2,Agricultural area/farm area,0,1000,1000,1,1,[],1,/content/drive/MyDrive/landfill_research/datasets/AerialWaste/Extracted/1362.png
3138,3138.png,n/s,n/s,0,1058,1044,2,1,[],1,/content/drive/MyDrive/landfill_research/datasets/AerialWaste/Extracted/3138.png
6469,6469.png,n/a,n/a,0,1000,1000,n/a,0,[],0,/content/drive/MyDrive/landfill_research/datasets/AerialWaste/Extracted/6469.png
2588,2588.png,n/s,n/s,0,1053,1048,1,1,[],1,/content/drive/MyDrive/landfill_research/datasets/AerialWaste/Extracted/2588.png
9789,9789.png,n/a,n/a,0,1000,1000,n/a,0,[],0,/content/drive/MyDrive/landfill_research/datasets/AerialWaste/Extracted/9789.png
3557,3557.png,n/a,n/a,0,1000,1000,n/a,0,[],0,/content/drive/MyDrive/landfill_research/datasets/AerialWaste/Extracted/3557.png
5641,5641.png,n/a,n/a,0,1000,1000,n/a,0,[],0,/content/drive/MyDrive/landfill_research/datasets/AerialWaste/Extracted/5641.png
685,685.png,2,Abandoned area,0,1000,1000,2,1,[],1,/content/drive/MyDrive/landfill_research/datasets/AerialWaste/Extracted/685.png
4580,4580.png,n/a,n/a,0,1000,1000,n/a,1,[],1,/content/drive/MyDrive/landfill_research/datasets/AerialWaste/Extracted/4580.png
1748,1748.png,1,Agricultural area/farm area,0,1000,1000,2,1,[],1,/content/drive/MyDrive/landfill_research/datasets/AerialWaste/Extracted/1748.png
705,705.png,3,Degraded area,0,1000,1000,1,0,[],0,/content/drive/MyDrive/landfill_research/datasets/AerialWaste/Extracted/705.png
6718,6718.png,n/a,n/a,0,1000,1000,n/a,0,[],0,/content/drive/MyDrive/landfill_research/datasets/AerialWaste/Extracted/6718.png
8423,8423.png,n/a,n/a,0,1037,1064,n/a,0,[],0,/content/drive/MyDrive/landfill_research/datasets/AerialWaste/Extracted/8423.png
6103,6103.png,n/a,n/a,0,1000,1000,n/a,0,[],0,/content/drive/MyDrive/landfill_research/datasets/AerialWaste/Extracted/6103.png
10219,10219.png,n/a,n/a,0,1050,1052,n/a,0,[],0,/content/drive/MyDrive/landfill_research/datasets/AerialWaste/Extracted/10219.png
7422,7422.png,n/a,n/a,0,1054,1048,n/a,0,[],0,/content/drive/MyDrive/landfill_research/datasets/AerialWaste/Extracted/7422.png
6266,6266.png,n/a,n/a,0,1000,1000,n/a,0,[],0,/content/drive/MyDrive/landfill_research/datasets/AerialWaste/Extracted/6266.png
2264,2264.png,2,Production site,0,1056,1046,2,1,[],1,/content/drive/MyDrive/landfill_research/datasets/AerialWaste/Extracted/2264.png
1546,1546.png,1,Other,0,1000,1000,3,1,[],1,/content/drive/MyDrive/landfill_research/datasets/AerialWaste/Extracted/1546.png
1684,1684.png,2,Abandoned area,0,1000,1000,2,0,[],0,/content/drive/MyDrive/landfill_research/datasets/AerialWaste/Extracted/1684.png
1275,1275.png,2,Degraded area,0,1000,1000,2,1,[],1,/content/drive/MyDrive/landfill_research/datasets/AerialWaste/Extracted/1275.png
10433,10433.png,n/a,n/a,0,1055,1046,n/a,0,[],0,/content/drive/MyDrive/landfill_research/datasets/AerialWaste/Extracted/10433.png
7586,7586.png,n/a,n/a,0,1055,1047,n/a,0,[],0,/content/drive/MyDrive/landfill_research/datasets/AerialWaste/Extracted/7586.png
9271,9271.png,n/a,n/a,0,1000,1000,n/a,0,[],0,/content/drive/MyDrive/landfill_research/datasets/AerialWaste/Extracted/9271.png
6230,6230.png,n/a,n/a,0,1000,1000,n/a,0,[],0,/content/drive/MyDrive/landfill_research/datasets/AerialWaste/Extracted/6230.png
8486,8486.png,n/a,n/a,0,1035,1067,n/a,0,[],0,/content/drive/MyDrive/landfill_research/datasets/AerialWaste/Extracted/8486.png
6626,6626.png,n/a,n/a,0,1000,1000,n/a,0,[],0,/content/drive/MyDrive/landfill_research/datasets/AerialWaste/Extracted/6626.png
8055,8055.png,n/a,n/a,0,1049,1052,n/a,0,[],0,/content/drive/MyDrive/landfill_research/datasets/AerialWaste/Extracted/8055.png
4555,4555.png,n/a,n/a,0,1000,1000,n/a,0,[],0,/content/drive/MyDrive/landfill_research/datasets/AerialWaste/Extracted/4555.png
2995,2995.png,n/s,n/s,0,1045,1057,2,1,[],1,/content/drive/MyDrive/landfill_research/datasets/AerialWaste/Extracted/2995.png
10013,10013.png,n/a,n/a,0,1057,1044,n/a,0,[],0,/content/drive/MyDrive/landfill_research/datasets/AerialWaste/Extracted/10013.png
812,812.png,1,Non production building,0,1000,1000,2,1,[],1,/content/drive/MyDrive/landfill_research/datasets/AerialWaste/Extracted/812.png
2964,2964.png,n/s,n/s,0,1050,1052,2,1,[],1,/content/drive/MyDrive/landfill_research/datasets/AerialWaste/Extracted/2964.png
9933,9933.png,n/a,n/a,0,1000,1000,n/a,0,[],0,/content/drive/MyDrive/landfill_research/datasets/AerialWaste/Extracted/9933.png
6488,6488.png,n/a,n/a,0,1000,1000,n/a,0,[],0,/content/drive/MyDrive/landfill_research/datasets/AerialWaste/Extracted/6488.png
185,185.png,1,Other,0,1000,1000,1,1,[],1,/content/drive/MyDrive/landfill_research/datasets/AerialWaste/Extracted/185.png
10197,10197.png,n/a,n/a,0,1055,1046,n/a,0,[],0,/content/drive/MyDrive/landfill_research/datasets/AerialWaste/Extracted/10197.png
10030,10030.png,n/a,n/a,0,1058,1043,n/a,0,[],0,/content/drive/MyDrive/landfill_research/datasets/AerialWaste/Extracted/10030.png
3757,3757.png,n/a,n/a,0,1000,1000,n/a,0,[],0,/content/drive/MyDrive/landfill_research/datasets/AerialWaste/Extracted/3757.png
4477,4477.png,n/a,n/a,0,1000,1000,n/a,0,[],0,/content/drive/MyDrive/landfill_research/datasets/AerialWaste/Extracted/4477.png
7714,7714.png,n/a,n/a,0,1056,1044,n/a,0,[],0,/content/drive/MyDrive/landfill_research/datasets/AerialWaste/Extracted/7714.png
11079,11079.png,n/a,n/a,0,1000,1000,n/a,0,[],0,/content/drive/MyDrive/landfill_research/datasets/AerialWaste/Extracted/11079.png
7466,7466.png,n/a,n/a,0,1053,1049,n/a,0,[],0,/content/drive/MyDrive/landfill_research/datasets/AerialWaste/Extracted/7466.png
10738,10738.png,n/a,n/a,0,1000,1000,n/a,0,[],0,/content/drive/MyDrive/landfill_research/datasets/AerialWaste/Extracted/10738.png
9832,9832.png,n/a,n/a,0,1000,1000,n/a,0,[],0,/content/drive/MyDrive/landfill_research/datasets/AerialWaste/Extracted/9832.png
1000,1000.png,2,Production site,0,1000,1000,1,1,[],1,/content/drive/MyDrive/landfill_research/datasets/AerialWaste/Extracted/1000.png
9956,9956.png,n/a,n/a,0,1043,1059,n/a,0,[],0,/content/drive/MyDrive/landfill_research/datasets/AerialWaste/Extracted/9956.png
920,920.png,0,Production site,0,1000,1000,0,1,[],1,/content/drive/MyDrive/landfill_research/datasets/AerialWaste/Extracted/920.png
9530,9530.png,n/a,n/a,0,1000,1000,n/a,0,[],0,/content/drive/MyDrive/landfill_research/datasets/AerialWaste/Extracted/9530.png
4853,4853.png,n/a,n/a,0,1000,1000,n/a,0,[],0,/content/drive/MyDrive/landfill_research/datasets/AerialWaste/Extracted/4853.png
8574,8574.png,n/a,n/a,0,1037,1065,n/a,1,[],1,/content/drive/MyDrive/landfill_research/datasets/AerialWaste/Extracted/8574.png
5979,5979.png,n/a,n/a,0,1000,1000,n/a,0,[],0,/content/drive/MyDrive/landfill_research/datasets/AerialWaste/Extracted/5979.png
2593,2593.png,n/s,n/s,0,1053,1048,1,1,[],1,/content/drive/MyDrive/landfill_research/datasets/AerialWaste/Extracted/2593.png
5037,5037.png,n/a,n/a,0,1000,1000,n/a,0,[],0,/content/drive/MyDrive/landfill_research/datasets/AerialWaste/Extracted/5037.png
11188,11188.png,n/a,n/a,0,1050,1052,n/a,0,[],0,/content/drive/MyDrive/landfill_research/datasets/AerialWaste/Extracted/11188.png
6585,6585.png,n/a,n/a,0,1000,1000,n/a,0,[],0,/content/drive/MyDrive/landfill_research/datasets/AerialWaste/Extracted/6585.png
2722,2722.png,n/s,n/s,0,1056,1047,2,1,[],1,/content/drive/MyDrive/landfill_research/datasets/AerialWaste/Extracted/2722.png
1977,1977.png,1,Agricultural area/farm area,1,1000,1000,1,1,"[1, 10, 16]",1,/content/drive/MyDrive/landfill_research/datasets/AerialWaste/Extracted/1977.png
10627,10627.png,n/a,n/a,0,1000,1000,n/a,0,[],0,/content/drive/MyDrive/landfill_research/datasets/AerialWaste/Extracted/10627.png
7045,7045.png,2,Degraded area,1,1000,1000,3,1,"[1, 20]",1,/content/drive/MyDrive/landfill_research/datasets/AerialWaste/Extracted/7045.png
3822,3822.png,n/a,n/a,0,1000,1000,n/a,0,[],0,/content/drive/MyDrive/landfill_research/datasets/AerialWaste/Extracted/3822.png
524,524.png,1,Agricultural area/farm area,0,1000,1000,1,1,[],1,/content/drive/MyDrive/landfill_research/datasets/AerialWaste/Extracted/524.png
100,100.png,2,Degraded area,0,1000,1000,1,1,[],1,/content/drive/MyDrive/landfill_research/datasets/AerialWaste/Extracted/100.png
2785,2785.png,n/a,n/a,0,1000,1000,n/a,0,[],0,/content/drive/MyDrive/landfill_research/datasets/AerialWaste/Extracted/2785.png
9070,9070.png,n/a,n/a,0,1000,1000,n/a,0,[],0,/content/drive/MyDrive/landfill_research/datasets/AerialWaste/Extracted/9070.png
7836,7836.png,n/a,n/a,0,1054,1048,n/a,0,[],0,/content/drive/MyDrive/landfill_research/datasets/AerialWaste/Extracted/7836.png
10681,10681.png,n/a,n/a,0,1049,1053,n/a,0,[],0,/content/drive/MyDrive/landfill_research/datasets/AerialWaste/Extracted/10681.png
9504,9504.png,n/a,n/a,0,1000,1000,n/a,0,[],0,/content/drive/MyDrive/landfill_research/datasets/AerialWaste/Extracted/9504.png
5244,5244.png,n/a,n/a,0,1000,1000,n/a,0,[],0,/content/drive/MyDrive/landfill_research/datasets/AerialWaste/Extracted/5244.png
11449,11449.png,n/a,n/a,0,697,697,n/a,0,[],0,/content/drive/MyDrive/landfill_research/datasets/AerialWaste/Extracted/11449.png
2331,2331.png,2,Degraded area,1,697,697,2,1,"[1, 2, 4, 7, 8, 16]",1,/content/drive/MyDrive/landfill_research/datasets/AerialWaste/Extracted/2331.png
7696,7696.png,n/a,n/a,0,1055,1047,n/a,0,[],0,/content/drive/MyDrive/landfill_research/datasets/AerialWaste/Extracted/7696.png
2175,2175.png,3,Abandoned area,1,1000,1000,3,1,"[1, 2, 5, 8, 9]",1,/content/drive/MyDrive/landfill_research/datasets/AerialWaste/Extracted/2175.png
8468,8468.png,1,Production site,1,1000,1000,1,0,[16],0,/content/drive/MyDrive/landfill_research/datasets/AerialWaste/Extracted/8468.png
5012,5012.png,n/a,n/a,0,1000,1000,n/a,0,[],0,/content/drive/MyDrive/landfill_research/datasets/AerialWaste/Extracted/5012.png
6370,6370.png,n/a,n/a,0,1000,1000,n/a,0,[],0,/content/drive/MyDrive/landfill_research/datasets/AerialWaste/Extracted/6370.png
10449,10449.png,n/a,n/a,0,1000,1000,n/a,0,[],0,/content/drive/MyDrive/landfill_research/datasets/AerialWaste/Extracted/10449.png
11011,11011.png,1,Other,1,1050,1053,1,1,[18],1,/content/drive/MyDrive/landfill_research/datasets/AerialWaste/Extracted/11011.png
7255,7255.png,n/a,n/a,0,1054,1047,n/a,0,[],0,/content/drive/MyDrive/landfill_research/datasets/AerialWaste/Extracted/7255.png
11065,11065.png,n/a,n/a,0,1000,1000,n/a,0,[],0,/content/drive/MyDrive/landfill_research/datasets/AerialWaste/Extracted/11065.png
9162,9162.png,n/a,n/a,0,1000,1000,n/a,0,[],0,/content/drive/MyDrive/landfill_research/datasets/AerialWaste/Extracted/9162.png
8923,8923.png,n/a,n/a,0,1054,1048,n/a,0,[],0,/content/drive/MyDrive/landfill_research/datasets/AerialWaste/Extracted/8923.png
7465,7465.png,n/a,n/a,0,1054,1048,n/a,0,[],0,/content/drive/MyDrive/landfill_research/datasets/AerialWaste/Extracted/7465.png
11570,11570.png,n/a,n/a,0,1052,1049,n/a,0,[],0,/content/drive/MyDrive/landfill_research/datasets/AerialWaste/Extracted/11570.png
6135,6135.png,n/a,n/a,0,1000,1000,n/a,0,[],0,/content/drive/MyDrive/landfill_research/datasets/AerialWaste/Extracted/6135.png
5148,5148.png,n/a,n/a,0,1000,1000,n/a,0,[],0,/content/drive/MyDrive/landfill_research/datasets/AerialWaste/Extracted/5148.png
3699,3699.png,n/a,n/a,0,1000,1000,n/a,0,[],0,/content/drive/MyDrive/landfill_research/datasets/AerialWaste/Extracted/3699.png
8084,8084.png,n/a,n/a,0,1055,1047,n/a,0,[],0,/content/drive/MyDrive/landfill_research/datasets/AerialWaste/Extracted/8084.png
431,431.png,2,Degraded area,0,1000,1000,2,1,[],1,/content/drive/MyDrive/landfill_research/datasets/AerialWaste/Extracted/431.png
10355,10355.png,n/a,n/a,0,1037,1064,n/a,1,[],1,/content/drive/MyDrive/landfill_research/datasets/AerialWaste/Extracted/10355.png
10717,10717.png,n/a,n/a,0,1000,1000,n/a,0,[],0,/content/drive/MyDrive/landfill_research/datasets/AerialWaste/Extracted/10717.png
8169,8169.png,n/a,n/a,0,1057,1045,n/a,0,[],0,/content/drive/MyDrive/landfill_research/datasets/AerialWaste/Extracted/8169.png
9424,9424.png,n/a,n/a,0,1000,1000,n/a,0,[],0,/content/drive/MyDrive/landfill_research/datasets/AerialWaste/Extracted/9424.png
2752,2752.png,n/s,n/s,1,1057,1044,3,1,[3],1,/content/drive/MyDrive/landfill_research/datasets/AerialWaste/Extracted/2752.png
4510,4510.png,n/a,n/a,0,1000,1000,n/a,0,[],0,/content/drive/MyDrive/landfill_research/datasets/AerialWaste/Extracted/4510.png
730,730.png,2,Agricultural area/farm area,0,1000,1000,3,1,[],1,/content/drive/MyDrive/landfill_research/datasets/AerialWaste/Extracted/730.png
950,950.png,2,Agricultural area/farm area,0,1000,1000,1,1,[],1,/content/drive/MyDrive/landfill_research/datasets/AerialWaste/Extracted/950.png
7742,7742.png,n/a,n/a,0,1055,1047,n/a,0,[],0,/content/drive/MyDrive/landfill_research/datasets/AerialWaste/Extracted/7742.png
8695,8695.png,n/a,n/a,0,1055,1047,n/a,0,[],0,/content/drive/MyDrive/landfill_research/datasets/AerialWaste/Extracted/8695.png
10959,10959.png,n/a,n/a,0,1000,1000,n/a,0,[],0,/content/drive/MyDrive/landfill_research/datasets/AerialWaste/Extracted/10959.png
7990,7990.png,n/a,n/a,0,1049,1052,n/a,0,[],0,/content/drive/MyDrive/landfill_research/datasets/AerialWaste/Extracted/7990.png
11315,11315.png,n/a,n/a,0,1000,1000,n/a,0,[],0,/content/drive/MyDrive/landfill_research/datasets/AerialWaste/Extracted/11315.png
2810,2810.png,n/s,n/s,0,1057,1044,1,1,[],1,/content/drive/MyDrive/landfill_research/datasets/AerialWaste/Extracted/2810.png
2079,2079.png,2,Agricultural area/farm area,1,1000,1000,2,1,"[2, 4, 5, 16, 21]",1,/content/drive/MyDrive/landfill_research/datasets/AerialWaste/Extracted/2079.png
6558,6558.png,n/a,n/a,0,1000,1000,n/a,0,[],0,/content/drive/MyDrive/landfill_research/datasets/AerialWaste/Extracted/6558.png
9221,9221.png,n/a,n/a,0,1000,1000,n/a,1,[],1,/content/drive/MyDrive/landfill_research/datasets/AerialWaste/Extracted/9221.png
3682,3682.png,n/a,n/a,0,1000,1000,n/a,0,[],0,/content/drive/MyDrive/landfill_research/datasets/AerialWaste/Extracted/3682.png
3496,3496.png,n/a,n/a,0,1000,1000,n/a,0,[],0,/content/drive/MyDrive/landfill_research/datasets/AerialWaste/Extracted/3496.png
8068,8068.png,n/a,n/a,0,1049,1052,n/a,0,[],0,/content/drive/MyDrive/landfill_research/datasets/AerialWaste/Extracted/8068.png
5766,5766.png,n/a,n/a,0,1000,1000,n/a,0,[],0,/content/drive/MyDrive/landfill_research/datasets/AerialWaste/Extracted/5766.png
8864,8864.png,2,Agricultural area/farm area,1,1000,1000,1,0,[16],0,/content/drive/MyDrive/landfill_research/datasets/AerialWaste/Extracted/8864.png
6477,6477.png,n/a,n/a,0,1049,1053,n/a,0,[],0,/content/drive/MyDrive/landfill_research/datasets/AerialWaste/Extracted/6477.png
5728,5728.png,n/a,n/a,0,1000,1000,n/a,0,[],0,/content/drive/MyDrive/landfill_research/datasets/AerialWaste/Extracted/5728.png
2791,2791.png,n/s,n/s,0,1050,1051,2,1,[],1,/content/drive/MyDrive/landfill_research/datasets/AerialWaste/Extracted/2791.png
1699,1699.png,2,Production site,0,1000,1000,2,1,[],1,/content/drive/MyDrive/landfill_research/datasets/AerialWaste/Extracted/1699.png
9237,9237.png,n/a,n/a,0,1044,1057,n/a,0,[],0,/content/drive/MyDrive/landfill_research/datasets/AerialWaste/Extracted/9237.png
11040,11040.png,1,Agricultural area/farm area,1,1050,1053,2,1,"[10, 16]",1,/content/drive/MyDrive/landfill_research/datasets/AerialWaste/Extracted/11040.png
864,864.png,2,Degraded area,0,1000,1000,1,0,[],0,/content/drive/MyDrive/landfill_research/datasets/AerialWaste/Extracted/864.png
2436,2436.png,2,Production site,1,1000,1000,1,1,"[12, 16]",1,/content/drive/MyDrive/landfill_research/datasets/AerialWaste/Extracted/2436.png
468,468.png,3,Production site,0,1000,1000,2,1,[],1,/content/drive/MyDrive/landfill_research/datasets/AerialWaste/Extracted/468.png
284,284.png,3,Abandoned area,0,1000,1000,3,1,[],1,/content/drive/MyDrive/landfill_research/datasets/AerialWaste/Extracted/284.png
3045,3045.png,n/s,n/s,0,1045,1057,3,1,[],1,/content/drive/MyDrive/landfill_research/datasets/AerialWaste/Extracted/3045.png
4442,4442.png,n/a,n/a,0,1000,1000,n/a,0,[],0,/content/drive/MyDrive/landfill_research/datasets/AerialWaste/Extracted/4442.png
11386,11386.png,n/a,n/a,0,1000,1000,n/a,0,[],0,/content/drive/MyDrive/landfill_research/datasets/AerialWaste/Extracted/11386.png
578,578.png,2,Production site,0,1000,1000,0,1,[],1,/content/drive/MyDrive/landfill_research/datasets/AerialWaste/Extracted/578.png
6744,6744.png,n/a,n/a,0,1000,1000,n/a,0,[],0,/content/drive/MyDrive/landfill_research/datasets/AerialWaste/Extracted/6744.png
814,814.png,2,Production site,0,1000,1000,1,1,[],1,/content/drive/MyDrive/landfill_research/datasets/AerialWaste/Extracted/814.png
4731,4731.png,n/a,n/a,0,1000,1000,n/a,0,[],0,/content/drive/MyDrive/landfill_research/datasets/AerialWaste/Extracted/4731.png
8922,8922.png,n/a,n/a,0,1049,1052,n/a,0,[],0,/content/drive/MyDrive/landfill_research/datasets/AerialWaste/Extracted/8922.png
5829,5829.png,n/a,n/a,0,1000,1000,n/a,0,[],0,/content/drive/MyDrive/landfill_research/datasets/AerialWaste/Extracted/5829.png
1902,1902.png,2,Production site,0,1000,1000,2,0,[],0,/content/drive/MyDrive/landfill_research/datasets/AerialWaste/Extracted/1902.png
3482,3482.png,n/a,n/a,0,1000,1000,n/a,0,[],0,/content/drive/MyDrive/landfill_research/datasets/AerialWaste/Extracted/3482.png
6519,6519.png,n/a,n/a,0,1000,1000,n/a,0,[],0,/content/drive/MyDrive/landfill_research/datasets/AerialWaste/Extracted/6519.png
565,565.png,2,Production site,0,1000,1000,3,1,[],1,/content/drive/MyDrive/landfill_research/datasets/AerialWaste/Extracted/565.png
7712,7712.png,n/a,n/a,0,1057,1044,n/a,0,[],0,/content/drive/MyDrive/landfill_research/datasets/AerialWaste/Extracted/7712.png
2125,2125.png,2,Agricultural area/farm area,1,1000,1000,2,1,"[1, 2, 4, 5, 16]",1,/content/drive/MyDrive/landfill_research/datasets/AerialWaste/Extracted/2125.png
7982,7982.png,n/a,n/a,0,1051,1051,n/a,0,[],0,/content/drive/MyDrive/landfill_research/datasets/AerialWaste/Extracted/7982.png
6664,6664.png,n/a,n/a,0,1000,1000,n/a,0,[],0,/content/drive/MyDrive/landfill_research/datasets/AerialWaste/Extracted/6664.png
1609,1609.png,1,Production site,0,1000,1000,1,1,[],1,/content/drive/MyDrive/landfill_research/datasets/AerialWaste/Extracted/1609.png
3062,3062.png,n/a,n/a,0,1000,1000,n/a,0,[],0,/content/drive/MyDrive/landfill_research/datasets/AerialWaste/Extracted/3062.png
4190,4190.png,n/a,n/a,0,1000,1000,n/a,0,[],0,/content/drive/MyDrive/landfill_research/datasets/AerialWaste/Extracted/4190.png
2498,2498.png,n/s,n/s,0,1057,1044,3,0,[],0,/content/drive/MyDrive/landfill_research/datasets/AerialWaste/Extracted/2498.png
1781,1781.png,n/a,n/a,0,1044,1059,n/a,0,[],0,/content/drive/MyDrive/landfill_research/datasets/AerialWaste/Extracted/1781.png
7184,7184.png,3,Production site,1,1000,1000,3,1,"[4, 16]",1,/content/drive/MyDrive/landfill_research/datasets/AerialWaste/Extracted/7184.png
6617,6617.png,n/a,n/a,0,1000,1000,n/a,0,[],0,/content/drive/MyDrive/landfill_research/datasets/AerialWaste/Extracted/6617.png
8337,8337.png,n/a,n/a,0,1036,1066,n/a,1,[],1,/content/drive/MyDrive/landfill_research/datasets/AerialWaste/Extracted/8337.png
11542,11542.png,n/a,n/a,0,1038,1064,n/a,0,[],0,/content/drive/MyDrive/landfill_research/datasets/AerialWaste/Extracted/11542.png
11503,11503.png,n/a,n/a,0,1000,1000,n/a,0,[],0,/content/drive/MyDrive/landfill_research/datasets/AerialWaste/Extracted/11503.png
3133,3133.png,n/s,n/s,0,1052,1050,3,1,[],1,/content/drive/MyDrive/landfill_research/datasets/AerialWaste/Extracted/3133.png
4753,4753.png,n/a,n/a,0,1000,1000,n/a,0,[],0,/content/drive/MyDrive/landfill_research/datasets/AerialWaste/Extracted/4753.png
4370,4370.png,n/a,n/a,0,1000,1000,n/a,0,[],0,/content/drive/MyDrive/landfill_research/datasets/AerialWaste/Extracted/4370.png
9226,9226.png,n/a,n/a,0,1000,1000,n/a,0,[],0,/content/drive/MyDrive/landfill_research/datasets/AerialWaste/Extracted/9226.png
8129,8129.png,1,Agricultural area/farm area,1,1000,1000,1,1,"[10, 2, 4, 16]",1,/content/drive/MyDrive/landfill_research/datasets/AerialWaste/Extracted/8129.png
5862,5862.png,n/a,n/a,0,1000,1000,n/a,0,[],0,/content/drive/MyDrive/landfill_research/datasets/AerialWaste/Extracted/5862.png
8312,8312.png,n/a,n/a,0,1036,1065,n/a,0,[],0,/content/drive/MyDrive/landfill_research/datasets/AerialWaste/Extracted/8312.png
10243,10243.png,n/a,n/a,0,1044,1058,n/a,0,[],0,/content/drive/MyDrive/landfill_research/datasets/AerialWaste/Extracted/10243.png
1409,1409.png,1,Agricultural area/farm area,0,1000,1000,2,1,[],1,/content/drive/MyDrive/landfill_research/datasets/AerialWaste/Extracted/1409.png
10877,10877.png,1,Production site,1,1000,1000,2,1,"[1, 16]",1,/content/drive/MyDrive/landfill_research/datasets/AerialWaste/Extracted/10877.png
3271,3271.png,n/s,n/s,0,1035,1066,1,1,[],1,/content/drive/MyDrive/landfill_research/datasets/AerialWaste/Extracted/3271.png
9841,9841.png,n/a,n/a,0,1000,1000,n/a,0,[],0,/content/drive/MyDrive/landfill_research/datasets/AerialWaste/Extracted/9841.png
10163,10163.png,n/a,n/a,0,1051,1050,n/a,0,[],0,/content/drive/MyDrive/landfill_research/datasets/AerialWaste/Extracted/10163.png
338,338.png,1,Production site,0,1000,1000,1,1,[],1,/content/drive/MyDrive/landfill_research/datasets/AerialWaste/Extracted/338.png
3127,3127.png,n/s,n/s,1,1045,1056,3,1,[17],1,/content/drive/MyDrive/landfill_research/datasets/AerialWaste/Extracted/3127.png
1687,1687.png,3,Degraded area,0,1000,1000,3,1,[],1,/content/drive/MyDrive/landfill_research/datasets/AerialWaste/Extracted/1687.png
9860,9860.png,n/a,n/a,0,1000,1000,n/a,0,[],0,/content/drive/MyDrive/landfill_research/datasets/AerialWaste/Extracted/9860.png
2869,2869.png,n/s,n/s,1,1054,1048,1,1,[7],1,/content/drive/MyDrive/landfill_research/datasets/AerialWaste/Extracted/2869.png
1150,1150.png,2,Production site,0,1000,1000,3,1,[],1,/content/drive/MyDrive/landfill_research/datasets/AerialWaste/Extracted/1150.png
456,456.png,1,Agricultural area/farm area,0,1000,1000,1,1,[],1,/content/drive/MyDrive/landfill_research/datasets/AerialWaste/Extracted/456.png
7751,7751.png,n/a,n/a,0,1054,1048,n/a,0,[],0,/content/drive/MyDrive/landfill_research/datasets/AerialWaste/Extracted/7751.png
6094,6094.png,n/a,n/a,0,1000,1000,n/a,0,[],0,/content/drive/MyDrive/landfill_research/datasets/AerialWaste/Extracted/6094.png
4838,4838.png,n/a,n/a,0,1000,1000,n/a,0,[],0,/content/drive/MyDrive/landfill_research/datasets/AerialWaste/Extracted/4838.png
772,772.png,2,Production site,0,1000,1000,2,1,[],1,/content/drive/MyDrive/landfill_research/datasets/AerialWaste/Extracted/772.png
913,913.png,3,Agricultural area/farm area,0,1000,1000,2,1,[],1,/content/drive/MyDrive/landfill_research/datasets/AerialWaste/Extracted/913.png
7241,7241.png,n/a,n/a,0,1054,1047,n/a,0,[],0,/content/drive/MyDrive/landfill_research/datasets/AerialWaste/Extracted/7241.png
3301,3301.png,n/s,n/s,0,1036,1065,1,1,[],1,/content/drive/MyDrive/landfill_research/datasets/AerialWaste/Extracted/3301.png
2208,2208.png,1,Degraded area,1,1000,1000,1,1,"[2, 4, 14, 16]",1,/content/drive/MyDrive/landfill_research/datasets/AerialWaste/Extracted/2208.png
157,157.png,1,Agricultural area/farm area,0,1000,1000,1,1,[],1,/content/drive/MyDrive/landfill_research/datasets/AerialWaste/Extracted/157.png
605,605.png,1,Degraded area,0,1000,1000,2,1,[],1,/content/drive/MyDrive/landfill_research/datasets/AerialWaste/Extracted/605.png
5333,5333.png,n/a,n/a,0,1000,1000,n/a,0,[],0,/content/drive/MyDrive/landfill_research/datasets/AerialWaste/Extracted/5333.png
4433,4433.png,n/a,n/a,0,1000,1000,n/a,0,[],0,/content/drive/MyDrive/landfill_research/datasets/AerialWaste/Extracted/4433.png
2523,2523.png,n/s,n/s,1,1051,1051,2,1,[17],1,/content/drive/MyDrive/landfill_research/datasets/AerialWaste/Extracted/2523.png
10062,10062.png,n/a,n/a,0,1054,1048,n/a,0,[],0,/content/drive/MyDrive/landfill_research/datasets/AerialWaste/Extracted/10062.png
8035,8035.png,n/a,n/a,0,1048,1054,n/a,0,[],0,/content/drive/MyDrive/landfill_research/datasets/AerialWaste/Extracted/8035.png
754,754.png,1,Non production building,0,1000,1000,2,1,[],1,/content/drive/MyDrive/landfill_research/datasets/AerialWaste/Extracted/754.png
11429,11429.png,n/a,n/a,0,1037,1065,n/a,0,[],0,/content/drive/MyDrive/landfill_research/datasets/AerialWaste/Extracted/11429.png
3906,3906.png,n/a,n/a,0,1000,1000,n/a,0,[],0,/content/drive/MyDrive/landfill_research/datasets/AerialWaste/Extracted/3906.png
6119,6119.png,n/a,n/a,0,1000,1000,n/a,0,[],0,/content/drive/MyDrive/landfill_research/datasets/AerialWaste/Extracted/6119.png
7501,7501.png,n/a,n/a,0,1055,1047,n/a,0,[],0,/content/drive/MyDrive/landfill_research/datasets/AerialWaste/Extracted/7501.png
11664,11664.png,n/a,n/a,0,1041,1060,n/a,0,[],0,/content/drive/MyDrive/landfill_research/datasets/AerialWaste/Extracted/11664.png
9518,9518.png,n/a,n/a,0,1000,1000,n/a,0,[],0,/content/drive/MyDrive/landfill_research/datasets/AerialWaste/Extracted/9518.png
9584,9584.png,n/a,n/a,0,1000,1000,n/a,0,[],0,/content/drive/MyDrive/landfill_research/datasets/AerialWaste/Extracted/9584.png
2554,2554.png,n/a,n/a,0,1000,1000,n/a,0,[],0,/content/drive/MyDrive/landfill_research/datasets/AerialWaste/Extracted/2554.png
464,464.png,1,Non production building,0,1000,1000,1,1,[],1,/content/drive/MyDrive/landfill_research/datasets/AerialWaste/Extracted/464.png
388,388.png,1,Production site,0,1000,1000,1,1,[],1,/content/drive/MyDrive/landfill_research/datasets/AerialWaste/Extracted/388.png
11110,11110.png,n/a,n/a,0,1037,1064,n/a,0,[],0,/content/drive/MyDrive/landfill_research/datasets/AerialWaste/Extracted/11110.png
9342,9342.png,n/a,n/a,0,1000,1000,n/a,0,[],0,/content/drive/MyDrive/landfill_research/datasets/AerialWaste/Extracted/9342.png
3011,3011.png,n/s,n/s,0,1047,1054,1,1,[],1,/content/drive/MyDrive/landfill_research/datasets/AerialWaste/Extracted/3011.png
3768,3768.png,n/a,n/a,0,1000,1000,n/a,0,[],0,/content/drive/MyDrive/landfill_research/datasets/AerialWaste/Extracted/3768.png
3092,3092.png,n/s,n/s,0,1046,1056,1,1,[],1,/content/drive/MyDrive/landfill_research/datasets/AerialWaste/Extracted/3092.png
892,892.png,2,Production site,0,1000,1000,2,1,[],1,/content/drive/MyDrive/landfill_research/datasets/AerialWaste/Extracted/892.png
11655,11655.png,n/a,n/a,0,1054,1048,n/a,0,[],0,/content/drive/MyDrive/landfill_research/datasets/AerialWaste/Extracted/11655.png
61,61.png,2,Production site,0,1000,1000,1,1,[],1,/content/drive/MyDrive/landfill_research/datasets/AerialWaste/Extracted/61.png
2186,2186.png,1,Production site,1,696,698,2,1,"[2, 3, 16, 19]",1,/content/drive/MyDrive/landfill_research/datasets/AerialWaste/Extracted/2186.png
3435,3435.png,n/s,n/s,0,1044,1057,n/s,1,[],1,/content/drive/MyDrive/landfill_research/datasets/AerialWaste/Extracted/3435.png
6177,6177.png,n/a,n/a,0,1000,1000,n/a,0,[],0,/content/drive/MyDrive/landfill_research/datasets/AerialWaste/Extracted/6177.png
8459,8459.png,1,Other,1,1000,1000,2,1,"[1, 16]",1,/content/drive/MyDrive/landfill_research/datasets/AerialWaste/Extracted/8459.png
11571,11571.png,n/a,n/a,0,1038,1064,n/a,0,[],0,/content/drive/MyDrive/landfill_research/datasets/AerialWaste/Extracted/11571.png
3063,3063.png,n/s,n/s,0,1055,1047,1,1,[],1,/content/drive/MyDrive/landfill_research/datasets/AerialWaste/Extracted/3063.png
3675,3675.png,n/a,n/a,0,1000,1000,n/a,0,[],0,/content/drive/MyDrive/landfill_research/datasets/AerialWaste/Extracted/3675.png
6596,6596.png,n/a,n/a,0,1000,1000,n/a,0,[],0,/content/drive/MyDrive/landfill_research/datasets/AerialWaste/Extracted/6596.png
1433,1433.png,3,Production site,0,1000,1000,1,0,[],0,/content/drive/MyDrive/landfill_research/datasets/AerialWaste/Extracted/1433.png
5556,5556.png,n/a,n/a,0,1000,1000,n/a,0,[],0,/content/drive/MyDrive/landfill_research/datasets/AerialWaste/Extracted/5556.png
4881,4881.png,n/a,n/a,0,1000,1000,n/a,1,[],1,/content/drive/MyDrive/landfill_research/datasets/AerialWaste/Extracted/4881.png
6009,6009.png,n/a,n/a,0,1000,1000,n/a,0,[],0,/content/drive/MyDrive/landfill_research/datasets/AerialWaste/Extracted/6009.png
3294,3294.png,n/s,n/s,0,1036,1066,1,1,[],1,/content/drive/MyDrive/landfill_research/datasets/AerialWaste/Extracted/3294.png
656,656.png,n/a,n/a,0,1000,1000,n/a,0,[],0,/content/drive/MyDrive/landfill_research/datasets/AerialWaste/Extracted/656.png
7644,7644.png,n/a,n/a,0,1057,1045,n/a,0,[],0,/content/drive/MyDrive/landfill_research/datasets/AerialWaste/Extracted/7644.png
3959,3959.png,n/a,n/a,0,1000,1000,n/a,0,[],0,/content/drive/MyDrive/landfill_research/datasets/AerialWaste/Extracted/3959.png
11674,11674.png,n/a,n/a,0,1053,1049,n/a,0,[],0,/content/drive/MyDrive/landfill_research/datasets/AerialWaste/Extracted/11674.png
9647,9647.png,n/a,n/a,0,1000,1000,n/a,1,[],1,/content/drive/MyDrive/landfill_research/datasets/AerialWaste/Extracted/9647.png
4733,4733.png,n/a,n/a,0,1000,1000,n/a,0,[],0,/content/drive/MyDrive/landfill_research/datasets/AerialWaste/Extracted/4733.png
3054,3054.png,n/s,n/s,1,1055,1046,1,1,[17],1,/content/drive/MyDrive/landfill_research/datasets/AerialWaste/Extracted/3054.png
6290,6290.png,n/a,n/a,0,1000,1000,n/a,0,[],0,/content/drive/MyDrive/landfill_research/datasets/AerialWaste/Extracted/6290.png
11127,11127.png,n/a,n/a,0,1000,1000,n/a,0,[],0,/content/drive/MyDrive/landfill_research/datasets/AerialWaste/Extracted/11127.png
8221,8221.png,n/a,n/a,0,1057,1044,n/a,0,[],0,/content/drive/MyDrive/landfill_research/datasets/AerialWaste/Extracted/8221.png
777,777.png,1,Degraded area,0,1000,1000,1,1,[],1,/content/drive/MyDrive/landfill_research/datasets/AerialWaste/Extracted/777.png
5959,5959.png,n/a,n/a,0,1000,1000,n/a,1,[],1,/content/drive/MyDrive/landfill_research/datasets/AerialWaste/Extracted/5959.png
5915,5915.png,n/a,n/a,0,1000,1000,n/a,0,[],0,/content/drive/MyDrive/landfill_research/datasets/AerialWaste/Extracted/5915.png
2892,2892.png,n/s,n/s,0,1055,1047,1,1,[],1,/content/drive/MyDrive/landfill_research/datasets/AerialWaste/Extracted/2892.png
2277,2277.png,2,Degraded area,0,1055,1046,2,1,[],1,/content/drive/MyDrive/landfill_research/datasets/AerialWaste/Extracted/2277.png
487,487.png,1,Agricultural area/farm area,0,1000,1000,1,0,[],0,/content/drive/MyDrive/landfill_research/datasets/AerialWaste/Extracted/487.png
10318,10318.png,n/a,n/a,0,1035,1067,n/a,0,[],0,/content/drive/MyDrive/landfill_research/datasets/AerialWaste/Extracted/10318.png
9816,9816.png,n/a,n/a,0,1000,1000,n/a,0,[],0,/content/drive/MyDrive/landfill_research/datasets/AerialWaste/Extracted/9816.png
5051,5051.png,n/a,n/a,0,1000,1000,n/a,0,[],0,/content/drive/MyDrive/landfill_research/datasets/AerialWaste/Extracted/5051.png
10038,10038.png,n/a,n/a,0,1054,1047,n/a,0,[],0,/content/drive/MyDrive/landfill_research/datasets/AerialWaste/Extracted/10038.png
9115,9115.png,n/a,n/a,0,1000,1000,n/a,0,[],0,/content/drive/MyDrive/landfill_research/datasets/AerialWaste/Extracted/9115.png
2670,2670.png,n/s,n/s,0,1055,1047,1,1,[],1,/content/drive/MyDrive/landfill_research/datasets/AerialWaste/Extracted/2670.png
9431,9431.png,n/a,n/a,0,1000,1000,n/a,0,[],0,/content/drive/MyDrive/landfill_research/datasets/AerialWaste/Extracted/9431.png
5869,5869.png,n/a,n/a,0,1000,1000,n/a,0,[],0,/content/drive/MyDrive/landfill_research/datasets/AerialWaste/Extracted/5869.png
5326,5326.png,n/a,n/a,0,1000,1000,n/a,0,[],0,/content/drive/MyDrive/landfill_research/datasets/AerialWaste/Extracted/5326.png
4079,4079.png,n/a,n/a,0,1000,1000,n/a,0,[],0,/content/drive/MyDrive/landfill_research/datasets/AerialWaste/Extracted/4079.png
5624,5624.png,n/a,n/a,0,1000,1000,n/a,0,[],0,/content/drive/MyDrive/landfill_research/datasets/AerialWaste/Extracted/5624.png
253,253.png,3,Production site,0,1000,1000,2,1,[],1,/content/drive/MyDrive/landfill_research/datasets/AerialWaste/Extracted/253.png
10155,10155.png,n/a,n/a,0,1052,1050,n/a,0,[],0,/content/drive/MyDrive/landfill_research/datasets/AerialWaste/Extracted/10155.png
6743,6743.png,n/a,n/a,0,1000,1000,n/a,0,[],0,/content/drive/MyDrive/landfill_research/datasets/AerialWaste/Extracted/6743.png
6735,6735.png,n/a,n/a,0,1000,1000,n/a,1,[],1,/content/drive/MyDrive/landfill_research/datasets/AerialWaste/Extracted/6735.png
4471,4471.png,n/a,n/a,0,1000,1000,n/a,0,[],0,/content/drive/MyDrive/landfill_research/datasets/AerialWaste/Extracted/4471.png
7631,7631.png,n/a,n/a,0,1057,1044,n/a,0,[],0,/content/drive/MyDrive/landfill_research/datasets/AerialWaste/Extracted/7631.png
8070,8070.png,n/a,n/a,0,1050,1052,n/a,0,[],0,/content/drive/MyDrive/landfill_research/datasets/AerialWaste/Extracted/8070.png
1337,1337.png,1,Other,0,1000,1000,1,1,[],1,/content/drive/MyDrive/landfill_research/datasets/AerialWaste/Extracted/1337.png
5406,5406.png,n/a,n/a,0,1000,1000,n/a,0,[],0,/content/drive/MyDrive/landfill_research/datasets/AerialWaste/Extracted/5406.png
2120,2120.png,1,Production site,1,1000,1000,3,1,"[1, 2, 16]",1,/content/drive/MyDrive/landfill_research/datasets/AerialWaste/Extracted/2120.png
5262,5262.png,n/a,n/a,0,1000,1000,n/a,0,[],0,/content/drive/MyDrive/landfill_research/datasets/AerialWaste/Extracted/5262.png
1957,1957.png,1,Other,1,1000,1000,1,1,"[1, 10, 16]",1,/content/drive/MyDrive/landfill_research/datasets/AerialWaste/Extracted/1957.png
759,759.png,1,Agricultural area/farm area,0,1000,1000,1,1,[],1,/content/drive/MyDrive/landfill_research/datasets/AerialWaste/Extracted/759.png
9322,9322.png,n/a,n/a,0,1000,1000,n/a,0,[],0,/content/drive/MyDrive/landfill_research/datasets/AerialWaste/Extracted/9322.png
6843,6843.png,n/a,n/a,0,1000,1000,n/a,1,[],1,/content/drive/MyDrive/landfill_research/datasets/AerialWaste/Extracted/6843.png
2081,2081.png,1,Agricultural area/farm area,1,1000,1000,3,1,"[1, 2, 3, 4, 5, 16]",1,/content/drive/MyDrive/landfill_research/datasets/AerialWaste/Extracted/2081.png
2329,2329.png,3,Degraded area,1,696,697,3,1,"[1, 2, 4, 6, 16, 17]",1,/content/drive/MyDrive/landfill_research/datasets/AerialWaste/Extracted/2329.png
212,212.png,2,Production site,0,1000,1000,1,1,[],1,/content/drive/MyDrive/landfill_research/datasets/AerialWaste/Extracted/212.png
8203,8203.png,n/a,n/a,0,1045,1057,n/a,0,[],0,/content/drive/MyDrive/landfill_research/datasets/AerialWaste/Extracted/8203.png
131,131.png,0,Production site,0,1000,1000,0,1,[],1,/content/drive/MyDrive/landfill_research/datasets/AerialWaste/Extracted/131.png
1855,1855.png,1,Production site,0,1000,1000,2,1,[],1,/content/drive/MyDrive/landfill_research/datasets/AerialWaste/Extracted/1855.png
8815,8815.png,1,Other,1,1000,1000,1,1,"[1, 16]",1,/content/drive/MyDrive/landfill_research/datasets/AerialWaste/Extracted/8815.png
1470,1470.png,2,Agricultural area/farm area,0,1000,1000,2,1,[],1,/content/drive/MyDrive/landfill_research/datasets/AerialWaste/Extracted/1470.png
712,712.png,2,Degraded area,0,1000,1000,2,0,[],0,/content/drive/MyDrive/landfill_research/datasets/AerialWaste/Extracted/712.png
5913,5913.png,n/a,n/a,0,1000,1000,n/a,0,[],0,/content/drive/MyDrive/landfill_research/datasets/AerialWaste/Extracted/5913.png
946,946.png,n/a,n/a,0,1000,1000,n/a,0,[],0,/content/drive/MyDrive/landfill_research/datasets/AerialWaste/Extracted/946.png
1711,1711.png,1,Degraded area,0,1000,1000,2,1,[],1,/content/drive/MyDrive/landfill_research/datasets/AerialWaste/Extracted/1711.png
11275,11275.png,n/a,n/a,0,1000,1000,n/a,0,[],0,/content/drive/MyDrive/landfill_research/datasets/AerialWaste/Extracted/11275.png
7539,7539.png,n/a,n/a,0,1056,1045,n/a,0,[],0,/content/drive/MyDrive/landfill_research/datasets/AerialWaste/Extracted/7539.png
7496,7496.png,n/a,n/a,0,1055,1047,n/a,0,[],0,/content/drive/MyDrive/landfill_research/datasets/AerialWaste/Extracted/7496.png
2341,2341.png,2,Production site,1,1000,1000,2,1,"[1, 16]",1,/content/drive/MyDrive/landfill_research/datasets/AerialWaste/Extracted/2341.png
4348,4348.png,n/a,n/a,0,1000,1000,n/a,0,[],0,/content/drive/MyDrive/landfill_research/datasets/AerialWaste/Extracted/4348.png
7900,7900.png,n/a,n/a,0,1052,1050,n/a,0,[],0,/content/drive/MyDrive/landfill_research/datasets/AerialWaste/Extracted/7900.png
8985,8985.png,n/a,n/a,0,1050,1052,n/a,0,[],0,/content/drive/MyDrive/landfill_research/datasets/AerialWaste/Extracted/8985.png
1773,1773.png,2,Degraded area,0,1000,1000,2,1,[],1,/content/drive/MyDrive/landfill_research/datasets/AerialWaste/Extracted/1773.png
2611,2611.png,n/s,n/s,0,1053,1048,2,1,[],1,/content/drive/MyDrive/landfill_research/datasets/AerialWaste/Extracted/2611.png
10191,10191.png,n/a,n/a,0,1000,1000,n/a,0,[],0,/content/drive/MyDrive/landfill_research/datasets/AerialWaste/Extracted/10191.png
3532,3532.png,n/a,n/a,0,1000,1000,n/a,0,[],0,/content/drive/MyDrive/landfill_research/datasets/AerialWaste/Extracted/3532.png
1970,1970.png,2,Degraded area,0,1049,1053,2,1,[],1,/content/drive/MyDrive/landfill_research/datasets/AerialWaste/Extracted/1970.png
3368,3368.png,n/s,n/s,0,1038,1064,1,1,[],1,/content/drive/MyDrive/landfill_research/datasets/AerialWaste/Extracted/3368.png
3879,3879.png,n/a,n/a,0,1000,1000,n/a,0,[],0,/content/drive/MyDrive/landfill_research/datasets/AerialWaste/Extracted/3879.png
2076,2076.png,3,Abandoned area,1,1000,1000,3,1,"[2, 3, 5, 9, 16]",1,/content/drive/MyDrive/landfill_research/datasets/AerialWaste/Extracted/2076.png
1191,1191.png,1,Degraded area,0,1000,1000,2,0,[],0,/content/drive/MyDrive/landfill_research/datasets/AerialWaste/Extracted/1191.png
2230,2230.png,1,Degraded area,1,697,697,2,1,"[1, 3, 5, 16]",1,/content/drive/MyDrive/landfill_research/datasets/AerialWaste/Extracted/2230.png
9843,9843.png,n/a,n/a,0,1000,1000,n/a,0,[],0,/content/drive/MyDrive/landfill_research/datasets/AerialWaste/Extracted/9843.png
2380,2380.png,1,Non production building,1,1000,1000,2,1,"[1, 16]",1,/content/drive/MyDrive/landfill_research/datasets/AerialWaste/Extracted/2380.png
9304,9304.png,n/a,n/a,0,1000,1000,n/a,0,[],0,/content/drive/MyDrive/landfill_research/datasets/AerialWaste/Extracted/9304.png
1091,1091.png,1,Agricultural area/farm area,0,1000,1000,1,1,[],1,/content/drive/MyDrive/landfill_research/datasets/AerialWaste/Extracted/1091.png
10182,10182.png,n/a,n/a,0,1054,1048,n/a,0,[],0,/content/drive/MyDrive/landfill_research/datasets/AerialWaste/Extracted/10182.png
10234,10234.png,n/a,n/a,0,1047,1054,n/a,0,[],0,/content/drive/MyDrive/landfill_research/datasets/AerialWaste/Extracted/10234.png
301,301.png,1,Agricultural area/farm area,0,1000,1000,2,1,[],1,/content/drive/MyDrive/landfill_research/datasets/AerialWaste/Extracted/301.png
4122,4122.png,n/a,n/a,0,1000,1000,n/a,0,[],0,/content/drive/MyDrive/landfill_research/datasets/AerialWaste/Extracted/4122.png
10722,10722.png,n/a,n/a,0,1000,1000,n/a,0,[],0,/content/drive/MyDrive/landfill_research/datasets/AerialWaste/Extracted/10722.png
9081,9081.png,n/a,n/a,0,1000,1000,n/a,0,[],0,/content/drive/MyDrive/landfill_research/datasets/AerialWaste/Extracted/9081.png
5325,5325.png,n/a,n/a,0,1000,1000,n/a,0,[],0,/content/drive/MyDrive/landfill_research/datasets/AerialWaste/Extracted/5325.png
3427,3427.png,n/s,n/s,0,1045,1057,n/s,1,[],1,/content/drive/MyDrive/landfill_research/datasets/AerialWaste/Extracted/3427.png
4511,4511.png,n/a,n/a,0,1000,1000,n/a,0,[],0,/content/drive/MyDrive/landfill_research/datasets/AerialWaste/Extracted/4511.png
10911,10911.png,2,Production site,1,1000,1000,2,1,"[1, 16]",1,/content/drive/MyDrive/landfill_research/datasets/AerialWaste/Extracted/10911.png
11618,11618.png,n/a,n/a,0,1056,1044,n/a,0,[],0,/content/drive/MyDrive/landfill_research/datasets/AerialWaste/Extracted/11618.png
164,164.png,1,Agricultural area/farm area,0,1000,1000,1,1,[],1,/content/drive/MyDrive/landfill_research/datasets/AerialWaste/Extracted/164.png
4664,4664.png,n/a,n/a,0,1000,1000,n/a,0,[],0,/content/drive/MyDrive/landfill_research/datasets/AerialWaste/Extracted/4664.png
6061,6061.png,n/a,n/a,0,1000,1000,n/a,0,[],0,/content/drive/MyDrive/landfill_research/datasets/AerialWaste/Extracted/6061.png
1141,1141.png,2,Agricultural area/farm area,0,1000,1000,2,1,[],1,/content/drive/MyDrive/landfill_research/datasets/AerialWaste/Extracted/1141.png
1379,1379.png,2,Production site,0,1000,1000,2,1,[],1,/content/drive/MyDrive/landfill_research/datasets/AerialWaste/Extracted/1379.png
6374,6374.png,n/a,n/a,0,1000,1000,n/a,0,[],0,/content/drive/MyDrive/landfill_research/datasets/AerialWaste/Extracted/6374.png
2741,2741.png,n/s,n/s,0,1053,1048,3,1,[],1,/content/drive/MyDrive/landfill_research/datasets/AerialWaste/Extracted/2741.png
395,395.png,1,Non production building,0,1000,1000,2,1,[],1,/content/drive/MyDrive/landfill_research/datasets/AerialWaste/Extracted/395.png
576,576.png,2,Agricultural area/farm area,0,1000,1000,2,1,[],1,/content/drive/MyDrive/landfill_research/datasets/AerialWaste/Extracted/576.png
5284,5284.png,n/a,n/a,0,1000,1000,n/a,0,[],0,/content/drive/MyDrive/landfill_research/datasets/AerialWaste/Extracted/5284.png
6948,6948.png,n/a,n/a,0,1000,1000,n/a,0,[],0,/content/drive/MyDrive/landfill_research/datasets/AerialWaste/Extracted/6948.png
6085,6085.png,n/a,n/a,0,1000,1000,n/a,0,[],0,/content/drive/MyDrive/landfill_research/datasets/AerialWaste/Extracted/6085.png
10189,10189.png,n/a,n/a,0,1000,1000,n/a,0,[],0,/content/drive/MyDrive/landfill_research/datasets/AerialWaste/Extracted/10189.png
1443,1443.png,2,Production site,0,1000,1000,2,1,[],1,/content/drive/MyDrive/landfill_research/datasets/AerialWaste/Extracted/1443.png
8705,8705.png,n/a,n/a,0,1000,1000,n/a,0,[],0,/content/drive/MyDrive/landfill_research/datasets/AerialWaste/Extracted/8705.png
6107,6107.png,n/a,n/a,0,1000,1000,n/a,0,[],0,/content/drive/MyDrive/landfill_research/datasets/AerialWaste/Extracted/6107.png
3098,3098.png,n/s,n/s,0,1047,1056,1,1,[],1,/content/drive/MyDrive/landfill_research/datasets/AerialWaste/Extracted/3098.png
4970,4970.png,n/a,n/a,0,1000,1000,n/a,0,[],0,/content/drive/MyDrive/landfill_research/datasets/AerialWaste/Extracted/4970.png
6815,6815.png,n/a,n/a,0,1000,1000,n/a,1,[],1,/content/drive/MyDrive/landfill_research/datasets/AerialWaste/Extracted/6815.png
9565,9565.png,n/a,n/a,0,1000,1000,n/a,0,[],0,/content/drive/MyDrive/landfill_research/datasets/AerialWaste/Extracted/9565.png
10027,10027.png,n/a,n/a,0,1056,1045,n/a,0,[],0,/content/drive/MyDrive/landfill_research/datasets/AerialWaste/Extracted/10027.png
8645,8645.png,n/a,n/a,0,1045,1056,n/a,0,[],0,/content/drive/MyDrive/landfill_research/datasets/AerialWaste/Extracted/8645.png
5621,5621.png,n/a,n/a,0,1000,1000,n/a,0,[],0,/content/drive/MyDrive/landfill_research/datasets/AerialWaste/Extracted/5621.png
8012,8012.png,n/a,n/a,0,1053,1049,n/a,0,[],0,/content/drive/MyDrive/landfill_research/datasets/AerialWaste/Extracted/8012.png
1315,1315.png,2,Production site,0,1000,1000,1,1,[],1,/content/drive/MyDrive/landfill_research/datasets/AerialWaste/Extracted/1315.png
2680,2680.png,n/s,n/s,1,1056,1046,1,1,[17],1,/content/drive/MyDrive/landfill_research/datasets/AerialWaste/Extracted/2680.png
407,407.png,1,Production site,0,1000,1000,1,1,[],1,/content/drive/MyDrive/landfill_research/datasets/AerialWaste/Extracted/407.png
10093,10093.png,n/a,n/a,0,1058,1044,n/a,0,[],0,/content/drive/MyDrive/landfill_research/datasets/AerialWaste/Extracted/10093.png
6295,6295.png,n/a,n/a,0,1000,1000,n/a,0,[],0,/content/drive/MyDrive/landfill_research/datasets/AerialWaste/Extracted/6295.png
11379,11379.png,n/a,n/a,0,1000,1000,n/a,0,[],0,/content/drive/MyDrive/landfill_research/datasets/AerialWaste/Extracted/11379.png
11400,11400.png,n/a,n/a,0,1000,1000,n/a,0,[],0,/content/drive/MyDrive/landfill_research/datasets/AerialWaste/Extracted/11400.png
3921,3921.png,n/a,n/a,0,1000,1000,n/a,0,[],0,/content/drive/MyDrive/landfill_research/datasets/AerialWaste/Extracted/3921.png
4968,4968.png,n/a,n/a,0,1000,1000,n/a,0,[],0,/content/drive/MyDrive/landfill_research/datasets/AerialWaste/Extracted/4968.png
1591,1591.png,2,Agricultural area/farm area,0,1000,1000,1,1,[],1,/content/drive/MyDrive/landfill_research/datasets/AerialWaste/Extracted/1591.png
8359,8359.png,n/a,n/a,0,1038,1065,n/a,0,[],0,/content/drive/MyDrive/landfill_research/datasets/AerialWaste/Extracted/8359.png
5073,5073.png,n/a,n/a,0,1000,1000,n/a,1,[],1,/content/drive/MyDrive/landfill_research/datasets/AerialWaste/Extracted/5073.png
3644,3644.png,n/a,n/a,0,1000,1000,n/a,0,[],0,/content/drive/MyDrive/landfill_research/datasets/AerialWaste/Extracted/3644.png
7922,7922.png,n/a,n/a,0,1046,1056,n/a,0,[],0,/content/drive/MyDrive/landfill_research/datasets/AerialWaste/Extracted/7922.png
2947,2947.png,n/s,n/s,1,1056,1046,3,1,[18],1,/content/drive/MyDrive/landfill_research/datasets/AerialWaste/Extracted/2947.png
11357,11357.png,n/a,n/a,0,1000,1000,n/a,0,[],0,/content/drive/MyDrive/landfill_research/datasets/AerialWaste/Extracted/11357.png
2024,2024.png,2,Non production building,1,1000,1000,2,1,"[1, 2, 16, 19]",1,/content/drive/MyDrive/landfill_research/datasets/AerialWaste/Extracted/2024.png
5126,5126.png,n/a,n/a,0,1000,1000,n/a,0,[],0,/content/drive/MyDrive/landfill_research/datasets/AerialWaste/Extracted/5126.png
4868,4868.png,n/a,n/a,0,1000,1000,n/a,0,[],0,/content/drive/MyDrive/landfill_research/datasets/AerialWaste/Extracted/4868.png
2712,2712.png,n/s,n/s,0,1053,1048,2,1,[],1,/content/drive/MyDrive/landfill_research/datasets/AerialWaste/Extracted/2712.png
6861,6861.png,n/a,n/a,0,696,697,n/a,0,[],0,/content/drive/MyDrive/landfill_research/datasets/AerialWaste/Extracted/6861.png
3111,3111.png,n/s,n/s,0,1056,1045,3,1,[],1,/content/drive/MyDrive/landfill_research/datasets/AerialWaste/Extracted/3111.png
2420,2420.png,2,Degraded area,0,1051,1051,2,1,[],1,/content/drive/MyDrive/landfill_research/datasets/AerialWaste/Extracted/2420.png
11679,11679.png,n/a,n/a,0,1054,1048,n/a,0,[],0,/content/drive/MyDrive/landfill_research/datasets/AerialWaste/Extracted/11679.png
10879,10879.png,2,Abandoned area,1,1000,1000,2,1,[18],1,/content/drive/MyDrive/landfill_research/datasets/AerialWaste/Extracted/10879.png
6304,6304.png,n/a,n/a,0,1000,1000,n/a,0,[],0,/content/drive/MyDrive/landfill_research/datasets/AerialWaste/Extracted/6304.png
2375,2375.png,1,Production site,1,1000,1000,1,1,"[1, 16]",1,/content/drive/MyDrive/landfill_research/datasets/AerialWaste/Extracted/2375.png
6343,6343.png,n/a,n/a,0,1042,1060,n/a,0,[],0,/content/drive/MyDrive/landfill_research/datasets/AerialWaste/Extracted/6343.png
1825,1825.png,1,Production site,0,1000,1000,1,1,[],1,/content/drive/MyDrive/landfill_research/datasets/AerialWaste/Extracted/1825.png
2051,2051.png,3,Production site,1,1000,1000,3,1,"[1, 3, 16, 17, 20]",1,/content/drive/MyDrive/landfill_research/datasets/AerialWaste/Extracted/2051.png
2996,2996.png,n/a,n/a,0,1000,1000,n/a,0,[],0,/content/drive/MyDrive/landfill_research/datasets/AerialWaste/Extracted/2996.png
7588,7588.png,n/a,n/a,0,1055,1047,n/a,0,[],0,/content/drive/MyDrive/landfill_research/datasets/AerialWaste/Extracted/7588.png
9569,9569.png,n/a,n/a,0,1000,1000,n/a,1,[],1,/content/drive/MyDrive/landfill_research/datasets/AerialWaste/Extracted/9569.png
2180,2180.png,2,Degraded area,1,1000,1000,3,1,"[1, 2, 3, 4, 5, 8, 9, 16, 17, 19, 20]",1,/content/drive/MyDrive/landfill_research/datasets/AerialWaste/Extracted/2180.png
3697,3697.png,n/a,n/a,0,1000,1000,n/a,0,[],0,/content/drive/MyDrive/landfill_research/datasets/AerialWaste/Extracted/3697.png
2536,2536.png,n/s,n/s,0,1057,1044,3,1,[],1,/content/drive/MyDrive/landfill_research/datasets/AerialWaste/Extracted/2536.png
6301,6301.png,n/a,n/a,0,1000,1000,n/a,0,[],0,/content/drive/MyDrive/landfill_research/datasets/AerialWaste/Extracted/6301.png
9515,9515.png,n/a,n/a,0,1000,1000,n/a,0,[],0,/content/drive/MyDrive/landfill_research/datasets/AerialWaste/Extracted/9515.png
7425,7425.png,n/a,n/a,0,1053,1048,n/a,0,[],0,/content/drive/MyDrive/landfill_research/datasets/AerialWaste/Extracted/7425.png
11575,11575.png,n/a,n/a,0,1037,1065,n/a,0,[],0,/content/drive/MyDrive/landfill_research/datasets/AerialWaste/Extracted/11575.png
11207,11207.png,n/a,n/a,0,1051,1050,n/a,0,[],0,/content/drive/MyDrive/landfill_research/datasets/AerialWaste/Extracted/11207.png
510,510.png,1,Agricultural area/farm area,1,1000,1000,2,1,"[1, 7, 16, 17]",1,/content/drive/MyDrive/landfill_research/datasets/AerialWaste/Extracted/510.png
5906,5906.png,n/a,n/a,0,1000,1000,n/a,0,[],0,/content/drive/MyDrive/landfill_research/datasets/AerialWaste/Extracted/5906.png
8165,8165.png,1,Degraded area,1,1000,1000,1,0,"[2, 16]",0,/content/drive/MyDrive/landfill_research/datasets/AerialWaste/Extracted/8165.png
917,917.png,n/a,n/a,0,1000,1000,n/a,0,[],0,/content/drive/MyDrive/landfill_research/datasets/AerialWaste/Extracted/917.png
224,224.png,n/a,n/a,0,1000,1000,n/a,0,[],0,/content/drive/MyDrive/landfill_research/datasets/AerialWaste/Extracted/224.png
2888,2888.png,n/s,n/s,0,1055,1047,2,1,[],1,/content/drive/MyDrive/landfill_research/datasets/AerialWaste/Extracted/2888.png
10480,10480.png,n/a,n/a,0,1000,1000,n/a,0,[],0,/content/drive/MyDrive/landfill_research/datasets/AerialWaste/Extracted/10480.png
827,827.png,2,Production site,0,1000,1000,1,1,[],1,/content/drive/MyDrive/landfill_research/datasets/AerialWaste/Extracted/827.png
6768,6768.png,n/a,n/a,0,1000,1000,n/a,1,[],1,/content/drive/MyDrive/landfill_research/datasets/AerialWaste/Extracted/6768.png
9562,9562.png,n/a,n/a,0,1000,1000,n/a,0,[],0,/content/drive/MyDrive/landfill_research/datasets/AerialWaste/Extracted/9562.png
10408,10408.png,n/a,n/a,0,1000,1000,n/a,0,[],0,/content/drive/MyDrive/landfill_research/datasets/AerialWaste/Extracted/10408.png
368,368.png,1,Production site,0,1000,1000,1,1,[],1,/content/drive/MyDrive/landfill_research/datasets/AerialWaste/Extracted/368.png
9736,9736.png,n/a,n/a,0,1000,1000,n/a,0,[],0,/content/drive/MyDrive/landfill_research/datasets/AerialWaste/Extracted/9736.png
923,923.png,3,Production site,0,1000,1000,1,1,[],1,/content/drive/MyDrive/landfill_research/datasets/AerialWaste/Extracted/923.png
11091,11091.png,2,Degraded area,1,1000,1000,2,1,"[10, 1, 16]",1,/content/drive/MyDrive/landfill_research/datasets/AerialWaste/Extracted/11091.png
11187,11187.png,n/a,n/a,0,1000,1000,n/a,0,[],0,/content/drive/MyDrive/landfill_research/datasets/AerialWaste/Extracted/11187.png
1244,1244.png,2,Production site,0,1000,1000,2,1,[],1,/content/drive/MyDrive/landfill_research/datasets/AerialWaste/Extracted/1244.png
8655,8655.png,n/a,n/a,0,1055,1047,n/a,0,[],0,/content/drive/MyDrive/landfill_research/datasets/AerialWaste/Extracted/8655.png
10829,10829.png,3,Non production building,1,1000,1000,3,1,"[2, 1, 6, 16, 22]",1,/content/drive/MyDrive/landfill_research/datasets/AerialWaste/Extracted/10829.png
4998,4998.png,n/a,n/a,0,1000,1000,n/a,0,[],0,/content/drive/MyDrive/landfill_research/datasets/AerialWaste/Extracted/4998.png
3612,3612.png,n/a,n/a,0,1000,1000,n/a,0,[],0,/content/drive/MyDrive/landfill_research/datasets/AerialWaste/Extracted/3612.png
2394,2394.png,2,Degraded area,0,1052,1049,2,1,[],1,/content/drive/MyDrive/landfill_research/datasets/AerialWaste/Extracted/2394.png
9174,9174.png,n/a,n/a,0,1000,1000,n/a,0,[],0,/content/drive/MyDrive/landfill_research/datasets/AerialWaste/Extracted/9174.png
10133,10133.png,n/a,n/a,0,1055,1047,n/a,0,[],0,/content/drive/MyDrive/landfill_research/datasets/AerialWaste/Extracted/10133.png
6425,6425.png,n/a,n/a,0,1000,1000,n/a,0,[],0,/content/drive/MyDrive/landfill_research/datasets/AerialWaste/Extracted/6425.png
3122,3122.png,n/s,n/s,0,1042,1060,1,1,[],1,/content/drive/MyDrive/landfill_research/datasets/AerialWaste/Extracted/3122.png
8133,8133.png,n/a,n/a,0,1056,1046,n/a,0,[],0,/content/drive/MyDrive/landfill_research/datasets/AerialWaste/Extracted/8133.png
75,75.png,2,Production site,0,1000,1000,1,1,[],1,/content/drive/MyDrive/landfill_research/datasets/AerialWaste/Extracted/75.png
227,227.png,2,Agricultural area/farm area,0,1000,1000,1,1,[],1,/content/drive/MyDrive/landfill_research/datasets/AerialWaste/Extracted/227.png
3713,3713.png,n/a,n/a,0,1000,1000,n/a,0,[],0,/content/drive/MyDrive/landfill_research/datasets/AerialWaste/Extracted/3713.png
7093,7093.png,n/a,n/a,0,696,697,n/a,0,[],0,/content/drive/MyDrive/landfill_research/datasets/AerialWaste/Extracted/7093.png
6637,6637.png,n/a,n/a,0,1000,1000,n/a,0,[],0,/content/drive/MyDrive/landfill_research/datasets/AerialWaste/Extracted/6637.png
8099,8099.png,n/a,n/a,0,1055,1047,n/a,0,[],0,/content/drive/MyDrive/landfill_research/datasets/AerialWaste/Extracted/8099.png
2920,2920.png,n/s,n/s,0,1052,1050,3,0,[],0,/content/drive/MyDrive/landfill_research/datasets/AerialWaste/Extracted/2920.png
6785,6785.png,n/a,n/a,0,1000,1000,n/a,0,[],0,/content/drive/MyDrive/landfill_research/datasets/AerialWaste/Extracted/6785.png
10103,10103.png,n/a,n/a,0,1055,1046,n/a,0,[],0,/content/drive/MyDrive/landfill_research/datasets/AerialWaste/Extracted/10103.png
4364,4364.png,n/a,n/a,0,1000,1000,n/a,0,[],0,/content/drive/MyDrive/landfill_research/datasets/AerialWaste/Extracted/4364.png
11204,11204.png,n/a,n/a,0,1041,1060,n/a,0,[],0,/content/drive/MyDrive/landfill_research/datasets/AerialWaste/Extracted/11204.png
6705,6705.png,n/a,n/a,0,1000,1000,n/a,0,[],0,/content/drive/MyDrive/landfill_research/datasets/AerialWaste/Extracted/6705.png
6880,6880.png,n/a,n/a,0,1055,1046,n/a,0,[],0,/content/drive/MyDrive/landfill_research/datasets/AerialWaste/Extracted/6880.png
4720,4720.png,n/a,n/a,0,1000,1000,n/a,0,[],0,/content/drive/MyDrive/landfill_research/datasets/AerialWaste/Extracted/4720.png
1020,1020.png,2,Abandoned area,0,1000,1000,1,1,[],1,/content/drive/MyDrive/landfill_research/datasets/AerialWaste/Extracted/1020.png
6715,6715.png,n/a,n/a,0,1000,1000,n/a,0,[],0,/content/drive/MyDrive/landfill_research/datasets/AerialWaste/Extracted/6715.png
8236,8236.png,n/a,n/a,0,1058,1043,n/a,0,[],0,/content/drive/MyDrive/landfill_research/datasets/AerialWaste/Extracted/8236.png
8160,8160.png,n/a,n/a,0,1046,1057,n/a,0,[],0,/content/drive/MyDrive/landfill_research/datasets/AerialWaste/Extracted/8160.png
6407,6407.png,n/a,n/a,0,1000,1000,n/a,0,[],0,/content/drive/MyDrive/landfill_research/datasets/AerialWaste/Extracted/6407.png
9499,9499.png,n/a,n/a,0,1000,1000,n/a,0,[],0,/content/drive/MyDrive/landfill_research/datasets/AerialWaste/Extracted/9499.png
7596,7596.png,n/a,n/a,0,1051,1050,n/a,0,[],0,/content/drive/MyDrive/landfill_research/datasets/AerialWaste/Extracted/7596.png
1693,1693.png,2,Production site,0,1000,1000,1,1,[],1,/content/drive/MyDrive/landfill_research/datasets/AerialWaste/Extracted/1693.png
7037,7037.png,n/a,n/a,0,1000,1000,n/a,0,[],0,/content/drive/MyDrive/landfill_research/datasets/AerialWaste/Extracted/7037.png
2289,2289.png,3,Non production building,1,1000,1000,2,1,"[2, 5, 16, 17, 19, 21]",1,/content/drive/MyDrive/landfill_research/datasets/AerialWaste/Extracted/2289.png
7228,7228.png,n/a,n/a,0,1050,1052,n/a,0,[],0,/content/drive/MyDrive/landfill_research/datasets/AerialWaste/Extracted/7228.png
4982,4982.png,n/a,n/a,0,1000,1000,n/a,0,[],0,/content/drive/MyDrive/landfill_research/datasets/AerialWaste/Extracted/4982.png
24,24.png,3,Production site,0,1000,1000,3,0,[],0,/content/drive/MyDrive/landfill_research/datasets/AerialWaste/Extracted/24.png
2217,2217.png,2,Degraded area,1,1000,1000,2,1,"[1, 2, 16]",1,/content/drive/MyDrive/landfill_research/datasets/AerialWaste/Extracted/2217.png
645,645.png,n/a,n/a,0,1000,1000,n/a,0,[],0,/content/drive/MyDrive/landfill_research/datasets/AerialWaste/Extracted/645.png
7413,7413.png,n/a,n/a,0,1054,1048,n/a,0,[],0,/content/drive/MyDrive/landfill_research/datasets/AerialWaste/Extracted/7413.png
8228,8228.png,n/a,n/a,0,1058,1044,n/a,0,[],0,/content/drive/MyDrive/landfill_research/datasets/AerialWaste/Extracted/8228.png
4581,4581.png,n/a,n/a,0,1000,1000,n/a,0,[],0,/content/drive/MyDrive/landfill_research/datasets/AerialWaste/Extracted/4581.png
10928,10928.png,n/a,n/a,0,1000,1000,n/a,0,[],0,/content/drive/MyDrive/landfill_research/datasets/AerialWaste/Extracted/10928.png
419,419.png,1,Production site,0,1000,1000,1,1,[],1,/content/drive/MyDrive/landfill_research/datasets/AerialWaste/Extracted/419.png
5435,5435.png,n/a,n/a,0,1000,1000,n/a,0,[],0,/content/drive/MyDrive/landfill_research/datasets/AerialWaste/Extracted/5435.png
10830,10830.png,n/a,n/a,0,1000,1000,n/a,0,[],0,/content/drive/MyDrive/landfill_research/datasets/AerialWaste/Extracted/10830.png
8224,8224.png,n/a,n/a,0,1058,1043,n/a,0,[],0,/content/drive/MyDrive/landfill_research/datasets/AerialWaste/Extracted/8224.png
7400,7400.png,n/a,n/a,0,1053,1049,n/a,0,[],0,/content/drive/MyDrive/landfill_research/datasets/AerialWaste/Extracted/7400.png
9753,9753.png,n/a,n/a,0,1048,1054,n/a,0,[],0,/content/drive/MyDrive/landfill_research/datasets/AerialWaste/Extracted/9753.png
3797,3797.png,n/a,n/a,0,1000,1000,n/a,1,[],1,/content/drive/MyDrive/landfill_research/datasets/AerialWaste/Extracted/3797.png
3119,3119.png,n/s,n/s,0,1056,1045,2,1,[],1,/content/drive/MyDrive/landfill_research/datasets/AerialWaste/Extracted/3119.png
5595,5595.png,n/a,n/a,0,1000,1000,n/a,0,[],0,/content/drive/MyDrive/landfill_research/datasets/AerialWaste/Extracted/5595.png
2090,2090.png,1,Agricultural area/farm area,1,1000,1000,1,1,"[1, 2, 4, 5, 16]",1,/content/drive/MyDrive/landfill_research/datasets/AerialWaste/Extracted/2090.png
9929,9929.png,n/a,n/a,0,1000,1000,n/a,0,[],0,/content/drive/MyDrive/landfill_research/datasets/AerialWaste/Extracted/9929.png
6750,6750.png,n/a,n/a,0,1000,1000,n/a,0,[],0,/content/drive/MyDrive/landfill_research/datasets/AerialWaste/Extracted/6750.png
10244,10244.png,n/a,n/a,0,1051,1051,n/a,0,[],0,/content/drive/MyDrive/landfill_research/datasets/AerialWaste/Extracted/10244.png
6365,6365.png,n/a,n/a,0,1000,1000,n/a,0,[],0,/content/drive/MyDrive/landfill_research/datasets/AerialWaste/Extracted/6365.png
739,739.png,1,Production site,0,1000,1000,1,1,[],1,/content/drive/MyDrive/landfill_research/datasets/AerialWaste/Extracted/739.png
4072,4072.png,n/a,n/a,0,1000,1000,n/a,0,[],0,/content/drive/MyDrive/landfill_research/datasets/AerialWaste/Extracted/4072.png
10259,10259.png,n/a,n/a,0,1042,1060,n/a,0,[],0,/content/drive/MyDrive/landfill_research/datasets/AerialWaste/Extracted/10259.png
6614,6614.png,n/a,n/a,0,1000,1000,n/a,1,[],1,/content/drive/MyDrive/landfill_research/datasets/AerialWaste/Extracted/6614.png
4535,4535.png,n/a,n/a,0,1000,1000,n/a,0,[],0,/content/drive/MyDrive/landfill_research/datasets/AerialWaste/Extracted/4535.png
149,149.png,1,Agricultural area/farm area,0,1000,1000,2,1,[],1,/content/drive/MyDrive/landfill_research/datasets/AerialWaste/Extracted/149.png
7363,7363.png,2,Production site,1,1000,1000,2,1,"[9, 2, 3, 4, 16]",1,/content/drive/MyDrive/landfill_research/datasets/AerialWaste/Extracted/7363.png
526,526.png,n/a,n/a,0,1000,1000,n/a,0,[],0,/content/drive/MyDrive/landfill_research/datasets/AerialWaste/Extracted/526.png
2489,2489.png,n/s,n/s,1,1054,1048,1,1,[3],1,/content/drive/MyDrive/landfill_research/datasets/AerialWaste/Extracted/2489.png
597,597.png,1,Agricultural area/farm area,0,1000,1000,2,1,[],1,/content/drive/MyDrive/landfill_research/datasets/AerialWaste/Extracted/597.png
1819,1819.png,1,Production site,0,1000,1000,1,1,[],1,/content/drive/MyDrive/landfill_research/datasets/AerialWaste/Extracted/1819.png
6996,6996.png,n/a,n/a,0,1055,1047,n/a,0,[],0,/content/drive/MyDrive/landfill_research/datasets/AerialWaste/Extracted/6996.png
7448,7448.png,n/a,n/a,0,1053,1049,n/a,0,[],0,/content/drive/MyDrive/landfill_research/datasets/AerialWaste/Extracted/7448.png
10799,10799.png,2,Production site,1,1044,1057,1,1,"[2, 19, 16]",1,/content/drive/MyDrive/landfill_research/datasets/AerialWaste/Extracted/10799.png
10028,10028.png,n/a,n/a,0,1056,1046,n/a,0,[],0,/content/drive/MyDrive/landfill_research/datasets/AerialWaste/Extracted/10028.png
8244,8244.png,3,Production site,1,1000,1000,3,0,"[2, 20]",0,/content/drive/MyDrive/landfill_research/datasets/AerialWaste/Extracted/8244.png
2206,2206.png,2,Degraded area,1,1000,1000,3,1,"[1, 2, 5, 7, 16]",1,/content/drive/MyDrive/landfill_research/datasets/AerialWaste/Extracted/2206.png
5224,5224.png,n/a,n/a,0,1000,1000,n/a,0,[],0,/content/drive/MyDrive/landfill_research/datasets/AerialWaste/Extracted/5224.png
9568,9568.png,n/a,n/a,0,1000,1000,n/a,1,[],1,/content/drive/MyDrive/landfill_research/datasets/AerialWaste/Extracted/9568.png
1776,1776.png,2,Non production building,0,1000,1000,2,1,[],1,/content/drive/MyDrive/landfill_research/datasets/AerialWaste/Extracted/1776.png
4033,4033.png,n/a,n/a,0,1000,1000,n/a,0,[],0,/content/drive/MyDrive/landfill_research/datasets/AerialWaste/Extracted/4033.png
2507,2507.png,n/a,n/a,0,1000,1000,n/a,0,[],0,/content/drive/MyDrive/landfill_research/datasets/AerialWaste/Extracted/2507.png
6126,6126.png,n/a,n/a,0,1000,1000,n/a,1,[],1,/content/drive/MyDrive/landfill_research/datasets/AerialWaste/Extracted/6126.png
4434,4434.png,n/a,n/a,0,1000,1000,n/a,0,[],0,/content/drive/MyDrive/landfill_research/datasets/AerialWaste/Extracted/4434.png
10170,10170.png,n/a,n/a,0,1056,1046,n/a,0,[],0,/content/drive/MyDrive/landfill_research/datasets/AerialWaste/Extracted/10170.png
6062,6062.png,n/a,n/a,0,1000,1000,n/a,0,[],0,/content/drive/MyDrive/landfill_research/datasets/AerialWaste/Extracted/6062.png
5740,5740.png,n/a,n/a,0,1000,1000,n/a,0,[],0,/content/drive/MyDrive/landfill_research/datasets/AerialWaste/Extracted/5740.png
9959,9959.png,n/a,n/a,0,1042,1060,n/a,0,[],0,/content/drive/MyDrive/landfill_research/datasets/AerialWaste/Extracted/9959.png
4383,4383.png,n/a,n/a,0,1000,1000,n/a,0,[],0,/content/drive/MyDrive/landfill_research/datasets/AerialWaste/Extracted/4383.png
4940,4940.png,n/a,n/a,0,1000,1000,n/a,1,[],1,/content/drive/MyDrive/landfill_research/datasets/AerialWaste/Extracted/4940.png
11007,11007.png,2,Degraded area,1,1000,1000,3,1,"[2, 14, 1, 5, 7, 4, 6, 19, 16]",1,/content/drive/MyDrive/landfill_research/datasets/AerialWaste/Extracted/11007.png
4465,4465.png,n/a,n/a,0,1000,1000,n/a,0,[],0,/content/drive/MyDrive/landfill_research/datasets/AerialWaste/Extracted/4465.png
9357,9357.png,n/a,n/a,0,1048,1054,n/a,0,[],0,/content/drive/MyDrive/landfill_research/datasets/AerialWaste/Extracted/9357.png
8497,8497.png,n/a,n/a,0,1038,1064,n/a,0,[],0,/content/drive/MyDrive/landfill_research/datasets/AerialWaste/Extracted/8497.png
6752,6752.png,n/a,n/a,0,1000,1000,n/a,0,[],0,/content/drive/MyDrive/landfill_research/datasets/AerialWaste/Extracted/6752.png
3154,3154.png,n/s,n/s,0,1045,1056,1,1,[],1,/content/drive/MyDrive/landfill_research/datasets/AerialWaste/Extracted/3154.png
715,715.png,3,Agricultural area/farm area,0,1000,1000,1,0,[],0,/content/drive/MyDrive/landfill_research/datasets/AerialWaste/Extracted/715.png
1494,1494.png,3,Agricultural area/farm area,0,1000,1000,3,1,[],1,/content/drive/MyDrive/landfill_research/datasets/AerialWaste/Extracted/1494.png
2809,2809.png,n/s,n/s,0,1057,1044,1,1,[],1,/content/drive/MyDrive/landfill_research/datasets/AerialWaste/Extracted/2809.png
6176,6176.png,n/a,n/a,0,1000,1000,n/a,0,[],0,/content/drive/MyDrive/landfill_research/datasets/AerialWaste/Extracted/6176.png
2406,2406.png,1,Degraded area,0,1051,1050,2,1,[],1,/content/drive/MyDrive/landfill_research/datasets/AerialWaste/Extracted/2406.png
6294,6294.png,n/a,n/a,0,1000,1000,n/a,0,[],0,/content/drive/MyDrive/landfill_research/datasets/AerialWaste/Extracted/6294.png
9672,9672.png,n/a,n/a,0,1000,1000,n/a,0,[],0,/content/drive/MyDrive/landfill_research/datasets/AerialWaste/Extracted/9672.png
542,542.png,2,Non production building,0,1000,1000,2,1,[],1,/content/drive/MyDrive/landfill_research/datasets/AerialWaste/Extracted/542.png
2391,2391.png,1,Production site,1,696,698,2,1,"[2, 3, 4, 5, 16, 22]",1,/content/drive/MyDrive/landfill_research/datasets/AerialWaste/Extracted/2391.png
5977,5977.png,n/a,n/a,0,1000,1000,n/a,0,[],0,/content/drive/MyDrive/landfill_research/datasets/AerialWaste/Extracted/5977.png
5378,5378.png,n/a,n/a,0,1000,1000,n/a,0,[],0,/content/drive/MyDrive/landfill_research/datasets/AerialWaste/Extracted/5378.png
10606,10606.png,n/a,n/a,0,1000,1000,n/a,0,[],0,/content/drive/MyDrive/landfill_research/datasets/AerialWaste/Extracted/10606.png
10458,10458.png,n/a,n/a,0,1000,1000,n/a,0,[],0,/content/drive/MyDrive/landfill_research/datasets/AerialWaste/Extracted/10458.png
5488,5488.png,n/a,n/a,0,1000,1000,n/a,0,[],0,/content/drive/MyDrive/landfill_research/datasets/AerialWaste/Extracted/5488.png
1600,1600.png,1,Agricultural area/farm area,0,1000,1000,1,1,[],1,/content/drive/MyDrive/landfill_research/datasets/AerialWaste/Extracted/1600.png
11001,11001.png,n/a,n/a,0,1000,1000,n/a,0,[],0,/content/drive/MyDrive/landfill_research/datasets/AerialWaste/Extracted/11001.png
507,507.png,1,Production site,0,1000,1000,1,1,[],1,/content/drive/MyDrive/landfill_research/datasets/AerialWaste/Extracted/507.png
1247,1247.png,1,Agricultural area/farm area,0,1000,1000,1,1,[],1,/content/drive/MyDrive/landfill_research/datasets/AerialWaste/Extracted/1247.png
3170,3170.png,n/s,n/s,0,1044,1058,1,1,[],1,/content/drive/MyDrive/landfill_research/datasets/AerialWaste/Extracted/3170.png
6687,6687.png,n/a,n/a,0,1000,1000,n/a,0,[],0,/content/drive/MyDrive/landfill_research/datasets/AerialWaste/Extracted/6687.png
8158,8158.png,n/a,n/a,0,1047,1055,n/a,0,[],0,/content/drive/MyDrive/landfill_research/datasets/AerialWaste/Extracted/8158.png
6498,6498.png,n/a,n/a,0,1000,1000,n/a,0,[],0,/content/drive/MyDrive/landfill_research/datasets/AerialWaste/Extracted/6498.png
341,341.png,1,Production site,0,1000,1000,1,1,[],1,/content/drive/MyDrive/landfill_research/datasets/AerialWaste/Extracted/341.png
10488,10488.png,n/a,n/a,0,1000,1000,n/a,0,[],0,/content/drive/MyDrive/landfill_research/datasets/AerialWaste/Extracted/10488.png
8757,8757.png,n/a,n/a,0,1000,1000,n/a,1,[],1,/content/drive/MyDrive/landfill_research/datasets/AerialWaste/Extracted/8757.png
11435,11435.png,n/a,n/a,0,1054,1048,n/a,0,[],0,/content/drive/MyDrive/landfill_research/datasets/AerialWaste/Extracted/11435.png
3441,3441.png,n/s,n/s,0,1045,1057,n/s,1,[],1,/content/drive/MyDrive/landfill_research/datasets/AerialWaste/Extracted/3441.png
4567,4567.png,n/a,n/a,0,1000,1000,n/a,0,[],0,/content/drive/MyDrive/landfill_research/datasets/AerialWaste/Extracted/4567.png
2689,2689.png,n/s,n/s,0,1057,1045,3,1,[],1,/content/drive/MyDrive/landfill_research/datasets/AerialWaste/Extracted/2689.png
11226,11226.png,n/a,n/a,0,1000,1000,n/a,0,[],0,/content/drive/MyDrive/landfill_research/datasets/AerialWaste/Extracted/11226.png
7704,7704.png,n/a,n/a,0,1055,1047,n/a,0,[],0,/content/drive/MyDrive/landfill_research/datasets/AerialWaste/Extracted/7704.png
4814,4814.png,n/a,n/a,0,1000,1000,n/a,0,[],0,/content/drive/MyDrive/landfill_research/datasets/AerialWaste/Extracted/4814.png
248,248.png,n/a,n/a,0,1000,1000,n/a,0,[],0,/content/drive/MyDrive/landfill_research/datasets/AerialWaste/Extracted/248.png
6898,6898.png,n/a,n/a,0,1056,1046,n/a,0,[],0,/content/drive/MyDrive/landfill_research/datasets/AerialWaste/Extracted/6898.png
11181,11181.png,n/a,n/a,0,1000,1000,n/a,0,[],0,/content/drive/MyDrive/landfill_research/datasets/AerialWaste/Extracted/11181.png
18,18.png,2,Agricultural area/farm area,0,1000,1000,2,1,[],1,/content/drive/MyDrive/landfill_research/datasets/AerialWaste/Extracted/18.png
9009,9009.png,n/a,n/a,0,1038,1063,n/a,0,[],0,/content/drive/MyDrive/landfill_research/datasets/AerialWaste/Extracted/9009.png
7676,7676.png,n/a,n/a,0,1051,1051,n/a,0,[],0,/content/drive/MyDrive/landfill_research/datasets/AerialWaste/Extracted/7676.png
8765,8765.png,n/a,n/a,0,1000,1000,n/a,0,[],0,/content/drive/MyDrive/landfill_research/datasets/AerialWaste/Extracted/8765.png
72,72.png,1,Agricultural area/farm area,0,1000,1000,1,1,[],1,/content/drive/MyDrive/landfill_research/datasets/AerialWaste/Extracted/72.png
10899,10899.png,2,Production site,1,1045,1057,2,1,"[2, 3, 6, 19, 21]",1,/content/drive/MyDrive/landfill_research/datasets/AerialWaste/Extracted/10899.png
9347,9347.png,n/a,n/a,0,1000,1000,n/a,0,[],0,/content/drive/MyDrive/landfill_research/datasets/AerialWaste/Extracted/9347.png
5615,5615.png,n/a,n/a,0,1000,1000,n/a,0,[],0,/content/drive/MyDrive/landfill_research/datasets/AerialWaste/Extracted/5615.png
10573,10573.png,n/a,n/a,0,1045,1056,n/a,0,[],0,/content/drive/MyDrive/landfill_research/datasets/AerialWaste/Extracted/10573.png
6657,6657.png,n/a,n/a,0,1000,1000,n/a,0,[],0,/content/drive/MyDrive/landfill_research/datasets/AerialWaste/Extracted/6657.png
7366,7366.png,n/a,n/a,0,1055,1047,n/a,0,[],0,/content/drive/MyDrive/landfill_research/datasets/AerialWaste/Extracted/7366.png
9563,9563.png,n/a,n/a,0,1000,1000,n/a,0,[],0,/content/drive/MyDrive/landfill_research/datasets/AerialWaste/Extracted/9563.png
10619,10619.png,n/a,n/a,0,1000,1000,n/a,0,[],0,/content/drive/MyDrive/landfill_research/datasets/AerialWaste/Extracted/10619.png
7208,7208.png,n/a,n/a,0,1051,1051,n/a,0,[],0,/content/drive/MyDrive/landfill_research/datasets/AerialWaste/Extracted/7208.png
1203,1203.png,2,Degraded area,0,1000,1000,1,1,[],1,/content/drive/MyDrive/landfill_research/datasets/AerialWaste/Extracted/1203.png
4484,4484.png,n/a,n/a,0,1000,1000,n/a,0,[],0,/content/drive/MyDrive/landfill_research/datasets/AerialWaste/Extracted/4484.png
6258,6258.png,n/a,n/a,0,1000,1000,n/a,0,[],0,/content/drive/MyDrive/landfill_research/datasets/AerialWaste/Extracted/6258.png
4706,4706.png,n/a,n/a,0,1000,1000,n/a,0,[],0,/content/drive/MyDrive/landfill_research/datasets/AerialWaste/Extracted/4706.png
5355,5355.png,n/a,n/a,0,1000,1000,n/a,0,[],0,/content/drive/MyDrive/landfill_research/datasets/AerialWaste/Extracted/5355.png
963,963.png,0,Other,1,1000,1000,0,1,[17],1,/content/drive/MyDrive/landfill_research/datasets/AerialWaste/Extracted/963.png
7719,7719.png,n/a,n/a,0,1055,1047,n/a,0,[],0,/content/drive/MyDrive/landfill_research/datasets/AerialWaste/Extracted/7719.png
4300,4300.png,n/a,n/a,0,1000,1000,n/a,0,[],0,/content/drive/MyDrive/landfill_research/datasets/AerialWaste/Extracted/4300.png
1567,1567.png,n/a,n/a,0,1000,1000,n/a,0,[],0,/content/drive/MyDrive/landfill_research/datasets/AerialWaste/Extracted/1567.png
3144,3144.png,n/s,n/s,1,1058,1044,1,1,"[17, 18]",1,/content/drive/MyDrive/landfill_research/datasets/AerialWaste/Extracted/3144.png
10056,10056.png,n/a,n/a,0,1055,1047,n/a,0,[],0,/content/drive/MyDrive/landfill_research/datasets/AerialWaste/Extracted/10056.png
5478,5478.png,n/a,n/a,0,1037,1065,n/a,0,[],0,/content/drive/MyDrive/landfill_research/datasets/AerialWaste/Extracted/5478.png
6466,6466.png,n/a,n/a,0,1000,1000,n/a,0,[],0,/content/drive/MyDrive/landfill_research/datasets/AerialWaste/Extracted/6466.png
3951,3951.png,n/a,n/a,0,1000,1000,n/a,0,[],0,/content/drive/MyDrive/landfill_research/datasets/AerialWaste/Extracted/3951.png
2922,2922.png,n/s,n/s,0,1052,1049,2,1,[],1,/content/drive/MyDrive/landfill_research/datasets/AerialWaste/Extracted/2922.png
6096,6096.png,n/a,n/a,0,1000,1000,n/a,0,[],0,/content/drive/MyDrive/landfill_research/datasets/AerialWaste/Extracted/6096.png
10413,10413.png,n/a,n/a,0,1035,1067,n/a,1,[],1,/content/drive/MyDrive/landfill_research/datasets/AerialWaste/Extracted/10413.png
8214,8214.png,n/a,n/a,0,1052,1050,n/a,0,[],0,/content/drive/MyDrive/landfill_research/datasets/AerialWaste/Extracted/8214.png
2541,2541.png,n/s,n/s,1,1058,1044,2,1,[18],1,/content/drive/MyDrive/landfill_research/datasets/AerialWaste/Extracted/2541.png
4427,4427.png,n/a,n/a,0,1000,1000,n/a,0,[],0,/content/drive/MyDrive/landfill_research/datasets/AerialWaste/Extracted/4427.png
496,496.png,1,Agricultural area/farm area,0,1000,1000,2,1,[],1,/content/drive/MyDrive/landfill_research/datasets/AerialWaste/Extracted/496.png
2405,2405.png,1,Degraded area,0,1051,1050,2,1,[],1,/content/drive/MyDrive/landfill_research/datasets/AerialWaste/Extracted/2405.png
1312,1312.png,1,Production site,0,1000,1000,1,1,[],1,/content/drive/MyDrive/landfill_research/datasets/AerialWaste/Extracted/1312.png
2287,2287.png,1,Production site,1,1000,1000,2,1,"[3, 16]",1,/content/drive/MyDrive/landfill_research/datasets/AerialWaste/Extracted/2287.png
11324,11324.png,n/a,n/a,0,1000,1000,n/a,0,[],0,/content/drive/MyDrive/landfill_research/datasets/AerialWaste/Extracted/11324.png
11103,11103.png,n/a,n/a,0,1037,1065,n/a,0,[],0,/content/drive/MyDrive/landfill_research/datasets/AerialWaste/Extracted/11103.png
9464,9464.png,n/a,n/a,0,1000,1000,n/a,0,[],0,/content/drive/MyDrive/landfill_research/datasets/AerialWaste/Extracted/9464.png
11047,11047.png,2,Degraded area,1,1000,1000,2,1,"[2, 3, 5, 16]",1,/content/drive/MyDrive/landfill_research/datasets/AerialWaste/Extracted/11047.png
10476,10476.png,n/a,n/a,0,1000,1000,n/a,0,[],0,/content/drive/MyDrive/landfill_research/datasets/AerialWaste/Extracted/10476.png
10636,10636.png,n/a,n/a,0,1000,1000,n/a,0,[],0,/content/drive/MyDrive/landfill_research/datasets/AerialWaste/Extracted/10636.png
3113,3113.png,n/s,n/s,0,1056,1046,3,0,[],0,/content/drive/MyDrive/landfill_research/datasets/AerialWaste/Extracted/3113.png
5798,5798.png,n/a,n/a,0,1000,1000,n/a,0,[],0,/content/drive/MyDrive/landfill_research/datasets/AerialWaste/Extracted/5798.png
538,538.png,2,Degraded area,0,1000,1000,2,1,[],1,/content/drive/MyDrive/landfill_research/datasets/AerialWaste/Extracted/538.png
9708,9708.png,n/a,n/a,0,1000,1000,n/a,0,[],0,/content/drive/MyDrive/landfill_research/datasets/AerialWaste/Extracted/9708.png
1922,1922.png,2,Degraded area,1,1000,1000,1,1,"[1, 2, 16, 21]",1,/content/drive/MyDrive/landfill_research/datasets/AerialWaste/Extracted/1922.png
11085,11085.png,1,Production site,1,1046,1055,2,1,"[2, 19, 18]",1,/content/drive/MyDrive/landfill_research/datasets/AerialWaste/Extracted/11085.png
10651,10651.png,n/a,n/a,0,1000,1000,n/a,0,[],0,/content/drive/MyDrive/landfill_research/datasets/AerialWaste/Extracted/10651.png
11665,11665.png,n/a,n/a,0,1044,1058,n/a,0,[],0,/content/drive/MyDrive/landfill_research/datasets/AerialWaste/Extracted/11665.png
8855,8855.png,n/a,n/a,0,1000,1000,n/a,0,[],0,/content/drive/MyDrive/landfill_research/datasets/AerialWaste/Extracted/8855.png
4876,4876.png,n/a,n/a,0,1000,1000,n/a,0,[],0,/content/drive/MyDrive/landfill_research/datasets/AerialWaste/Extracted/4876.png
6645,6645.png,n/a,n/a,0,1000,1000,n/a,1,[],1,/content/drive/MyDrive/landfill_research/datasets/AerialWaste/Extracted/6645.png
155,155.png,0,Production site,1,1000,1000,0,1,[6],1,/content/drive/MyDrive/landfill_research/datasets/AerialWaste/Extracted/155.png
2052,2052.png,2,Degraded area,1,1000,1000,3,1,"[1, 2, 3, 4, 16]",1,/content/drive/MyDrive/landfill_research/datasets/AerialWaste/Extracted/2052.png
211,211.png,1,Degraded area,0,1000,1000,2,1,[],1,/content/drive/MyDrive/landfill_research/datasets/AerialWaste/Extracted/211.png
10350,10350.png,n/a,n/a,0,1045,1058,n/a,0,[],0,/content/drive/MyDrive/landfill_research/datasets/AerialWaste/Extracted/10350.png
10921,10921.png,n/a,n/a,0,1000,1000,n/a,0,[],0,/content/drive/MyDrive/landfill_research/datasets/AerialWaste/Extracted/10921.png
8911,8911.png,1,Other,1,1000,1000,1,1,[2],1,/content/drive/MyDrive/landfill_research/datasets/AerialWaste/Extracted/8911.png
10948,10948.png,2,Production site,1,1000,1000,2,1,"[1, 16]",1,/content/drive/MyDrive/landfill_research/datasets/AerialWaste/Extracted/10948.png
10302,10302.png,n/a,n/a,0,1049,1052,n/a,0,[],0,/content/drive/MyDrive/landfill_research/datasets/AerialWaste/Extracted/10302.png
5672,5672.png,n/a,n/a,0,1000,1000,n/a,0,[],0,/content/drive/MyDrive/landfill_research/datasets/AerialWaste/Extracted/5672.png
234,234.png,n/a,n/a,0,1000,1000,n/a,0,[],0,/content/drive/MyDrive/landfill_research/datasets/AerialWaste/Extracted/234.png
6297,6297.png,n/a,n/a,0,1000,1000,n/a,0,[],0,/content/drive/MyDrive/landfill_research/datasets/AerialWaste/Extracted/6297.png
3590,3590.png,n/a,n/a,0,1000,1000,n/a,0,[],0,/content/drive/MyDrive/landfill_research/datasets/AerialWaste/Extracted/3590.png
7960,7960.png,n/a,n/a,0,1050,1051,n/a,0,[],0,/content/drive/MyDrive/landfill_research/datasets/AerialWaste/Extracted/7960.png
9908,9908.png,n/a,n/a,0,1000,1000,n/a,0,[],0,/content/drive/MyDrive/landfill_research/datasets/AerialWaste/Extracted/9908.png
6831,6831.png,n/a,n/a,0,1000,1000,n/a,1,[],1,/content/drive/MyDrive/landfill_research/datasets/AerialWaste/Extracted/6831.png
8826,8826.png,1,Agricultural area/farm area,1,1000,1000,1,1,"[10, 1, 16]",1,/content/drive/MyDrive/landfill_research/datasets/AerialWaste/Extracted/8826.png
1217,1217.png,2,Agricultural area/farm area,0,1000,1000,1,1,[],1,/content/drive/MyDrive/landfill_research/datasets/AerialWaste/Extracted/1217.png
4172,4172.png,n/a,n/a,0,1000,1000,n/a,0,[],0,/content/drive/MyDrive/landfill_research/datasets/AerialWaste/Extracted/4172.png
6525,6525.png,n/a,n/a,0,1000,1000,n/a,0,[],0,/content/drive/MyDrive/landfill_research/datasets/AerialWaste/Extracted/6525.png
11248,11248.png,n/a,n/a,0,1000,1000,n/a,0,[],0,/content/drive/MyDrive/landfill_research/datasets/AerialWaste/Extracted/11248.png
7937,7937.png,n/a,n/a,0,1046,1055,n/a,1,[],1,/content/drive/MyDrive/landfill_research/datasets/AerialWaste/Extracted/7937.png
6357,6357.png,n/a,n/a,0,1000,1000,n/a,0,[],0,/content/drive/MyDrive/landfill_research/datasets/AerialWaste/Extracted/6357.png
8493,8493.png,n/a,n/a,0,1035,1067,n/a,0,[],0,/content/drive/MyDrive/landfill_research/datasets/AerialWaste/Extracted/8493.png
7163,7163.png,n/a,n/a,0,1052,1051,n/a,0,[],0,/content/drive/MyDrive/landfill_research/datasets/AerialWaste/Extracted/7163.png
9622,9622.png,n/a,n/a,0,1000,1000,n/a,0,[],0,/content/drive/MyDrive/landfill_research/datasets/AerialWaste/Extracted/9622.png
5005,5005.png,n/a,n/a,0,1000,1000,n/a,0,[],0,/content/drive/MyDrive/landfill_research/datasets/AerialWaste/Extracted/5005.png
1810,1810.png,1,Agricultural area/farm area,0,1000,1000,1,1,[],1,/content/drive/MyDrive/landfill_research/datasets/AerialWaste/Extracted/1810.png
6714,6714.png,n/a,n/a,0,1000,1000,n/a,0,[],0,/content/drive/MyDrive/landfill_research/datasets/AerialWaste/Extracted/6714.png
4869,4869.png,n/a,n/a,0,1000,1000,n/a,0,[],0,/content/drive/MyDrive/landfill_research/datasets/AerialWaste/Extracted/4869.png
9725,9725.png,n/a,n/a,0,1000,1000,n/a,0,[],0,/content/drive/MyDrive/landfill_research/datasets/AerialWaste/Extracted/9725.png
10614,10614.png,n/a,n/a,0,1000,1000,n/a,0,[],0,/content/drive/MyDrive/landfill_research/datasets/AerialWaste/Extracted/10614.png
10004,10004.png,n/a,n/a,0,1054,1048,n/a,0,[],0,/content/drive/MyDrive/landfill_research/datasets/AerialWaste/Extracted/10004.png
11075,11075.png,1,Production site,1,1044,1058,1,1,"[4, 6, 16]",1,/content/drive/MyDrive/landfill_research/datasets/AerialWaste/Extracted/11075.png
9544,9544.png,n/a,n/a,0,1000,1000,n/a,0,[],0,/content/drive/MyDrive/landfill_research/datasets/AerialWaste/Extracted/9544.png
4490,4490.png,n/a,n/a,0,1000,1000,n/a,0,[],0,/content/drive/MyDrive/landfill_research/datasets/AerialWaste/Extracted/4490.png
7,7.png,0,Other,0,1000,1000,0,1,[],1,/content/drive/MyDrive/landfill_research/datasets/AerialWaste/Extracted/7.png
8281,8281.png,n/a,n/a,0,1052,1050,n/a,0,[],0,/content/drive/MyDrive/landfill_research/datasets/AerialWaste/Extracted/8281.png
9605,9605.png,n/a,n/a,0,1000,1000,n/a,0,[],0,/content/drive/MyDrive/landfill_research/datasets/AerialWaste/Extracted/9605.png
1057,1057.png,2,Degraded area,0,1000,1000,2,1,[],1,/content/drive/MyDrive/landfill_research/datasets/AerialWaste/Extracted/1057.png
1329,1329.png,2,Abandoned area,0,1038,1064,3,1,[],1,/content/drive/MyDrive/landfill_research/datasets/AerialWaste/Extracted/1329.png
11673,11673.png,n/a,n/a,0,1052,1049,n/a,0,[],0,/content/drive/MyDrive/landfill_research/datasets/AerialWaste/Extracted/11673.png
251,251.png,1,Production site,1,1000,1000,1,1,"[17, 21]",1,/content/drive/MyDrive/landfill_research/datasets/AerialWaste/Extracted/251.png
3209,3209.png,n/s,n/s,0,1035,1066,1,1,[],1,/content/drive/MyDrive/landfill_research/datasets/AerialWaste/Extracted/3209.png
3210,3210.png,n/s,n/s,0,1036,1066,3,1,[],1,/content/drive/MyDrive/landfill_research/datasets/AerialWaste/Extracted/3210.png
846,846.png,2,Degraded area,0,1000,1000,2,1,[],1,/content/drive/MyDrive/landfill_research/datasets/AerialWaste/Extracted/846.png
500,500.png,1,Production site,0,1000,1000,1,1,[],1,/content/drive/MyDrive/landfill_research/datasets/AerialWaste/Extracted/500.png
6903,6903.png,n/a,n/a,0,1056,1046,n/a,0,[],0,/content/drive/MyDrive/landfill_research/datasets/AerialWaste/Extracted/6903.png
6953,6953.png,n/a,n/a,0,1000,1000,n/a,0,[],0,/content/drive/MyDrive/landfill_research/datasets/AerialWaste/Extracted/6953.png
7193,7193.png,n/a,n/a,0,1000,1000,n/a,0,[],0,/content/drive/MyDrive/landfill_research/datasets/AerialWaste/Extracted/7193.png
1205,1205.png,2,Degraded area,0,1000,1000,1,1,[],1,/content/drive/MyDrive/landfill_research/datasets/AerialWaste/Extracted/1205.png
1182,1182.png,1,Degraded area,0,1000,1000,2,1,[],1,/content/drive/MyDrive/landfill_research/datasets/AerialWaste/Extracted/1182.png
7635,7635.png,n/a,n/a,0,1057,1045,n/a,0,[],0,/content/drive/MyDrive/landfill_research/datasets/AerialWaste/Extracted/7635.png
4444,4444.png,n/a,n/a,0,1000,1000,n/a,0,[],0,/content/drive/MyDrive/landfill_research/datasets/AerialWaste/Extracted/4444.png
5392,5392.png,n/a,n/a,0,1000,1000,n/a,0,[],0,/content/drive/MyDrive/landfill_research/datasets/AerialWaste/Extracted/5392.png
8215,8215.png,n/a,n/a,0,1052,1050,n/a,0,[],0,/content/drive/MyDrive/landfill_research/datasets/AerialWaste/Extracted/8215.png
10671,10671.png,n/a,n/a,0,1000,1000,n/a,0,[],0,/content/drive/MyDrive/landfill_research/datasets/AerialWaste/Extracted/10671.png
8058,8058.png,n/a,n/a,0,1050,1052,n/a,0,[],0,/content/drive/MyDrive/landfill_research/datasets/AerialWaste/Extracted/8058.png
11307,11307.png,n/a,n/a,0,1000,1000,n/a,0,[],0,/content/drive/MyDrive/landfill_research/datasets/AerialWaste/Extracted/11307.png
8435,8435.png,1,Degraded area,1,1000,1000,1,1,"[1, 16]",1,/content/drive/MyDrive/landfill_research/datasets/AerialWaste/Extracted/8435.png
9526,9526.png,n/a,n/a,0,1000,1000,n/a,0,[],0,/content/drive/MyDrive/landfill_research/datasets/AerialWaste/Extracted/9526.png
7851,7851.png,n/a,n/a,0,1054,1048,n/a,0,[],0,/content/drive/MyDrive/landfill_research/datasets/AerialWaste/Extracted/7851.png
7548,7548.png,n/a,n/a,0,1058,1044,n/a,0,[],0,/content/drive/MyDrive/landfill_research/datasets/AerialWaste/Extracted/7548.png
916,916.png,2,Non production building,0,1000,1000,2,1,[],1,/content/drive/MyDrive/landfill_research/datasets/AerialWaste/Extracted/916.png
1919,1919.png,1,Agricultural area/farm area,0,1000,1000,1,0,[],0,/content/drive/MyDrive/landfill_research/datasets/AerialWaste/Extracted/1919.png
518,518.png,2,Agricultural area/farm area,0,1000,1000,2,1,[],1,/content/drive/MyDrive/landfill_research/datasets/AerialWaste/Extracted/518.png
971,971.png,2,Production site,0,1000,1000,1,1,[],1,/content/drive/MyDrive/landfill_research/datasets/AerialWaste/Extracted/971.png
4125,4125.png,n/a,n/a,0,1000,1000,n/a,1,[],1,/content/drive/MyDrive/landfill_research/datasets/AerialWaste/Extracted/4125.png
126,126.png,2,Other,0,1000,1000,1,1,[],1,/content/drive/MyDrive/landfill_research/datasets/AerialWaste/Extracted/126.png
2060,2060.png,2,Degraded area,1,1000,1000,3,1,"[1, 2, 3, 4, 16, 21]",1,/content/drive/MyDrive/landfill_research/datasets/AerialWaste/Extracted/2060.png
2040,2040.png,1,Agricultural area/farm area,1,1000,1000,2,1,"[2, 3, 16]",1,/content/drive/MyDrive/landfill_research/datasets/AerialWaste/Extracted/2040.png
2933,2933.png,n/s,n/s,0,1049,1053,3,1,[],1,/content/drive/MyDrive/landfill_research/datasets/AerialWaste/Extracted/2933.png
5277,5277.png,n/a,n/a,0,1000,1000,n/a,0,[],0,/content/drive/MyDrive/landfill_research/datasets/AerialWaste/Extracted/5277.png
9892,9892.png,n/a,n/a,0,1000,1000,n/a,0,[],0,/content/drive/MyDrive/landfill_research/datasets/AerialWaste/Extracted/9892.png
10856,10856.png,2,Production site,1,1000,1000,3,1,[18],1,/content/drive/MyDrive/landfill_research/datasets/AerialWaste/Extracted/10856.png
1419,1419.png,2,Abandoned area,0,1000,1000,2,1,[],1,/content/drive/MyDrive/landfill_research/datasets/AerialWaste/Extracted/1419.png
3413,3413.png,n/s,n/s,0,1037,1065,n/s,1,[],1,/content/drive/MyDrive/landfill_research/datasets/AerialWaste/Extracted/3413.png
519,519.png,2,Agricultural area/farm area,0,1000,1000,2,1,[],1,/content/drive/MyDrive/landfill_research/datasets/AerialWaste/Extracted/519.png
5020,5020.png,n/a,n/a,0,1000,1000,n/a,0,[],0,/content/drive/MyDrive/landfill_research/datasets/AerialWaste/Extracted/5020.png
4686,4686.png,n/a,n/a,0,1000,1000,n/a,0,[],0,/content/drive/MyDrive/landfill_research/datasets/AerialWaste/Extracted/4686.png
6213,6213.png,n/a,n/a,0,1000,1000,n/a,0,[],0,/content/drive/MyDrive/landfill_research/datasets/AerialWaste/Extracted/6213.png
536,536.png,2,Production site,0,1000,1000,1,1,[],1,/content/drive/MyDrive/landfill_research/datasets/AerialWaste/Extracted/536.png
298,298.png,2,Agricultural area/farm area,0,1000,1000,2,1,[],1,/content/drive/MyDrive/landfill_research/datasets/AerialWaste/Extracted/298.png
4819,4819.png,n/a,n/a,0,1000,1000,n/a,0,[],0,/content/drive/MyDrive/landfill_research/datasets/AerialWaste/Extracted/4819.png
1878,1878.png,1,Degraded area,1,1000,1000,1,1,"[2, 3, 4, 16]",1,/content/drive/MyDrive/landfill_research/datasets/AerialWaste/Extracted/1878.png
8442,8442.png,n/a,n/a,0,1036,1066,n/a,0,[],0,/content/drive/MyDrive/landfill_research/datasets/AerialWaste/Extracted/8442.png
2176,2176.png,3,Abandoned area,1,1000,1000,3,1,"[1, 2, 5, 16]",1,/content/drive/MyDrive/landfill_research/datasets/AerialWaste/Extracted/2176.png
5324,5324.png,n/a,n/a,0,1000,1000,n/a,0,[],0,/content/drive/MyDrive/landfill_research/datasets/AerialWaste/Extracted/5324.png
4810,4810.png,n/a,n/a,0,1000,1000,n/a,0,[],0,/content/drive/MyDrive/landfill_research/datasets/AerialWaste/Extracted/4810.png
7409,7409.png,n/a,n/a,0,1054,1048,n/a,0,[],0,/content/drive/MyDrive/landfill_research/datasets/AerialWaste/Extracted/7409.png
9819,9819.png,n/a,n/a,0,1000,1000,n/a,0,[],0,/content/drive/MyDrive/landfill_research/datasets/AerialWaste/Extracted/9819.png
7154,7154.png,1,Non production building,1,1000,1000,1,1,[16],1,/content/drive/MyDrive/landfill_research/datasets/AerialWaste/Extracted/7154.png
327,327.png,n/a,n/a,0,1000,1000,n/a,0,[],0,/content/drive/MyDrive/landfill_research/datasets/AerialWaste/Extracted/327.png
4409,4409.png,n/a,n/a,0,1000,1000,n/a,0,[],0,/content/drive/MyDrive/landfill_research/datasets/AerialWaste/Extracted/4409.png
9772,9772.png,n/a,n/a,0,1000,1000,n/a,0,[],0,/content/drive/MyDrive/landfill_research/datasets/AerialWaste/Extracted/9772.png
4820,4820.png,n/a,n/a,0,1000,1000,n/a,0,[],0,/content/drive/MyDrive/landfill_research/datasets/AerialWaste/Extracted/4820.png
10698,10698.png,n/a,n/a,0,1044,1058,n/a,0,[],0,/content/drive/MyDrive/landfill_research/datasets/AerialWaste/Extracted/10698.png
10128,10128.png,n/a,n/a,0,1055,1047,n/a,0,[],0,/content/drive/MyDrive/landfill_research/datasets/AerialWaste/Extracted/10128.png
2111,2111.png,1,Production site,1,1000,1000,2,1,"[13, 16]",1,/content/drive/MyDrive/landfill_research/datasets/AerialWaste/Extracted/2111.png
9667,9667.png,n/a,n/a,0,1000,1000,n/a,0,[],0,/content/drive/MyDrive/landfill_research/datasets/AerialWaste/Extracted/9667.png
3159,3159.png,n/s,n/s,1,1045,1057,2,1,[17],1,/content/drive/MyDrive/landfill_research/datasets/AerialWaste/Extracted/3159.png
3742,3742.png,n/a,n/a,0,1000,1000,n/a,0,[],0,/content/drive/MyDrive/landfill_research/datasets/AerialWaste/Extracted/3742.png
7600,7600.png,n/a,n/a,0,1050,1051,n/a,0,[],0,/content/drive/MyDrive/landfill_research/datasets/AerialWaste/Extracted/7600.png
6804,6804.png,n/a,n/a,0,697,698,n/a,0,[],0,/content/drive/MyDrive/landfill_research/datasets/AerialWaste/Extracted/6804.png
8253,8253.png,n/a,n/a,0,1045,1056,n/a,0,[],0,/content/drive/MyDrive/landfill_research/datasets/AerialWaste/Extracted/8253.png
10883,10883.png,n/a,n/a,0,1000,1000,n/a,0,[],0,/content/drive/MyDrive/landfill_research/datasets/AerialWaste/Extracted/10883.png
9350,9350.png,n/a,n/a,0,1000,1000,n/a,0,[],0,/content/drive/MyDrive/landfill_research/datasets/AerialWaste/Extracted/9350.png
10215,10215.png,n/a,n/a,0,1050,1052,n/a,0,[],0,/content/drive/MyDrive/landfill_research/datasets/AerialWaste/Extracted/10215.png
3907,3907.png,n/a,n/a,0,1000,1000,n/a,0,[],0,/content/drive/MyDrive/landfill_research/datasets/AerialWaste/Extracted/3907.png
6791,6791.png,n/a,n/a,0,696,698,n/a,0,[],0,/content/drive/MyDrive/landfill_research/datasets/AerialWaste/Extracted/6791.png
9374,9374.png,n/a,n/a,0,1000,1000,n/a,0,[],0,/content/drive/MyDrive/landfill_research/datasets/AerialWaste/Extracted/9374.png
10589,10589.png,n/a,n/a,0,1000,1000,n/a,0,[],0,/content/drive/MyDrive/landfill_research/datasets/AerialWaste/Extracted/10589.png
1232,1232.png,2,Production site,0,1000,1000,1,1,[],1,/content/drive/MyDrive/landfill_research/datasets/AerialWaste/Extracted/1232.png
5455,5455.png,n/a,n/a,0,1000,1000,n/a,0,[],0,/content/drive/MyDrive/landfill_research/datasets/AerialWaste/Extracted/5455.png
6565,6565.png,n/a,n/a,0,1000,1000,n/a,0,[],0,/content/drive/MyDrive/landfill_research/datasets/AerialWaste/Extracted/6565.png
11096,11096.png,2,Production site,1,1042,1060,1,1,"[5, 20, 16]",1,/content/drive/MyDrive/landfill_research/datasets/AerialWaste/Extracted/11096.png
6306,6306.png,n/a,n/a,0,1000,1000,n/a,0,[],0,/content/drive/MyDrive/landfill_research/datasets/AerialWaste/Extracted/6306.png
5612,5612.png,n/a,n/a,0,1000,1000,n/a,0,[],0,/content/drive/MyDrive/landfill_research/datasets/AerialWaste/Extracted/5612.png
4808,4808.png,n/a,n/a,0,1000,1000,n/a,0,[],0,/content/drive/MyDrive/landfill_research/datasets/AerialWaste/Extracted/4808.png
8119,8119.png,n/a,n/a,0,1042,1060,n/a,0,[],0,/content/drive/MyDrive/landfill_research/datasets/AerialWaste/Extracted/8119.png
10481,10481.png,n/a,n/a,0,1000,1000,n/a,0,[],0,/content/drive/MyDrive/landfill_research/datasets/AerialWaste/Extracted/10481.png
5565,5565.png,n/a,n/a,0,1000,1000,n/a,0,[],0,/content/drive/MyDrive/landfill_research/datasets/AerialWaste/Extracted/5565.png
728,728.png,2,Degraded area,0,1000,1000,2,1,[],1,/content/drive/MyDrive/landfill_research/datasets/AerialWaste/Extracted/728.png
9096,9096.png,n/a,n/a,0,1000,1000,n/a,0,[],0,/content/drive/MyDrive/landfill_research/datasets/AerialWaste/Extracted/9096.png
6256,6256.png,n/a,n/a,0,1000,1000,n/a,0,[],0,/content/drive/MyDrive/landfill_research/datasets/AerialWaste/Extracted/6256.png
2030,2030.png,1,Production site,1,1000,1000,2,1,[3],1,/content/drive/MyDrive/landfill_research/datasets/AerialWaste/Extracted/2030.png
8586,8586.png,n/a,n/a,0,1036,1065,n/a,0,[],0,/content/drive/MyDrive/landfill_research/datasets/AerialWaste/Extracted/8586.png
1178,1178.png,n/a,n/a,0,1000,1000,n/a,0,[],0,/content/drive/MyDrive/landfill_research/datasets/AerialWaste/Extracted/1178.png
3442,3442.png,n/s,n/s,0,1045,1057,n/s,1,[],1,/content/drive/MyDrive/landfill_research/datasets/AerialWaste/Extracted/3442.png
4366,4366.png,n/a,n/a,0,1000,1000,n/a,0,[],0,/content/drive/MyDrive/landfill_research/datasets/AerialWaste/Extracted/4366.png
2384,2384.png,2,Degraded area,1,697,697,2,1,"[1, 16]",1,/content/drive/MyDrive/landfill_research/datasets/AerialWaste/Extracted/2384.png
6064,6064.png,n/a,n/a,0,1000,1000,n/a,0,[],0,/content/drive/MyDrive/landfill_research/datasets/AerialWaste/Extracted/6064.png
8400,8400.png,n/a,n/a,0,1037,1064,n/a,0,[],0,/content/drive/MyDrive/landfill_research/datasets/AerialWaste/Extracted/8400.png
1619,1619.png,1,Agricultural area/farm area,0,1000,1000,1,1,[],1,/content/drive/MyDrive/landfill_research/datasets/AerialWaste/Extracted/1619.png
10074,10074.png,n/a,n/a,0,1053,1049,n/a,0,[],0,/content/drive/MyDrive/landfill_research/datasets/AerialWaste/Extracted/10074.png
5386,5386.png,n/a,n/a,0,1000,1000,n/a,0,[],0,/content/drive/MyDrive/landfill_research/datasets/AerialWaste/Extracted/5386.png
6043,6043.png,n/a,n/a,0,1000,1000,n/a,1,[],1,/content/drive/MyDrive/landfill_research/datasets/AerialWaste/Extracted/6043.png
4205,4205.png,n/a,n/a,0,1000,1000,n/a,0,[],0,/content/drive/MyDrive/landfill_research/datasets/AerialWaste/Extracted/4205.png
2552,2552.png,n/s,n/s,0,1053,1049,2,1,[],1,/content/drive/MyDrive/landfill_research/datasets/AerialWaste/Extracted/2552.png
2780,2780.png,n/s,n/s,0,1051,1050,1,1,[],1,/content/drive/MyDrive/landfill_research/datasets/AerialWaste/Extracted/2780.png
10356,10356.png,n/a,n/a,0,1038,1064,n/a,1,[],1,/content/drive/MyDrive/landfill_research/datasets/AerialWaste/Extracted/10356.png
8938,8938.png,n/a,n/a,0,1053,1048,n/a,0,[],0,/content/drive/MyDrive/landfill_research/datasets/AerialWaste/Extracted/8938.png
6995,6995.png,n/a,n/a,0,1055,1047,n/a,0,[],0,/content/drive/MyDrive/landfill_research/datasets/AerialWaste/Extracted/6995.png
8123,8123.png,n/a,n/a,0,1047,1056,n/a,0,[],0,/content/drive/MyDrive/landfill_research/datasets/AerialWaste/Extracted/8123.png
7750,7750.png,n/a,n/a,0,1055,1046,n/a,0,[],0,/content/drive/MyDrive/landfill_research/datasets/AerialWaste/Extracted/7750.png
5066,5066.png,n/a,n/a,0,1000,1000,n/a,0,[],0,/content/drive/MyDrive/landfill_research/datasets/AerialWaste/Extracted/5066.png
3795,3795.png,n/a,n/a,0,1000,1000,n/a,0,[],0,/content/drive/MyDrive/landfill_research/datasets/AerialWaste/Extracted/3795.png
9399,9399.png,n/a,n/a,0,1042,1060,n/a,0,[],0,/content/drive/MyDrive/landfill_research/datasets/AerialWaste/Extracted/9399.png
10780,10780.png,n/a,n/a,0,1000,1000,n/a,0,[],0,/content/drive/MyDrive/landfill_research/datasets/AerialWaste/Extracted/10780.png
6648,6648.png,n/a,n/a,0,1000,1000,n/a,0,[],0,/content/drive/MyDrive/landfill_research/datasets/AerialWaste/Extracted/6648.png
6319,6319.png,n/a,n/a,0,1000,1000,n/a,1,[],1,/content/drive/MyDrive/landfill_research/datasets/AerialWaste/Extracted/6319.png
8621,8621.png,n/a,n/a,0,1045,1057,n/a,0,[],0,/content/drive/MyDrive/landfill_research/datasets/AerialWaste/Extracted/8621.png
10925,10925.png,n/a,n/a,0,1000,1000,n/a,0,[],0,/content/drive/MyDrive/landfill_research/datasets/AerialWaste/Extracted/10925.png
10957,10957.png,1,Degraded area,1,1048,1054,1,1,"[1, 16]",1,/content/drive/MyDrive/landfill_research/datasets/AerialWaste/Extracted/10957.png
8818,8818.png,n/a,n/a,0,1000,1000,n/a,0,[],0,/content/drive/MyDrive/landfill_research/datasets/AerialWaste/Extracted/8818.png
6582,6582.png,n/a,n/a,0,1000,1000,n/a,0,[],0,/content/drive/MyDrive/landfill_research/datasets/AerialWaste/Extracted/6582.png
379,379.png,3,Production site,0,1000,1000,2,1,[],1,/content/drive/MyDrive/landfill_research/datasets/AerialWaste/Extracted/379.png
7920,7920.png,n/a,n/a,0,1042,1060,n/a,1,[],1,/content/drive/MyDrive/landfill_research/datasets/AerialWaste/Extracted/7920.png
1735,1735.png,1,Production site,0,1000,1000,3,1,[],1,/content/drive/MyDrive/landfill_research/datasets/AerialWaste/Extracted/1735.png
6468,6468.png,n/a,n/a,0,1000,1000,n/a,0,[],0,/content/drive/MyDrive/landfill_research/datasets/AerialWaste/Extracted/6468.png
8026,8026.png,n/a,n/a,0,1048,1054,n/a,0,[],0,/content/drive/MyDrive/landfill_research/datasets/AerialWaste/Extracted/8026.png
5206,5206.png,n/a,n/a,0,1000,1000,n/a,0,[],0,/content/drive/MyDrive/landfill_research/datasets/AerialWaste/Extracted/5206.png
7092,7092.png,n/a,n/a,0,696,698,n/a,1,[],1,/content/drive/MyDrive/landfill_research/datasets/AerialWaste/Extracted/7092.png
5127,5127.png,n/a,n/a,0,1000,1000,n/a,0,[],0,/content/drive/MyDrive/landfill_research/datasets/AerialWaste/Extracted/5127.png
9940,9940.png,n/a,n/a,0,1000,1000,n/a,0,[],0,/content/drive/MyDrive/landfill_research/datasets/AerialWaste/Extracted/9940.png
1551,1551.png,1,Agricultural area/farm area,0,1000,1000,2,1,[],1,/content/drive/MyDrive/landfill_research/datasets/AerialWaste/Extracted/1551.png
746,746.png,2,Production site,0,1000,1000,1,1,[],1,/content/drive/MyDrive/landfill_research/datasets/AerialWaste/Extracted/746.png
4670,4670.png,n/a,n/a,0,1000,1000,n/a,0,[],0,/content/drive/MyDrive/landfill_research/datasets/AerialWaste/Extracted/4670.png
8304,8304.png,n/a,n/a,0,1035,1066,n/a,0,[],0,/content/drive/MyDrive/landfill_research/datasets/AerialWaste/Extracted/8304.png
49,49.png,3,Production site,0,1000,1000,2,1,[],1,/content/drive/MyDrive/landfill_research/datasets/AerialWaste/Extracted/49.png
1186,1186.png,1,Degraded area,0,1000,1000,2,1,[],1,/content/drive/MyDrive/landfill_research/datasets/AerialWaste/Extracted/1186.png
2398,2398.png,1,Production site,1,1000,1000,2,1,"[2, 16]",1,/content/drive/MyDrive/landfill_research/datasets/AerialWaste/Extracted/2398.png
1231,1231.png,1,Degraded area,0,1000,1000,2,1,[],1,/content/drive/MyDrive/landfill_research/datasets/AerialWaste/Extracted/1231.png
3203,3203.png,n/s,n/s,1,1037,1064,2,1,[6],1,/content/drive/MyDrive/landfill_research/datasets/AerialWaste/Extracted/3203.png
9808,9808.png,n/a,n/a,0,1000,1000,n/a,0,[],0,/content/drive/MyDrive/landfill_research/datasets/AerialWaste/Extracted/9808.png
5808,5808.png,n/a,n/a,0,1000,1000,n/a,0,[],0,/content/drive/MyDrive/landfill_research/datasets/AerialWaste/Extracted/5808.png
2566,2566.png,n/s,n/s,0,1054,1048,1,1,[],1,/content/drive/MyDrive/landfill_research/datasets/AerialWaste/Extracted/2566.png
2313,2313.png,1,Agricultural area/farm area,0,696,698,2,0,[],0,/content/drive/MyDrive/landfill_research/datasets/AerialWaste/Extracted/2313.png
2792,2792.png,n/s,n/s,0,1051,1051,2,1,[],1,/content/drive/MyDrive/landfill_research/datasets/AerialWaste/Extracted/2792.png
399,399.png,1,Production site,0,1000,1000,1,1,[],1,/content/drive/MyDrive/landfill_research/datasets/AerialWaste/Extracted/399.png
7643,7643.png,n/a,n/a,0,1057,1045,n/a,0,[],0,/content/drive/MyDrive/landfill_research/datasets/AerialWaste/Extracted/7643.png
4860,4860.png,n/a,n/a,0,1000,1000,n/a,0,[],0,/content/drive/MyDrive/landfill_research/datasets/AerialWaste/Extracted/4860.png
11066,11066.png,2,Production site,1,1049,1053,3,1,"[1, 16]",1,/content/drive/MyDrive/landfill_research/datasets/AerialWaste/Extracted/11066.png
10575,10575.png,n/a,n/a,0,1000,1000,n/a,0,[],0,/content/drive/MyDrive/landfill_research/datasets/AerialWaste/Extracted/10575.png
4941,4941.png,n/a,n/a,0,1000,1000,n/a,1,[],1,/content/drive/MyDrive/landfill_research/datasets/AerialWaste/Extracted/4941.png
9257,9257.png,n/a,n/a,0,1000,1000,n/a,0,[],0,/content/drive/MyDrive/landfill_research/datasets/AerialWaste/Extracted/9257.png
8706,8706.png,n/a,n/a,0,1000,1000,n/a,0,[],0,/content/drive/MyDrive/landfill_research/datasets/AerialWaste/Extracted/8706.png
6394,6394.png,n/a,n/a,0,1000,1000,n/a,0,[],0,/content/drive/MyDrive/landfill_research/datasets/AerialWaste/Extracted/6394.png
980,980.png,2,Production site,0,1000,1000,1,1,[],1,/content/drive/MyDrive/landfill_research/datasets/AerialWaste/Extracted/980.png
7931,7931.png,n/a,n/a,0,1056,1045,n/a,0,[],0,/content/drive/MyDrive/landfill_research/datasets/AerialWaste/Extracted/7931.png
10468,10468.png,n/a,n/a,0,1000,1000,n/a,0,[],0,/content/drive/MyDrive/landfill_research/datasets/AerialWaste/Extracted/10468.png
4107,4107.png,n/a,n/a,0,1000,1000,n/a,0,[],0,/content/drive/MyDrive/landfill_research/datasets/AerialWaste/Extracted/4107.png
5149,5149.png,n/a,n/a,0,1000,1000,n/a,0,[],0,/content/drive/MyDrive/landfill_research/datasets/AerialWaste/Extracted/5149.png
654,654.png,2,Agricultural area/farm area,0,1000,1000,2,1,[],1,/content/drive/MyDrive/landfill_research/datasets/AerialWaste/Extracted/654.png
969,969.png,2,Production site,0,1000,1000,1,1,[],1,/content/drive/MyDrive/landfill_research/datasets/AerialWaste/Extracted/969.png
6059,6059.png,n/a,n/a,0,1000,1000,n/a,1,[],1,/content/drive/MyDrive/landfill_research/datasets/AerialWaste/Extracted/6059.png
11303,11303.png,n/a,n/a,0,1000,1000,n/a,0,[],0,/content/drive/MyDrive/landfill_research/datasets/AerialWaste/Extracted/11303.png
7040,7040.png,2,Production site,1,1000,1000,3,1,"[3, 5, 21, 16]",1,/content/drive/MyDrive/landfill_research/datasets/AerialWaste/Extracted/7040.png
10193,10193.png,n/a,n/a,0,1053,1047,n/a,0,[],0,/content/drive/MyDrive/landfill_research/datasets/AerialWaste/Extracted/10193.png
5844,5844.png,n/a,n/a,0,1000,1000,n/a,0,[],0,/content/drive/MyDrive/landfill_research/datasets/AerialWaste/Extracted/5844.png
2189,2189.png,1,Degraded area,1,697,697,1,1,"[3, 10, 16]",1,/content/drive/MyDrive/landfill_research/datasets/AerialWaste/Extracted/2189.png
8903,8903.png,n/a,n/a,0,696,698,n/a,0,[],0,/content/drive/MyDrive/landfill_research/datasets/AerialWaste/Extracted/8903.png
1298,1298.png,2,Production site,0,1000,1000,2,1,[],1,/content/drive/MyDrive/landfill_research/datasets/AerialWaste/Extracted/1298.png
4983,4983.png,n/a,n/a,0,1000,1000,n/a,0,[],0,/content/drive/MyDrive/landfill_research/datasets/AerialWaste/Extracted/4983.png
4805,4805.png,n/a,n/a,0,1000,1000,n/a,1,[],1,/content/drive/MyDrive/landfill_research/datasets/AerialWaste/Extracted/4805.png
6327,6327.png,n/a,n/a,0,1000,1000,n/a,0,[],0,/content/drive/MyDrive/landfill_research/datasets/AerialWaste/Extracted/6327.png
2952,2952.png,n/s,n/s,0,1058,1043,3,1,[],1,/content/drive/MyDrive/landfill_research/datasets/AerialWaste/Extracted/2952.png
8366,8366.png,n/a,n/a,0,1036,1066,n/a,0,[],0,/content/drive/MyDrive/landfill_research/datasets/AerialWaste/Extracted/8366.png
2442,2442.png,1,Agricultural area/farm area,1,1000,1000,2,1,"[2, 4, 16]",1,/content/drive/MyDrive/landfill_research/datasets/AerialWaste/Extracted/2442.png
1438,1438.png,1,Agricultural area/farm area,0,1000,1000,1,1,[],1,/content/drive/MyDrive/landfill_research/datasets/AerialWaste/Extracted/1438.png
10628,10628.png,n/a,n/a,0,1045,1057,n/a,0,[],0,/content/drive/MyDrive/landfill_research/datasets/AerialWaste/Extracted/10628.png
7083,7083.png,2,Non production building,1,1000,1000,3,1,"[6, 16]",1,/content/drive/MyDrive/landfill_research/datasets/AerialWaste/Extracted/7083.png
960,960.png,2,Non production building,0,1000,1000,1,1,[],1,/content/drive/MyDrive/landfill_research/datasets/AerialWaste/Extracted/960.png
3701,3701.png,n/a,n/a,0,1000,1000,n/a,0,[],0,/content/drive/MyDrive/landfill_research/datasets/AerialWaste/Extracted/3701.png
4381,4381.png,n/a,n/a,0,1000,1000,n/a,0,[],0,/content/drive/MyDrive/landfill_research/datasets/AerialWaste/Extracted/4381.png
4973,4973.png,n/a,n/a,0,1000,1000,n/a,0,[],0,/content/drive/MyDrive/landfill_research/datasets/AerialWaste/Extracted/4973.png
8643,8643.png,n/a,n/a,0,1045,1056,n/a,0,[],0,/content/drive/MyDrive/landfill_research/datasets/AerialWaste/Extracted/8643.png
9457,9457.png,n/a,n/a,0,1044,1057,n/a,0,[],0,/content/drive/MyDrive/landfill_research/datasets/AerialWaste/Extracted/9457.png
9705,9705.png,n/a,n/a,0,1047,1055,n/a,0,[],0,/content/drive/MyDrive/landfill_research/datasets/AerialWaste/Extracted/9705.png
6066,6066.png,n/a,n/a,0,1000,1000,n/a,0,[],0,/content/drive/MyDrive/landfill_research/datasets/AerialWaste/Extracted/6066.png
10196,10196.png,n/a,n/a,0,1055,1047,n/a,1,[],1,/content/drive/MyDrive/landfill_research/datasets/AerialWaste/Extracted/10196.png
2872,2872.png,n/s,n/s,1,1054,1047,3,1,[3],1,/content/drive/MyDrive/landfill_research/datasets/AerialWaste/Extracted/2872.png
11232,11232.png,n/a,n/a,0,1000,1000,n/a,0,[],0,/content/drive/MyDrive/landfill_research/datasets/AerialWaste/Extracted/11232.png
5944,5944.png,n/a,n/a,0,1000,1000,n/a,0,[],0,/content/drive/MyDrive/landfill_research/datasets/AerialWaste/Extracted/5944.png
8445,8445.png,n/a,n/a,0,1037,1065,n/a,0,[],0,/content/drive/MyDrive/landfill_research/datasets/AerialWaste/Extracted/8445.png
7471,7471.png,n/a,n/a,0,1059,1043,n/a,0,[],0,/content/drive/MyDrive/landfill_research/datasets/AerialWaste/Extracted/7471.png
3167,3167.png,n/s,n/s,0,1044,1058,3,1,[],1,/content/drive/MyDrive/landfill_research/datasets/AerialWaste/Extracted/3167.png
1397,1397.png,1,Agricultural area/farm area,0,1000,1000,1,1,[],1,/content/drive/MyDrive/landfill_research/datasets/AerialWaste/Extracted/1397.png
1791,1791.png,n/a,n/a,0,1000,1000,n/a,0,[],0,/content/drive/MyDrive/landfill_research/datasets/AerialWaste/Extracted/1791.png
6252,6252.png,n/a,n/a,0,1000,1000,n/a,0,[],0,/content/drive/MyDrive/landfill_research/datasets/AerialWaste/Extracted/6252.png
8774,8774.png,n/a,n/a,0,1000,1000,n/a,0,[],0,/content/drive/MyDrive/landfill_research/datasets/AerialWaste/Extracted/8774.png
4546,4546.png,n/a,n/a,0,1000,1000,n/a,0,[],0,/content/drive/MyDrive/landfill_research/datasets/AerialWaste/Extracted/4546.png
6157,6157.png,n/a,n/a,0,1000,1000,n/a,0,[],0,/content/drive/MyDrive/landfill_research/datasets/AerialWaste/Extracted/6157.png
7373,7373.png,n/a,n/a,0,1056,1045,n/a,0,[],0,/content/drive/MyDrive/landfill_research/datasets/AerialWaste/Extracted/7373.png
9355,9355.png,n/a,n/a,0,1000,1000,n/a,0,[],0,/content/drive/MyDrive/landfill_research/datasets/AerialWaste/Extracted/9355.png
5929,5929.png,n/a,n/a,0,1000,1000,n/a,0,[],0,/content/drive/MyDrive/landfill_research/datasets/AerialWaste/Extracted/5929.png
5836,5836.png,n/a,n/a,0,1000,1000,n/a,0,[],0,/content/drive/MyDrive/landfill_research/datasets/AerialWaste/Extracted/5836.png
9857,9857.png,n/a,n/a,0,1000,1000,n/a,0,[],0,/content/drive/MyDrive/landfill_research/datasets/AerialWaste/Extracted/9857.png
3687,3687.png,n/a,n/a,0,1000,1000,n/a,0,[],0,/content/drive/MyDrive/landfill_research/datasets/AerialWaste/Extracted/3687.png
11101,11101.png,n/a,n/a,0,1037,1064,n/a,0,[],0,/content/drive/MyDrive/landfill_research/datasets/AerialWaste/Extracted/11101.png
3607,3607.png,n/a,n/a,0,1000,1000,n/a,0,[],0,/content/drive/MyDrive/landfill_research/datasets/AerialWaste/Extracted/3607.png
11524,11524.png,n/a,n/a,0,1037,1065,n/a,0,[],0,/content/drive/MyDrive/landfill_research/datasets/AerialWaste/Extracted/11524.png
10252,10252.png,n/a,n/a,0,1055,1047,n/a,0,[],0,/content/drive/MyDrive/landfill_research/datasets/AerialWaste/Extracted/10252.png
10855,10855.png,2,Production site,1,1045,1057,3,1,"[1, 16]",1,/content/drive/MyDrive/landfill_research/datasets/AerialWaste/Extracted/10855.png
3548,3548.png,n/a,n/a,0,1000,1000,n/a,0,[],0,/content/drive/MyDrive/landfill_research/datasets/AerialWaste/Extracted/3548.png
1029,1029.png,1,Agricultural area/farm area,0,1000,1000,3,0,[],0,/content/drive/MyDrive/landfill_research/datasets/AerialWaste/Extracted/1029.png
10298,10298.png,n/a,n/a,0,1052,1050,n/a,0,[],0,/content/drive/MyDrive/landfill_research/datasets/AerialWaste/Extracted/10298.png
3156,3156.png,n/a,n/a,0,1000,1000,n/a,0,[],0,/content/drive/MyDrive/landfill_research/datasets/AerialWaste/Extracted/3156.png
10881,10881.png,2,Abandoned area,1,1044,1058,3,1,"[2, 1, 5, 16]",1,/content/drive/MyDrive/landfill_research/datasets/AerialWaste/Extracted/10881.png
7850,7850.png,1,Other,1,1000,1000,1,1,"[1, 16]",1,/content/drive/MyDrive/landfill_research/datasets/AerialWaste/Extracted/7850.png
11162,11162.png,n/a,n/a,0,1000,1000,n/a,0,[],0,/content/drive/MyDrive/landfill_research/datasets/AerialWaste/Extracted/11162.png
9071,9071.png,n/a,n/a,0,1000,1000,n/a,0,[],0,/content/drive/MyDrive/landfill_research/datasets/AerialWaste/Extracted/9071.png
3004,3004.png,n/s,n/s,0,1050,1052,1,0,[],0,/content/drive/MyDrive/landfill_research/datasets/AerialWaste/Extracted/3004.png
3183,3183.png,n/a,n/a,0,1000,1000,n/a,0,[],0,/content/drive/MyDrive/landfill_research/datasets/AerialWaste/Extracted/3183.png
5410,5410.png,n/a,n/a,0,1000,1000,n/a,0,[],0,/content/drive/MyDrive/landfill_research/datasets/AerialWaste/Extracted/5410.png
964,964.png,2,Production site,0,1000,1000,1,1,[],1,/content/drive/MyDrive/landfill_research/datasets/AerialWaste/Extracted/964.png
992,992.png,2,Non production building,0,1000,1000,3,0,[],0,/content/drive/MyDrive/landfill_research/datasets/AerialWaste/Extracted/992.png
3896,3896.png,n/a,n/a,0,1000,1000,n/a,0,[],0,/content/drive/MyDrive/landfill_research/datasets/AerialWaste/Extracted/3896.png
11050,11050.png,n/a,n/a,0,1000,1000,n/a,0,[],0,/content/drive/MyDrive/landfill_research/datasets/AerialWaste/Extracted/11050.png
7952,7952.png,n/a,n/a,0,1045,1057,n/a,0,[],0,/content/drive/MyDrive/landfill_research/datasets/AerialWaste/Extracted/7952.png
820,820.png,2,Production site,0,1000,1000,2,1,[],1,/content/drive/MyDrive/landfill_research/datasets/AerialWaste/Extracted/820.png
9435,9435.png,n/a,n/a,0,1000,1000,n/a,0,[],0,/content/drive/MyDrive/landfill_research/datasets/AerialWaste/Extracted/9435.png
4247,4247.png,n/a,n/a,0,1000,1000,n/a,0,[],0,/content/drive/MyDrive/landfill_research/datasets/AerialWaste/Extracted/4247.png
9955,9955.png,n/a,n/a,0,1043,1059,n/a,0,[],0,/content/drive/MyDrive/landfill_research/datasets/AerialWaste/Extracted/9955.png
2779,2779.png,n/s,n/s,0,1051,1050,2,0,[],0,/content/drive/MyDrive/landfill_research/datasets/AerialWaste/Extracted/2779.png
7319,7319.png,n/a,n/a,0,1051,1051,n/a,0,[],0,/content/drive/MyDrive/landfill_research/datasets/AerialWaste/Extracted/7319.png
3025,3025.png,n/s,n/s,0,1050,1052,1,1,[],1,/content/drive/MyDrive/landfill_research/datasets/AerialWaste/Extracted/3025.png
8388,8388.png,n/a,n/a,0,1035,1066,n/a,0,[],0,/content/drive/MyDrive/landfill_research/datasets/AerialWaste/Extracted/8388.png
10316,10316.png,n/a,n/a,0,1036,1066,n/a,0,[],0,/content/drive/MyDrive/landfill_research/datasets/AerialWaste/Extracted/10316.png
2345,2345.png,3,Abandoned area,1,697,698,3,1,"[1, 2, 3, 4, 5, 7, 16, 18, 21]",1,/content/drive/MyDrive/landfill_research/datasets/AerialWaste/Extracted/2345.png
1575,1575.png,1,Other,0,1000,1000,3,1,[],1,/content/drive/MyDrive/landfill_research/datasets/AerialWaste/Extracted/1575.png
2648,2648.png,n/s,n/s,1,1056,1046,2,1,[3],1,/content/drive/MyDrive/landfill_research/datasets/AerialWaste/Extracted/2648.png
4812,4812.png,n/a,n/a,0,1000,1000,n/a,0,[],0,/content/drive/MyDrive/landfill_research/datasets/AerialWaste/Extracted/4812.png
6992,6992.png,n/a,n/a,0,696,698,n/a,0,[],0,/content/drive/MyDrive/landfill_research/datasets/AerialWaste/Extracted/6992.png
5978,5978.png,n/a,n/a,0,1000,1000,n/a,0,[],0,/content/drive/MyDrive/landfill_research/datasets/AerialWaste/Extracted/5978.png
5968,5968.png,n/a,n/a,0,1000,1000,n/a,0,[],0,/content/drive/MyDrive/landfill_research/datasets/AerialWaste/Extracted/5968.png
3423,3423.png,n/s,n/s,0,1045,1057,n/s,1,[],1,/content/drive/MyDrive/landfill_research/datasets/AerialWaste/Extracted/3423.png
10654,10654.png,n/a,n/a,0,1044,1058,n/a,0,[],0,/content/drive/MyDrive/landfill_research/datasets/AerialWaste/Extracted/10654.png
5085,5085.png,n/a,n/a,0,1000,1000,n/a,0,[],0,/content/drive/MyDrive/landfill_research/datasets/AerialWaste/Extracted/5085.png
4210,4210.png,n/a,n/a,0,1000,1000,n/a,0,[],0,/content/drive/MyDrive/landfill_research/datasets/AerialWaste/Extracted/4210.png
6026,6026.png,n/a,n/a,0,1000,1000,n/a,0,[],0,/content/drive/MyDrive/landfill_research/datasets/AerialWaste/Extracted/6026.png
7099,7099.png,n/a,n/a,0,697,698,n/a,0,[],0,/content/drive/MyDrive/landfill_research/datasets/AerialWaste/Extracted/7099.png
11491,11491.png,n/a,n/a,0,696,698,n/a,0,[],0,/content/drive/MyDrive/landfill_research/datasets/AerialWaste/Extracted/11491.png
11217,11217.png,n/a,n/a,0,1000,1000,n/a,0,[],0,/content/drive/MyDrive/landfill_research/datasets/AerialWaste/Extracted/11217.png
8557,8557.png,n/a,n/a,0,1037,1064,n/a,0,[],0,/content/drive/MyDrive/landfill_research/datasets/AerialWaste/Extracted/8557.png
1827,1827.png,1,Degraded area,1,1000,1000,3,1,"[16, 17]",1,/content/drive/MyDrive/landfill_research/datasets/AerialWaste/Extracted/1827.png
7914,7914.png,2,Other,1,1000,1000,1,1,[16],1,/content/drive/MyDrive/landfill_research/datasets/AerialWaste/Extracted/7914.png
3674,3674.png,n/a,n/a,0,1000,1000,n/a,0,[],0,/content/drive/MyDrive/landfill_research/datasets/AerialWaste/Extracted/3674.png
7598,7598.png,n/a,n/a,0,1050,1051,n/a,0,[],0,/content/drive/MyDrive/landfill_research/datasets/AerialWaste/Extracted/7598.png
9759,9759.png,n/a,n/a,0,1000,1000,n/a,0,[],0,/content/drive/MyDrive/landfill_research/datasets/AerialWaste/Extracted/9759.png
2663,2663.png,n/s,n/s,0,1054,1048,1,1,[],1,/content/drive/MyDrive/landfill_research/datasets/AerialWaste/Extracted/2663.png
1311,1311.png,1,Production site,0,1000,1000,1,1,[],1,/content/drive/MyDrive/landfill_research/datasets/AerialWaste/Extracted/1311.png
3152,3152.png,n/s,n/s,0,1058,1044,1,1,[],1,/content/drive/MyDrive/landfill_research/datasets/AerialWaste/Extracted/3152.png
4957,4957.png,n/a,n/a,0,1000,1000,n/a,0,[],0,/content/drive/MyDrive/landfill_research/datasets/AerialWaste/Extracted/4957.png
4895,4895.png,n/a,n/a,0,1000,1000,n/a,0,[],0,/content/drive/MyDrive/landfill_research/datasets/AerialWaste/Extracted/4895.png
5638,5638.png,n/a,n/a,0,1000,1000,n/a,0,[],0,/content/drive/MyDrive/landfill_research/datasets/AerialWaste/Extracted/5638.png
3641,3641.png,n/a,n/a,0,1000,1000,n/a,0,[],0,/content/drive/MyDrive/landfill_research/datasets/AerialWaste/Extracted/3641.png
2678,2678.png,n/s,n/s,0,1056,1046,1,1,[],1,/content/drive/MyDrive/landfill_research/datasets/AerialWaste/Extracted/2678.png
4656,4656.png,n/a,n/a,0,1000,1000,n/a,0,[],0,/content/drive/MyDrive/landfill_research/datasets/AerialWaste/Extracted/4656.png
4708,4708.png,n/a,n/a,0,1000,1000,n/a,0,[],0,/content/drive/MyDrive/landfill_research/datasets/AerialWaste/Extracted/4708.png
4157,4157.png,n/a,n/a,0,1000,1000,n/a,0,[],0,/content/drive/MyDrive/landfill_research/datasets/AerialWaste/Extracted/4157.png
720,720.png,1,Degraded area,0,1000,1000,1,0,[],0,/content/drive/MyDrive/landfill_research/datasets/AerialWaste/Extracted/720.png
888,888.png,2,Agricultural area/farm area,0,1000,1000,2,1,[],1,/content/drive/MyDrive/landfill_research/datasets/AerialWaste/Extracted/888.png
10015,10015.png,n/a,n/a,0,1058,1044,n/a,0,[],0,/content/drive/MyDrive/landfill_research/datasets/AerialWaste/Extracted/10015.png
3892,3892.png,n/a,n/a,0,1000,1000,n/a,0,[],0,/content/drive/MyDrive/landfill_research/datasets/AerialWaste/Extracted/3892.png
10175,10175.png,n/a,n/a,0,1054,1047,n/a,0,[],0,/content/drive/MyDrive/landfill_research/datasets/AerialWaste/Extracted/10175.png
11317,11317.png,n/a,n/a,0,1000,1000,n/a,0,[],0,/content/drive/MyDrive/landfill_research/datasets/AerialWaste/Extracted/11317.png
3013,3013.png,n/s,n/s,0,1047,1054,1,1,[],1,/content/drive/MyDrive/landfill_research/datasets/AerialWaste/Extracted/3013.png
5081,5081.png,n/a,n/a,0,1000,1000,n/a,0,[],0,/content/drive/MyDrive/landfill_research/datasets/AerialWaste/Extracted/5081.png
10749,10749.png,n/a,n/a,0,1048,1053,n/a,0,[],0,/content/drive/MyDrive/landfill_research/datasets/AerialWaste/Extracted/10749.png
10511,10511.png,n/a,n/a,0,1000,1000,n/a,0,[],0,/content/drive/MyDrive/landfill_research/datasets/AerialWaste/Extracted/10511.png
1677,1677.png,2,Agricultural area/farm area,0,1000,1000,2,1,[],1,/content/drive/MyDrive/landfill_research/datasets/AerialWaste/Extracted/1677.png
4883,4883.png,n/a,n/a,0,1000,1000,n/a,0,[],0,/content/drive/MyDrive/landfill_research/datasets/AerialWaste/Extracted/4883.png
423,423.png,1,Agricultural area/farm area,0,1000,1000,1,1,[],1,/content/drive/MyDrive/landfill_research/datasets/AerialWaste/Extracted/423.png
2975,2975.png,n/s,n/s,0,1044,1057,1,1,[],1,/content/drive/MyDrive/landfill_research/datasets/AerialWaste/Extracted/2975.png
4920,4920.png,n/a,n/a,0,1000,1000,n/a,0,[],0,/content/drive/MyDrive/landfill_research/datasets/AerialWaste/Extracted/4920.png
747,747.png,2,Production site,0,1000,1000,3,1,[],1,/content/drive/MyDrive/landfill_research/datasets/AerialWaste/Extracted/747.png
10330,10330.png,n/a,n/a,0,1000,1000,n/a,0,[],0,/content/drive/MyDrive/landfill_research/datasets/AerialWaste/Extracted/10330.png
5697,5697.png,n/a,n/a,0,1000,1000,n/a,0,[],0,/content/drive/MyDrive/landfill_research/datasets/AerialWaste/Extracted/5697.png
6323,6323.png,n/a,n/a,0,1000,1000,n/a,0,[],0,/content/drive/MyDrive/landfill_research/datasets/AerialWaste/Extracted/6323.png
845,845.png,1,Production site,0,1000,1000,3,1,[],1,/content/drive/MyDrive/landfill_research/datasets/AerialWaste/Extracted/845.png
3100,3100.png,n/a,n/a,0,1000,1000,n/a,0,[],0,/content/drive/MyDrive/landfill_research/datasets/AerialWaste/Extracted/3100.png
560,560.png,1,Production site,0,1000,1000,1,1,[],1,/content/drive/MyDrive/landfill_research/datasets/AerialWaste/Extracted/560.png
10134,10134.png,n/a,n/a,0,1054,1048,n/a,0,[],0,/content/drive/MyDrive/landfill_research/datasets/AerialWaste/Extracted/10134.png
5221,5221.png,n/a,n/a,0,1000,1000,n/a,0,[],0,/content/drive/MyDrive/landfill_research/datasets/AerialWaste/Extracted/5221.png
8025,8025.png,n/a,n/a,0,1047,1054,n/a,0,[],0,/content/drive/MyDrive/landfill_research/datasets/AerialWaste/Extracted/8025.png
9664,9664.png,n/a,n/a,0,1000,1000,n/a,0,[],0,/content/drive/MyDrive/landfill_research/datasets/AerialWaste/Extracted/9664.png
5266,5266.png,n/a,n/a,0,1000,1000,n/a,0,[],0,/content/drive/MyDrive/landfill_research/datasets/AerialWaste/Extracted/5266.png
7004,7004.png,n/a,n/a,0,1000,1000,n/a,0,[],0,/content/drive/MyDrive/landfill_research/datasets/AerialWaste/Extracted/7004.png
3800,3800.png,n/a,n/a,0,1000,1000,n/a,0,[],0,/content/drive/MyDrive/landfill_research/datasets/AerialWaste/Extracted/3800.png
8810,8810.png,1,Agricultural area/farm area,1,1000,1000,1,1,"[4, 16]",1,/content/drive/MyDrive/landfill_research/datasets/AerialWaste/Extracted/8810.png
8662,8662.png,n/a,n/a,0,1056,1047,n/a,0,[],0,/content/drive/MyDrive/landfill_research/datasets/AerialWaste/Extracted/8662.png
5110,5110.png,n/a,n/a,0,1000,1000,n/a,0,[],0,/content/drive/MyDrive/landfill_research/datasets/AerialWaste/Extracted/5110.png
708,708.png,1,Degraded area,0,1000,1000,1,1,[],1,/content/drive/MyDrive/landfill_research/datasets/AerialWaste/Extracted/708.png
10101,10101.png,n/a,n/a,0,1056,1046,n/a,0,[],0,/content/drive/MyDrive/landfill_research/datasets/AerialWaste/Extracted/10101.png
1173,1173.png,2,Degraded area,0,1000,1000,2,1,[],1,/content/drive/MyDrive/landfill_research/datasets/AerialWaste/Extracted/1173.png
9982,9982.png,n/a,n/a,0,1056,1046,n/a,0,[],0,/content/drive/MyDrive/landfill_research/datasets/AerialWaste/Extracted/9982.png
8817,8817.png,n/a,n/a,0,1000,1000,n/a,0,[],0,/content/drive/MyDrive/landfill_research/datasets/AerialWaste/Extracted/8817.png
678,678.png,1,Non production building,0,1000,1000,2,1,[],1,/content/drive/MyDrive/landfill_research/datasets/AerialWaste/Extracted/678.png
6123,6123.png,n/a,n/a,0,1000,1000,n/a,0,[],0,/content/drive/MyDrive/landfill_research/datasets/AerialWaste/Extracted/6123.png
2976,2976.png,n/s,n/s,0,1044,1058,3,1,[],1,/content/drive/MyDrive/landfill_research/datasets/AerialWaste/Extracted/2976.png
5583,5583.png,n/a,n/a,0,1000,1000,n/a,0,[],0,/content/drive/MyDrive/landfill_research/datasets/AerialWaste/Extracted/5583.png
8306,8306.png,n/a,n/a,0,1036,1066,n/a,0,[],0,/content/drive/MyDrive/landfill_research/datasets/AerialWaste/Extracted/8306.png
4085,4085.png,n/a,n/a,0,1000,1000,n/a,0,[],0,/content/drive/MyDrive/landfill_research/datasets/AerialWaste/Extracted/4085.png
5356,5356.png,n/a,n/a,0,1000,1000,n/a,0,[],0,/content/drive/MyDrive/landfill_research/datasets/AerialWaste/Extracted/5356.png
5625,5625.png,n/a,n/a,0,1000,1000,n/a,0,[],0,/content/drive/MyDrive/landfill_research/datasets/AerialWaste/Extracted/5625.png
11593,11593.png,n/a,n/a,0,1000,1000,n/a,0,[],0,/content/drive/MyDrive/landfill_research/datasets/AerialWaste/Extracted/11593.png
11294,11294.png,n/a,n/a,0,1000,1000,n/a,0,[],0,/content/drive/MyDrive/landfill_research/datasets/AerialWaste/Extracted/11294.png
10021,10021.png,n/a,n/a,0,1052,1050,n/a,0,[],0,/content/drive/MyDrive/landfill_research/datasets/AerialWaste/Extracted/10021.png
11656,11656.png,n/a,n/a,0,1053,1048,n/a,0,[],0,/content/drive/MyDrive/landfill_research/datasets/AerialWaste/Extracted/11656.png
8906,8906.png,1,Production site,1,1000,1000,1,1,"[12, 16]",1,/content/drive/MyDrive/landfill_research/datasets/AerialWaste/Extracted/8906.png
8794,8794.png,n/a,n/a,0,1000,1000,n/a,0,[],0,/content/drive/MyDrive/landfill_research/datasets/AerialWaste/Extracted/8794.png
9196,9196.png,n/a,n/a,0,1000,1000,n/a,1,[],1,/content/drive/MyDrive/landfill_research/datasets/AerialWaste/Extracted/9196.png
7291,7291.png,n/a,n/a,0,1057,1044,n/a,0,[],0,/content/drive/MyDrive/landfill_research/datasets/AerialWaste/Extracted/7291.png
450,450.png,2,Agricultural area/farm area,0,1000,1000,3,1,[],1,/content/drive/MyDrive/landfill_research/datasets/AerialWaste/Extracted/450.png
3426,3426.png,n/s,n/s,0,1045,1057,n/s,0,[],0,/content/drive/MyDrive/landfill_research/datasets/AerialWaste/Extracted/3426.png
11603,11603.png,n/a,n/a,0,1050,1051,n/a,0,[],0,/content/drive/MyDrive/landfill_research/datasets/AerialWaste/Extracted/11603.png
7036,7036.png,n/a,n/a,0,1000,1000,n/a,0,[],0,/content/drive/MyDrive/landfill_research/datasets/AerialWaste/Extracted/7036.png
11280,11280.png,n/a,n/a,0,1000,1000,n/a,0,[],0,/content/drive/MyDrive/landfill_research/datasets/AerialWaste/Extracted/11280.png
9757,9757.png,n/a,n/a,0,1000,1000,n/a,0,[],0,/content/drive/MyDrive/landfill_research/datasets/AerialWaste/Extracted/9757.png
10023,10023.png,n/a,n/a,0,1051,1050,n/a,0,[],0,/content/drive/MyDrive/landfill_research/datasets/AerialWaste/Extracted/10023.png
6510,6510.png,n/a,n/a,0,1000,1000,n/a,0,[],0,/content/drive/MyDrive/landfill_research/datasets/AerialWaste/Extracted/6510.png
9559,9559.png,n/a,n/a,0,1000,1000,n/a,0,[],0,/content/drive/MyDrive/landfill_research/datasets/AerialWaste/Extracted/9559.png
3392,3392.png,n/s,n/s,1,1036,1065,n/s,1,[17],1,/content/drive/MyDrive/landfill_research/datasets/AerialWaste/Extracted/3392.png
2839,2839.png,n/s,n/s,0,1055,1047,2,1,[],1,/content/drive/MyDrive/landfill_research/datasets/AerialWaste/Extracted/2839.png
10973,10973.png,n/a,n/a,0,1000,1000,n/a,0,[],0,/content/drive/MyDrive/landfill_research/datasets/AerialWaste/Extracted/10973.png
9574,9574.png,n/a,n/a,0,1000,1000,n/a,1,[],1,/content/drive/MyDrive/landfill_research/datasets/AerialWaste/Extracted/9574.png
6758,6758.png,n/a,n/a,0,1000,1000,n/a,0,[],0,/content/drive/MyDrive/landfill_research/datasets/AerialWaste/Extracted/6758.png
3281,3281.png,n/s,n/s,0,1037,1065,1,1,[],1,/content/drive/MyDrive/landfill_research/datasets/AerialWaste/Extracted/3281.png
3178,3178.png,n/a,n/a,0,1000,1000,n/a,0,[],0,/content/drive/MyDrive/landfill_research/datasets/AerialWaste/Extracted/3178.png
5256,5256.png,n/a,n/a,0,1000,1000,n/a,0,[],0,/content/drive/MyDrive/landfill_research/datasets/AerialWaste/Extracted/5256.png
9508,9508.png,n/a,n/a,0,1000,1000,n/a,0,[],0,/content/drive/MyDrive/landfill_research/datasets/AerialWaste/Extracted/9508.png
9491,9491.png,n/a,n/a,0,1000,1000,n/a,0,[],0,/content/drive/MyDrive/landfill_research/datasets/AerialWaste/Extracted/9491.png
9301,9301.png,n/a,n/a,0,1049,1052,n/a,0,[],0,/content/drive/MyDrive/landfill_research/datasets/AerialWaste/Extracted/9301.png
2303,2303.png,2,Production site,1,697,698,2,1,"[5, 18]",1,/content/drive/MyDrive/landfill_research/datasets/AerialWaste/Extracted/2303.png
1006,1006.png,n/a,n/a,0,1000,1000,n/a,0,[],0,/content/drive/MyDrive/landfill_research/datasets/AerialWaste/Extracted/1006.png
10708,10708.png,n/a,n/a,0,1000,1000,n/a,0,[],0,/content/drive/MyDrive/landfill_research/datasets/AerialWaste/Extracted/10708.png
1116,1116.png,3,Agricultural area/farm area,0,1000,1000,2,1,[],1,/content/drive/MyDrive/landfill_research/datasets/AerialWaste/Extracted/1116.png
7517,7517.png,n/a,n/a,0,1056,1046,n/a,0,[],0,/content/drive/MyDrive/landfill_research/datasets/AerialWaste/Extracted/7517.png
8049,8049.png,n/a,n/a,0,1049,1052,n/a,0,[],0,/content/drive/MyDrive/landfill_research/datasets/AerialWaste/Extracted/8049.png
5561,5561.png,n/a,n/a,0,1000,1000,n/a,0,[],0,/content/drive/MyDrive/landfill_research/datasets/AerialWaste/Extracted/5561.png
1796,1796.png,2,Other,0,1000,1000,2,1,[],1,/content/drive/MyDrive/landfill_research/datasets/AerialWaste/Extracted/1796.png
3116,3116.png,n/s,n/s,0,1056,1046,1,1,[],1,/content/drive/MyDrive/landfill_research/datasets/AerialWaste/Extracted/3116.png
10162,10162.png,n/a,n/a,0,1050,1052,n/a,0,[],0,/content/drive/MyDrive/landfill_research/datasets/AerialWaste/Extracted/10162.png
9298,9298.png,n/a,n/a,0,1000,1000,n/a,0,[],0,/content/drive/MyDrive/landfill_research/datasets/AerialWaste/Extracted/9298.png
948,948.png,2,Production site,0,1000,1000,2,1,[],1,/content/drive/MyDrive/landfill_research/datasets/AerialWaste/Extracted/948.png
2662,2662.png,n/s,n/s,0,1055,1047,1,1,[],1,/content/drive/MyDrive/landfill_research/datasets/AerialWaste/Extracted/2662.png
974,974.png,2,Degraded area,0,1000,1000,2,1,[],1,/content/drive/MyDrive/landfill_research/datasets/AerialWaste/Extracted/974.png
10397,10397.png,n/a,n/a,0,1038,1064,n/a,0,[],0,/content/drive/MyDrive/landfill_research/datasets/AerialWaste/Extracted/10397.png
1703,1703.png,1,Agricultural area/farm area,0,1000,1000,1,1,[],1,/content/drive/MyDrive/landfill_research/datasets/AerialWaste/Extracted/1703.png
4965,4965.png,n/a,n/a,0,1000,1000,n/a,0,[],0,/content/drive/MyDrive/landfill_research/datasets/AerialWaste/Extracted/4965.png
256,256.png,2,Agricultural area/farm area,0,1000,1000,2,0,[],0,/content/drive/MyDrive/landfill_research/datasets/AerialWaste/Extracted/256.png
10630,10630.png,n/a,n/a,0,1049,1053,n/a,0,[],0,/content/drive/MyDrive/landfill_research/datasets/AerialWaste/Extracted/10630.png
11233,11233.png,n/a,n/a,0,1000,1000,n/a,0,[],0,/content/drive/MyDrive/landfill_research/datasets/AerialWaste/Extracted/11233.png
9168,9168.png,n/a,n/a,0,1000,1000,n/a,0,[],0,/content/drive/MyDrive/landfill_research/datasets/AerialWaste/Extracted/9168.png
3026,3026.png,n/s,n/s,0,1049,1052,1,1,[],1,/content/drive/MyDrive/landfill_research/datasets/AerialWaste/Extracted/3026.png
4714,4714.png,n/a,n/a,0,1000,1000,n/a,0,[],0,/content/drive/MyDrive/landfill_research/datasets/AerialWaste/Extracted/4714.png
10873,10873.png,n/a,n/a,0,1000,1000,n/a,0,[],0,/content/drive/MyDrive/landfill_research/datasets/AerialWaste/Extracted/10873.png
3756,3756.png,n/a,n/a,0,1000,1000,n/a,0,[],0,/content/drive/MyDrive/landfill_research/datasets/AerialWaste/Extracted/3756.png
2212,2212.png,1,Degraded area,0,1051,1050,2,1,[],1,/content/drive/MyDrive/landfill_research/datasets/AerialWaste/Extracted/2212.png
11325,11325.png,n/a,n/a,0,1000,1000,n/a,0,[],0,/content/drive/MyDrive/landfill_research/datasets/AerialWaste/Extracted/11325.png
7450,7450.png,n/a,n/a,0,1053,1049,n/a,0,[],0,/content/drive/MyDrive/landfill_research/datasets/AerialWaste/Extracted/7450.png
4024,4024.png,n/a,n/a,0,1000,1000,n/a,0,[],0,/content/drive/MyDrive/landfill_research/datasets/AerialWaste/Extracted/4024.png
8719,8719.png,n/a,n/a,0,1000,1000,n/a,0,[],0,/content/drive/MyDrive/landfill_research/datasets/AerialWaste/Extracted/8719.png
9551,9551.png,n/a,n/a,0,1000,1000,n/a,0,[],0,/content/drive/MyDrive/landfill_research/datasets/AerialWaste/Extracted/9551.png
6706,6706.png,n/a,n/a,0,1000,1000,n/a,0,[],0,/content/drive/MyDrive/landfill_research/datasets/AerialWaste/Extracted/6706.png
5311,5311.png,n/a,n/a,0,1000,1000,n/a,0,[],0,/content/drive/MyDrive/landfill_research/datasets/AerialWaste/Extracted/5311.png
7260,7260.png,n/a,n/a,0,1054,1048,n/a,0,[],0,/content/drive/MyDrive/landfill_research/datasets/AerialWaste/Extracted/7260.png
8413,8413.png,n/a,n/a,0,1036,1066,n/a,0,[],0,/content/drive/MyDrive/landfill_research/datasets/AerialWaste/Extracted/8413.png
7031,7031.png,1,Production site,1,1000,1000,2,1,"[2, 3, 5, 19, 16]",1,/content/drive/MyDrive/landfill_research/datasets/AerialWaste/Extracted/7031.png
691,691.png,1,Degraded area,0,1000,1000,3,0,[],0,/content/drive/MyDrive/landfill_research/datasets/AerialWaste/Extracted/691.png
7655,7655.png,n/a,n/a,0,1055,1048,n/a,0,[],0,/content/drive/MyDrive/landfill_research/datasets/AerialWaste/Extracted/7655.png
3632,3632.png,n/a,n/a,0,1000,1000,n/a,1,[],1,/content/drive/MyDrive/landfill_research/datasets/AerialWaste/Extracted/3632.png
6756,6756.png,n/a,n/a,0,1000,1000,n/a,1,[],1,/content/drive/MyDrive/landfill_research/datasets/AerialWaste/Extracted/6756.png
11005,11005.png,3,Production site,1,1000,1000,3,1,"[2, 5, 19, 18]",1,/content/drive/MyDrive/landfill_research/datasets/AerialWaste/Extracted/11005.png
4986,4986.png,n/a,n/a,0,1000,1000,n/a,0,[],0,/content/drive/MyDrive/landfill_research/datasets/AerialWaste/Extracted/4986.png
3759,3759.png,n/a,n/a,0,1000,1000,n/a,0,[],0,/content/drive/MyDrive/landfill_research/datasets/AerialWaste/Extracted/3759.png
1682,1682.png,1,Agricultural area/farm area,0,1000,1000,2,1,[],1,/content/drive/MyDrive/landfill_research/datasets/AerialWaste/Extracted/1682.png
808,808.png,2,Degraded area,0,1000,1000,2,1,[],1,/content/drive/MyDrive/landfill_research/datasets/AerialWaste/Extracted/808.png
8606,8606.png,n/a,n/a,0,1036,1066,n/a,0,[],0,/content/drive/MyDrive/landfill_research/datasets/AerialWaste/Extracted/8606.png
8284,8284.png,n/a,n/a,0,1051,1050,n/a,0,[],0,/content/drive/MyDrive/landfill_research/datasets/AerialWaste/Extracted/8284.png
1194,1194.png,1,Production site,0,1000,1000,1,1,[],1,/content/drive/MyDrive/landfill_research/datasets/AerialWaste/Extracted/1194.png
6262,6262.png,n/a,n/a,0,1000,1000,n/a,0,[],0,/content/drive/MyDrive/landfill_research/datasets/AerialWaste/Extracted/6262.png
545,545.png,n/a,n/a,0,1000,1000,n/a,0,[],0,/content/drive/MyDrive/landfill_research/datasets/AerialWaste/Extracted/545.png
5389,5389.png,n/a,n/a,0,1000,1000,n/a,0,[],0,/content/drive/MyDrive/landfill_research/datasets/AerialWaste/Extracted/5389.png
8166,8166.png,n/a,n/a,0,1042,1060,n/a,0,[],0,/content/drive/MyDrive/landfill_research/datasets/AerialWaste/Extracted/8166.png
2104,2104.png,2,Production site,1,1000,1000,1,1,"[16, 19]",1,/content/drive/MyDrive/landfill_research/datasets/AerialWaste/Extracted/2104.png
387,387.png,1,Production site,0,1000,1000,1,1,[],1,/content/drive/MyDrive/landfill_research/datasets/AerialWaste/Extracted/387.png
8703,8703.png,n/a,n/a,0,1000,1000,n/a,0,[],0,/content/drive/MyDrive/landfill_research/datasets/AerialWaste/Extracted/8703.png
584,584.png,1,Degraded area,0,1000,1000,2,1,[],1,/content/drive/MyDrive/landfill_research/datasets/AerialWaste/Extracted/584.png
11296,11296.png,n/a,n/a,0,1000,1000,n/a,0,[],0,/content/drive/MyDrive/landfill_research/datasets/AerialWaste/Extracted/11296.png
10713,10713.png,n/a,n/a,0,1000,1000,n/a,0,[],0,/content/drive/MyDrive/landfill_research/datasets/AerialWaste/Extracted/10713.png
243,243.png,2,Non production building,0,1000,1000,3,1,[],1,/content/drive/MyDrive/landfill_research/datasets/AerialWaste/Extracted/243.png
1524,1524.png,2,Production site,0,1000,1000,2,1,[],1,/content/drive/MyDrive/landfill_research/datasets/AerialWaste/Extracted/1524.png
3214,3214.png,n/s,n/s,0,1036,1065,2,1,[],1,/content/drive/MyDrive/landfill_research/datasets/AerialWaste/Extracted/3214.png
3470,3470.png,n/s,n/s,1,1055,1046,n/s,1,"[1, 2, 5, 16]",1,/content/drive/MyDrive/landfill_research/datasets/AerialWaste/Extracted/3470.png
7926,7926.png,n/a,n/a,0,1055,1046,n/a,0,[],0,/content/drive/MyDrive/landfill_research/datasets/AerialWaste/Extracted/7926.png
4060,4060.png,n/a,n/a,0,1000,1000,n/a,0,[],0,/content/drive/MyDrive/landfill_research/datasets/AerialWaste/Extracted/4060.png
3861,3861.png,n/a,n/a,0,1000,1000,n/a,0,[],0,/content/drive/MyDrive/landfill_research/datasets/AerialWaste/Extracted/3861.png
5380,5380.png,n/a,n/a,0,1000,1000,n/a,0,[],0,/content/drive/MyDrive/landfill_research/datasets/AerialWaste/Extracted/5380.png
191,191.png,1,Degraded area,0,1000,1000,2,1,[],1,/content/drive/MyDrive/landfill_research/datasets/AerialWaste/Extracted/191.png
3035,3035.png,n/s,n/s,0,1051,1050,3,0,[],0,/content/drive/MyDrive/landfill_research/datasets/AerialWaste/Extracted/3035.png
2647,2647.png,n/a,n/a,0,1000,1000,n/a,0,[],0,/content/drive/MyDrive/landfill_research/datasets/AerialWaste/Extracted/2647.png
9455,9455.png,n/a,n/a,0,1000,1000,n/a,0,[],0,/content/drive/MyDrive/landfill_research/datasets/AerialWaste/Extracted/9455.png
7153,7153.png,n/a,n/a,0,697,697,n/a,0,[],0,/content/drive/MyDrive/landfill_research/datasets/AerialWaste/Extracted/7153.png
809,809.png,1,Agricultural area/farm area,0,1000,1000,1,1,[],1,/content/drive/MyDrive/landfill_research/datasets/AerialWaste/Extracted/809.png
8036,8036.png,n/a,n/a,0,1047,1055,n/a,0,[],0,/content/drive/MyDrive/landfill_research/datasets/AerialWaste/Extracted/8036.png
44,44.png,2,Degraded area,0,1000,1000,1,1,[],1,/content/drive/MyDrive/landfill_research/datasets/AerialWaste/Extracted/44.png
10178,10178.png,n/a,n/a,0,1055,1047,n/a,0,[],0,/content/drive/MyDrive/landfill_research/datasets/AerialWaste/Extracted/10178.png
4548,4548.png,n/a,n/a,0,1000,1000,n/a,0,[],0,/content/drive/MyDrive/landfill_research/datasets/AerialWaste/Extracted/4548.png
3166,3166.png,n/s,n/s,0,1044,1058,1,1,[],1,/content/drive/MyDrive/landfill_research/datasets/AerialWaste/Extracted/3166.png
5732,5732.png,n/a,n/a,0,1000,1000,n/a,0,[],0,/content/drive/MyDrive/landfill_research/datasets/AerialWaste/Extracted/5732.png
8884,8884.png,n/a,n/a,0,1000,1000,n/a,0,[],0,/content/drive/MyDrive/landfill_research/datasets/AerialWaste/Extracted/8884.png
4257,4257.png,n/a,n/a,0,1000,1000,n/a,0,[],0,/content/drive/MyDrive/landfill_research/datasets/AerialWaste/Extracted/4257.png
9980,9980.png,n/a,n/a,0,1055,1047,n/a,0,[],0,/content/drive/MyDrive/landfill_research/datasets/AerialWaste/Extracted/9980.png
4822,4822.png,n/a,n/a,0,1000,1000,n/a,0,[],0,/content/drive/MyDrive/landfill_research/datasets/AerialWaste/Extracted/4822.png
10825,10825.png,n/a,n/a,0,1000,1000,n/a,0,[],0,/content/drive/MyDrive/landfill_research/datasets/AerialWaste/Extracted/10825.png
1259,1259.png,1,Production site,0,1000,1000,1,0,[],0,/content/drive/MyDrive/landfill_research/datasets/AerialWaste/Extracted/1259.png
10846,10846.png,n/a,n/a,0,1000,1000,n/a,0,[],0,/content/drive/MyDrive/landfill_research/datasets/AerialWaste/Extracted/10846.png
6084,6084.png,n/a,n/a,0,1000,1000,n/a,0,[],0,/content/drive/MyDrive/landfill_research/datasets/AerialWaste/Extracted/6084.png
8465,8465.png,n/a,n/a,0,1037,1065,n/a,0,[],0,/content/drive/MyDrive/landfill_research/datasets/AerialWaste/Extracted/8465.png
10624,10624.png,n/a,n/a,0,1000,1000,n/a,0,[],0,/content/drive/MyDrive/landfill_research/datasets/AerialWaste/Extracted/10624.png
4524,4524.png,n/a,n/a,0,1000,1000,n/a,0,[],0,/content/drive/MyDrive/landfill_research/datasets/AerialWaste/Extracted/4524.png
8851,8851.png,n/a,n/a,0,1000,1000,n/a,0,[],0,/content/drive/MyDrive/landfill_research/datasets/AerialWaste/Extracted/8851.png
2292,2292.png,1,Other,1,1000,1000,2,1,[16],1,/content/drive/MyDrive/landfill_research/datasets/AerialWaste/Extracted/2292.png
4329,4329.png,n/a,n/a,0,1000,1000,n/a,0,[],0,/content/drive/MyDrive/landfill_research/datasets/AerialWaste/Extracted/4329.png
8678,8678.png,n/a,n/a,0,1055,1046,n/a,0,[],0,/content/drive/MyDrive/landfill_research/datasets/AerialWaste/Extracted/8678.png
8407,8407.png,n/a,n/a,0,1037,1064,n/a,0,[],0,/content/drive/MyDrive/landfill_research/datasets/AerialWaste/Extracted/8407.png
6551,6551.png,n/a,n/a,0,1000,1000,n/a,0,[],0,/content/drive/MyDrive/landfill_research/datasets/AerialWaste/Extracted/6551.png
516,516.png,1,Production site,0,1000,1000,1,1,[],1,/content/drive/MyDrive/landfill_research/datasets/AerialWaste/Extracted/516.png
10631,10631.png,n/a,n/a,0,1000,1000,n/a,0,[],0,/content/drive/MyDrive/landfill_research/datasets/AerialWaste/Extracted/10631.png
4008,4008.png,n/a,n/a,0,1000,1000,n/a,0,[],0,/content/drive/MyDrive/landfill_research/datasets/AerialWaste/Extracted/4008.png
80,80.png,1,Degraded area,0,1000,1000,1,1,[],1,/content/drive/MyDrive/landfill_research/datasets/AerialWaste/Extracted/80.png
8699,8699.png,n/a,n/a,0,1055,1046,n/a,0,[],0,/content/drive/MyDrive/landfill_research/datasets/AerialWaste/Extracted/8699.png
7034,7034.png,n/a,n/a,0,1000,1000,n/a,0,[],0,/content/drive/MyDrive/landfill_research/datasets/AerialWaste/Extracted/7034.png
1240,1240.png,2,Production site,0,1000,1000,1,1,[],1,/content/drive/MyDrive/landfill_research/datasets/AerialWaste/Extracted/1240.png
8870,8870.png,1,Non production building,1,1000,1000,1,1,"[2, 3, 5, 4, 16]",1,/content/drive/MyDrive/landfill_research/datasets/AerialWaste/Extracted/8870.png
1437,1437.png,1,Agricultural area/farm area,0,1000,1000,1,1,[],1,/content/drive/MyDrive/landfill_research/datasets/AerialWaste/Extracted/1437.png
9163,9163.png,n/a,n/a,0,1000,1000,n/a,0,[],0,/content/drive/MyDrive/landfill_research/datasets/AerialWaste/Extracted/9163.png
11541,11541.png,n/a,n/a,0,1000,1000,n/a,0,[],0,/content/drive/MyDrive/landfill_research/datasets/AerialWaste/Extracted/11541.png
8599,8599.png,n/a,n/a,0,1037,1065,n/a,0,[],0,/content/drive/MyDrive/landfill_research/datasets/AerialWaste/Extracted/8599.png
6957,6957.png,n/a,n/a,0,1000,1000,n/a,0,[],0,/content/drive/MyDrive/landfill_research/datasets/AerialWaste/Extracted/6957.png
810,810.png,2,Agricultural area/farm area,0,1000,1000,2,1,[],1,/content/drive/MyDrive/landfill_research/datasets/AerialWaste/Extracted/810.png
5957,5957.png,n/a,n/a,0,1000,1000,n/a,0,[],0,/content/drive/MyDrive/landfill_research/datasets/AerialWaste/Extracted/5957.png
4988,4988.png,n/a,n/a,0,1000,1000,n/a,0,[],0,/content/drive/MyDrive/landfill_research/datasets/AerialWaste/Extracted/4988.png
1327,1327.png,1,Production site,1,1038,1064,2,1,[14],1,/content/drive/MyDrive/landfill_research/datasets/AerialWaste/Extracted/1327.png
4773,4773.png,n/a,n/a,0,1000,1000,n/a,0,[],0,/content/drive/MyDrive/landfill_research/datasets/AerialWaste/Extracted/4773.png
7604,7604.png,n/a,n/a,0,1054,1047,n/a,0,[],0,/content/drive/MyDrive/landfill_research/datasets/AerialWaste/Extracted/7604.png
1532,1532.png,1,Agricultural area/farm area,0,1000,1000,1,1,[],1,/content/drive/MyDrive/landfill_research/datasets/AerialWaste/Extracted/1532.png
3173,3173.png,n/s,n/s,1,1052,1049,1,1,[3],1,/content/drive/MyDrive/landfill_research/datasets/AerialWaste/Extracted/3173.png
6279,6279.png,n/a,n/a,0,1000,1000,n/a,0,[],0,/content/drive/MyDrive/landfill_research/datasets/AerialWaste/Extracted/6279.png
6336,6336.png,n/a,n/a,0,1000,1000,n/a,0,[],0,/content/drive/MyDrive/landfill_research/datasets/AerialWaste/Extracted/6336.png
4459,4459.png,n/a,n/a,0,1000,1000,n/a,0,[],0,/content/drive/MyDrive/landfill_research/datasets/AerialWaste/Extracted/4459.png
2622,2622.png,n/s,n/s,0,1054,1048,2,1,[],1,/content/drive/MyDrive/landfill_research/datasets/AerialWaste/Extracted/2622.png
11169,11169.png,n/a,n/a,0,1054,1047,n/a,0,[],0,/content/drive/MyDrive/landfill_research/datasets/AerialWaste/Extracted/11169.png
1932,1932.png,2,Degraded area,1,1000,1000,3,1,"[1, 2, 16, 18]",1,/content/drive/MyDrive/landfill_research/datasets/AerialWaste/Extracted/1932.png
201,201.png,1,Production site,0,1000,1000,2,1,[],1,/content/drive/MyDrive/landfill_research/datasets/AerialWaste/Extracted/201.png
7562,7562.png,n/a,n/a,0,1052,1049,n/a,0,[],0,/content/drive/MyDrive/landfill_research/datasets/AerialWaste/Extracted/7562.png
7871,7871.png,n/a,n/a,0,1053,1049,n/a,0,[],0,/content/drive/MyDrive/landfill_research/datasets/AerialWaste/Extracted/7871.png
5639,5639.png,n/a,n/a,0,1000,1000,n/a,0,[],0,/content/drive/MyDrive/landfill_research/datasets/AerialWaste/Extracted/5639.png
2870,2870.png,n/s,n/s,0,1054,1047,3,1,[],1,/content/drive/MyDrive/landfill_research/datasets/AerialWaste/Extracted/2870.png
7617,7617.png,n/a,n/a,0,1053,1049,n/a,0,[],0,/content/drive/MyDrive/landfill_research/datasets/AerialWaste/Extracted/7617.png
7545,7545.png,n/a,n/a,0,1056,1045,n/a,0,[],0,/content/drive/MyDrive/landfill_research/datasets/AerialWaste/Extracted/7545.png
4431,4431.png,n/a,n/a,0,1000,1000,n/a,0,[],0,/content/drive/MyDrive/landfill_research/datasets/AerialWaste/Extracted/4431.png
1573,1573.png,1,Agricultural area/farm area,0,1000,1000,1,1,[],1,/content/drive/MyDrive/landfill_research/datasets/AerialWaste/Extracted/1573.png
7224,7224.png,1,Production site,1,1000,1000,1,1,"[2, 3, 5, 4, 6, 16]",1,/content/drive/MyDrive/landfill_research/datasets/AerialWaste/Extracted/7224.png
9696,9696.png,n/a,n/a,0,1043,1059,n/a,0,[],0,/content/drive/MyDrive/landfill_research/datasets/AerialWaste/Extracted/9696.png
8501,8501.png,n/a,n/a,0,1038,1063,n/a,0,[],0,/content/drive/MyDrive/landfill_research/datasets/AerialWaste/Extracted/8501.png
5745,5745.png,n/a,n/a,0,1000,1000,n/a,0,[],0,/content/drive/MyDrive/landfill_research/datasets/AerialWaste/Extracted/5745.png
3050,3050.png,n/s,n/s,0,1055,1046,3,1,[],1,/content/drive/MyDrive/landfill_research/datasets/AerialWaste/Extracted/3050.png
3750,3750.png,n/a,n/a,0,1000,1000,n/a,0,[],0,/content/drive/MyDrive/landfill_research/datasets/AerialWaste/Extracted/3750.png
5935,5935.png,n/a,n/a,0,1000,1000,n/a,1,[],1,/content/drive/MyDrive/landfill_research/datasets/AerialWaste/Extracted/5935.png
5076,5076.png,n/a,n/a,0,1000,1000,n/a,0,[],0,/content/drive/MyDrive/landfill_research/datasets/AerialWaste/Extracted/5076.png
3184,3184.png,n/a,n/a,0,1000,1000,n/a,0,[],0,/content/drive/MyDrive/landfill_research/datasets/AerialWaste/Extracted/3184.png
4890,4890.png,n/a,n/a,0,1000,1000,n/a,1,[],1,/content/drive/MyDrive/landfill_research/datasets/AerialWaste/Extracted/4890.png
11090,11090.png,n/a,n/a,0,1000,1000,n/a,0,[],0,/content/drive/MyDrive/landfill_research/datasets/AerialWaste/Extracted/11090.png
1660,1660.png,1,Other,0,1000,1000,3,1,[],1,/content/drive/MyDrive/landfill_research/datasets/AerialWaste/Extracted/1660.png
9446,9446.png,n/a,n/a,0,1000,1000,n/a,0,[],0,/content/drive/MyDrive/landfill_research/datasets/AerialWaste/Extracted/9446.png
10011,10011.png,n/a,n/a,0,1051,1051,n/a,0,[],0,/content/drive/MyDrive/landfill_research/datasets/AerialWaste/Extracted/10011.png
11369,11369.png,n/a,n/a,0,1000,1000,n/a,0,[],0,/content/drive/MyDrive/landfill_research/datasets/AerialWaste/Extracted/11369.png
4230,4230.png,n/a,n/a,0,1000,1000,n/a,0,[],0,/content/drive/MyDrive/landfill_research/datasets/AerialWaste/Extracted/4230.png
3310,3310.png,n/s,n/s,0,1035,1067,1,1,[],1,/content/drive/MyDrive/landfill_research/datasets/AerialWaste/Extracted/3310.png
724,724.png,2,Agricultural area/farm area,0,1000,1000,2,1,[],1,/content/drive/MyDrive/landfill_research/datasets/AerialWaste/Extracted/724.png
3262,3262.png,n/s,n/s,0,1037,1064,1,1,[],1,/content/drive/MyDrive/landfill_research/datasets/AerialWaste/Extracted/3262.png
4051,4051.png,n/a,n/a,0,1000,1000,n/a,0,[],0,/content/drive/MyDrive/landfill_research/datasets/AerialWaste/Extracted/4051.png
8580,8580.png,n/a,n/a,0,1037,1064,n/a,0,[],0,/content/drive/MyDrive/landfill_research/datasets/AerialWaste/Extracted/8580.png
2286,2286.png,2,Production site,1,1000,1000,3,1,"[5, 16]",1,/content/drive/MyDrive/landfill_research/datasets/AerialWaste/Extracted/2286.png
5173,5173.png,n/a,n/a,0,1000,1000,n/a,0,[],0,/content/drive/MyDrive/landfill_research/datasets/AerialWaste/Extracted/5173.png
2291,2291.png,1,Non production building,1,1000,1000,2,1,"[2, 16]",1,/content/drive/MyDrive/landfill_research/datasets/AerialWaste/Extracted/2291.png
1432,1432.png,2,Agricultural area/farm area,0,1000,1000,2,1,[],1,/content/drive/MyDrive/landfill_research/datasets/AerialWaste/Extracted/1432.png
7734,7734.png,n/a,n/a,0,1055,1047,n/a,0,[],0,/content/drive/MyDrive/landfill_research/datasets/AerialWaste/Extracted/7734.png
1082,1082.png,n/a,n/a,0,1000,1000,n/a,0,[],0,/content/drive/MyDrive/landfill_research/datasets/AerialWaste/Extracted/1082.png
8866,8866.png,n/a,n/a,0,1000,1000,n/a,0,[],0,/content/drive/MyDrive/landfill_research/datasets/AerialWaste/Extracted/8866.png
10967,10967.png,n/a,n/a,0,1000,1000,n/a,0,[],0,/content/drive/MyDrive/landfill_research/datasets/AerialWaste/Extracted/10967.png
5512,5512.png,n/a,n/a,0,1000,1000,n/a,0,[],0,/content/drive/MyDrive/landfill_research/datasets/AerialWaste/Extracted/5512.png
5644,5644.png,n/a,n/a,0,1000,1000,n/a,0,[],0,/content/drive/MyDrive/landfill_research/datasets/AerialWaste/Extracted/5644.png
9868,9868.png,n/a,n/a,0,1000,1000,n/a,0,[],0,/content/drive/MyDrive/landfill_research/datasets/AerialWaste/Extracted/9868.png
9387,9387.png,n/a,n/a,0,1000,1000,n/a,0,[],0,/content/drive/MyDrive/landfill_research/datasets/AerialWaste/Extracted/9387.png
7032,7032.png,n/a,n/a,0,697,697,n/a,0,[],0,/content/drive/MyDrive/landfill_research/datasets/AerialWaste/Extracted/7032.png
8781,8781.png,1,Degraded area,1,1000,1000,1,1,"[7, 16]",1,/content/drive/MyDrive/landfill_research/datasets/AerialWaste/Extracted/8781.png
6072,6072.png,n/a,n/a,0,1000,1000,n/a,0,[],0,/content/drive/MyDrive/landfill_research/datasets/AerialWaste/Extracted/6072.png
1944,1944.png,2,Degraded area,1,1000,1000,3,1,"[1, 13, 16]",1,/content/drive/MyDrive/landfill_research/datasets/AerialWaste/Extracted/1944.png
4574,4574.png,n/a,n/a,0,1000,1000,n/a,0,[],0,/content/drive/MyDrive/landfill_research/datasets/AerialWaste/Extracted/4574.png
11660,11660.png,n/a,n/a,0,1052,1050,n/a,0,[],0,/content/drive/MyDrive/landfill_research/datasets/AerialWaste/Extracted/11660.png
3298,3298.png,n/s,n/s,0,1035,1067,1,1,[],1,/content/drive/MyDrive/landfill_research/datasets/AerialWaste/Extracted/3298.png
10288,10288.png,n/a,n/a,0,1058,1043,n/a,0,[],0,/content/drive/MyDrive/landfill_research/datasets/AerialWaste/Extracted/10288.png
9210,9210.png,n/a,n/a,0,1052,1049,n/a,0,[],0,/content/drive/MyDrive/landfill_research/datasets/AerialWaste/Extracted/9210.png
7378,7378.png,n/a,n/a,0,1055,1046,n/a,0,[],0,/content/drive/MyDrive/landfill_research/datasets/AerialWaste/Extracted/7378.png
9234,9234.png,n/a,n/a,0,1000,1000,n/a,0,[],0,/content/drive/MyDrive/landfill_research/datasets/AerialWaste/Extracted/9234.png
9699,9699.png,n/a,n/a,0,1000,1000,n/a,0,[],0,/content/drive/MyDrive/landfill_research/datasets/AerialWaste/Extracted/9699.png
10291,10291.png,n/a,n/a,0,1045,1056,n/a,0,[],0,/content/drive/MyDrive/landfill_research/datasets/AerialWaste/Extracted/10291.png
9072,9072.png,n/a,n/a,0,1000,1000,n/a,0,[],0,/content/drive/MyDrive/landfill_research/datasets/AerialWaste/Extracted/9072.png
2748,2748.png,n/s,n/s,1,1053,1048,1,1,[17],1,/content/drive/MyDrive/landfill_research/datasets/AerialWaste/Extracted/2748.png
7821,7821.png,n/a,n/a,0,1055,1047,n/a,0,[],0,/content/drive/MyDrive/landfill_research/datasets/AerialWaste/Extracted/7821.png
9290,9290.png,n/a,n/a,0,1000,1000,n/a,0,[],0,/content/drive/MyDrive/landfill_research/datasets/AerialWaste/Extracted/9290.png
5861,5861.png,n/a,n/a,0,1000,1000,n/a,0,[],0,/content/drive/MyDrive/landfill_research/datasets/AerialWaste/Extracted/5861.png
2231,2231.png,2,Degraded area,1,1000,1000,2,1,"[4, 6, 16]",1,/content/drive/MyDrive/landfill_research/datasets/AerialWaste/Extracted/2231.png
5843,5843.png,n/a,n/a,0,1000,1000,n/a,0,[],0,/content/drive/MyDrive/landfill_research/datasets/AerialWaste/Extracted/5843.png
8433,8433.png,1,Degraded area,1,1000,1000,2,1,"[3, 1, 4, 16]",1,/content/drive/MyDrive/landfill_research/datasets/AerialWaste/Extracted/8433.png
7533,7533.png,n/a,n/a,0,1056,1045,n/a,0,[],0,/content/drive/MyDrive/landfill_research/datasets/AerialWaste/Extracted/7533.png
1971,1971.png,1,Non production building,1,1000,1000,2,1,"[1, 13, 16]",1,/content/drive/MyDrive/landfill_research/datasets/AerialWaste/Extracted/1971.png
4317,4317.png,n/a,n/a,0,1000,1000,n/a,0,[],0,/content/drive/MyDrive/landfill_research/datasets/AerialWaste/Extracted/4317.png
2893,2893.png,n/s,n/s,0,1055,1047,2,1,[],1,/content/drive/MyDrive/landfill_research/datasets/AerialWaste/Extracted/2893.png
3398,3398.png,n/s,n/s,0,1036,1065,n/s,1,[],1,/content/drive/MyDrive/landfill_research/datasets/AerialWaste/Extracted/3398.png
5155,5155.png,n/a,n/a,0,1000,1000,n/a,0,[],0,/content/drive/MyDrive/landfill_research/datasets/AerialWaste/Extracted/5155.png
3645,3645.png,n/a,n/a,0,1000,1000,n/a,0,[],0,/content/drive/MyDrive/landfill_research/datasets/AerialWaste/Extracted/3645.png
22,22.png,1,Agricultural area/farm area,0,1000,1000,1,1,[],1,/content/drive/MyDrive/landfill_research/datasets/AerialWaste/Extracted/22.png
11159,11159.png,n/a,n/a,0,1000,1000,n/a,0,[],0,/content/drive/MyDrive/landfill_research/datasets/AerialWaste/Extracted/11159.png
3901,3901.png,n/a,n/a,0,1000,1000,n/a,0,[],0,/content/drive/MyDrive/landfill_research/datasets/AerialWaste/Extracted/3901.png
989,989.png,1,Agricultural area/farm area,0,1000,1000,1,1,[],1,/content/drive/MyDrive/landfill_research/datasets/AerialWaste/Extracted/989.png
3977,3977.png,n/a,n/a,0,1000,1000,n/a,0,[],0,/content/drive/MyDrive/landfill_research/datasets/AerialWaste/Extracted/3977.png
7961,7961.png,n/a,n/a,0,1047,1054,n/a,0,[],0,/content/drive/MyDrive/landfill_research/datasets/AerialWaste/Extracted/7961.png
1542,1542.png,2,Abandoned area,0,1000,1000,2,1,[],1,/content/drive/MyDrive/landfill_research/datasets/AerialWaste/Extracted/1542.png
2948,2948.png,n/s,n/s,0,1047,1055,2,1,[],1,/content/drive/MyDrive/landfill_research/datasets/AerialWaste/Extracted/2948.png
5550,5550.png,n/a,n/a,0,1000,1000,n/a,0,[],0,/content/drive/MyDrive/landfill_research/datasets/AerialWaste/Extracted/5550.png
11321,11321.png,n/a,n/a,0,1000,1000,n/a,0,[],0,/content/drive/MyDrive/landfill_research/datasets/AerialWaste/Extracted/11321.png
8565,8565.png,2,Production site,1,1000,1000,3,1,"[1, 20]",1,/content/drive/MyDrive/landfill_research/datasets/AerialWaste/Extracted/8565.png
6514,6514.png,n/a,n/a,0,1000,1000,n/a,0,[],0,/content/drive/MyDrive/landfill_research/datasets/AerialWaste/Extracted/6514.png
3555,3555.png,n/a,n/a,0,1000,1000,n/a,0,[],0,/content/drive/MyDrive/landfill_research/datasets/AerialWaste/Extracted/3555.png
4621,4621.png,n/a,n/a,0,1000,1000,n/a,0,[],0,/content/drive/MyDrive/landfill_research/datasets/AerialWaste/Extracted/4621.png
4235,4235.png,n/a,n/a,0,1000,1000,n/a,0,[],0,/content/drive/MyDrive/landfill_research/datasets/AerialWaste/Extracted/4235.png
3735,3735.png,n/a,n/a,0,1000,1000,n/a,0,[],0,/content/drive/MyDrive/landfill_research/datasets/AerialWaste/Extracted/3735.png
8162,8162.png,n/a,n/a,0,1046,1055,n/a,0,[],0,/content/drive/MyDrive/landfill_research/datasets/AerialWaste/Extracted/8162.png
6573,6573.png,n/a,n/a,0,1000,1000,n/a,0,[],0,/content/drive/MyDrive/landfill_research/datasets/AerialWaste/Extracted/6573.png
6717,6717.png,n/a,n/a,0,1000,1000,n/a,0,[],0,/content/drive/MyDrive/landfill_research/datasets/AerialWaste/Extracted/6717.png
7597,7597.png,n/a,n/a,0,1051,1050,n/a,0,[],0,/content/drive/MyDrive/landfill_research/datasets/AerialWaste/Extracted/7597.png
1201,1201.png,2,Agricultural area/farm area,0,1000,1000,1,1,[],1,/content/drive/MyDrive/landfill_research/datasets/AerialWaste/Extracted/1201.png
8069,8069.png,n/a,n/a,0,1049,1053,n/a,0,[],0,/content/drive/MyDrive/landfill_research/datasets/AerialWaste/Extracted/8069.png
7892,7892.png,n/a,n/a,0,1051,1049,n/a,0,[],0,/content/drive/MyDrive/landfill_research/datasets/AerialWaste/Extracted/7892.png
10821,10821.png,n/a,n/a,0,1000,1000,n/a,0,[],0,/content/drive/MyDrive/landfill_research/datasets/AerialWaste/Extracted/10821.png
4262,4262.png,n/a,n/a,0,1000,1000,n/a,0,[],0,/content/drive/MyDrive/landfill_research/datasets/AerialWaste/Extracted/4262.png
1265,1265.png,1,Degraded area,0,1000,1000,1,1,[],1,/content/drive/MyDrive/landfill_research/datasets/AerialWaste/Extracted/1265.png
3314,3314.png,n/s,n/s,1,1034,1067,1,1,[7],1,/content/drive/MyDrive/landfill_research/datasets/AerialWaste/Extracted/3314.png
9314,9314.png,n/a,n/a,0,1000,1000,n/a,0,[],0,/content/drive/MyDrive/landfill_research/datasets/AerialWaste/Extracted/9314.png
5092,5092.png,n/a,n/a,0,1000,1000,n/a,0,[],0,/content/drive/MyDrive/landfill_research/datasets/AerialWaste/Extracted/5092.png
8909,8909.png,n/a,n/a,0,697,698,n/a,0,[],0,/content/drive/MyDrive/landfill_research/datasets/AerialWaste/Extracted/8909.png
11385,11385.png,n/a,n/a,0,1051,1051,n/a,0,[],0,/content/drive/MyDrive/landfill_research/datasets/AerialWaste/Extracted/11385.png
9707,9707.png,n/a,n/a,0,1000,1000,n/a,0,[],0,/content/drive/MyDrive/landfill_research/datasets/AerialWaste/Extracted/9707.png
6175,6175.png,n/a,n/a,0,1000,1000,n/a,0,[],0,/content/drive/MyDrive/landfill_research/datasets/AerialWaste/Extracted/6175.png
10210,10210.png,n/a,n/a,0,1045,1057,n/a,0,[],0,/content/drive/MyDrive/landfill_research/datasets/AerialWaste/Extracted/10210.png
9066,9066.png,n/a,n/a,0,1000,1000,n/a,0,[],0,/content/drive/MyDrive/landfill_research/datasets/AerialWaste/Extracted/9066.png
10495,10495.png,n/a,n/a,0,1044,1058,n/a,0,[],0,/content/drive/MyDrive/landfill_research/datasets/AerialWaste/Extracted/10495.png
4117,4117.png,n/a,n/a,0,1000,1000,n/a,0,[],0,/content/drive/MyDrive/landfill_research/datasets/AerialWaste/Extracted/4117.png
3012,3012.png,n/s,n/s,0,1047,1054,1,1,[],1,/content/drive/MyDrive/landfill_research/datasets/AerialWaste/Extracted/3012.png
1278,1278.png,2,Non production building,0,1000,1000,2,1,[],1,/content/drive/MyDrive/landfill_research/datasets/AerialWaste/Extracted/1278.png
8801,8801.png,n/a,n/a,0,1000,1000,n/a,0,[],0,/content/drive/MyDrive/landfill_research/datasets/AerialWaste/Extracted/8801.png
4271,4271.png,n/a,n/a,0,1000,1000,n/a,0,[],0,/content/drive/MyDrive/landfill_research/datasets/AerialWaste/Extracted/4271.png
6554,6554.png,n/a,n/a,0,1000,1000,n/a,0,[],0,/content/drive/MyDrive/landfill_research/datasets/AerialWaste/Extracted/6554.png
10201,10201.png,n/a,n/a,0,1053,1048,n/a,0,[],0,/content/drive/MyDrive/landfill_research/datasets/AerialWaste/Extracted/10201.png
2306,2306.png,2,Non production building,1,696,698,1,1,"[1, 3, 4, 5, 14, 16]",1,/content/drive/MyDrive/landfill_research/datasets/AerialWaste/Extracted/2306.png
1603,1603.png,2,Degraded area,0,1000,1000,2,1,[],1,/content/drive/MyDrive/landfill_research/datasets/AerialWaste/Extracted/1603.png
11371,11371.png,n/a,n/a,0,1000,1000,n/a,0,[],0,/content/drive/MyDrive/landfill_research/datasets/AerialWaste/Extracted/11371.png
9299,9299.png,n/a,n/a,0,1049,1052,n/a,0,[],0,/content/drive/MyDrive/landfill_research/datasets/AerialWaste/Extracted/9299.png
2232,2232.png,1,Production site,1,1000,1000,2,1,"[1, 16]",1,/content/drive/MyDrive/landfill_research/datasets/AerialWaste/Extracted/2232.png
4879,4879.png,n/a,n/a,0,1000,1000,n/a,0,[],0,/content/drive/MyDrive/landfill_research/datasets/AerialWaste/Extracted/4879.png
7767,7767.png,n/a,n/a,0,1054,1048,n/a,0,[],0,/content/drive/MyDrive/landfill_research/datasets/AerialWaste/Extracted/7767.png
2355,2355.png,2,Production site,1,1000,1000,1,1,"[1, 16]",1,/content/drive/MyDrive/landfill_research/datasets/AerialWaste/Extracted/2355.png
10693,10693.png,n/a,n/a,0,1051,1050,n/a,0,[],0,/content/drive/MyDrive/landfill_research/datasets/AerialWaste/Extracted/10693.png
6702,6702.png,n/a,n/a,0,1000,1000,n/a,0,[],0,/content/drive/MyDrive/landfill_research/datasets/AerialWaste/Extracted/6702.png
5147,5147.png,n/a,n/a,0,1000,1000,n/a,0,[],0,/content/drive/MyDrive/landfill_research/datasets/AerialWaste/Extracted/5147.png
9229,9229.png,n/a,n/a,0,1000,1000,n/a,0,[],0,/content/drive/MyDrive/landfill_research/datasets/AerialWaste/Extracted/9229.png
661,661.png,2,Production site,0,1000,1000,1,1,[],1,/content/drive/MyDrive/landfill_research/datasets/AerialWaste/Extracted/661.png
4898,4898.png,n/a,n/a,0,1000,1000,n/a,0,[],0,/content/drive/MyDrive/landfill_research/datasets/AerialWaste/Extracted/4898.png
5942,5942.png,n/a,n/a,0,1000,1000,n/a,0,[],0,/content/drive/MyDrive/landfill_research/datasets/AerialWaste/Extracted/5942.png
5383,5383.png,n/a,n/a,0,1000,1000,n/a,0,[],0,/content/drive/MyDrive/landfill_research/datasets/AerialWaste/Extracted/5383.png
8202,8202.png,n/a,n/a,0,1047,1054,n/a,0,[],0,/content/drive/MyDrive/landfill_research/datasets/AerialWaste/Extracted/8202.png
9001,9001.png,n/a,n/a,0,1038,1064,n/a,0,[],0,/content/drive/MyDrive/landfill_research/datasets/AerialWaste/Extracted/9001.png
3753,3753.png,n/a,n/a,0,1000,1000,n/a,0,[],0,/content/drive/MyDrive/landfill_research/datasets/AerialWaste/Extracted/3753.png
6609,6609.png,n/a,n/a,0,1000,1000,n/a,0,[],0,/content/drive/MyDrive/landfill_research/datasets/AerialWaste/Extracted/6609.png
5141,5141.png,n/a,n/a,0,1000,1000,n/a,0,[],0,/content/drive/MyDrive/landfill_research/datasets/AerialWaste/Extracted/5141.png
2107,2107.png,3,Abandoned area,1,1000,1000,3,1,[18],1,/content/drive/MyDrive/landfill_research/datasets/AerialWaste/Extracted/2107.png
7048,7048.png,2,Production site,0,1000,1000,2,1,[],1,/content/drive/MyDrive/landfill_research/datasets/AerialWaste/Extracted/7048.png
4872,4872.png,n/a,n/a,0,1000,1000,n/a,1,[],1,/content/drive/MyDrive/landfill_research/datasets/AerialWaste/Extracted/4872.png
3529,3529.png,n/a,n/a,0,1000,1000,n/a,0,[],0,/content/drive/MyDrive/landfill_research/datasets/AerialWaste/Extracted/3529.png
4551,4551.png,n/a,n/a,0,1000,1000,n/a,0,[],0,/content/drive/MyDrive/landfill_research/datasets/AerialWaste/Extracted/4551.png
9176,9176.png,n/a,n/a,0,1000,1000,n/a,0,[],0,/content/drive/MyDrive/landfill_research/datasets/AerialWaste/Extracted/9176.png
733,733.png,2,Production site,0,1000,1000,2,1,[],1,/content/drive/MyDrive/landfill_research/datasets/AerialWaste/Extracted/733.png
9649,9649.png,n/a,n/a,0,1000,1000,n/a,0,[],0,/content/drive/MyDrive/landfill_research/datasets/AerialWaste/Extracted/9649.png
1125,1125.png,3,Agricultural area/farm area,0,1000,1000,2,1,[],1,/content/drive/MyDrive/landfill_research/datasets/AerialWaste/Extracted/1125.png
6759,6759.png,n/a,n/a,0,1000,1000,n/a,1,[],1,/content/drive/MyDrive/landfill_research/datasets/AerialWaste/Extracted/6759.png
3302,3302.png,n/s,n/s,0,1035,1066,1,1,[],1,/content/drive/MyDrive/landfill_research/datasets/AerialWaste/Extracted/3302.png
8628,8628.png,n/a,n/a,0,1046,1056,n/a,0,[],0,/content/drive/MyDrive/landfill_research/datasets/AerialWaste/Extracted/8628.png
8422,8422.png,n/a,n/a,0,1037,1064,n/a,0,[],0,/content/drive/MyDrive/landfill_research/datasets/AerialWaste/Extracted/8422.png
4862,4862.png,n/a,n/a,0,1000,1000,n/a,0,[],0,/content/drive/MyDrive/landfill_research/datasets/AerialWaste/Extracted/4862.png
5619,5619.png,n/a,n/a,0,1000,1000,n/a,0,[],0,/content/drive/MyDrive/landfill_research/datasets/AerialWaste/Extracted/5619.png
675,675.png,1,Agricultural area/farm area,0,1000,1000,1,1,[],1,/content/drive/MyDrive/landfill_research/datasets/AerialWaste/Extracted/675.png
226,226.png,2,Production site,0,1000,1000,1,1,[],1,/content/drive/MyDrive/landfill_research/datasets/AerialWaste/Extracted/226.png
10307,10307.png,n/a,n/a,0,1000,1000,n/a,0,[],0,/content/drive/MyDrive/landfill_research/datasets/AerialWaste/Extracted/10307.png
11546,11546.png,n/a,n/a,0,1038,1064,n/a,0,[],0,/content/drive/MyDrive/landfill_research/datasets/AerialWaste/Extracted/11546.png
477,477.png,1,Agricultural area/farm area,0,1000,1000,1,1,[],1,/content/drive/MyDrive/landfill_research/datasets/AerialWaste/Extracted/477.png
5976,5976.png,n/a,n/a,0,1000,1000,n/a,0,[],0,/content/drive/MyDrive/landfill_research/datasets/AerialWaste/Extracted/5976.png
1712,1712.png,1,Agricultural area/farm area,0,1000,1000,1,1,[],1,/content/drive/MyDrive/landfill_research/datasets/AerialWaste/Extracted/1712.png
4053,4053.png,n/a,n/a,0,1000,1000,n/a,0,[],0,/content/drive/MyDrive/landfill_research/datasets/AerialWaste/Extracted/4053.png
11695,11695.png,n/a,n/a,0,1054,1048,n/a,0,[],0,/content/drive/MyDrive/landfill_research/datasets/AerialWaste/Extracted/11695.png
7375,7375.png,n/a,n/a,0,1056,1046,n/a,0,[],0,/content/drive/MyDrive/landfill_research/datasets/AerialWaste/Extracted/7375.png
6397,6397.png,n/a,n/a,0,1000,1000,n/a,0,[],0,/content/drive/MyDrive/landfill_research/datasets/AerialWaste/Extracted/6397.png
8773,8773.png,n/a,n/a,0,1000,1000,n/a,0,[],0,/content/drive/MyDrive/landfill_research/datasets/AerialWaste/Extracted/8773.png
2020,2020.png,2,Production site,1,1000,1000,3,1,"[1, 2, 16]",1,/content/drive/MyDrive/landfill_research/datasets/AerialWaste/Extracted/2020.png
1637,1637.png,1,Other,0,1000,1000,2,1,[],1,/content/drive/MyDrive/landfill_research/datasets/AerialWaste/Extracted/1637.png
4587,4587.png,n/a,n/a,0,1000,1000,n/a,0,[],0,/content/drive/MyDrive/landfill_research/datasets/AerialWaste/Extracted/4587.png
11148,11148.png,n/a,n/a,0,1055,1047,n/a,0,[],0,/content/drive/MyDrive/landfill_research/datasets/AerialWaste/Extracted/11148.png
5116,5116.png,n/a,n/a,0,1000,1000,n/a,0,[],0,/content/drive/MyDrive/landfill_research/datasets/AerialWaste/Extracted/5116.png
6563,6563.png,n/a,n/a,0,1000,1000,n/a,0,[],0,/content/drive/MyDrive/landfill_research/datasets/AerialWaste/Extracted/6563.png
2216,2216.png,2,Non production building,1,1000,1000,1,1,"[2, 16]",1,/content/drive/MyDrive/landfill_research/datasets/AerialWaste/Extracted/2216.png
10228,10228.png,n/a,n/a,0,1047,1055,n/a,0,[],0,/content/drive/MyDrive/landfill_research/datasets/AerialWaste/Extracted/10228.png
11348,11348.png,n/a,n/a,0,1000,1000,n/a,0,[],0,/content/drive/MyDrive/landfill_research/datasets/AerialWaste/Extracted/11348.png
7148,7148.png,2,Degraded area,1,1000,1000,1,1,"[2, 3, 4, 16]",1,/content/drive/MyDrive/landfill_research/datasets/AerialWaste/Extracted/7148.png
3057,3057.png,n/a,n/a,0,1000,1000,n/a,0,[],0,/content/drive/MyDrive/landfill_research/datasets/AerialWaste/Extracted/3057.png
2981,2981.png,n/s,n/s,0,1051,1051,2,1,[],1,/content/drive/MyDrive/landfill_research/datasets/AerialWaste/Extracted/2981.png
6220,6220.png,n/a,n/a,0,1000,1000,n/a,0,[],0,/content/drive/MyDrive/landfill_research/datasets/AerialWaste/Extracted/6220.png
2754,2754.png,n/s,n/s,0,1057,1044,1,0,[],0,/content/drive/MyDrive/landfill_research/datasets/AerialWaste/Extracted/2754.png
7826,7826.png,n/a,n/a,0,1054,1047,n/a,0,[],0,/content/drive/MyDrive/landfill_research/datasets/AerialWaste/Extracted/7826.png
7948,7948.png,n/a,n/a,0,1056,1046,n/a,0,[],0,/content/drive/MyDrive/landfill_research/datasets/AerialWaste/Extracted/7948.png
1054,1054.png,2,Abandoned area,0,1000,1000,3,1,[],1,/content/drive/MyDrive/landfill_research/datasets/AerialWaste/Extracted/1054.png
1934,1934.png,3,Agricultural area/farm area,1,1000,1000,3,1,"[2, 4, 16, 19]",1,/content/drive/MyDrive/landfill_research/datasets/AerialWaste/Extracted/1934.png
11224,11224.png,n/a,n/a,0,1000,1000,n/a,0,[],0,/content/drive/MyDrive/landfill_research/datasets/AerialWaste/Extracted/11224.png
10282,10282.png,n/a,n/a,0,1046,1056,n/a,0,[],0,/content/drive/MyDrive/landfill_research/datasets/AerialWaste/Extracted/10282.png
10208,10208.png,n/a,n/a,0,1042,1060,n/a,0,[],0,/content/drive/MyDrive/landfill_research/datasets/AerialWaste/Extracted/10208.png
10605,10605.png,n/a,n/a,0,1045,1056,n/a,0,[],0,/content/drive/MyDrive/landfill_research/datasets/AerialWaste/Extracted/10605.png
11644,11644.png,n/a,n/a,0,1057,1045,n/a,0,[],0,/content/drive/MyDrive/landfill_research/datasets/AerialWaste/Extracted/11644.png
10602,10602.png,n/a,n/a,0,1000,1000,n/a,0,[],0,/content/drive/MyDrive/landfill_research/datasets/AerialWaste/Extracted/10602.png
4549,4549.png,n/a,n/a,0,1000,1000,n/a,0,[],0,/content/drive/MyDrive/landfill_research/datasets/AerialWaste/Extracted/4549.png
9534,9534.png,n/a,n/a,0,1000,1000,n/a,0,[],0,/content/drive/MyDrive/landfill_research/datasets/AerialWaste/Extracted/9534.png
7662,7662.png,n/a,n/a,0,1057,1045,n/a,0,[],0,/content/drive/MyDrive/landfill_research/datasets/AerialWaste/Extracted/7662.png
4278,4278.png,n/a,n/a,0,1000,1000,n/a,0,[],0,/content/drive/MyDrive/landfill_research/datasets/AerialWaste/Extracted/4278.png
5855,5855.png,n/a,n/a,0,1000,1000,n/a,0,[],0,/content/drive/MyDrive/landfill_research/datasets/AerialWaste/Extracted/5855.png
664,664.png,1,Production site,0,1000,1000,1,1,[],1,/content/drive/MyDrive/landfill_research/datasets/AerialWaste/Extracted/664.png
5254,5254.png,n/a,n/a,0,1000,1000,n/a,0,[],0,/content/drive/MyDrive/landfill_research/datasets/AerialWaste/Extracted/5254.png
9815,9815.png,n/a,n/a,0,1000,1000,n/a,0,[],0,/content/drive/MyDrive/landfill_research/datasets/AerialWaste/Extracted/9815.png
10125,10125.png,n/a,n/a,0,1055,1046,n/a,0,[],0,/content/drive/MyDrive/landfill_research/datasets/AerialWaste/Extracted/10125.png
4934,4934.png,n/a,n/a,0,1000,1000,n/a,1,[],1,/content/drive/MyDrive/landfill_research/datasets/AerialWaste/Extracted/4934.png
10639,10639.png,n/a,n/a,0,1000,1000,n/a,0,[],0,/content/drive/MyDrive/landfill_research/datasets/AerialWaste/Extracted/10639.png
8355,8355.png,1,Degraded area,1,1000,1000,2,1,"[2, 3, 5, 16]",1,/content/drive/MyDrive/landfill_research/datasets/AerialWaste/Extracted/8355.png
8411,8411.png,n/a,n/a,0,1037,1065,n/a,0,[],0,/content/drive/MyDrive/landfill_research/datasets/AerialWaste/Extracted/8411.png
8379,8379.png,n/a,n/a,0,1036,1066,n/a,0,[],0,/content/drive/MyDrive/landfill_research/datasets/AerialWaste/Extracted/8379.png
2156,2156.png,2,Degraded area,1,1000,1000,2,1,"[1, 2, 16, 19]",1,/content/drive/MyDrive/landfill_research/datasets/AerialWaste/Extracted/2156.png
4279,4279.png,n/a,n/a,0,1000,1000,n/a,0,[],0,/content/drive/MyDrive/landfill_research/datasets/AerialWaste/Extracted/4279.png
6254,6254.png,n/a,n/a,0,1000,1000,n/a,0,[],0,/content/drive/MyDrive/landfill_research/datasets/AerialWaste/Extracted/6254.png
9083,9083.png,n/a,n/a,0,1000,1000,n/a,0,[],0,/content/drive/MyDrive/landfill_research/datasets/AerialWaste/Extracted/9083.png
2315,2315.png,2,Production site,0,1055,1047,2,1,[],1,/content/drive/MyDrive/landfill_research/datasets/AerialWaste/Extracted/2315.png
3673,3673.png,n/a,n/a,0,1000,1000,n/a,0,[],0,/content/drive/MyDrive/landfill_research/datasets/AerialWaste/Extracted/3673.png
3600,3600.png,n/a,n/a,0,1000,1000,n/a,0,[],0,/content/drive/MyDrive/landfill_research/datasets/AerialWaste/Extracted/3600.png
11544,11544.png,n/a,n/a,0,696,698,n/a,0,[],0,/content/drive/MyDrive/landfill_research/datasets/AerialWaste/Extracted/11544.png
6962,6962.png,1,Production site,1,1000,1000,1,1,"[4, 16]",1,/content/drive/MyDrive/landfill_research/datasets/AerialWaste/Extracted/6962.png
9147,9147.png,n/a,n/a,0,1000,1000,n/a,0,[],0,/content/drive/MyDrive/landfill_research/datasets/AerialWaste/Extracted/9147.png
9934,9934.png,n/a,n/a,0,1000,1000,n/a,0,[],0,/content/drive/MyDrive/landfill_research/datasets/AerialWaste/Extracted/9934.png
10635,10635.png,n/a,n/a,0,1000,1000,n/a,0,[],0,/content/drive/MyDrive/landfill_research/datasets/AerialWaste/Extracted/10635.png
5332,5332.png,n/a,n/a,0,1000,1000,n/a,0,[],0,/content/drive/MyDrive/landfill_research/datasets/AerialWaste/Extracted/5332.png
2848,2848.png,n/s,n/s,0,1054,1047,3,1,[],1,/content/drive/MyDrive/landfill_research/datasets/AerialWaste/Extracted/2848.png
6041,6041.png,n/a,n/a,0,1000,1000,n/a,0,[],0,/content/drive/MyDrive/landfill_research/datasets/AerialWaste/Extracted/6041.png
1307,1307.png,1,Other,0,1000,1000,1,1,[],1,/content/drive/MyDrive/landfill_research/datasets/AerialWaste/Extracted/1307.png
10360,10360.png,n/a,n/a,0,1036,1066,n/a,0,[],0,/content/drive/MyDrive/landfill_research/datasets/AerialWaste/Extracted/10360.png
7394,7394.png,n/a,n/a,0,1055,1047,n/a,0,[],0,/content/drive/MyDrive/landfill_research/datasets/AerialWaste/Extracted/7394.png
5900,5900.png,n/a,n/a,0,1000,1000,n/a,0,[],0,/content/drive/MyDrive/landfill_research/datasets/AerialWaste/Extracted/5900.png
4596,4596.png,n/a,n/a,0,1000,1000,n/a,0,[],0,/content/drive/MyDrive/landfill_research/datasets/AerialWaste/Extracted/4596.png
10998,10998.png,2,Degraded area,0,1000,1000,2,1,[],1,/content/drive/MyDrive/landfill_research/datasets/AerialWaste/Extracted/10998.png
4240,4240.png,n/a,n/a,0,1000,1000,n/a,0,[],0,/content/drive/MyDrive/landfill_research/datasets/AerialWaste/Extracted/4240.png
4802,4802.png,n/a,n/a,0,1000,1000,n/a,0,[],0,/content/drive/MyDrive/landfill_research/datasets/AerialWaste/Extracted/4802.png
2574,2574.png,n/s,n/s,0,1056,1046,3,1,[],1,/content/drive/MyDrive/landfill_research/datasets/AerialWaste/Extracted/2574.png
915,915.png,2,Abandoned area,0,1000,1000,1,1,[],1,/content/drive/MyDrive/landfill_research/datasets/AerialWaste/Extracted/915.png
3319,3319.png,n/s,n/s,0,1036,1067,1,1,[],1,/content/drive/MyDrive/landfill_research/datasets/AerialWaste/Extracted/3319.png
8783,8783.png,n/a,n/a,0,1000,1000,n/a,0,[],0,/content/drive/MyDrive/landfill_research/datasets/AerialWaste/Extracted/8783.png
6685,6685.png,n/a,n/a,0,1000,1000,n/a,0,[],0,/content/drive/MyDrive/landfill_research/datasets/AerialWaste/Extracted/6685.png
7492,7492.png,n/a,n/a,0,1055,1048,n/a,0,[],0,/content/drive/MyDrive/landfill_research/datasets/AerialWaste/Extracted/7492.png
4417,4417.png,n/a,n/a,0,1000,1000,n/a,0,[],0,/content/drive/MyDrive/landfill_research/datasets/AerialWaste/Extracted/4417.png
5963,5963.png,n/a,n/a,0,1000,1000,n/a,0,[],0,/content/drive/MyDrive/landfill_research/datasets/AerialWaste/Extracted/5963.png
11372,11372.png,n/a,n/a,0,1000,1000,n/a,0,[],0,/content/drive/MyDrive/landfill_research/datasets/AerialWaste/Extracted/11372.png
3090,3090.png,n/s,n/s,0,1046,1056,3,1,[],1,/content/drive/MyDrive/landfill_research/datasets/AerialWaste/Extracted/3090.png
8992,8992.png,n/a,n/a,0,1046,1056,n/a,0,[],0,/content/drive/MyDrive/landfill_research/datasets/AerialWaste/Extracted/8992.png
9105,9105.png,n/a,n/a,0,1000,1000,n/a,0,[],0,/content/drive/MyDrive/landfill_research/datasets/AerialWaste/Extracted/9105.png
9327,9327.png,n/a,n/a,0,1000,1000,n/a,0,[],0,/content/drive/MyDrive/landfill_research/datasets/AerialWaste/Extracted/9327.png
1597,1597.png,1,Degraded area,0,1000,1000,3,1,[],1,/content/drive/MyDrive/landfill_research/datasets/AerialWaste/Extracted/1597.png
3929,3929.png,n/a,n/a,0,1000,1000,n/a,0,[],0,/content/drive/MyDrive/landfill_research/datasets/AerialWaste/Extracted/3929.png
2624,2624.png,n/a,n/a,0,1000,1000,n/a,0,[],0,/content/drive/MyDrive/landfill_research/datasets/AerialWaste/Extracted/2624.png
11146,11146.png,n/a,n/a,0,1036,1066,n/a,0,[],0,/content/drive/MyDrive/landfill_research/datasets/AerialWaste/Extracted/11146.png
4638,4638.png,n/a,n/a,0,1000,1000,n/a,0,[],0,/content/drive/MyDrive/landfill_research/datasets/AerialWaste/Extracted/4638.png
8091,8091.png,n/a,n/a,0,1055,1047,n/a,0,[],0,/content/drive/MyDrive/landfill_research/datasets/AerialWaste/Extracted/8091.png
3466,3466.png,n/s,n/s,1,1055,1046,n/s,1,"[1, 2, 3, 16, 19]",1,/content/drive/MyDrive/landfill_research/datasets/AerialWaste/Extracted/3466.png
999,999.png,2,Production site,0,1000,1000,1,1,[],1,/content/drive/MyDrive/landfill_research/datasets/AerialWaste/Extracted/999.png
10790,10790.png,n/a,n/a,0,1000,1000,n/a,0,[],0,/content/drive/MyDrive/landfill_research/datasets/AerialWaste/Extracted/10790.png
7760,7760.png,n/a,n/a,0,1055,1046,n/a,0,[],0,/content/drive/MyDrive/landfill_research/datasets/AerialWaste/Extracted/7760.png
3394,3394.png,n/a,n/a,0,1000,1000,n/a,0,[],0,/content/drive/MyDrive/landfill_research/datasets/AerialWaste/Extracted/3394.png
304,304.png,1,Agricultural area/farm area,0,1000,1000,2,1,[],1,/content/drive/MyDrive/landfill_research/datasets/AerialWaste/Extracted/304.png
11242,11242.png,n/a,n/a,0,1000,1000,n/a,0,[],0,/content/drive/MyDrive/landfill_research/datasets/AerialWaste/Extracted/11242.png
10995,10995.png,3,Degraded area,1,1048,1054,1,1,"[1, 16]",1,/content/drive/MyDrive/landfill_research/datasets/AerialWaste/Extracted/10995.png
2841,2841.png,n/a,n/a,0,1000,1000,n/a,0,[],0,/content/drive/MyDrive/landfill_research/datasets/AerialWaste/Extracted/2841.png
11323,11323.png,n/a,n/a,0,1000,1000,n/a,0,[],0,/content/drive/MyDrive/landfill_research/datasets/AerialWaste/Extracted/11323.png
9344,9344.png,n/a,n/a,0,1000,1000,n/a,0,[],0,/content/drive/MyDrive/landfill_research/datasets/AerialWaste/Extracted/9344.png
9958,9958.png,n/a,n/a,0,1042,1060,n/a,0,[],0,/content/drive/MyDrive/landfill_research/datasets/AerialWaste/Extracted/9958.png
9428,9428.png,n/a,n/a,0,1000,1000,n/a,0,[],0,/content/drive/MyDrive/landfill_research/datasets/AerialWaste/Extracted/9428.png
5015,5015.png,n/a,n/a,0,1000,1000,n/a,0,[],0,/content/drive/MyDrive/landfill_research/datasets/AerialWaste/Extracted/5015.png
8792,8792.png,n/a,n/a,0,1000,1000,n/a,1,[],1,/content/drive/MyDrive/landfill_research/datasets/AerialWaste/Extracted/8792.png
7798,7798.png,n/a,n/a,0,1054,1047,n/a,0,[],0,/content/drive/MyDrive/landfill_research/datasets/AerialWaste/Extracted/7798.png
6627,6627.png,n/a,n/a,0,1000,1000,n/a,0,[],0,/content/drive/MyDrive/landfill_research/datasets/AerialWaste/Extracted/6627.png
6570,6570.png,n/a,n/a,0,1000,1000,n/a,0,[],0,/content/drive/MyDrive/landfill_research/datasets/AerialWaste/Extracted/6570.png
3228,3228.png,n/s,n/s,0,1036,1065,3,1,[],1,/content/drive/MyDrive/landfill_research/datasets/AerialWaste/Extracted/3228.png
4036,4036.png,n/a,n/a,0,1000,1000,n/a,0,[],0,/content/drive/MyDrive/landfill_research/datasets/AerialWaste/Extracted/4036.png
2271,2271.png,2,Non production building,1,1000,1000,2,1,"[2, 16]",1,/content/drive/MyDrive/landfill_research/datasets/AerialWaste/Extracted/2271.png
4865,4865.png,n/a,n/a,0,1000,1000,n/a,0,[],0,/content/drive/MyDrive/landfill_research/datasets/AerialWaste/Extracted/4865.png
9294,9294.png,n/a,n/a,0,1000,1000,n/a,0,[],0,/content/drive/MyDrive/landfill_research/datasets/AerialWaste/Extracted/9294.png
9160,9160.png,n/a,n/a,0,1000,1000,n/a,0,[],0,/content/drive/MyDrive/landfill_research/datasets/AerialWaste/Extracted/9160.png
5931,5931.png,n/a,n/a,0,1000,1000,n/a,0,[],0,/content/drive/MyDrive/landfill_research/datasets/AerialWaste/Extracted/5931.png
2135,2135.png,1,Agricultural area/farm area,1,1000,1000,2,1,"[1, 3, 5, 16]",1,/content/drive/MyDrive/landfill_research/datasets/AerialWaste/Extracted/2135.png
4817,4817.png,n/a,n/a,0,1000,1000,n/a,0,[],0,/content/drive/MyDrive/landfill_research/datasets/AerialWaste/Extracted/4817.png
2867,2867.png,n/s,n/s,1,1055,1047,1,1,[6],1,/content/drive/MyDrive/landfill_research/datasets/AerialWaste/Extracted/2867.png
2205,2205.png,1,Degraded area,1,1000,1000,1,1,"[1, 2, 16]",1,/content/drive/MyDrive/landfill_research/datasets/AerialWaste/Extracted/2205.png
11522,11522.png,n/a,n/a,0,1038,1064,n/a,0,[],0,/content/drive/MyDrive/landfill_research/datasets/AerialWaste/Extracted/11522.png
3558,3558.png,n/a,n/a,0,1000,1000,n/a,0,[],0,/content/drive/MyDrive/landfill_research/datasets/AerialWaste/Extracted/3558.png
2896,2896.png,n/s,n/s,0,1055,1047,2,1,[],1,/content/drive/MyDrive/landfill_research/datasets/AerialWaste/Extracted/2896.png
4207,4207.png,n/a,n/a,0,1000,1000,n/a,0,[],0,/content/drive/MyDrive/landfill_research/datasets/AerialWaste/Extracted/4207.png
10542,10542.png,n/a,n/a,0,1045,1057,n/a,0,[],0,/content/drive/MyDrive/landfill_research/datasets/AerialWaste/Extracted/10542.png
2705,2705.png,n/s,n/s,0,1056,1047,2,1,[],1,/content/drive/MyDrive/landfill_research/datasets/AerialWaste/Extracted/2705.png
2236,2236.png,3,Abandoned area,1,1000,1000,2,1,"[1, 2, 5, 16]",1,/content/drive/MyDrive/landfill_research/datasets/AerialWaste/Extracted/2236.png
11067,11067.png,1,Production site,1,1053,1049,2,1,"[5, 19, 18]",1,/content/drive/MyDrive/landfill_research/datasets/AerialWaste/Extracted/11067.png
4419,4419.png,n/a,n/a,0,1000,1000,n/a,0,[],0,/content/drive/MyDrive/landfill_research/datasets/AerialWaste/Extracted/4419.png
10042,10042.png,n/a,n/a,0,1053,1049,n/a,0,[],0,/content/drive/MyDrive/landfill_research/datasets/AerialWaste/Extracted/10042.png
11241,11241.png,n/a,n/a,0,1000,1000,n/a,0,[],0,/content/drive/MyDrive/landfill_research/datasets/AerialWaste/Extracted/11241.png
8892,8892.png,n/a,n/a,0,1000,1000,n/a,0,[],0,/content/drive/MyDrive/landfill_research/datasets/AerialWaste/Extracted/8892.png
1749,1749.png,1,Abandoned area,0,1000,1000,3,1,[],1,/content/drive/MyDrive/landfill_research/datasets/AerialWaste/Extracted/1749.png
6391,6391.png,n/a,n/a,0,1000,1000,n/a,0,[],0,/content/drive/MyDrive/landfill_research/datasets/AerialWaste/Extracted/6391.png
6242,6242.png,n/a,n/a,0,1000,1000,n/a,0,[],0,/content/drive/MyDrive/landfill_research/datasets/AerialWaste/Extracted/6242.png
196,196.png,2,Production site,0,1000,1000,1,1,[],1,/content/drive/MyDrive/landfill_research/datasets/AerialWaste/Extracted/196.png
5727,5727.png,n/a,n/a,0,1000,1000,n/a,0,[],0,/content/drive/MyDrive/landfill_research/datasets/AerialWaste/Extracted/5727.png
10528,10528.png,n/a,n/a,0,1000,1000,n/a,0,[],0,/content/drive/MyDrive/landfill_research/datasets/AerialWaste/Extracted/10528.png
8576,8576.png,n/a,n/a,0,1038,1064,n/a,1,[],1,/content/drive/MyDrive/landfill_research/datasets/AerialWaste/Extracted/8576.png
8120,8120.png,n/a,n/a,0,1040,1061,n/a,0,[],0,/content/drive/MyDrive/landfill_research/datasets/AerialWaste/Extracted/8120.png
1772,1772.png,2,Production site,0,1000,1000,2,1,[],1,/content/drive/MyDrive/landfill_research/datasets/AerialWaste/Extracted/1772.png
1077,1077.png,2,Production site,0,1000,1000,1,1,[],1,/content/drive/MyDrive/landfill_research/datasets/AerialWaste/Extracted/1077.png
1151,1151.png,3,Production site,0,1000,1000,2,1,[],1,/content/drive/MyDrive/landfill_research/datasets/AerialWaste/Extracted/1151.png
1435,1435.png,1,Other,0,1000,1000,1,1,[],1,/content/drive/MyDrive/landfill_research/datasets/AerialWaste/Extracted/1435.png
4478,4478.png,n/a,n/a,0,1000,1000,n/a,0,[],0,/content/drive/MyDrive/landfill_research/datasets/AerialWaste/Extracted/4478.png
10362,10362.png,n/a,n/a,0,1036,1066,n/a,0,[],0,/content/drive/MyDrive/landfill_research/datasets/AerialWaste/Extracted/10362.png
8745,8745.png,n/a,n/a,0,1000,1000,n/a,0,[],0,/content/drive/MyDrive/landfill_research/datasets/AerialWaste/Extracted/8745.png
382,382.png,1,Agricultural area/farm area,0,1000,1000,2,1,[],1,/content/drive/MyDrive/landfill_research/datasets/AerialWaste/Extracted/382.png
7629,7629.png,n/a,n/a,0,1057,1044,n/a,0,[],0,/content/drive/MyDrive/landfill_research/datasets/AerialWaste/Extracted/7629.png
4251,4251.png,n/a,n/a,0,1000,1000,n/a,0,[],0,/content/drive/MyDrive/landfill_research/datasets/AerialWaste/Extracted/4251.png
10781,10781.png,n/a,n/a,0,1000,1000,n/a,0,[],0,/content/drive/MyDrive/landfill_research/datasets/AerialWaste/Extracted/10781.png
7526,7526.png,n/a,n/a,0,1056,1045,n/a,0,[],0,/content/drive/MyDrive/landfill_research/datasets/AerialWaste/Extracted/7526.png
5192,5192.png,n/a,n/a,0,1000,1000,n/a,0,[],0,/content/drive/MyDrive/landfill_research/datasets/AerialWaste/Extracted/5192.png
4717,4717.png,n/a,n/a,0,1000,1000,n/a,0,[],0,/content/drive/MyDrive/landfill_research/datasets/AerialWaste/Extracted/4717.png
8225,8225.png,n/a,n/a,0,1058,1044,n/a,0,[],0,/content/drive/MyDrive/landfill_research/datasets/AerialWaste/Extracted/8225.png
8666,8666.png,n/a,n/a,0,1055,1046,n/a,0,[],0,/content/drive/MyDrive/landfill_research/datasets/AerialWaste/Extracted/8666.png
6600,6600.png,n/a,n/a,0,1000,1000,n/a,1,[],1,/content/drive/MyDrive/landfill_research/datasets/AerialWaste/Extracted/6600.png
150,150.png,2,Production site,0,1000,1000,2,1,[],1,/content/drive/MyDrive/landfill_research/datasets/AerialWaste/Extracted/150.png
10658,10658.png,n/a,n/a,0,1000,1000,n/a,0,[],0,/content/drive/MyDrive/landfill_research/datasets/AerialWaste/Extracted/10658.png
3631,3631.png,n/a,n/a,0,1000,1000,n/a,0,[],0,/content/drive/MyDrive/landfill_research/datasets/AerialWaste/Extracted/3631.png
4430,4430.png,n/a,n/a,0,1000,1000,n/a,0,[],0,/content/drive/MyDrive/landfill_research/datasets/AerialWaste/Extracted/4430.png
9249,9249.png,n/a,n/a,0,1000,1000,n/a,1,[],1,/content/drive/MyDrive/landfill_research/datasets/AerialWaste/Extracted/9249.png
4647,4647.png,n/a,n/a,0,1000,1000,n/a,0,[],0,/content/drive/MyDrive/landfill_research/datasets/AerialWaste/Extracted/4647.png
3095,3095.png,n/s,n/s,0,1046,1055,2,1,[],1,/content/drive/MyDrive/landfill_research/datasets/AerialWaste/Extracted/3095.png
3171,3171.png,n/s,n/s,1,1056,1045,1,1,[18],1,/content/drive/MyDrive/landfill_research/datasets/AerialWaste/Extracted/3171.png
5824,5824.png,n/a,n/a,0,1000,1000,n/a,1,[],1,/content/drive/MyDrive/landfill_research/datasets/AerialWaste/Extracted/5824.png
8520,8520.png,1,Production site,1,1000,1000,2,1,[16],1,/content/drive/MyDrive/landfill_research/datasets/AerialWaste/Extracted/8520.png
10530,10530.png,n/a,n/a,0,1000,1000,n/a,0,[],0,/content/drive/MyDrive/landfill_research/datasets/AerialWaste/Extracted/10530.png
2282,2282.png,3,Production site,1,1000,1000,2,1,"[1, 16]",1,/content/drive/MyDrive/landfill_research/datasets/AerialWaste/Extracted/2282.png
8943,8943.png,1,Other,1,1000,1000,1,1,"[2, 3, 5, 19, 16]",1,/content/drive/MyDrive/landfill_research/datasets/AerialWaste/Extracted/8943.png
4536,4536.png,n/a,n/a,0,1000,1000,n/a,0,[],0,/content/drive/MyDrive/landfill_research/datasets/AerialWaste/Extracted/4536.png
7578,7578.png,n/a,n/a,0,1055,1046,n/a,0,[],0,/content/drive/MyDrive/landfill_research/datasets/AerialWaste/Extracted/7578.png
570,570.png,1,Agricultural area/farm area,0,1000,1000,1,1,[],1,/content/drive/MyDrive/landfill_research/datasets/AerialWaste/Extracted/570.png
8348,8348.png,n/a,n/a,0,1034,1067,n/a,0,[],0,/content/drive/MyDrive/landfill_research/datasets/AerialWaste/Extracted/8348.png
4742,4742.png,n/a,n/a,0,1000,1000,n/a,0,[],0,/content/drive/MyDrive/landfill_research/datasets/AerialWaste/Extracted/4742.png
860,860.png,1,Production site,0,1000,1000,1,1,[],1,/content/drive/MyDrive/landfill_research/datasets/AerialWaste/Extracted/860.png
9343,9343.png,n/a,n/a,0,1000,1000,n/a,0,[],0,/content/drive/MyDrive/landfill_research/datasets/AerialWaste/Extracted/9343.png
7925,7925.png,n/a,n/a,0,1055,1047,n/a,0,[],0,/content/drive/MyDrive/landfill_research/datasets/AerialWaste/Extracted/7925.png
4987,4987.png,n/a,n/a,0,1000,1000,n/a,0,[],0,/content/drive/MyDrive/landfill_research/datasets/AerialWaste/Extracted/4987.png
2411,2411.png,2,Abandoned area,0,1051,1051,3,1,[],1,/content/drive/MyDrive/landfill_research/datasets/AerialWaste/Extracted/2411.png
4684,4684.png,n/a,n/a,0,1000,1000,n/a,0,[],0,/content/drive/MyDrive/landfill_research/datasets/AerialWaste/Extracted/4684.png
6835,6835.png,n/a,n/a,0,1000,1000,n/a,0,[],0,/content/drive/MyDrive/landfill_research/datasets/AerialWaste/Extracted/6835.png
9522,9522.png,n/a,n/a,0,1000,1000,n/a,0,[],0,/content/drive/MyDrive/landfill_research/datasets/AerialWaste/Extracted/9522.png
10325,10325.png,n/a,n/a,0,1000,1000,n/a,0,[],0,/content/drive/MyDrive/landfill_research/datasets/AerialWaste/Extracted/10325.png
11284,11284.png,n/a,n/a,0,1000,1000,n/a,0,[],0,/content/drive/MyDrive/landfill_research/datasets/AerialWaste/Extracted/11284.png
11255,11255.png,n/a,n/a,0,1000,1000,n/a,0,[],0,/content/drive/MyDrive/landfill_research/datasets/AerialWaste/Extracted/11255.png
9285,9285.png,n/a,n/a,0,1000,1000,n/a,0,[],0,/content/drive/MyDrive/landfill_research/datasets/AerialWaste/Extracted/9285.png
2570,2570.png,n/s,n/s,0,1056,1046,1,0,[],0,/content/drive/MyDrive/landfill_research/datasets/AerialWaste/Extracted/2570.png
2064,2064.png,2,Degraded area,1,1000,1000,3,1,"[2, 4, 16]",1,/content/drive/MyDrive/landfill_research/datasets/AerialWaste/Extracted/2064.png
5480,5480.png,n/a,n/a,0,1038,1064,n/a,0,[],0,/content/drive/MyDrive/landfill_research/datasets/AerialWaste/Extracted/5480.png
1086,1086.png,1,Production site,0,1000,1000,1,1,[],1,/content/drive/MyDrive/landfill_research/datasets/AerialWaste/Extracted/1086.png
957,957.png,1,Agricultural area/farm area,0,1000,1000,1,1,[],1,/content/drive/MyDrive/landfill_research/datasets/AerialWaste/Extracted/957.png
2188,2188.png,2,Production site,1,1000,1000,1,1,"[4, 6, 7, 16, 17]",1,/content/drive/MyDrive/landfill_research/datasets/AerialWaste/Extracted/2188.png
6901,6901.png,n/a,n/a,0,1000,1000,n/a,0,[],0,/content/drive/MyDrive/landfill_research/datasets/AerialWaste/Extracted/6901.png
3141,3141.png,n/s,n/s,1,1058,1044,1,1,[17],1,/content/drive/MyDrive/landfill_research/datasets/AerialWaste/Extracted/3141.png
7503,7503.png,n/a,n/a,0,1052,1049,n/a,0,[],0,/content/drive/MyDrive/landfill_research/datasets/AerialWaste/Extracted/7503.png
159,159.png,n/a,n/a,0,1000,1000,n/a,0,[],0,/content/drive/MyDrive/landfill_research/datasets/AerialWaste/Extracted/159.png
723,723.png,2,Agricultural area/farm area,0,1000,1000,2,1,[],1,/content/drive/MyDrive/landfill_research/datasets/AerialWaste/Extracted/723.png
7890,7890.png,1,Abandoned area,1,1000,1000,1,1,"[10, 16]",1,/content/drive/MyDrive/landfill_research/datasets/AerialWaste/Extracted/7890.png
9540,9540.png,n/a,n/a,0,1000,1000,n/a,1,[],1,/content/drive/MyDrive/landfill_research/datasets/AerialWaste/Extracted/9540.png
6828,6828.png,n/a,n/a,0,1000,1000,n/a,0,[],0,/content/drive/MyDrive/landfill_research/datasets/AerialWaste/Extracted/6828.png
8136,8136.png,n/a,n/a,0,1056,1046,n/a,0,[],0,/content/drive/MyDrive/landfill_research/datasets/AerialWaste/Extracted/8136.png
4084,4084.png,n/a,n/a,0,1000,1000,n/a,0,[],0,/content/drive/MyDrive/landfill_research/datasets/AerialWaste/Extracted/4084.png
8161,8161.png,n/a,n/a,0,1046,1056,n/a,0,[],0,/content/drive/MyDrive/landfill_research/datasets/AerialWaste/Extracted/8161.png
8152,8152.png,n/a,n/a,0,1046,1056,n/a,0,[],0,/content/drive/MyDrive/landfill_research/datasets/AerialWaste/Extracted/8152.png
8273,8273.png,n/a,n/a,0,1056,1045,n/a,0,[],0,/content/drive/MyDrive/landfill_research/datasets/AerialWaste/Extracted/8273.png
639,639.png,1,Degraded area,0,1000,1000,2,0,[],0,/content/drive/MyDrive/landfill_research/datasets/AerialWaste/Extracted/639.png
7574,7574.png,n/a,n/a,0,1055,1046,n/a,0,[],0,/content/drive/MyDrive/landfill_research/datasets/AerialWaste/Extracted/7574.png
1049,1049.png,2,Degraded area,0,1000,1000,2,1,[],1,/content/drive/MyDrive/landfill_research/datasets/AerialWaste/Extracted/1049.png
9006,9006.png,1,Agricultural area/farm area,1,1000,1000,1,1,"[1, 12, 16]",1,/content/drive/MyDrive/landfill_research/datasets/AerialWaste/Extracted/9006.png
7368,7368.png,n/a,n/a,0,1054,1048,n/a,0,[],0,/content/drive/MyDrive/landfill_research/datasets/AerialWaste/Extracted/7368.png
8988,8988.png,n/a,n/a,0,1051,1052,n/a,0,[],0,/content/drive/MyDrive/landfill_research/datasets/AerialWaste/Extracted/8988.png
8570,8570.png,n/a,n/a,0,1038,1064,n/a,0,[],0,/content/drive/MyDrive/landfill_research/datasets/AerialWaste/Extracted/8570.png
4109,4109.png,n/a,n/a,0,1000,1000,n/a,0,[],0,/content/drive/MyDrive/landfill_research/datasets/AerialWaste/Extracted/4109.png
5267,5267.png,n/a,n/a,0,1000,1000,n/a,0,[],0,/content/drive/MyDrive/landfill_research/datasets/AerialWaste/Extracted/5267.png
1314,1314.png,2,Production site,0,1000,1000,2,1,[],1,/content/drive/MyDrive/landfill_research/datasets/AerialWaste/Extracted/1314.png
863,863.png,2,Agricultural area/farm area,0,1000,1000,3,1,[],1,/content/drive/MyDrive/landfill_research/datasets/AerialWaste/Extracted/863.png
10306,10306.png,n/a,n/a,0,1047,1055,n/a,0,[],0,/content/drive/MyDrive/landfill_research/datasets/AerialWaste/Extracted/10306.png
3341,3341.png,n/s,n/s,0,1038,1064,1,0,[],0,/content/drive/MyDrive/landfill_research/datasets/AerialWaste/Extracted/3341.png
2402,2402.png,1,Production site,0,1052,1050,1,1,[],1,/content/drive/MyDrive/landfill_research/datasets/AerialWaste/Extracted/2402.png
7108,7108.png,1,Agricultural area/farm area,1,1000,1000,1,1,"[3, 4, 16]",1,/content/drive/MyDrive/landfill_research/datasets/AerialWaste/Extracted/7108.png
3814,3814.png,n/a,n/a,0,1000,1000,n/a,0,[],0,/content/drive/MyDrive/landfill_research/datasets/AerialWaste/Extracted/3814.png
10702,10702.png,n/a,n/a,0,1046,1056,n/a,0,[],0,/content/drive/MyDrive/landfill_research/datasets/AerialWaste/Extracted/10702.png
642,642.png,2,Production site,0,1000,1000,2,1,[],1,/content/drive/MyDrive/landfill_research/datasets/AerialWaste/Extracted/642.png
6471,6471.png,n/a,n/a,0,1000,1000,n/a,0,[],0,/content/drive/MyDrive/landfill_research/datasets/AerialWaste/Extracted/6471.png
2446,2446.png,1,Non production building,1,1000,1000,1,1,"[1, 2, 19, 20]",1,/content/drive/MyDrive/landfill_research/datasets/AerialWaste/Extracted/2446.png
8575,8575.png,1,Agricultural area/farm area,1,1000,1000,1,1,"[1, 16]",1,/content/drive/MyDrive/landfill_research/datasets/AerialWaste/Extracted/8575.png
6991,6991.png,n/a,n/a,0,697,698,n/a,0,[],0,/content/drive/MyDrive/landfill_research/datasets/AerialWaste/Extracted/6991.png
1260,1260.png,2,Degraded area,0,1000,1000,1,1,[],1,/content/drive/MyDrive/landfill_research/datasets/AerialWaste/Extracted/1260.png
8440,8440.png,n/a,n/a,0,1037,1065,n/a,1,[],1,/content/drive/MyDrive/landfill_research/datasets/AerialWaste/Extracted/8440.png
1548,1548.png,1,Agricultural area/farm area,0,1000,1000,3,1,[],1,/content/drive/MyDrive/landfill_research/datasets/AerialWaste/Extracted/1548.png
5230,5230.png,n/a,n/a,0,1000,1000,n/a,0,[],0,/content/drive/MyDrive/landfill_research/datasets/AerialWaste/Extracted/5230.png
7420,7420.png,n/a,n/a,0,1054,1048,n/a,0,[],0,/content/drive/MyDrive/landfill_research/datasets/AerialWaste/Extracted/7420.png
1347,1347.png,0,Other,0,1000,1000,0,1,[],1,/content/drive/MyDrive/landfill_research/datasets/AerialWaste/Extracted/1347.png
3686,3686.png,n/a,n/a,0,1000,1000,n/a,0,[],0,/content/drive/MyDrive/landfill_research/datasets/AerialWaste/Extracted/3686.png
9849,9849.png,n/a,n/a,0,1000,1000,n/a,1,[],1,/content/drive/MyDrive/landfill_research/datasets/AerialWaste/Extracted/9849.png
274,274.png,2,Agricultural area/farm area,0,1000,1000,1,1,[],1,/content/drive/MyDrive/landfill_research/datasets/AerialWaste/Extracted/274.png
7765,7765.png,n/a,n/a,0,1054,1048,n/a,0,[],0,/content/drive/MyDrive/landfill_research/datasets/AerialWaste/Extracted/7765.png
5177,5177.png,n/a,n/a,0,1000,1000,n/a,0,[],0,/content/drive/MyDrive/landfill_research/datasets/AerialWaste/Extracted/5177.png
7199,7199.png,n/a,n/a,0,1000,1000,n/a,0,[],0,/content/drive/MyDrive/landfill_research/datasets/AerialWaste/Extracted/7199.png
4218,4218.png,n/a,n/a,0,1000,1000,n/a,0,[],0,/content/drive/MyDrive/landfill_research/datasets/AerialWaste/Extracted/4218.png
6267,6267.png,n/a,n/a,0,1000,1000,n/a,0,[],0,/content/drive/MyDrive/landfill_research/datasets/AerialWaste/Extracted/6267.png
3703,3703.png,n/a,n/a,0,1000,1000,n/a,0,[],0,/content/drive/MyDrive/landfill_research/datasets/AerialWaste/Extracted/3703.png
1849,1849.png,1,Production site,0,1000,1000,2,1,[],1,/content/drive/MyDrive/landfill_research/datasets/AerialWaste/Extracted/1849.png
8749,8749.png,n/a,n/a,0,1000,1000,n/a,0,[],0,/content/drive/MyDrive/landfill_research/datasets/AerialWaste/Extracted/8749.png
1987,1987.png,2,Non production building,1,1000,1000,2,1,"[2, 4, 16]",1,/content/drive/MyDrive/landfill_research/datasets/AerialWaste/Extracted/1987.png
1649,1649.png,2,Agricultural area/farm area,0,1000,1000,2,0,[],0,/content/drive/MyDrive/landfill_research/datasets/AerialWaste/Extracted/1649.png
9543,9543.png,n/a,n/a,0,1000,1000,n/a,0,[],0,/content/drive/MyDrive/landfill_research/datasets/AerialWaste/Extracted/9543.png
7603,7603.png,n/a,n/a,0,1054,1048,n/a,0,[],0,/content/drive/MyDrive/landfill_research/datasets/AerialWaste/Extracted/7603.png
1504,1504.png,1,Production site,0,1000,1000,2,0,[],0,/content/drive/MyDrive/landfill_research/datasets/AerialWaste/Extracted/1504.png
8856,8856.png,2,Agricultural area/farm area,1,1000,1000,2,1,"[3, 4, 16]",1,/content/drive/MyDrive/landfill_research/datasets/AerialWaste/Extracted/8856.png
10289,10289.png,n/a,n/a,0,1057,1044,n/a,0,[],0,/content/drive/MyDrive/landfill_research/datasets/AerialWaste/Extracted/10289.png
3086,3086.png,n/s,n/s,0,1055,1047,2,1,[],1,/content/drive/MyDrive/landfill_research/datasets/AerialWaste/Extracted/3086.png
11245,11245.png,n/a,n/a,0,1000,1000,n/a,0,[],0,/content/drive/MyDrive/landfill_research/datasets/AerialWaste/Extracted/11245.png
1992,1992.png,2,Production site,0,1049,1053,2,1,[],1,/content/drive/MyDrive/landfill_research/datasets/AerialWaste/Extracted/1992.png
1769,1769.png,n/a,n/a,0,1046,1056,n/a,0,[],0,/content/drive/MyDrive/landfill_research/datasets/AerialWaste/Extracted/1769.png
7461,7461.png,n/a,n/a,0,1053,1049,n/a,0,[],0,/content/drive/MyDrive/landfill_research/datasets/AerialWaste/Extracted/7461.png
534,534.png,1,Production site,0,1000,1000,1,1,[],1,/content/drive/MyDrive/landfill_research/datasets/AerialWaste/Extracted/534.png
3986,3986.png,n/a,n/a,0,1000,1000,n/a,0,[],0,/content/drive/MyDrive/landfill_research/datasets/AerialWaste/Extracted/3986.png
8474,8474.png,n/a,n/a,0,1034,1068,n/a,0,[],0,/content/drive/MyDrive/landfill_research/datasets/AerialWaste/Extracted/8474.png
9219,9219.png,n/a,n/a,0,1045,1058,n/a,0,[],0,/content/drive/MyDrive/landfill_research/datasets/AerialWaste/Extracted/9219.png
2951,2951.png,n/s,n/s,1,1058,1043,3,1,[17],1,/content/drive/MyDrive/landfill_research/datasets/AerialWaste/Extracted/2951.png
8321,8321.png,n/a,n/a,0,1036,1066,n/a,0,[],0,/content/drive/MyDrive/landfill_research/datasets/AerialWaste/Extracted/8321.png
7320,7320.png,n/a,n/a,0,1050,1051,n/a,0,[],0,/content/drive/MyDrive/landfill_research/datasets/AerialWaste/Extracted/7320.png
115,115.png,1,Production site,0,1000,1000,1,1,[],1,/content/drive/MyDrive/landfill_research/datasets/AerialWaste/Extracted/115.png
10622,10622.png,n/a,n/a,0,1000,1000,n/a,0,[],0,/content/drive/MyDrive/landfill_research/datasets/AerialWaste/Extracted/10622.png
7930,7930.png,n/a,n/a,0,1045,1056,n/a,0,[],0,/content/drive/MyDrive/landfill_research/datasets/AerialWaste/Extracted/7930.png
8887,8887.png,n/a,n/a,0,1000,1000,n/a,0,[],0,/content/drive/MyDrive/landfill_research/datasets/AerialWaste/Extracted/8887.png
1656,1656.png,2,Agricultural area/farm area,0,1000,1000,2,1,[],1,/content/drive/MyDrive/landfill_research/datasets/AerialWaste/Extracted/1656.png
4046,4046.png,n/a,n/a,0,1000,1000,n/a,1,[],1,/content/drive/MyDrive/landfill_research/datasets/AerialWaste/Extracted/4046.png
8685,8685.png,n/a,n/a,0,1055,1047,n/a,0,[],0,/content/drive/MyDrive/landfill_research/datasets/AerialWaste/Extracted/8685.png
2265,2265.png,2,Production site,1,696,698,1,1,"[4, 17, 20]",1,/content/drive/MyDrive/landfill_research/datasets/AerialWaste/Extracted/2265.png
801,801.png,2,Production site,0,1000,1000,2,1,[],1,/content/drive/MyDrive/landfill_research/datasets/AerialWaste/Extracted/801.png
1322,1322.png,1,Production site,0,1037,1064,2,1,[],1,/content/drive/MyDrive/landfill_research/datasets/AerialWaste/Extracted/1322.png
4850,4850.png,n/a,n/a,0,1000,1000,n/a,0,[],0,/content/drive/MyDrive/landfill_research/datasets/AerialWaste/Extracted/4850.png
169,169.png,n/a,n/a,0,1000,1000,n/a,0,[],0,/content/drive/MyDrive/landfill_research/datasets/AerialWaste/Extracted/169.png
5626,5626.png,n/a,n/a,0,1000,1000,n/a,0,[],0,/content/drive/MyDrive/landfill_research/datasets/AerialWaste/Extracted/5626.png
35,35.png,2,Non production building,0,1000,1000,3,1,[],1,/content/drive/MyDrive/landfill_research/datasets/AerialWaste/Extracted/35.png
11009,11009.png,1,Degraded area,1,1000,1000,2,1,"[1, 16]",1,/content/drive/MyDrive/landfill_research/datasets/AerialWaste/Extracted/11009.png
2968,2968.png,n/s,n/s,0,1056,1046,2,1,[],1,/content/drive/MyDrive/landfill_research/datasets/AerialWaste/Extracted/2968.png
553,553.png,1,Agricultural area/farm area,0,1000,1000,2,1,[],1,/content/drive/MyDrive/landfill_research/datasets/AerialWaste/Extracted/553.png
9127,9127.png,n/a,n/a,0,1000,1000,n/a,0,[],0,/content/drive/MyDrive/landfill_research/datasets/AerialWaste/Extracted/9127.png
10258,10258.png,n/a,n/a,0,1041,1061,n/a,0,[],0,/content/drive/MyDrive/landfill_research/datasets/AerialWaste/Extracted/10258.png
9352,9352.png,n/a,n/a,0,1000,1000,n/a,0,[],0,/content/drive/MyDrive/landfill_research/datasets/AerialWaste/Extracted/9352.png
3069,3069.png,n/s,n/s,1,1042,1060,2,1,[17],1,/content/drive/MyDrive/landfill_research/datasets/AerialWaste/Extracted/3069.png
10954,10954.png,2,Degraded area,1,1048,1054,1,1,"[2, 4, 6, 16]",1,/content/drive/MyDrive/landfill_research/datasets/AerialWaste/Extracted/10954.png
6704,6704.png,n/a,n/a,0,1000,1000,n/a,0,[],0,/content/drive/MyDrive/landfill_research/datasets/AerialWaste/Extracted/6704.png
10245,10245.png,n/a,n/a,0,1044,1057,n/a,0,[],0,/content/drive/MyDrive/landfill_research/datasets/AerialWaste/Extracted/10245.png
4716,4716.png,n/a,n/a,0,1000,1000,n/a,0,[],0,/content/drive/MyDrive/landfill_research/datasets/AerialWaste/Extracted/4716.png
10910,10910.png,1,Degraded area,1,1045,1057,1,1,[16],1,/content/drive/MyDrive/landfill_research/datasets/AerialWaste/Extracted/10910.png
807,807.png,1,Production site,0,1000,1000,1,1,[],1,/content/drive/MyDrive/landfill_research/datasets/AerialWaste/Extracted/807.png
140,140.png,2,Agricultural area/farm area,0,1000,1000,2,1,[],1,/content/drive/MyDrive/landfill_research/datasets/AerialWaste/Extracted/140.png
11161,11161.png,n/a,n/a,0,1000,1000,n/a,0,[],0,/content/drive/MyDrive/landfill_research/datasets/AerialWaste/Extracted/11161.png
1590,1590.png,1,Production site,0,1000,1000,2,1,[],1,/content/drive/MyDrive/landfill_research/datasets/AerialWaste/Extracted/1590.png
95,95.png,1,Agricultural area/farm area,0,1000,1000,1,1,[],1,/content/drive/MyDrive/landfill_research/datasets/AerialWaste/Extracted/95.png
9695,9695.png,n/a,n/a,0,1000,1000,n/a,0,[],0,/content/drive/MyDrive/landfill_research/datasets/AerialWaste/Extracted/9695.png
7131,7131.png,n/a,n/a,0,1051,1051,n/a,0,[],0,/content/drive/MyDrive/landfill_research/datasets/AerialWaste/Extracted/7131.png
7237,7237.png,n/a,n/a,0,1054,1049,n/a,0,[],0,/content/drive/MyDrive/landfill_research/datasets/AerialWaste/Extracted/7237.png
8951,8951.png,n/a,n/a,0,1055,1046,n/a,0,[],0,/content/drive/MyDrive/landfill_research/datasets/AerialWaste/Extracted/8951.png
8858,8858.png,n/a,n/a,0,1000,1000,n/a,0,[],0,/content/drive/MyDrive/landfill_research/datasets/AerialWaste/Extracted/8858.png
5508,5508.png,n/a,n/a,0,1000,1000,n/a,0,[],0,/content/drive/MyDrive/landfill_research/datasets/AerialWaste/Extracted/5508.png
7117,7117.png,n/a,n/a,0,1051,1051,n/a,0,[],0,/content/drive/MyDrive/landfill_research/datasets/AerialWaste/Extracted/7117.png
9336,9336.png,n/a,n/a,0,1000,1000,n/a,0,[],0,/content/drive/MyDrive/landfill_research/datasets/AerialWaste/Extracted/9336.png
9617,9617.png,n/a,n/a,0,1000,1000,n/a,0,[],0,/content/drive/MyDrive/landfill_research/datasets/AerialWaste/Extracted/9617.png
5781,5781.png,n/a,n/a,0,1000,1000,n/a,0,[],0,/content/drive/MyDrive/landfill_research/datasets/AerialWaste/Extracted/5781.png
329,329.png,2,Non production building,0,1000,1000,1,1,[],1,/content/drive/MyDrive/landfill_research/datasets/AerialWaste/Extracted/329.png
9751,9751.png,n/a,n/a,0,1000,1000,n/a,1,[],1,/content/drive/MyDrive/landfill_research/datasets/AerialWaste/Extracted/9751.png
1239,1239.png,2,Non production building,0,1000,1000,1,1,[],1,/content/drive/MyDrive/landfill_research/datasets/AerialWaste/Extracted/1239.png
5650,5650.png,n/a,n/a,0,1000,1000,n/a,0,[],0,/content/drive/MyDrive/landfill_research/datasets/AerialWaste/Extracted/5650.png
6795,6795.png,n/a,n/a,0,1000,1000,n/a,0,[],0,/content/drive/MyDrive/landfill_research/datasets/AerialWaste/Extracted/6795.png
4203,4203.png,n/a,n/a,0,1000,1000,n/a,0,[],0,/content/drive/MyDrive/landfill_research/datasets/AerialWaste/Extracted/4203.png
2716,2716.png,n/s,n/s,0,1055,1047,1,1,[],1,/content/drive/MyDrive/landfill_research/datasets/AerialWaste/Extracted/2716.png
1025,1025.png,2,Production site,0,1000,1000,1,1,[],1,/content/drive/MyDrive/landfill_research/datasets/AerialWaste/Extracted/1025.png
1009,1009.png,2,Agricultural area/farm area,0,1000,1000,1,1,[],1,/content/drive/MyDrive/landfill_research/datasets/AerialWaste/Extracted/1009.png
4455,4455.png,n/a,n/a,0,1000,1000,n/a,0,[],0,/content/drive/MyDrive/landfill_research/datasets/AerialWaste/Extracted/4455.png
2109,2109.png,2,Production site,1,1000,1000,2,1,"[2, 5, 16]",1,/content/drive/MyDrive/landfill_research/datasets/AerialWaste/Extracted/2109.png
3782,3782.png,n/a,n/a,0,1000,1000,n/a,0,[],0,/content/drive/MyDrive/landfill_research/datasets/AerialWaste/Extracted/3782.png
1866,1866.png,0,Other,1,1000,1000,0,1,"[2, 3, 4, 5, 9, 10, 15, 17]",1,/content/drive/MyDrive/landfill_research/datasets/AerialWaste/Extracted/1866.png
3639,3639.png,n/a,n/a,0,1000,1000,n/a,0,[],0,/content/drive/MyDrive/landfill_research/datasets/AerialWaste/Extracted/3639.png
10209,10209.png,n/a,n/a,0,1046,1056,n/a,0,[],0,/content/drive/MyDrive/landfill_research/datasets/AerialWaste/Extracted/10209.png
8075,8075.png,2,Agricultural area/farm area,1,1000,1000,2,1,"[1, 12, 16]",1,/content/drive/MyDrive/landfill_research/datasets/AerialWaste/Extracted/8075.png
857,857.png,3,Degraded area,0,1000,1000,3,1,[],1,/content/drive/MyDrive/landfill_research/datasets/AerialWaste/Extracted/857.png
8272,8272.png,n/a,n/a,0,1044,1058,n/a,0,[],0,/content/drive/MyDrive/landfill_research/datasets/AerialWaste/Extracted/8272.png
9088,9088.png,n/a,n/a,0,1000,1000,n/a,0,[],0,/content/drive/MyDrive/landfill_research/datasets/AerialWaste/Extracted/9088.png
9638,9638.png,n/a,n/a,0,1000,1000,n/a,1,[],1,/content/drive/MyDrive/landfill_research/datasets/AerialWaste/Extracted/9638.png
7270,7270.png,n/a,n/a,0,1058,1044,n/a,0,[],0,/content/drive/MyDrive/landfill_research/datasets/AerialWaste/Extracted/7270.png
7998,7998.png,n/a,n/a,0,1056,1046,n/a,0,[],0,/content/drive/MyDrive/landfill_research/datasets/AerialWaste/Extracted/7998.png
10311,10311.png,n/a,n/a,0,1000,1000,n/a,0,[],0,/content/drive/MyDrive/landfill_research/datasets/AerialWaste/Extracted/10311.png
2556,2556.png,n/s,n/s,1,1053,1048,1,1,[3],1,/content/drive/MyDrive/landfill_research/datasets/AerialWaste/Extracted/2556.png
10884,10884.png,3,Production site,1,1045,1057,2,1,"[2, 18]",1,/content/drive/MyDrive/landfill_research/datasets/AerialWaste/Extracted/10884.png
1274,1274.png,2,Agricultural area/farm area,0,1000,1000,1,1,[],1,/content/drive/MyDrive/landfill_research/datasets/AerialWaste/Extracted/1274.png
7553,7553.png,n/a,n/a,0,1056,1046,n/a,0,[],0,/content/drive/MyDrive/landfill_research/datasets/AerialWaste/Extracted/7553.png
6669,6669.png,n/a,n/a,0,1000,1000,n/a,0,[],0,/content/drive/MyDrive/landfill_research/datasets/AerialWaste/Extracted/6669.png
1847,1847.png,1,Agricultural area/farm area,0,1000,1000,1,1,[],1,/content/drive/MyDrive/landfill_research/datasets/AerialWaste/Extracted/1847.png
475,475.png,2,Agricultural area/farm area,0,1000,1000,1,1,[],1,/content/drive/MyDrive/landfill_research/datasets/AerialWaste/Extracted/475.png
138,138.png,1,Agricultural area/farm area,0,1000,1000,1,0,[],0,/content/drive/MyDrive/landfill_research/datasets/AerialWaste/Extracted/138.png
3264,3264.png,n/s,n/s,0,1037,1065,1,1,[],1,/content/drive/MyDrive/landfill_research/datasets/AerialWaste/Extracted/3264.png
3661,3661.png,n/a,n/a,0,1000,1000,n/a,0,[],0,/content/drive/MyDrive/landfill_research/datasets/AerialWaste/Extracted/3661.png
10958,10958.png,2,Production site,1,1000,1000,3,1,"[2, 16]",1,/content/drive/MyDrive/landfill_research/datasets/AerialWaste/Extracted/10958.png
2190,2190.png,1,Production site,1,697,697,2,1,"[2, 3, 4, 5, 16, 19]",1,/content/drive/MyDrive/landfill_research/datasets/AerialWaste/Extracted/2190.png
7231,7231.png,n/a,n/a,0,1050,1052,n/a,0,[],0,/content/drive/MyDrive/landfill_research/datasets/AerialWaste/Extracted/7231.png
11456,11456.png,n/a,n/a,0,1000,1000,n/a,0,[],0,/content/drive/MyDrive/landfill_research/datasets/AerialWaste/Extracted/11456.png
4226,4226.png,n/a,n/a,0,1000,1000,n/a,1,[],1,/content/drive/MyDrive/landfill_research/datasets/AerialWaste/Extracted/4226.png
11662,11662.png,n/a,n/a,0,1056,1045,n/a,0,[],0,/content/drive/MyDrive/landfill_research/datasets/AerialWaste/Extracted/11662.png
4022,4022.png,n/a,n/a,0,1000,1000,n/a,0,[],0,/content/drive/MyDrive/landfill_research/datasets/AerialWaste/Extracted/4022.png
11165,11165.png,n/a,n/a,0,1055,1047,n/a,0,[],0,/content/drive/MyDrive/landfill_research/datasets/AerialWaste/Extracted/11165.png
11225,11225.png,n/a,n/a,0,1000,1000,n/a,0,[],0,/content/drive/MyDrive/landfill_research/datasets/AerialWaste/Extracted/11225.png
5444,5444.png,n/a,n/a,0,1000,1000,n/a,0,[],0,/content/drive/MyDrive/landfill_research/datasets/AerialWaste/Extracted/5444.png
9183,9183.png,n/a,n/a,0,1000,1000,n/a,1,[],1,/content/drive/MyDrive/landfill_research/datasets/AerialWaste/Extracted/9183.png
10357,10357.png,n/a,n/a,0,1037,1064,n/a,0,[],0,/content/drive/MyDrive/landfill_research/datasets/AerialWaste/Extracted/10357.png
8819,8819.png,n/a,n/a,0,1000,1000,n/a,0,[],0,/content/drive/MyDrive/landfill_research/datasets/AerialWaste/Extracted/8819.png
1911,1911.png,2,Degraded area,1,1000,1000,2,1,"[1, 2, 16, 17]",1,/content/drive/MyDrive/landfill_research/datasets/AerialWaste/Extracted/1911.png
1661,1661.png,1,Degraded area,0,1000,1000,3,0,[],0,/content/drive/MyDrive/landfill_research/datasets/AerialWaste/Extracted/1661.png
4627,4627.png,n/a,n/a,0,1000,1000,n/a,0,[],0,/content/drive/MyDrive/landfill_research/datasets/AerialWaste/Extracted/4627.png
893,893.png,1,Production site,0,1000,1000,2,1,[],1,/content/drive/MyDrive/landfill_research/datasets/AerialWaste/Extracted/893.png
9022,9022.png,n/a,n/a,0,1046,1056,n/a,0,[],0,/content/drive/MyDrive/landfill_research/datasets/AerialWaste/Extracted/9022.png
5123,5123.png,n/a,n/a,0,1000,1000,n/a,0,[],0,/content/drive/MyDrive/landfill_research/datasets/AerialWaste/Extracted/5123.png
3836,3836.png,n/a,n/a,0,1000,1000,n/a,0,[],0,/content/drive/MyDrive/landfill_research/datasets/AerialWaste/Extracted/3836.png
10138,10138.png,n/a,n/a,0,1057,1044,n/a,0,[],0,/content/drive/MyDrive/landfill_research/datasets/AerialWaste/Extracted/10138.png
2642,2642.png,n/s,n/s,1,1058,1043,2,1,[3],1,/content/drive/MyDrive/landfill_research/datasets/AerialWaste/Extracted/2642.png
1483,1483.png,2,Agricultural area/farm area,0,1000,1000,2,0,[],0,/content/drive/MyDrive/landfill_research/datasets/AerialWaste/Extracted/1483.png
10438,10438.png,n/a,n/a,0,697,698,n/a,0,[],0,/content/drive/MyDrive/landfill_research/datasets/AerialWaste/Extracted/10438.png
601,601.png,1,Degraded area,0,1000,1000,1,1,[],1,/content/drive/MyDrive/landfill_research/datasets/AerialWaste/Extracted/601.png
10287,10287.png,n/a,n/a,0,1058,1044,n/a,0,[],0,/content/drive/MyDrive/landfill_research/datasets/AerialWaste/Extracted/10287.png
1127,1127.png,2,Agricultural area/farm area,0,1000,1000,1,1,[],1,/content/drive/MyDrive/landfill_research/datasets/AerialWaste/Extracted/1127.png
5342,5342.png,n/a,n/a,0,1000,1000,n/a,0,[],0,/content/drive/MyDrive/landfill_research/datasets/AerialWaste/Extracted/5342.png
7276,7276.png,n/a,n/a,0,1058,1044,n/a,0,[],0,/content/drive/MyDrive/landfill_research/datasets/AerialWaste/Extracted/7276.png
5292,5292.png,n/a,n/a,0,1000,1000,n/a,0,[],0,/content/drive/MyDrive/landfill_research/datasets/AerialWaste/Extracted/5292.png
6643,6643.png,n/a,n/a,0,1000,1000,n/a,0,[],0,/content/drive/MyDrive/landfill_research/datasets/AerialWaste/Extracted/6643.png
11271,11271.png,n/a,n/a,0,1000,1000,n/a,0,[],0,/content/drive/MyDrive/landfill_research/datasets/AerialWaste/Extracted/11271.png
5889,5889.png,n/a,n/a,0,1000,1000,n/a,0,[],0,/content/drive/MyDrive/landfill_research/datasets/AerialWaste/Extracted/5889.png
7186,7186.png,3,Production site,1,1000,1000,3,1,"[4, 16]",1,/content/drive/MyDrive/landfill_research/datasets/AerialWaste/Extracted/7186.png
9994,9994.png,n/a,n/a,0,1049,1053,n/a,0,[],0,/content/drive/MyDrive/landfill_research/datasets/AerialWaste/Extracted/9994.png
7674,7674.png,n/a,n/a,0,1049,1053,n/a,0,[],0,/content/drive/MyDrive/landfill_research/datasets/AerialWaste/Extracted/7674.png
6308,6308.png,n/a,n/a,0,1000,1000,n/a,0,[],0,/content/drive/MyDrive/landfill_research/datasets/AerialWaste/Extracted/6308.png
5518,5518.png,n/a,n/a,0,1000,1000,n/a,0,[],0,/content/drive/MyDrive/landfill_research/datasets/AerialWaste/Extracted/5518.png
11514,11514.png,n/a,n/a,0,697,697,n/a,0,[],0,/content/drive/MyDrive/landfill_research/datasets/AerialWaste/Extracted/11514.png
7395,7395.png,n/a,n/a,0,1054,1047,n/a,0,[],0,/content/drive/MyDrive/landfill_research/datasets/AerialWaste/Extracted/7395.png
3914,3914.png,n/a,n/a,0,1000,1000,n/a,0,[],0,/content/drive/MyDrive/landfill_research/datasets/AerialWaste/Extracted/3914.png
8251,8251.png,n/a,n/a,0,1045,1057,n/a,0,[],0,/content/drive/MyDrive/landfill_research/datasets/AerialWaste/Extracted/8251.png
2683,2683.png,n/s,n/s,0,1056,1045,3,1,[],1,/content/drive/MyDrive/landfill_research/datasets/AerialWaste/Extracted/2683.png
5867,5867.png,n/a,n/a,0,1000,1000,n/a,0,[],0,/content/drive/MyDrive/landfill_research/datasets/AerialWaste/Extracted/5867.png
2516,2516.png,n/s,n/s,0,1057,1044,3,1,[],1,/content/drive/MyDrive/landfill_research/datasets/AerialWaste/Extracted/2516.png
8020,8020.png,n/a,n/a,0,1047,1054,n/a,0,[],0,/content/drive/MyDrive/landfill_research/datasets/AerialWaste/Extracted/8020.png
1140,1140.png,1,Agricultural area/farm area,0,1000,1000,2,1,[],1,/content/drive/MyDrive/landfill_research/datasets/AerialWaste/Extracted/1140.png
3707,3707.png,n/a,n/a,0,1000,1000,n/a,0,[],0,/content/drive/MyDrive/landfill_research/datasets/AerialWaste/Extracted/3707.png
8417,8417.png,n/a,n/a,0,1037,1065,n/a,0,[],0,/content/drive/MyDrive/landfill_research/datasets/AerialWaste/Extracted/8417.png
9670,9670.png,n/a,n/a,0,1000,1000,n/a,0,[],0,/content/drive/MyDrive/landfill_research/datasets/AerialWaste/Extracted/9670.png
7283,7283.png,n/a,n/a,0,1052,1050,n/a,0,[],0,/content/drive/MyDrive/landfill_research/datasets/AerialWaste/Extracted/7283.png
9406,9406.png,n/a,n/a,0,1000,1000,n/a,0,[],0,/content/drive/MyDrive/landfill_research/datasets/AerialWaste/Extracted/9406.png
10990,10990.png,3,Degraded area,1,1000,1000,3,1,"[2, 7, 16]",1,/content/drive/MyDrive/landfill_research/datasets/AerialWaste/Extracted/10990.png
4570,4570.png,n/a,n/a,0,1000,1000,n/a,0,[],0,/content/drive/MyDrive/landfill_research/datasets/AerialWaste/Extracted/4570.png
4274,4274.png,n/a,n/a,0,1000,1000,n/a,0,[],0,/content/drive/MyDrive/landfill_research/datasets/AerialWaste/Extracted/4274.png
90,90.png,1,Agricultural area/farm area,0,1000,1000,1,1,[],1,/content/drive/MyDrive/landfill_research/datasets/AerialWaste/Extracted/90.png
11135,11135.png,n/a,n/a,0,1000,1000,n/a,0,[],0,/content/drive/MyDrive/landfill_research/datasets/AerialWaste/Extracted/11135.png
2899,2899.png,n/s,n/s,1,1055,1047,3,1,[7],1,/content/drive/MyDrive/landfill_research/datasets/AerialWaste/Extracted/2899.png
7383,7383.png,n/a,n/a,0,1055,1046,n/a,0,[],0,/content/drive/MyDrive/landfill_research/datasets/AerialWaste/Extracted/7383.png
4080,4080.png,n/a,n/a,0,1000,1000,n/a,0,[],0,/content/drive/MyDrive/landfill_research/datasets/AerialWaste/Extracted/4080.png
9756,9756.png,n/a,n/a,0,1000,1000,n/a,0,[],0,/content/drive/MyDrive/landfill_research/datasets/AerialWaste/Extracted/9756.png
10166,10166.png,n/a,n/a,0,1054,1048,n/a,0,[],0,/content/drive/MyDrive/landfill_research/datasets/AerialWaste/Extracted/10166.png
9202,9202.png,n/a,n/a,0,1000,1000,n/a,0,[],0,/content/drive/MyDrive/landfill_research/datasets/AerialWaste/Extracted/9202.png
9742,9742.png,n/a,n/a,0,1000,1000,n/a,0,[],0,/content/drive/MyDrive/landfill_research/datasets/AerialWaste/Extracted/9742.png
1811,1811.png,1,Production site,0,1000,1000,3,1,[],1,/content/drive/MyDrive/landfill_research/datasets/AerialWaste/Extracted/1811.png
1284,1284.png,2,Production site,0,1000,1000,3,1,[],1,/content/drive/MyDrive/landfill_research/datasets/AerialWaste/Extracted/1284.png
11235,11235.png,n/a,n/a,0,1000,1000,n/a,0,[],0,/content/drive/MyDrive/landfill_research/datasets/AerialWaste/Extracted/11235.png
4674,4674.png,n/a,n/a,0,1000,1000,n/a,0,[],0,/content/drive/MyDrive/landfill_research/datasets/AerialWaste/Extracted/4674.png
9013,9013.png,1,Non production building,1,1000,1000,1,1,"[1, 12, 16]",1,/content/drive/MyDrive/landfill_research/datasets/AerialWaste/Extracted/9013.png
504,504.png,n/a,n/a,0,1000,1000,n/a,0,[],0,/content/drive/MyDrive/landfill_research/datasets/AerialWaste/Extracted/504.png
3225,3225.png,n/a,n/a,0,1000,1000,n/a,0,[],0,/content/drive/MyDrive/landfill_research/datasets/AerialWaste/Extracted/3225.png
3640,3640.png,n/a,n/a,0,1000,1000,n/a,0,[],0,/content/drive/MyDrive/landfill_research/datasets/AerialWaste/Extracted/3640.png
6586,6586.png,n/a,n/a,0,1000,1000,n/a,0,[],0,/content/drive/MyDrive/landfill_research/datasets/AerialWaste/Extracted/6586.png
7240,7240.png,n/a,n/a,0,1054,1048,n/a,0,[],0,/content/drive/MyDrive/landfill_research/datasets/AerialWaste/Extracted/7240.png
537,537.png,1,Agricultural area/farm area,0,1000,1000,1,1,[],1,/content/drive/MyDrive/landfill_research/datasets/AerialWaste/Extracted/537.png
9817,9817.png,n/a,n/a,0,1000,1000,n/a,1,[],1,/content/drive/MyDrive/landfill_research/datasets/AerialWaste/Extracted/9817.png
7049,7049.png,n/a,n/a,0,697,698,n/a,0,[],0,/content/drive/MyDrive/landfill_research/datasets/AerialWaste/Extracted/7049.png
9415,9415.png,n/a,n/a,0,1051,1050,n/a,0,[],0,/content/drive/MyDrive/landfill_research/datasets/AerialWaste/Extracted/9415.png
5242,5242.png,n/a,n/a,0,1000,1000,n/a,0,[],0,/content/drive/MyDrive/landfill_research/datasets/AerialWaste/Extracted/5242.png
7858,7858.png,n/a,n/a,0,1054,1048,n/a,0,[],0,/content/drive/MyDrive/landfill_research/datasets/AerialWaste/Extracted/7858.png
4095,4095.png,n/a,n/a,0,1000,1000,n/a,0,[],0,/content/drive/MyDrive/landfill_research/datasets/AerialWaste/Extracted/4095.png
6910,6910.png,n/a,n/a,0,1056,1046,n/a,1,[],1,/content/drive/MyDrive/landfill_research/datasets/AerialWaste/Extracted/6910.png
2321,2321.png,2,Production site,1,1000,1000,1,1,"[21, 22]",1,/content/drive/MyDrive/landfill_research/datasets/AerialWaste/Extracted/2321.png
5409,5409.png,n/a,n/a,0,1000,1000,n/a,0,[],0,/content/drive/MyDrive/landfill_research/datasets/AerialWaste/Extracted/5409.png
7095,7095.png,1,Agricultural area/farm area,1,1000,1000,1,1,[18],1,/content/drive/MyDrive/landfill_research/datasets/AerialWaste/Extracted/7095.png
9218,9218.png,n/a,n/a,0,1000,1000,n/a,0,[],0,/content/drive/MyDrive/landfill_research/datasets/AerialWaste/Extracted/9218.png
10106,10106.png,n/a,n/a,0,1056,1045,n/a,0,[],0,/content/drive/MyDrive/landfill_research/datasets/AerialWaste/Extracted/10106.png
11121,11121.png,n/a,n/a,0,1037,1065,n/a,0,[],0,/content/drive/MyDrive/landfill_research/datasets/AerialWaste/Extracted/11121.png
8505,8505.png,n/a,n/a,0,1038,1064,n/a,1,[],1,/content/drive/MyDrive/landfill_research/datasets/AerialWaste/Extracted/8505.png
7556,7556.png,n/a,n/a,0,1055,1046,n/a,0,[],0,/content/drive/MyDrive/landfill_research/datasets/AerialWaste/Extracted/7556.png
8759,8759.png,n/a,n/a,0,1000,1000,n/a,0,[],0,/content/drive/MyDrive/landfill_research/datasets/AerialWaste/Extracted/8759.png
8034,8034.png,n/a,n/a,0,1047,1055,n/a,0,[],0,/content/drive/MyDrive/landfill_research/datasets/AerialWaste/Extracted/8034.png
11355,11355.png,n/a,n/a,0,1000,1000,n/a,0,[],0,/content/drive/MyDrive/landfill_research/datasets/AerialWaste/Extracted/11355.png
9335,9335.png,n/a,n/a,0,1000,1000,n/a,0,[],0,/content/drive/MyDrive/landfill_research/datasets/AerialWaste/Extracted/9335.png
8907,8907.png,2,Degraded area,1,1000,1000,1,1,"[2, 3, 5, 4, 6, 16]",1,/content/drive/MyDrive/landfill_research/datasets/AerialWaste/Extracted/8907.png
3327,3327.png,n/s,n/s,0,1035,1067,1,1,[],1,/content/drive/MyDrive/landfill_research/datasets/AerialWaste/Extracted/3327.png
3945,3945.png,n/a,n/a,0,1000,1000,n/a,0,[],0,/content/drive/MyDrive/landfill_research/datasets/AerialWaste/Extracted/3945.png
7797,7797.png,n/a,n/a,0,1054,1048,n/a,0,[],0,/content/drive/MyDrive/landfill_research/datasets/AerialWaste/Extracted/7797.png
8109,8109.png,1,Non production building,1,1000,1000,1,1,"[1, 16]",1,/content/drive/MyDrive/landfill_research/datasets/AerialWaste/Extracted/8109.png
10633,10633.png,n/a,n/a,0,1000,1000,n/a,0,[],0,/content/drive/MyDrive/landfill_research/datasets/AerialWaste/Extracted/10633.png
984,984.png,2,Degraded area,0,1000,1000,2,1,[],1,/content/drive/MyDrive/landfill_research/datasets/AerialWaste/Extracted/984.png
2072,2072.png,2,Non production building,1,1000,1000,2,1,[21],1,/content/drive/MyDrive/landfill_research/datasets/AerialWaste/Extracted/2072.png
8701,8701.png,1,Non production building,1,1000,1000,2,1,"[1, 16]",1,/content/drive/MyDrive/landfill_research/datasets/AerialWaste/Extracted/8701.png
6681,6681.png,n/a,n/a,0,1000,1000,n/a,0,[],0,/content/drive/MyDrive/landfill_research/datasets/AerialWaste/Extracted/6681.png
714,714.png,2,Degraded area,0,1000,1000,1,1,[],1,/content/drive/MyDrive/landfill_research/datasets/AerialWaste/Extracted/714.png
8714,8714.png,n/a,n/a,0,1000,1000,n/a,0,[],0,/content/drive/MyDrive/landfill_research/datasets/AerialWaste/Extracted/8714.png
10194,10194.png,n/a,n/a,0,1055,1047,n/a,0,[],0,/content/drive/MyDrive/landfill_research/datasets/AerialWaste/Extracted/10194.png
11412,11412.png,n/a,n/a,0,1000,1000,n/a,0,[],0,/content/drive/MyDrive/landfill_research/datasets/AerialWaste/Extracted/11412.png
11274,11274.png,n/a,n/a,0,1000,1000,n/a,0,[],0,/content/drive/MyDrive/landfill_research/datasets/AerialWaste/Extracted/11274.png
7096,7096.png,2,Degraded area,1,1000,1000,2,1,"[2, 1, 6, 16]",1,/content/drive/MyDrive/landfill_research/datasets/AerialWaste/Extracted/7096.png
6619,6619.png,n/a,n/a,0,1000,1000,n/a,0,[],0,/content/drive/MyDrive/landfill_research/datasets/AerialWaste/Extracted/6619.png
4487,4487.png,n/a,n/a,0,1000,1000,n/a,0,[],0,/content/drive/MyDrive/landfill_research/datasets/AerialWaste/Extracted/4487.png
10168,10168.png,n/a,n/a,0,1057,1044,n/a,0,[],0,/content/drive/MyDrive/landfill_research/datasets/AerialWaste/Extracted/10168.png
2787,2787.png,n/s,n/s,1,1050,1052,2,1,[7],1,/content/drive/MyDrive/landfill_research/datasets/AerialWaste/Extracted/2787.png
5060,5060.png,n/a,n/a,0,1000,1000,n/a,0,[],0,/content/drive/MyDrive/landfill_research/datasets/AerialWaste/Extracted/5060.png
6179,6179.png,n/a,n/a,0,1000,1000,n/a,0,[],0,/content/drive/MyDrive/landfill_research/datasets/AerialWaste/Extracted/6179.png
374,374.png,3,Production site,0,1000,1000,2,1,[],1,/content/drive/MyDrive/landfill_research/datasets/AerialWaste/Extracted/374.png
4379,4379.png,n/a,n/a,0,1000,1000,n/a,0,[],0,/content/drive/MyDrive/landfill_research/datasets/AerialWaste/Extracted/4379.png
1495,1495.png,1,Production site,0,1000,1000,3,1,[],1,/content/drive/MyDrive/landfill_research/datasets/AerialWaste/Extracted/1495.png
2161,2161.png,2,Agricultural area/farm area,1,1000,1000,2,1,"[2, 3, 5, 16, 18, 21]",1,/content/drive/MyDrive/landfill_research/datasets/AerialWaste/Extracted/2161.png
4020,4020.png,n/a,n/a,0,1000,1000,n/a,0,[],0,/content/drive/MyDrive/landfill_research/datasets/AerialWaste/Extracted/4020.png
4652,4652.png,n/a,n/a,0,1000,1000,n/a,1,[],1,/content/drive/MyDrive/landfill_research/datasets/AerialWaste/Extracted/4652.png
7583,7583.png,n/a,n/a,0,1055,1046,n/a,0,[],0,/content/drive/MyDrive/landfill_research/datasets/AerialWaste/Extracted/7583.png
5654,5654.png,n/a,n/a,0,1000,1000,n/a,0,[],0,/content/drive/MyDrive/landfill_research/datasets/AerialWaste/Extracted/5654.png
2381,2381.png,2,Degraded area,0,696,698,1,0,[],0,/content/drive/MyDrive/landfill_research/datasets/AerialWaste/Extracted/2381.png
5014,5014.png,n/a,n/a,0,1000,1000,n/a,0,[],0,/content/drive/MyDrive/landfill_research/datasets/AerialWaste/Extracted/5014.png
3971,3971.png,n/a,n/a,0,1000,1000,n/a,0,[],0,/content/drive/MyDrive/landfill_research/datasets/AerialWaste/Extracted/3971.png
2654,2654.png,n/s,n/s,0,1055,1046,1,1,[],1,/content/drive/MyDrive/landfill_research/datasets/AerialWaste/Extracted/2654.png
9295,9295.png,n/a,n/a,0,1000,1000,n/a,1,[],1,/content/drive/MyDrive/landfill_research/datasets/AerialWaste/Extracted/9295.png
4834,4834.png,n/a,n/a,0,1000,1000,n/a,0,[],0,/content/drive/MyDrive/landfill_research/datasets/AerialWaste/Extracted/4834.png
8947,8947.png,n/a,n/a,0,1055,1046,n/a,1,[],1,/content/drive/MyDrive/landfill_research/datasets/AerialWaste/Extracted/8947.png
6074,6074.png,n/a,n/a,0,1000,1000,n/a,0,[],0,/content/drive/MyDrive/landfill_research/datasets/AerialWaste/Extracted/6074.png
2615,2615.png,n/s,n/s,0,1054,1048,1,1,[],1,/content/drive/MyDrive/landfill_research/datasets/AerialWaste/Extracted/2615.png
10984,10984.png,n/a,n/a,0,1000,1000,n/a,0,[],0,/content/drive/MyDrive/landfill_research/datasets/AerialWaste/Extracted/10984.png
4166,4166.png,n/a,n/a,0,1000,1000,n/a,0,[],0,/content/drive/MyDrive/landfill_research/datasets/AerialWaste/Extracted/4166.png
2408,2408.png,2,Abandoned area,0,1051,1051,2,1,[],1,/content/drive/MyDrive/landfill_research/datasets/AerialWaste/Extracted/2408.png
558,558.png,2,Production site,0,1000,1000,3,1,[],1,/content/drive/MyDrive/landfill_research/datasets/AerialWaste/Extracted/558.png
5260,5260.png,n/a,n/a,0,1000,1000,n/a,0,[],0,/content/drive/MyDrive/landfill_research/datasets/AerialWaste/Extracted/5260.png
6110,6110.png,n/a,n/a,0,1000,1000,n/a,0,[],0,/content/drive/MyDrive/landfill_research/datasets/AerialWaste/Extracted/6110.png
3233,3233.png,n/s,n/s,0,1038,1065,2,1,[],1,/content/drive/MyDrive/landfill_research/datasets/AerialWaste/Extracted/3233.png
6163,6163.png,n/a,n/a,0,1000,1000,n/a,0,[],0,/content/drive/MyDrive/landfill_research/datasets/AerialWaste/Extracted/6163.png
4105,4105.png,n/a,n/a,0,1000,1000,n/a,0,[],0,/content/drive/MyDrive/landfill_research/datasets/AerialWaste/Extracted/4105.png
6241,6241.png,n/a,n/a,0,1000,1000,n/a,0,[],0,/content/drive/MyDrive/landfill_research/datasets/AerialWaste/Extracted/6241.png
8630,8630.png,n/a,n/a,0,1046,1056,n/a,0,[],0,/content/drive/MyDrive/landfill_research/datasets/AerialWaste/Extracted/8630.png
3486,3486.png,n/a,n/a,0,1038,1064,n/a,0,[],0,/content/drive/MyDrive/landfill_research/datasets/AerialWaste/Extracted/3486.png
7878,7878.png,n/a,n/a,0,1053,1049,n/a,0,[],0,/content/drive/MyDrive/landfill_research/datasets/AerialWaste/Extracted/7878.png
2393,2393.png,2,Production site,0,1052,1050,1,1,[],1,/content/drive/MyDrive/landfill_research/datasets/AerialWaste/Extracted/2393.png
11390,11390.png,n/a,n/a,0,1000,1000,n/a,0,[],0,/content/drive/MyDrive/landfill_research/datasets/AerialWaste/Extracted/11390.png
5379,5379.png,n/a,n/a,0,1000,1000,n/a,0,[],0,/content/drive/MyDrive/landfill_research/datasets/AerialWaste/Extracted/5379.png
2736,2736.png,n/s,n/s,0,1051,1051,1,1,[],1,/content/drive/MyDrive/landfill_research/datasets/AerialWaste/Extracted/2736.png
3659,3659.png,n/a,n/a,0,1000,1000,n/a,0,[],0,/content/drive/MyDrive/landfill_research/datasets/AerialWaste/Extracted/3659.png
2589,2589.png,n/s,n/s,0,1053,1049,2,1,[],1,/content/drive/MyDrive/landfill_research/datasets/AerialWaste/Extracted/2589.png
9102,9102.png,n/a,n/a,0,1000,1000,n/a,0,[],0,/content/drive/MyDrive/landfill_research/datasets/AerialWaste/Extracted/9102.png
4958,4958.png,n/a,n/a,0,1000,1000,n/a,0,[],0,/content/drive/MyDrive/landfill_research/datasets/AerialWaste/Extracted/4958.png
1592,1592.png,2,Abandoned area,0,1000,1000,2,1,[],1,/content/drive/MyDrive/landfill_research/datasets/AerialWaste/Extracted/1592.png
8667,8667.png,n/a,n/a,0,1055,1047,n/a,0,[],0,/content/drive/MyDrive/landfill_research/datasets/AerialWaste/Extracted/8667.png
82,82.png,3,Production site,0,1000,1000,1,1,[],1,/content/drive/MyDrive/landfill_research/datasets/AerialWaste/Extracted/82.png
8657,8657.png,n/a,n/a,0,1056,1047,n/a,0,[],0,/content/drive/MyDrive/landfill_research/datasets/AerialWaste/Extracted/8657.png
2025,2025.png,1,Non production building,0,1042,1060,2,1,[],1,/content/drive/MyDrive/landfill_research/datasets/AerialWaste/Extracted/2025.png
11002,11002.png,n/a,n/a,0,1000,1000,n/a,0,[],0,/content/drive/MyDrive/landfill_research/datasets/AerialWaste/Extracted/11002.png
3453,3453.png,n/s,n/s,1,1055,1047,n/s,1,"[1, 3, 4, 5, 16, 17, 19]",1,/content/drive/MyDrive/landfill_research/datasets/AerialWaste/Extracted/3453.png
3007,3007.png,n/s,n/s,1,1047,1054,1,1,[17],1,/content/drive/MyDrive/landfill_research/datasets/AerialWaste/Extracted/3007.png
9021,9021.png,n/a,n/a,0,1046,1055,n/a,0,[],0,/content/drive/MyDrive/landfill_research/datasets/AerialWaste/Extracted/9021.png
4185,4185.png,n/a,n/a,0,1000,1000,n/a,0,[],0,/content/drive/MyDrive/landfill_research/datasets/AerialWaste/Extracted/4185.png
6887,6887.png,n/a,n/a,0,1054,1047,n/a,1,[],1,/content/drive/MyDrive/landfill_research/datasets/AerialWaste/Extracted/6887.png
1008,1008.png,2,Agricultural area/farm area,0,1000,1000,1,1,[],1,/content/drive/MyDrive/landfill_research/datasets/AerialWaste/Extracted/1008.png
2478,2478.png,n/s,n/s,0,1054,1048,2,1,[],1,/content/drive/MyDrive/landfill_research/datasets/AerialWaste/Extracted/2478.png
9100,9100.png,n/a,n/a,0,1000,1000,n/a,0,[],0,/content/drive/MyDrive/landfill_research/datasets/AerialWaste/Extracted/9100.png
1395,1395.png,1,Agricultural area/farm area,0,1000,1000,2,0,[],0,/content/drive/MyDrive/landfill_research/datasets/AerialWaste/Extracted/1395.png
4112,4112.png,n/a,n/a,0,1000,1000,n/a,0,[],0,/content/drive/MyDrive/landfill_research/datasets/AerialWaste/Extracted/4112.png
5597,5597.png,n/a,n/a,0,1000,1000,n/a,0,[],0,/content/drive/MyDrive/landfill_research/datasets/AerialWaste/Extracted/5597.png
1238,1238.png,2,Production site,0,1000,1000,2,1,[],1,/content/drive/MyDrive/landfill_research/datasets/AerialWaste/Extracted/1238.png
11137,11137.png,n/a,n/a,0,1000,1000,n/a,0,[],0,/content/drive/MyDrive/landfill_research/datasets/AerialWaste/Extracted/11137.png
4711,4711.png,n/a,n/a,0,1000,1000,n/a,0,[],0,/content/drive/MyDrive/landfill_research/datasets/AerialWaste/Extracted/4711.png
1450,1450.png,1,Production site,0,1000,1000,2,1,[],1,/content/drive/MyDrive/landfill_research/datasets/AerialWaste/Extracted/1450.png
5608,5608.png,n/a,n/a,0,1000,1000,n/a,0,[],0,/content/drive/MyDrive/landfill_research/datasets/AerialWaste/Extracted/5608.png
4761,4761.png,n/a,n/a,0,1000,1000,n/a,0,[],0,/content/drive/MyDrive/landfill_research/datasets/AerialWaste/Extracted/4761.png
5851,5851.png,n/a,n/a,0,1000,1000,n/a,1,[],1,/content/drive/MyDrive/landfill_research/datasets/AerialWaste/Extracted/5851.png
4186,4186.png,n/a,n/a,0,1000,1000,n/a,0,[],0,/content/drive/MyDrive/landfill_research/datasets/AerialWaste/Extracted/4186.png
8088,8088.png,n/a,n/a,0,1055,1047,n/a,0,[],0,/content/drive/MyDrive/landfill_research/datasets/AerialWaste/Extracted/8088.png
10711,10711.png,n/a,n/a,0,1000,1000,n/a,0,[],0,/content/drive/MyDrive/landfill_research/datasets/AerialWaste/Extracted/10711.png
6253,6253.png,n/a,n/a,0,1000,1000,n/a,0,[],0,/content/drive/MyDrive/landfill_research/datasets/AerialWaste/Extracted/6253.png
3489,3489.png,n/a,n/a,0,1000,1000,n/a,0,[],0,/content/drive/MyDrive/landfill_research/datasets/AerialWaste/Extracted/3489.png
6555,6555.png,n/a,n/a,0,1000,1000,n/a,0,[],0,/content/drive/MyDrive/landfill_research/datasets/AerialWaste/Extracted/6555.png
8652,8652.png,n/a,n/a,0,1055,1046,n/a,0,[],0,/content/drive/MyDrive/landfill_research/datasets/AerialWaste/Extracted/8652.png
7298,7298.png,n/a,n/a,0,1056,1045,n/a,0,[],0,/content/drive/MyDrive/landfill_research/datasets/AerialWaste/Extracted/7298.png
4137,4137.png,n/a,n/a,0,1000,1000,n/a,0,[],0,/content/drive/MyDrive/landfill_research/datasets/AerialWaste/Extracted/4137.png
9155,9155.png,n/a,n/a,0,1000,1000,n/a,0,[],0,/content/drive/MyDrive/landfill_research/datasets/AerialWaste/Extracted/9155.png
2533,2533.png,n/a,n/a,0,1000,1000,n/a,0,[],0,/content/drive/MyDrive/landfill_research/datasets/AerialWaste/Extracted/2533.png
5417,5417.png,n/a,n/a,0,1000,1000,n/a,0,[],0,/content/drive/MyDrive/landfill_research/datasets/AerialWaste/Extracted/5417.png
6805,6805.png,n/a,n/a,0,1000,1000,n/a,0,[],0,/content/drive/MyDrive/landfill_research/datasets/AerialWaste/Extracted/6805.png
9663,9663.png,n/a,n/a,0,1000,1000,n/a,0,[],0,/content/drive/MyDrive/landfill_research/datasets/AerialWaste/Extracted/9663.png
6326,6326.png,n/a,n/a,0,1000,1000,n/a,0,[],0,/content/drive/MyDrive/landfill_research/datasets/AerialWaste/Extracted/6326.png
8147,8147.png,n/a,n/a,0,1046,1057,n/a,0,[],0,/content/drive/MyDrive/landfill_research/datasets/AerialWaste/Extracted/8147.png
8813,8813.png,n/a,n/a,0,1000,1000,n/a,0,[],0,/content/drive/MyDrive/landfill_research/datasets/AerialWaste/Extracted/8813.png
7584,7584.png,n/a,n/a,0,1056,1046,n/a,0,[],0,/content/drive/MyDrive/landfill_research/datasets/AerialWaste/Extracted/7584.png
1721,1721.png,1,Production site,0,1000,1000,3,1,[],1,/content/drive/MyDrive/landfill_research/datasets/AerialWaste/Extracted/1721.png
8614,8614.png,n/a,n/a,0,1057,1045,n/a,0,[],0,/content/drive/MyDrive/landfill_research/datasets/AerialWaste/Extracted/8614.png
5657,5657.png,n/a,n/a,0,1000,1000,n/a,0,[],0,/content/drive/MyDrive/landfill_research/datasets/AerialWaste/Extracted/5657.png
9075,9075.png,n/a,n/a,0,1000,1000,n/a,0,[],0,/content/drive/MyDrive/landfill_research/datasets/AerialWaste/Extracted/9075.png
7124,7124.png,n/a,n/a,0,1051,1050,n/a,0,[],0,/content/drive/MyDrive/landfill_research/datasets/AerialWaste/Extracted/7124.png
1098,1098.png,1,Degraded area,0,1000,1000,1,1,[],1,/content/drive/MyDrive/landfill_research/datasets/AerialWaste/Extracted/1098.png
11365,11365.png,n/a,n/a,0,1000,1000,n/a,0,[],0,/content/drive/MyDrive/landfill_research/datasets/AerialWaste/Extracted/11365.png
707,707.png,1,Agricultural area/farm area,0,1000,1000,1,0,[],0,/content/drive/MyDrive/landfill_research/datasets/AerialWaste/Extracted/707.png
1998,1998.png,1,Agricultural area/farm area,1,1000,1000,2,1,"[1, 3, 4, 16]",1,/content/drive/MyDrive/landfill_research/datasets/AerialWaste/Extracted/1998.png
6855,6855.png,n/a,n/a,0,1055,1046,n/a,0,[],0,/content/drive/MyDrive/landfill_research/datasets/AerialWaste/Extracted/6855.png
7995,7995.png,n/a,n/a,0,1056,1046,n/a,0,[],0,/content/drive/MyDrive/landfill_research/datasets/AerialWaste/Extracted/7995.png
4149,4149.png,n/a,n/a,0,1000,1000,n/a,0,[],0,/content/drive/MyDrive/landfill_research/datasets/AerialWaste/Extracted/4149.png
3506,3506.png,n/a,n/a,0,1000,1000,n/a,0,[],0,/content/drive/MyDrive/landfill_research/datasets/AerialWaste/Extracted/3506.png
4601,4601.png,n/a,n/a,0,1000,1000,n/a,0,[],0,/content/drive/MyDrive/landfill_research/datasets/AerialWaste/Extracted/4601.png
6561,6561.png,n/a,n/a,0,1000,1000,n/a,0,[],0,/content/drive/MyDrive/landfill_research/datasets/AerialWaste/Extracted/6561.png
2688,2688.png,n/s,n/s,0,1056,1045,1,1,[],1,/content/drive/MyDrive/landfill_research/datasets/AerialWaste/Extracted/2688.png
8821,8821.png,n/a,n/a,0,1000,1000,n/a,0,[],0,/content/drive/MyDrive/landfill_research/datasets/AerialWaste/Extracted/8821.png
10757,10757.png,n/a,n/a,0,1000,1000,n/a,0,[],0,/content/drive/MyDrive/landfill_research/datasets/AerialWaste/Extracted/10757.png
4026,4026.png,n/a,n/a,0,1000,1000,n/a,0,[],0,/content/drive/MyDrive/landfill_research/datasets/AerialWaste/Extracted/4026.png
3766,3766.png,n/a,n/a,0,1000,1000,n/a,0,[],0,/content/drive/MyDrive/landfill_research/datasets/AerialWaste/Extracted/3766.png
9700,9700.png,n/a,n/a,0,1000,1000,n/a,0,[],0,/content/drive/MyDrive/landfill_research/datasets/AerialWaste/Extracted/9700.png
4756,4756.png,n/a,n/a,0,1000,1000,n/a,0,[],0,/content/drive/MyDrive/landfill_research/datasets/AerialWaste/Extracted/4756.png
2260,2260.png,2,Abandoned area,0,1056,1046,2,1,[],1,/content/drive/MyDrive/landfill_research/datasets/AerialWaste/Extracted/2260.png
837,837.png,2,Degraded area,0,1000,1000,1,1,[],1,/content/drive/MyDrive/landfill_research/datasets/AerialWaste/Extracted/837.png
5875,5875.png,n/a,n/a,0,1000,1000,n/a,0,[],0,/content/drive/MyDrive/landfill_research/datasets/AerialWaste/Extracted/5875.png
11608,11608.png,n/a,n/a,0,1046,1056,n/a,0,[],0,/content/drive/MyDrive/landfill_research/datasets/AerialWaste/Extracted/11608.png
3823,3823.png,n/a,n/a,0,1000,1000,n/a,0,[],0,/content/drive/MyDrive/landfill_research/datasets/AerialWaste/Extracted/3823.png
5282,5282.png,n/a,n/a,0,1000,1000,n/a,0,[],0,/content/drive/MyDrive/landfill_research/datasets/AerialWaste/Extracted/5282.png
11562,11562.png,n/a,n/a,0,1037,1065,n/a,0,[],0,/content/drive/MyDrive/landfill_research/datasets/AerialWaste/Extracted/11562.png
4373,4373.png,n/a,n/a,0,1000,1000,n/a,0,[],0,/content/drive/MyDrive/landfill_research/datasets/AerialWaste/Extracted/4373.png
2148,2148.png,2,Abandoned area,0,1053,1048,2,1,[],1,/content/drive/MyDrive/landfill_research/datasets/AerialWaste/Extracted/2148.png
1917,1917.png,3,Production site,1,1000,1000,3,1,"[2, 4, 5, 16, 18, 19]",1,/content/drive/MyDrive/landfill_research/datasets/AerialWaste/Extracted/1917.png
697,697.png,n/a,n/a,0,1000,1000,n/a,0,[],0,/content/drive/MyDrive/landfill_research/datasets/AerialWaste/Extracted/697.png
8751,8751.png,n/a,n/a,0,1000,1000,n/a,0,[],0,/content/drive/MyDrive/landfill_research/datasets/AerialWaste/Extracted/8751.png
27,27.png,n/a,n/a,0,1000,1000,n/a,0,[],0,/content/drive/MyDrive/landfill_research/datasets/AerialWaste/Extracted/27.png
6642,6642.png,n/a,n/a,0,1000,1000,n/a,0,[],0,/content/drive/MyDrive/landfill_research/datasets/AerialWaste/Extracted/6642.png
3966,3966.png,n/a,n/a,0,1000,1000,n/a,0,[],0,/content/drive/MyDrive/landfill_research/datasets/AerialWaste/Extracted/3966.png
8961,8961.png,n/a,n/a,0,1055,1047,n/a,0,[],0,/content/drive/MyDrive/landfill_research/datasets/AerialWaste/Extracted/8961.png
1454,1454.png,2,Agricultural area/farm area,0,1000,1000,2,1,[],1,/content/drive/MyDrive/landfill_research/datasets/AerialWaste/Extracted/1454.png
4752,4752.png,n/a,n/a,0,1000,1000,n/a,0,[],0,/content/drive/MyDrive/landfill_research/datasets/AerialWaste/Extracted/4752.png
10502,10502.png,n/a,n/a,0,1043,1058,n/a,0,[],0,/content/drive/MyDrive/landfill_research/datasets/AerialWaste/Extracted/10502.png
3572,3572.png,n/a,n/a,0,1000,1000,n/a,0,[],0,/content/drive/MyDrive/landfill_research/datasets/AerialWaste/Extracted/3572.png
4529,4529.png,n/a,n/a,0,1000,1000,n/a,0,[],0,/content/drive/MyDrive/landfill_research/datasets/AerialWaste/Extracted/4529.png
128,128.png,n/a,n/a,0,1000,1000,n/a,0,[],0,/content/drive/MyDrive/landfill_research/datasets/AerialWaste/Extracted/128.png
5809,5809.png,n/a,n/a,0,1000,1000,n/a,0,[],0,/content/drive/MyDrive/landfill_research/datasets/AerialWaste/Extracted/5809.png
1697,1697.png,2,Production site,0,1000,1000,1,1,[],1,/content/drive/MyDrive/landfill_research/datasets/AerialWaste/Extracted/1697.png
6894,6894.png,n/a,n/a,0,1000,1000,n/a,0,[],0,/content/drive/MyDrive/landfill_research/datasets/AerialWaste/Extracted/6894.png
3990,3990.png,n/a,n/a,0,1000,1000,n/a,0,[],0,/content/drive/MyDrive/landfill_research/datasets/AerialWaste/Extracted/3990.png
2103,2103.png,1,Agricultural area/farm area,1,1000,1000,1,1,"[1, 3, 4, 16]",1,/content/drive/MyDrive/landfill_research/datasets/AerialWaste/Extracted/2103.png
6713,6713.png,n/a,n/a,0,1000,1000,n/a,1,[],1,/content/drive/MyDrive/landfill_research/datasets/AerialWaste/Extracted/6713.png
10792,10792.png,n/a,n/a,0,1000,1000,n/a,0,[],0,/content/drive/MyDrive/landfill_research/datasets/AerialWaste/Extracted/10792.png
2257,2257.png,1,Agricultural area/farm area,0,1056,1046,1,1,[],1,/content/drive/MyDrive/landfill_research/datasets/AerialWaste/Extracted/2257.png
2567,2567.png,n/s,n/s,0,1054,1048,1,1,[],1,/content/drive/MyDrive/landfill_research/datasets/AerialWaste/Extracted/2567.png
438,438.png,2,Agricultural area/farm area,0,1000,1000,1,1,[],1,/content/drive/MyDrive/landfill_research/datasets/AerialWaste/Extracted/438.png
585,585.png,1,Agricultural area/farm area,0,1000,1000,2,1,[],1,/content/drive/MyDrive/landfill_research/datasets/AerialWaste/Extracted/585.png
11623,11623.png,n/a,n/a,0,1055,1047,n/a,0,[],0,/content/drive/MyDrive/landfill_research/datasets/AerialWaste/Extracted/11623.png
8795,8795.png,n/a,n/a,0,1000,1000,n/a,0,[],0,/content/drive/MyDrive/landfill_research/datasets/AerialWaste/Extracted/8795.png
2855,2855.png,n/s,n/s,1,1055,1047,3,1,[18],1,/content/drive/MyDrive/landfill_research/datasets/AerialWaste/Extracted/2855.png
8294,8294.png,n/a,n/a,0,1050,1052,n/a,0,[],0,/content/drive/MyDrive/landfill_research/datasets/AerialWaste/Extracted/8294.png
3391,3391.png,n/s,n/s,1,1038,1064,n/s,1,[17],1,/content/drive/MyDrive/landfill_research/datasets/AerialWaste/Extracted/3391.png
2220,2220.png,2,Non production building,1,1000,1000,3,1,"[1, 2, 5, 16]",1,/content/drive/MyDrive/landfill_research/datasets/AerialWaste/Extracted/2220.png
1305,1305.png,2,Other,0,1000,1000,3,0,[],0,/content/drive/MyDrive/landfill_research/datasets/AerialWaste/Extracted/1305.png
4497,4497.png,n/a,n/a,0,1000,1000,n/a,0,[],0,/content/drive/MyDrive/landfill_research/datasets/AerialWaste/Extracted/4497.png
1949,1949.png,1,Degraded area,1,1000,1000,3,1,"[1, 16]",1,/content/drive/MyDrive/landfill_research/datasets/AerialWaste/Extracted/1949.png
63,63.png,2,Production site,0,1000,1000,1,1,[],1,/content/drive/MyDrive/landfill_research/datasets/AerialWaste/Extracted/63.png
8283,8283.png,n/a,n/a,0,1052,1049,n/a,0,[],0,/content/drive/MyDrive/landfill_research/datasets/AerialWaste/Extracted/8283.png
6082,6082.png,n/a,n/a,0,1000,1000,n/a,0,[],0,/content/drive/MyDrive/landfill_research/datasets/AerialWaste/Extracted/6082.png
10436,10436.png,n/a,n/a,0,1044,1059,n/a,0,[],0,/content/drive/MyDrive/landfill_research/datasets/AerialWaste/Extracted/10436.png
8571,8571.png,n/a,n/a,0,1037,1065,n/a,0,[],0,/content/drive/MyDrive/landfill_research/datasets/AerialWaste/Extracted/8571.png
4519,4519.png,n/a,n/a,0,1000,1000,n/a,0,[],0,/content/drive/MyDrive/landfill_research/datasets/AerialWaste/Extracted/4519.png
7843,7843.png,1,Degraded area,1,1000,1000,2,1,"[1, 4, 16]",1,/content/drive/MyDrive/landfill_research/datasets/AerialWaste/Extracted/7843.png
3592,3592.png,n/a,n/a,0,1000,1000,n/a,0,[],0,/content/drive/MyDrive/landfill_research/datasets/AerialWaste/Extracted/3592.png
566,566.png,2,Agricultural area/farm area,0,1000,1000,2,1,[],1,/content/drive/MyDrive/landfill_research/datasets/AerialWaste/Extracted/566.png
3164,3164.png,n/a,n/a,0,1000,1000,n/a,0,[],0,/content/drive/MyDrive/landfill_research/datasets/AerialWaste/Extracted/3164.png
9122,9122.png,n/a,n/a,0,1000,1000,n/a,0,[],0,/content/drive/MyDrive/landfill_research/datasets/AerialWaste/Extracted/9122.png
6448,6448.png,n/a,n/a,0,1000,1000,n/a,0,[],0,/content/drive/MyDrive/landfill_research/datasets/AerialWaste/Extracted/6448.png
10432,10432.png,n/a,n/a,0,1045,1056,n/a,0,[],0,/content/drive/MyDrive/landfill_research/datasets/AerialWaste/Extracted/10432.png
3692,3692.png,n/a,n/a,0,1000,1000,n/a,0,[],0,/content/drive/MyDrive/landfill_research/datasets/AerialWaste/Extracted/3692.png
501,501.png,1,Production site,0,1000,1000,1,1,[],1,/content/drive/MyDrive/landfill_research/datasets/AerialWaste/Extracted/501.png
11477,11477.png,n/a,n/a,0,1000,1000,n/a,0,[],0,/content/drive/MyDrive/landfill_research/datasets/AerialWaste/Extracted/11477.png
5429,5429.png,n/a,n/a,0,1000,1000,n/a,0,[],0,/content/drive/MyDrive/landfill_research/datasets/AerialWaste/Extracted/5429.png
2034,2034.png,1,Production site,1,1000,1000,1,1,"[2, 4, 11, 16]",1,/content/drive/MyDrive/landfill_research/datasets/AerialWaste/Extracted/2034.png
10202,10202.png,n/a,n/a,0,1053,1048,n/a,0,[],0,/content/drive/MyDrive/landfill_research/datasets/AerialWaste/Extracted/10202.png
1747,1747.png,2,Other,0,1000,1000,2,1,[],1,/content/drive/MyDrive/landfill_research/datasets/AerialWaste/Extracted/1747.png
3919,3919.png,n/a,n/a,0,1000,1000,n/a,0,[],0,/content/drive/MyDrive/landfill_research/datasets/AerialWaste/Extracted/3919.png
6491,6491.png,n/a,n/a,0,1000,1000,n/a,1,[],1,/content/drive/MyDrive/landfill_research/datasets/AerialWaste/Extracted/6491.png
10723,10723.png,n/a,n/a,0,1000,1000,n/a,0,[],0,/content/drive/MyDrive/landfill_research/datasets/AerialWaste/Extracted/10723.png
9326,9326.png,n/a,n/a,0,1000,1000,n/a,0,[],0,/content/drive/MyDrive/landfill_research/datasets/AerialWaste/Extracted/9326.png
1522,1522.png,2,Production site,0,1000,1000,2,1,[],1,/content/drive/MyDrive/landfill_research/datasets/AerialWaste/Extracted/1522.png
5340,5340.png,n/a,n/a,0,1000,1000,n/a,1,[],1,/content/drive/MyDrive/landfill_research/datasets/AerialWaste/Extracted/5340.png
7823,7823.png,n/a,n/a,0,1055,1047,n/a,1,[],1,/content/drive/MyDrive/landfill_research/datasets/AerialWaste/Extracted/7823.png
9383,9383.png,n/a,n/a,0,1045,1056,n/a,0,[],0,/content/drive/MyDrive/landfill_research/datasets/AerialWaste/Extracted/9383.png
7103,7103.png,n/a,n/a,0,696,698,n/a,1,[],1,/content/drive/MyDrive/landfill_research/datasets/AerialWaste/Extracted/7103.png
3932,3932.png,n/a,n/a,0,1000,1000,n/a,0,[],0,/content/drive/MyDrive/landfill_research/datasets/AerialWaste/Extracted/3932.png
2118,2118.png,1,Degraded area,1,1000,1000,2,1,"[1, 3, 16]",1,/content/drive/MyDrive/landfill_research/datasets/AerialWaste/Extracted/2118.png
5629,5629.png,n/a,n/a,0,1000,1000,n/a,0,[],0,/content/drive/MyDrive/landfill_research/datasets/AerialWaste/Extracted/5629.png
5052,5052.png,n/a,n/a,0,1000,1000,n/a,0,[],0,/content/drive/MyDrive/landfill_research/datasets/AerialWaste/Extracted/5052.png
7102,7102.png,n/a,n/a,0,696,697,n/a,0,[],0,/content/drive/MyDrive/landfill_research/datasets/AerialWaste/Extracted/7102.png
8176,8176.png,n/a,n/a,0,1055,1046,n/a,0,[],0,/content/drive/MyDrive/landfill_research/datasets/AerialWaste/Extracted/8176.png
6874,6874.png,n/a,n/a,0,1055,1046,n/a,0,[],0,/content/drive/MyDrive/landfill_research/datasets/AerialWaste/Extracted/6874.png
6981,6981.png,n/a,n/a,0,697,697,n/a,0,[],0,/content/drive/MyDrive/landfill_research/datasets/AerialWaste/Extracted/6981.png
1044,1044.png,3,Production site,0,1000,1000,3,1,[],1,/content/drive/MyDrive/landfill_research/datasets/AerialWaste/Extracted/1044.png
6634,6634.png,n/a,n/a,0,1000,1000,n/a,0,[],0,/content/drive/MyDrive/landfill_research/datasets/AerialWaste/Extracted/6634.png
879,879.png,3,Production site,0,1000,1000,3,1,[],1,/content/drive/MyDrive/landfill_research/datasets/AerialWaste/Extracted/879.png
5159,5159.png,n/a,n/a,0,1000,1000,n/a,0,[],0,/content/drive/MyDrive/landfill_research/datasets/AerialWaste/Extracted/5159.png
5251,5251.png,n/a,n/a,0,1000,1000,n/a,0,[],0,/content/drive/MyDrive/landfill_research/datasets/AerialWaste/Extracted/5251.png
2213,2213.png,3,Non production building,1,1000,1000,3,1,"[2, 5, 16, 18]",1,/content/drive/MyDrive/landfill_research/datasets/AerialWaste/Extracted/2213.png
3721,3721.png,n/a,n/a,0,1000,1000,n/a,0,[],0,/content/drive/MyDrive/landfill_research/datasets/AerialWaste/Extracted/3721.png
8547,8547.png,n/a,n/a,0,1037,1064,n/a,0,[],0,/content/drive/MyDrive/landfill_research/datasets/AerialWaste/Extracted/8547.png
8562,8562.png,n/a,n/a,0,1037,1064,n/a,0,[],0,/content/drive/MyDrive/landfill_research/datasets/AerialWaste/Extracted/8562.png
5837,5837.png,n/a,n/a,0,1000,1000,n/a,0,[],0,/content/drive/MyDrive/landfill_research/datasets/AerialWaste/Extracted/5837.png
1743,1743.png,n/a,n/a,0,1000,1000,n/a,0,[],0,/content/drive/MyDrive/landfill_research/datasets/AerialWaste/Extracted/1743.png
4704,4704.png,n/a,n/a,0,1000,1000,n/a,0,[],0,/content/drive/MyDrive/landfill_research/datasets/AerialWaste/Extracted/4704.png
8186,8186.png,n/a,n/a,0,1056,1045,n/a,0,[],0,/content/drive/MyDrive/landfill_research/datasets/AerialWaste/Extracted/8186.png
5747,5747.png,n/a,n/a,0,1000,1000,n/a,0,[],0,/content/drive/MyDrive/landfill_research/datasets/AerialWaste/Extracted/5747.png
4694,4694.png,n/a,n/a,0,1000,1000,n/a,1,[],1,/content/drive/MyDrive/landfill_research/datasets/AerialWaste/Extracted/4694.png
10951,10951.png,1,Agricultural area/farm area,1,1044,1057,2,1,"[1, 16]",1,/content/drive/MyDrive/landfill_research/datasets/AerialWaste/Extracted/10951.png
10241,10241.png,n/a,n/a,0,1050,1051,n/a,0,[],0,/content/drive/MyDrive/landfill_research/datasets/AerialWaste/Extracted/10241.png
8087,8087.png,n/a,n/a,0,1055,1046,n/a,0,[],0,/content/drive/MyDrive/landfill_research/datasets/AerialWaste/Extracted/8087.png
4624,4624.png,n/a,n/a,0,1000,1000,n/a,0,[],0,/content/drive/MyDrive/landfill_research/datasets/AerialWaste/Extracted/4624.png
10718,10718.png,n/a,n/a,0,1000,1000,n/a,0,[],0,/content/drive/MyDrive/landfill_research/datasets/AerialWaste/Extracted/10718.png
2621,2621.png,n/s,n/s,0,1053,1048,1,1,[],1,/content/drive/MyDrive/landfill_research/datasets/AerialWaste/Extracted/2621.png
8285,8285.png,n/a,n/a,0,1050,1052,n/a,0,[],0,/content/drive/MyDrive/landfill_research/datasets/AerialWaste/Extracted/8285.png
1075,1075.png,2,Agricultural area/farm area,0,1000,1000,2,1,[],1,/content/drive/MyDrive/landfill_research/datasets/AerialWaste/Extracted/1075.png
89,89.png,2,Production site,0,1000,1000,1,1,[],1,/content/drive/MyDrive/landfill_research/datasets/AerialWaste/Extracted/89.png
8183,8183.png,n/a,n/a,0,1055,1046,n/a,0,[],0,/content/drive/MyDrive/landfill_research/datasets/AerialWaste/Extracted/8183.png
2710,2710.png,n/a,n/a,0,1000,1000,n/a,0,[],0,/content/drive/MyDrive/landfill_research/datasets/AerialWaste/Extracted/2710.png
843,843.png,2,Non production building,0,1000,1000,2,1,[],1,/content/drive/MyDrive/landfill_research/datasets/AerialWaste/Extracted/843.png
3562,3562.png,n/a,n/a,0,1000,1000,n/a,0,[],0,/content/drive/MyDrive/landfill_research/datasets/AerialWaste/Extracted/3562.png
7806,7806.png,n/a,n/a,0,1055,1047,n/a,0,[],0,/content/drive/MyDrive/landfill_research/datasets/AerialWaste/Extracted/7806.png
2221,2221.png,1,Degraded area,0,1055,1047,2,1,[],1,/content/drive/MyDrive/landfill_research/datasets/AerialWaste/Extracted/2221.png
7738,7738.png,n/a,n/a,0,1055,1047,n/a,0,[],0,/content/drive/MyDrive/landfill_research/datasets/AerialWaste/Extracted/7738.png
2543,2543.png,n/s,n/s,0,1057,1044,2,1,[],1,/content/drive/MyDrive/landfill_research/datasets/AerialWaste/Extracted/2543.png
11223,11223.png,n/a,n/a,0,1000,1000,n/a,0,[],0,/content/drive/MyDrive/landfill_research/datasets/AerialWaste/Extracted/11223.png
9139,9139.png,n/a,n/a,0,1000,1000,n/a,0,[],0,/content/drive/MyDrive/landfill_research/datasets/AerialWaste/Extracted/9139.png
6984,6984.png,1,Non production building,1,1000,1000,1,1,"[2, 3, 4, 16]",1,/content/drive/MyDrive/landfill_research/datasets/AerialWaste/Extracted/6984.png
339,339.png,2,Agricultural area/farm area,0,1000,1000,1,0,[],0,/content/drive/MyDrive/landfill_research/datasets/AerialWaste/Extracted/339.png
4438,4438.png,n/a,n/a,0,1000,1000,n/a,0,[],0,/content/drive/MyDrive/landfill_research/datasets/AerialWaste/Extracted/4438.png
6665,6665.png,n/a,n/a,0,1000,1000,n/a,0,[],0,/content/drive/MyDrive/landfill_research/datasets/AerialWaste/Extracted/6665.png
1221,1221.png,2,Degraded area,0,1000,1000,2,1,[],1,/content/drive/MyDrive/landfill_research/datasets/AerialWaste/Extracted/1221.png
10451,10451.png,n/a,n/a,0,1045,1057,n/a,0,[],0,/content/drive/MyDrive/landfill_research/datasets/AerialWaste/Extracted/10451.png
8319,8319.png,n/a,n/a,0,1037,1065,n/a,0,[],0,/content/drive/MyDrive/landfill_research/datasets/AerialWaste/Extracted/8319.png
3395,3395.png,n/s,n/s,0,1037,1064,n/s,1,[],1,/content/drive/MyDrive/landfill_research/datasets/AerialWaste/Extracted/3395.png
2512,2512.png,n/s,n/s,0,1056,1045,2,1,[],1,/content/drive/MyDrive/landfill_research/datasets/AerialWaste/Extracted/2512.png
10545,10545.png,n/a,n/a,0,1049,1054,n/a,0,[],0,/content/drive/MyDrive/landfill_research/datasets/AerialWaste/Extracted/10545.png
1334,1334.png,1,Agricultural area/farm area,0,1000,1000,1,1,[],1,/content/drive/MyDrive/landfill_research/datasets/AerialWaste/Extracted/1334.png
8762,8762.png,n/a,n/a,0,1000,1000,n/a,0,[],0,/content/drive/MyDrive/landfill_research/datasets/AerialWaste/Extracted/8762.png
4081,4081.png,n/a,n/a,0,1000,1000,n/a,0,[],0,/content/drive/MyDrive/landfill_research/datasets/AerialWaste/Extracted/4081.png
4568,4568.png,n/a,n/a,0,1000,1000,n/a,0,[],0,/content/drive/MyDrive/landfill_research/datasets/AerialWaste/Extracted/4568.png
11415,11415.png,n/a,n/a,0,1000,1000,n/a,0,[],0,/content/drive/MyDrive/landfill_research/datasets/AerialWaste/Extracted/11415.png
8114,8114.png,n/a,n/a,0,1055,1047,n/a,0,[],0,/content/drive/MyDrive/landfill_research/datasets/AerialWaste/Extracted/8114.png
8364,8364.png,1,Degraded area,1,1000,1000,2,1,"[10, 2, 3, 16]",1,/content/drive/MyDrive/landfill_research/datasets/AerialWaste/Extracted/8364.png
2138,2138.png,1,Agricultural area/farm area,1,1000,1000,1,1,"[1, 2, 18, 19]",1,/content/drive/MyDrive/landfill_research/datasets/AerialWaste/Extracted/2138.png
2511,2511.png,n/s,n/s,0,1056,1045,2,1,[],1,/content/drive/MyDrive/landfill_research/datasets/AerialWaste/Extracted/2511.png
1269,1269.png,2,Production site,0,1000,1000,3,1,[],1,/content/drive/MyDrive/landfill_research/datasets/AerialWaste/Extracted/1269.png
3774,3774.png,n/a,n/a,0,1000,1000,n/a,0,[],0,/content/drive/MyDrive/landfill_research/datasets/AerialWaste/Extracted/3774.png
4651,4651.png,n/a,n/a,0,1000,1000,n/a,0,[],0,/content/drive/MyDrive/landfill_research/datasets/AerialWaste/Extracted/4651.png
10553,10553.png,n/a,n/a,0,1048,1054,n/a,0,[],0,/content/drive/MyDrive/landfill_research/datasets/AerialWaste/Extracted/10553.png
76,76.png,2,Production site,0,1000,1000,2,1,[],1,/content/drive/MyDrive/landfill_research/datasets/AerialWaste/Extracted/76.png
2207,2207.png,n/a,n/a,0,1048,1053,n/a,0,[],0,/content/drive/MyDrive/landfill_research/datasets/AerialWaste/Extracted/2207.png
10655,10655.png,n/a,n/a,0,1000,1000,n/a,0,[],0,/content/drive/MyDrive/landfill_research/datasets/AerialWaste/Extracted/10655.png
5584,5584.png,n/a,n/a,0,1000,1000,n/a,0,[],0,/content/drive/MyDrive/landfill_research/datasets/AerialWaste/Extracted/5584.png
8901,8901.png,n/a,n/a,0,697,697,n/a,0,[],0,/content/drive/MyDrive/landfill_research/datasets/AerialWaste/Extracted/8901.png
9408,9408.png,n/a,n/a,0,1049,1052,n/a,0,[],0,/content/drive/MyDrive/landfill_research/datasets/AerialWaste/Extracted/9408.png
2011,2011.png,2,Production site,1,1000,1000,2,1,[6],1,/content/drive/MyDrive/landfill_research/datasets/AerialWaste/Extracted/2011.png
6225,6225.png,n/a,n/a,0,1000,1000,n/a,0,[],0,/content/drive/MyDrive/landfill_research/datasets/AerialWaste/Extracted/6225.png
8477,8477.png,n/a,n/a,0,1035,1066,n/a,0,[],0,/content/drive/MyDrive/landfill_research/datasets/AerialWaste/Extracted/8477.png
620,620.png,1,Degraded area,0,1000,1000,1,1,[],1,/content/drive/MyDrive/landfill_research/datasets/AerialWaste/Extracted/620.png
5424,5424.png,n/a,n/a,0,1000,1000,n/a,0,[],0,/content/drive/MyDrive/landfill_research/datasets/AerialWaste/Extracted/5424.png
9506,9506.png,n/a,n/a,0,1000,1000,n/a,0,[],0,/content/drive/MyDrive/landfill_research/datasets/AerialWaste/Extracted/9506.png
11610,11610.png,n/a,n/a,0,1044,1058,n/a,0,[],0,/content/drive/MyDrive/landfill_research/datasets/AerialWaste/Extracted/11610.png
6703,6703.png,n/a,n/a,0,1000,1000,n/a,0,[],0,/content/drive/MyDrive/landfill_research/datasets/AerialWaste/Extracted/6703.png
170,170.png,1,Production site,0,1000,1000,2,1,[],1,/content/drive/MyDrive/landfill_research/datasets/AerialWaste/Extracted/170.png
4605,4605.png,n/a,n/a,0,1000,1000,n/a,0,[],0,/content/drive/MyDrive/landfill_research/datasets/AerialWaste/Extracted/4605.png
6149,6149.png,n/a,n/a,0,1000,1000,n/a,0,[],0,/content/drive/MyDrive/landfill_research/datasets/AerialWaste/Extracted/6149.png
10187,10187.png,n/a,n/a,0,1055,1048,n/a,0,[],0,/content/drive/MyDrive/landfill_research/datasets/AerialWaste/Extracted/10187.png
921,921.png,1,Production site,0,1000,1000,1,1,[],1,/content/drive/MyDrive/landfill_research/datasets/AerialWaste/Extracted/921.png
9142,9142.png,n/a,n/a,0,1000,1000,n/a,0,[],0,/content/drive/MyDrive/landfill_research/datasets/AerialWaste/Extracted/9142.png
10817,10817.png,1,Degraded area,1,1050,1053,3,1,"[2, 3, 1, 16]",1,/content/drive/MyDrive/landfill_research/datasets/AerialWaste/Extracted/10817.png
9686,9686.png,n/a,n/a,0,1037,1065,n/a,0,[],0,/content/drive/MyDrive/landfill_research/datasets/AerialWaste/Extracted/9686.png
2022,2022.png,2,Production site,1,1000,1000,3,1,"[1, 2, 7, 12, 13, 16, 21]",1,/content/drive/MyDrive/landfill_research/datasets/AerialWaste/Extracted/2022.png
7215,7215.png,n/a,n/a,0,1050,1052,n/a,0,[],0,/content/drive/MyDrive/landfill_research/datasets/AerialWaste/Extracted/7215.png
4447,4447.png,n/a,n/a,0,1000,1000,n/a,0,[],0,/content/drive/MyDrive/landfill_research/datasets/AerialWaste/Extracted/4447.png
2798,2798.png,n/s,n/s,0,1054,1047,2,0,[],0,/content/drive/MyDrive/landfill_research/datasets/AerialWaste/Extracted/2798.png
1199,1199.png,2,Production site,0,1000,1000,1,1,[],1,/content/drive/MyDrive/landfill_research/datasets/AerialWaste/Extracted/1199.png
4145,4145.png,n/a,n/a,0,1000,1000,n/a,0,[],0,/content/drive/MyDrive/landfill_research/datasets/AerialWaste/Extracted/4145.png
1761,1761.png,1,Agricultural area/farm area,0,1000,1000,1,1,[],1,/content/drive/MyDrive/landfill_research/datasets/AerialWaste/Extracted/1761.png
1786,1786.png,1,Non production building,0,1000,1000,2,1,[],1,/content/drive/MyDrive/landfill_research/datasets/AerialWaste/Extracted/1786.png
2633,2633.png,n/s,n/s,0,1052,1049,1,1,[],1,/content/drive/MyDrive/landfill_research/datasets/AerialWaste/Extracted/2633.png
4332,4332.png,n/a,n/a,0,1000,1000,n/a,0,[],0,/content/drive/MyDrive/landfill_research/datasets/AerialWaste/Extracted/4332.png
10499,10499.png,n/a,n/a,0,1046,1056,n/a,0,[],0,/content/drive/MyDrive/landfill_research/datasets/AerialWaste/Extracted/10499.png
8170,8170.png,n/a,n/a,0,1056,1046,n/a,0,[],0,/content/drive/MyDrive/landfill_research/datasets/AerialWaste/Extracted/8170.png
10293,10293.png,n/a,n/a,0,1044,1058,n/a,0,[],0,/content/drive/MyDrive/landfill_research/datasets/AerialWaste/Extracted/10293.png
10200,10200.png,n/a,n/a,0,1056,1046,n/a,0,[],0,/content/drive/MyDrive/landfill_research/datasets/AerialWaste/Extracted/10200.png
4790,4790.png,n/a,n/a,0,1000,1000,n/a,0,[],0,/content/drive/MyDrive/landfill_research/datasets/AerialWaste/Extracted/4790.png
8495,8495.png,n/a,n/a,0,1036,1066,n/a,0,[],0,/content/drive/MyDrive/landfill_research/datasets/AerialWaste/Extracted/8495.png
11693,11693.png,n/a,n/a,0,1053,1048,n/a,0,[],0,/content/drive/MyDrive/landfill_research/datasets/AerialWaste/Extracted/11693.png
9270,9270.png,n/a,n/a,0,1000,1000,n/a,0,[],0,/content/drive/MyDrive/landfill_research/datasets/AerialWaste/Extracted/9270.png
2162,2162.png,0,Other,1,1000,1000,0,1,"[2, 3, 4, 5, 8, 9, 16, 17, 20]",1,/content/drive/MyDrive/landfill_research/datasets/AerialWaste/Extracted/2162.png
4543,4543.png,n/a,n/a,0,1000,1000,n/a,0,[],0,/content/drive/MyDrive/landfill_research/datasets/AerialWaste/Extracted/4543.png
3875,3875.png,n/a,n/a,0,1000,1000,n/a,1,[],1,/content/drive/MyDrive/landfill_research/datasets/AerialWaste/Extracted/3875.png
6464,6464.png,n/a,n/a,0,1000,1000,n/a,0,[],0,/content/drive/MyDrive/landfill_research/datasets/AerialWaste/Extracted/6464.png
141,141.png,1,Agricultural area/farm area,0,1000,1000,2,1,[],1,/content/drive/MyDrive/landfill_research/datasets/AerialWaste/Extracted/141.png
10333,10333.png,n/a,n/a,0,1037,1065,n/a,0,[],0,/content/drive/MyDrive/landfill_research/datasets/AerialWaste/Extracted/10333.png
5,5.png,1,Production site,0,1000,1000,1,1,[],1,/content/drive/MyDrive/landfill_research/datasets/AerialWaste/Extracted/5.png
3030,3030.png,n/s,n/s,1,1050,1052,1,1,[17],1,/content/drive/MyDrive/landfill_research/datasets/AerialWaste/Extracted/3030.png
10730,10730.png,n/a,n/a,0,1000,1000,n/a,0,[],0,/content/drive/MyDrive/landfill_research/datasets/AerialWaste/Extracted/10730.png
2159,2159.png,2,Production site,1,1000,1000,1,1,"[1, 16]",1,/content/drive/MyDrive/landfill_research/datasets/AerialWaste/Extracted/2159.png
11313,11313.png,n/a,n/a,0,1000,1000,n/a,0,[],0,/content/drive/MyDrive/landfill_research/datasets/AerialWaste/Extracted/11313.png
3859,3859.png,n/a,n/a,0,1000,1000,n/a,0,[],0,/content/drive/MyDrive/landfill_research/datasets/AerialWaste/Extracted/3859.png
5575,5575.png,n/a,n/a,0,1000,1000,n/a,0,[],0,/content/drive/MyDrive/landfill_research/datasets/AerialWaste/Extracted/5575.png
2330,2330.png,2,Degraded area,1,697,698,2,1,"[2, 4, 5, 7, 9, 16]",1,/content/drive/MyDrive/landfill_research/datasets/AerialWaste/Extracted/2330.png
5099,5099.png,n/a,n/a,0,1000,1000,n/a,0,[],0,/content/drive/MyDrive/landfill_research/datasets/AerialWaste/Extracted/5099.png
8204,8204.png,n/a,n/a,0,1045,1057,n/a,0,[],0,/content/drive/MyDrive/landfill_research/datasets/AerialWaste/Extracted/8204.png
8605,8605.png,n/a,n/a,0,1036,1066,n/a,0,[],0,/content/drive/MyDrive/landfill_research/datasets/AerialWaste/Extracted/8605.png
5622,5622.png,n/a,n/a,0,1000,1000,n/a,0,[],0,/content/drive/MyDrive/landfill_research/datasets/AerialWaste/Extracted/5622.png
8322,8322.png,n/a,n/a,0,1035,1066,n/a,0,[],0,/content/drive/MyDrive/landfill_research/datasets/AerialWaste/Extracted/8322.png
5552,5552.png,n/a,n/a,0,1000,1000,n/a,0,[],0,/content/drive/MyDrive/landfill_research/datasets/AerialWaste/Extracted/5552.png
5031,5031.png,n/a,n/a,0,1000,1000,n/a,0,[],0,/content/drive/MyDrive/landfill_research/datasets/AerialWaste/Extracted/5031.png
2911,2911.png,n/s,n/s,0,1052,1050,2,1,[],1,/content/drive/MyDrive/landfill_research/datasets/AerialWaste/Extracted/2911.png
8737,8737.png,n/a,n/a,0,1000,1000,n/a,0,[],0,/content/drive/MyDrive/landfill_research/datasets/AerialWaste/Extracted/8737.png
10368,10368.png,n/a,n/a,0,1035,1067,n/a,0,[],0,/content/drive/MyDrive/landfill_research/datasets/AerialWaste/Extracted/10368.png
7451,7451.png,n/a,n/a,0,1053,1049,n/a,0,[],0,/content/drive/MyDrive/landfill_research/datasets/AerialWaste/Extracted/7451.png
1129,1129.png,2,Agricultural area/farm area,0,1000,1000,2,1,[],1,/content/drive/MyDrive/landfill_research/datasets/AerialWaste/Extracted/1129.png
2901,2901.png,n/s,n/s,0,1053,1048,1,1,[],1,/content/drive/MyDrive/landfill_research/datasets/AerialWaste/Extracted/2901.png
7954,7954.png,n/a,n/a,0,1050,1052,n/a,0,[],0,/content/drive/MyDrive/landfill_research/datasets/AerialWaste/Extracted/7954.png
3749,3749.png,n/a,n/a,0,1000,1000,n/a,0,[],0,/content/drive/MyDrive/landfill_research/datasets/AerialWaste/Extracted/3749.png
7868,7868.png,n/a,n/a,0,1052,1049,n/a,0,[],0,/content/drive/MyDrive/landfill_research/datasets/AerialWaste/Extracted/7868.png
7417,7417.png,n/a,n/a,0,1054,1047,n/a,0,[],0,/content/drive/MyDrive/landfill_research/datasets/AerialWaste/Extracted/7417.png
3230,3230.png,n/s,n/s,0,1035,1067,1,1,[],1,/content/drive/MyDrive/landfill_research/datasets/AerialWaste/Extracted/3230.png
1143,1143.png,2,Degraded area,0,1000,1000,2,1,[],1,/content/drive/MyDrive/landfill_research/datasets/AerialWaste/Extracted/1143.png
2538,2538.png,n/s,n/s,0,1058,1044,1,1,[],1,/content/drive/MyDrive/landfill_research/datasets/AerialWaste/Extracted/2538.png
6487,6487.png,n/a,n/a,0,1000,1000,n/a,0,[],0,/content/drive/MyDrive/landfill_research/datasets/AerialWaste/Extracted/6487.png
38,38.png,1,Degraded area,0,1000,1000,2,1,[],1,/content/drive/MyDrive/landfill_research/datasets/AerialWaste/Extracted/38.png
8957,8957.png,1,Non production building,1,1000,1000,1,1,"[1, 12, 16]",1,/content/drive/MyDrive/landfill_research/datasets/AerialWaste/Extracted/8957.png
6667,6667.png,n/a,n/a,0,1000,1000,n/a,0,[],0,/content/drive/MyDrive/landfill_research/datasets/AerialWaste/Extracted/6667.png
10274,10274.png,n/a,n/a,0,1056,1045,n/a,0,[],0,/content/drive/MyDrive/landfill_research/datasets/AerialWaste/Extracted/10274.png
1640,1640.png,1,Non production building,0,1000,1000,2,1,[],1,/content/drive/MyDrive/landfill_research/datasets/AerialWaste/Extracted/1640.png
3771,3771.png,n/a,n/a,0,1000,1000,n/a,0,[],0,/content/drive/MyDrive/landfill_research/datasets/AerialWaste/Extracted/3771.png
1034,1034.png,2,Degraded area,0,1000,1000,2,1,[],1,/content/drive/MyDrive/landfill_research/datasets/AerialWaste/Extracted/1034.png
7226,7226.png,n/a,n/a,0,1050,1052,n/a,0,[],0,/content/drive/MyDrive/landfill_research/datasets/AerialWaste/Extracted/7226.png
7000,7000.png,n/a,n/a,0,1000,1000,n/a,1,[],1,/content/drive/MyDrive/landfill_research/datasets/AerialWaste/Extracted/7000.png
6273,6273.png,n/a,n/a,0,1000,1000,n/a,0,[],0,/content/drive/MyDrive/landfill_research/datasets/AerialWaste/Extracted/6273.png
3895,3895.png,n/a,n/a,0,1000,1000,n/a,0,[],0,/content/drive/MyDrive/landfill_research/datasets/AerialWaste/Extracted/3895.png
6952,6952.png,n/a,n/a,0,1000,1000,n/a,0,[],0,/content/drive/MyDrive/landfill_research/datasets/AerialWaste/Extracted/6952.png
3158,3158.png,n/s,n/s,0,1044,1057,1,1,[],1,/content/drive/MyDrive/landfill_research/datasets/AerialWaste/Extracted/3158.png
7577,7577.png,n/a,n/a,0,1054,1047,n/a,0,[],0,/content/drive/MyDrive/landfill_research/datasets/AerialWaste/Extracted/7577.png
7350,7350.png,n/a,n/a,0,1053,1049,n/a,0,[],0,/content/drive/MyDrive/landfill_research/datasets/AerialWaste/Extracted/7350.png
3044,3044.png,n/s,n/s,0,1044,1058,2,1,[],1,/content/drive/MyDrive/landfill_research/datasets/AerialWaste/Extracted/3044.png
10771,10771.png,n/a,n/a,0,1000,1000,n/a,0,[],0,/content/drive/MyDrive/landfill_research/datasets/AerialWaste/Extracted/10771.png
1908,1908.png,1,Agricultural area/farm area,0,1042,1059,2,1,[],1,/content/drive/MyDrive/landfill_research/datasets/AerialWaste/Extracted/1908.png
3272,3272.png,n/s,n/s,0,1037,1065,1,1,[],1,/content/drive/MyDrive/landfill_research/datasets/AerialWaste/Extracted/3272.png
77,77.png,2,Degraded area,0,1000,1000,2,1,[],1,/content/drive/MyDrive/landfill_research/datasets/AerialWaste/Extracted/77.png
4110,4110.png,n/a,n/a,0,1000,1000,n/a,0,[],0,/content/drive/MyDrive/landfill_research/datasets/AerialWaste/Extracted/4110.png
4931,4931.png,n/a,n/a,0,1000,1000,n/a,0,[],0,/content/drive/MyDrive/landfill_research/datasets/AerialWaste/Extracted/4931.png
3930,3930.png,n/a,n/a,0,1000,1000,n/a,0,[],0,/content/drive/MyDrive/landfill_research/datasets/AerialWaste/Extracted/3930.png
8397,8397.png,1,Agricultural area/farm area,1,1000,1000,2,1,"[10, 1, 16]",1,/content/drive/MyDrive/landfill_research/datasets/AerialWaste/Extracted/8397.png
6048,6048.png,n/a,n/a,0,1000,1000,n/a,0,[],0,/content/drive/MyDrive/landfill_research/datasets/AerialWaste/Extracted/6048.png
7206,7206.png,n/a,n/a,0,1000,1000,n/a,0,[],0,/content/drive/MyDrive/landfill_research/datasets/AerialWaste/Extracted/7206.png
10898,10898.png,3,Abandoned area,1,1054,1048,3,1,"[3, 1, 16]",1,/content/drive/MyDrive/landfill_research/datasets/AerialWaste/Extracted/10898.png
4506,4506.png,n/a,n/a,0,1000,1000,n/a,0,[],0,/content/drive/MyDrive/landfill_research/datasets/AerialWaste/Extracted/4506.png
10047,10047.png,n/a,n/a,0,1053,1048,n/a,0,[],0,/content/drive/MyDrive/landfill_research/datasets/AerialWaste/Extracted/10047.png
6423,6423.png,n/a,n/a,0,1000,1000,n/a,0,[],0,/content/drive/MyDrive/landfill_research/datasets/AerialWaste/Extracted/6423.png
5643,5643.png,n/a,n/a,0,1000,1000,n/a,0,[],0,/content/drive/MyDrive/landfill_research/datasets/AerialWaste/Extracted/5643.png
2042,2042.png,3,Degraded area,1,1000,1000,2,1,"[2, 16]",1,/content/drive/MyDrive/landfill_research/datasets/AerialWaste/Extracted/2042.png
3510,3510.png,n/a,n/a,0,1000,1000,n/a,0,[],0,/content/drive/MyDrive/landfill_research/datasets/AerialWaste/Extracted/3510.png
9752,9752.png,n/a,n/a,0,1000,1000,n/a,0,[],0,/content/drive/MyDrive/landfill_research/datasets/AerialWaste/Extracted/9752.png
4984,4984.png,n/a,n/a,0,1000,1000,n/a,0,[],0,/content/drive/MyDrive/landfill_research/datasets/AerialWaste/Extracted/4984.png
4978,4978.png,n/a,n/a,0,1000,1000,n/a,0,[],0,/content/drive/MyDrive/landfill_research/datasets/AerialWaste/Extracted/4978.png
9524,9524.png,n/a,n/a,0,1000,1000,n/a,0,[],0,/content/drive/MyDrive/landfill_research/datasets/AerialWaste/Extracted/9524.png
8933,8933.png,n/a,n/a,0,1054,1048,n/a,0,[],0,/content/drive/MyDrive/landfill_research/datasets/AerialWaste/Extracted/8933.png
6576,6576.png,n/a,n/a,0,1000,1000,n/a,0,[],0,/content/drive/MyDrive/landfill_research/datasets/AerialWaste/Extracted/6576.png
1973,1973.png,1,Production site,0,1048,1053,1,1,[],1,/content/drive/MyDrive/landfill_research/datasets/AerialWaste/Extracted/1973.png
6351,6351.png,n/a,n/a,0,1000,1000,n/a,1,[],1,/content/drive/MyDrive/landfill_research/datasets/AerialWaste/Extracted/6351.png
4496,4496.png,n/a,n/a,0,1000,1000,n/a,0,[],0,/content/drive/MyDrive/landfill_research/datasets/AerialWaste/Extracted/4496.png
8376,8376.png,n/a,n/a,0,1036,1065,n/a,1,[],1,/content/drive/MyDrive/landfill_research/datasets/AerialWaste/Extracted/8376.png
9333,9333.png,n/a,n/a,0,1000,1000,n/a,0,[],0,/content/drive/MyDrive/landfill_research/datasets/AerialWaste/Extracted/9333.png
4336,4336.png,n/a,n/a,0,1000,1000,n/a,0,[],0,/content/drive/MyDrive/landfill_research/datasets/AerialWaste/Extracted/4336.png
1081,1081.png,2,Production site,0,1000,1000,1,1,[],1,/content/drive/MyDrive/landfill_research/datasets/AerialWaste/Extracted/1081.png
3731,3731.png,n/a,n/a,0,1000,1000,n/a,0,[],0,/content/drive/MyDrive/landfill_research/datasets/AerialWaste/Extracted/3731.png
7916,7916.png,1,Agricultural area/farm area,1,1000,1000,2,1,"[10, 1, 16]",1,/content/drive/MyDrive/landfill_research/datasets/AerialWaste/Extracted/7916.png
1411,1411.png,1,Non production building,0,1000,1000,1,1,[],1,/content/drive/MyDrive/landfill_research/datasets/AerialWaste/Extracted/1411.png
11658,11658.png,n/a,n/a,0,1046,1056,n/a,0,[],0,/content/drive/MyDrive/landfill_research/datasets/AerialWaste/Extracted/11658.png
5257,5257.png,n/a,n/a,0,1000,1000,n/a,0,[],0,/content/drive/MyDrive/landfill_research/datasets/AerialWaste/Extracted/5257.png
3830,3830.png,n/a,n/a,0,1000,1000,n/a,0,[],0,/content/drive/MyDrive/landfill_research/datasets/AerialWaste/Extracted/3830.png
2203,2203.png,2,Other,0,1055,1047,3,1,[],1,/content/drive/MyDrive/landfill_research/datasets/AerialWaste/Extracted/2203.png
7791,7791.png,n/a,n/a,0,1054,1047,n/a,0,[],0,/content/drive/MyDrive/landfill_research/datasets/AerialWaste/Extracted/7791.png
4639,4639.png,n/a,n/a,0,1000,1000,n/a,0,[],0,/content/drive/MyDrive/landfill_research/datasets/AerialWaste/Extracted/4639.png
5975,5975.png,n/a,n/a,0,1000,1000,n/a,0,[],0,/content/drive/MyDrive/landfill_research/datasets/AerialWaste/Extracted/5975.png
6904,6904.png,n/a,n/a,0,1056,1046,n/a,0,[],0,/content/drive/MyDrive/landfill_research/datasets/AerialWaste/Extracted/6904.png
3871,3871.png,n/a,n/a,0,1000,1000,n/a,0,[],0,/content/drive/MyDrive/landfill_research/datasets/AerialWaste/Extracted/3871.png
9067,9067.png,n/a,n/a,0,1000,1000,n/a,0,[],0,/content/drive/MyDrive/landfill_research/datasets/AerialWaste/Extracted/9067.png
7944,7944.png,n/a,n/a,0,1058,1044,n/a,0,[],0,/content/drive/MyDrive/landfill_research/datasets/AerialWaste/Extracted/7944.png
9730,9730.png,n/a,n/a,0,1000,1000,n/a,0,[],0,/content/drive/MyDrive/landfill_research/datasets/AerialWaste/Extracted/9730.png
6237,6237.png,n/a,n/a,0,1000,1000,n/a,0,[],0,/content/drive/MyDrive/landfill_research/datasets/AerialWaste/Extracted/6237.png
2819,2819.png,n/s,n/s,0,1054,1047,1,1,[],1,/content/drive/MyDrive/landfill_research/datasets/AerialWaste/Extracted/2819.png
10874,10874.png,n/a,n/a,0,1000,1000,n/a,0,[],0,/content/drive/MyDrive/landfill_research/datasets/AerialWaste/Extracted/10874.png
4904,4904.png,n/a,n/a,0,1000,1000,n/a,0,[],0,/content/drive/MyDrive/landfill_research/datasets/AerialWaste/Extracted/4904.png
4515,4515.png,n/a,n/a,0,1000,1000,n/a,0,[],0,/content/drive/MyDrive/landfill_research/datasets/AerialWaste/Extracted/4515.png
11260,11260.png,n/a,n/a,0,1000,1000,n/a,0,[],0,/content/drive/MyDrive/landfill_research/datasets/AerialWaste/Extracted/11260.png
4254,4254.png,n/a,n/a,0,1000,1000,n/a,1,[],1,/content/drive/MyDrive/landfill_research/datasets/AerialWaste/Extracted/4254.png
9087,9087.png,1,Other,1,1000,1000,1,1,"[1, 16]",1,/content/drive/MyDrive/landfill_research/datasets/AerialWaste/Extracted/9087.png
498,498.png,2,Abandoned area,0,1000,1000,2,1,[],1,/content/drive/MyDrive/landfill_research/datasets/AerialWaste/Extracted/498.png
2876,2876.png,n/s,n/s,0,1054,1048,2,1,[],1,/content/drive/MyDrive/landfill_research/datasets/AerialWaste/Extracted/2876.png
2224,2224.png,2,Degraded area,1,697,697,2,1,"[1, 2, 5, 16]",1,/content/drive/MyDrive/landfill_research/datasets/AerialWaste/Extracted/2224.png
11525,11525.png,n/a,n/a,0,1037,1065,n/a,0,[],0,/content/drive/MyDrive/landfill_research/datasets/AerialWaste/Extracted/11525.png
6864,6864.png,n/a,n/a,0,1000,1000,n/a,0,[],0,/content/drive/MyDrive/landfill_research/datasets/AerialWaste/Extracted/6864.png
2946,2946.png,n/s,n/s,1,1055,1045,3,1,[18],1,/content/drive/MyDrive/landfill_research/datasets/AerialWaste/Extracted/2946.png
7381,7381.png,n/a,n/a,0,1054,1048,n/a,0,[],0,/content/drive/MyDrive/landfill_research/datasets/AerialWaste/Extracted/7381.png
10549,10549.png,n/a,n/a,0,1000,1000,n/a,0,[],0,/content/drive/MyDrive/landfill_research/datasets/AerialWaste/Extracted/10549.png
10587,10587.png,n/a,n/a,0,1000,1000,n/a,0,[],0,/content/drive/MyDrive/landfill_research/datasets/AerialWaste/Extracted/10587.png
2294,2294.png,2,Abandoned area,1,1000,1000,3,1,"[1, 2, 3, 5, 16]",1,/content/drive/MyDrive/landfill_research/datasets/AerialWaste/Extracted/2294.png
11069,11069.png,n/a,n/a,0,1000,1000,n/a,0,[],0,/content/drive/MyDrive/landfill_research/datasets/AerialWaste/Extracted/11069.png
7564,7564.png,n/a,n/a,0,1054,1048,n/a,0,[],0,/content/drive/MyDrive/landfill_research/datasets/AerialWaste/Extracted/7564.png
10465,10465.png,n/a,n/a,0,1046,1056,n/a,0,[],0,/content/drive/MyDrive/landfill_research/datasets/AerialWaste/Extracted/10465.png
9031,9031.png,n/a,n/a,0,1056,1047,n/a,0,[],0,/content/drive/MyDrive/landfill_research/datasets/AerialWaste/Extracted/9031.png
397,397.png,n/a,n/a,0,1000,1000,n/a,0,[],0,/content/drive/MyDrive/landfill_research/datasets/AerialWaste/Extracted/397.png
3965,3965.png,n/a,n/a,0,1000,1000,n/a,0,[],0,/content/drive/MyDrive/landfill_research/datasets/AerialWaste/Extracted/3965.png
9836,9836.png,n/a,n/a,0,1000,1000,n/a,0,[],0,/content/drive/MyDrive/landfill_research/datasets/AerialWaste/Extracted/9836.png
7722,7722.png,n/a,n/a,0,1055,1047,n/a,0,[],0,/content/drive/MyDrive/landfill_research/datasets/AerialWaste/Extracted/7722.png
3139,3139.png,n/s,n/s,1,1057,1044,3,1,[17],1,/content/drive/MyDrive/landfill_research/datasets/AerialWaste/Extracted/3139.png
8447,8447.png,2,Agricultural area/farm area,1,1000,1000,2,1,"[10, 3, 1, 5, 16]",1,/content/drive/MyDrive/landfill_research/datasets/AerialWaste/Extracted/8447.png
3838,3838.png,n/a,n/a,0,1000,1000,n/a,0,[],0,/content/drive/MyDrive/landfill_research/datasets/AerialWaste/Extracted/3838.png
11099,11099.png,1,Production site,1,1047,1054,1,1,[16],1,/content/drive/MyDrive/landfill_research/datasets/AerialWaste/Extracted/11099.png
3232,3232.png,n/s,n/s,0,1037,1064,3,1,[],1,/content/drive/MyDrive/landfill_research/datasets/AerialWaste/Extracted/3232.png
11209,11209.png,n/a,n/a,0,1049,1052,n/a,0,[],0,/content/drive/MyDrive/landfill_research/datasets/AerialWaste/Extracted/11209.png
4241,4241.png,n/a,n/a,0,1000,1000,n/a,0,[],0,/content/drive/MyDrive/landfill_research/datasets/AerialWaste/Extracted/4241.png
3053,3053.png,n/s,n/s,0,1055,1046,1,1,[],1,/content/drive/MyDrive/landfill_research/datasets/AerialWaste/Extracted/3053.png
11138,11138.png,n/a,n/a,0,1000,1000,n/a,0,[],0,/content/drive/MyDrive/landfill_research/datasets/AerialWaste/Extracted/11138.png
6329,6329.png,n/a,n/a,0,1000,1000,n/a,0,[],0,/content/drive/MyDrive/landfill_research/datasets/AerialWaste/Extracted/6329.png
3762,3762.png,n/a,n/a,0,1000,1000,n/a,0,[],0,/content/drive/MyDrive/landfill_research/datasets/AerialWaste/Extracted/3762.png
2074,2074.png,1,Production site,1,1000,1000,1,1,"[21, 22]",1,/content/drive/MyDrive/landfill_research/datasets/AerialWaste/Extracted/2074.png
8720,8720.png,n/a,n/a,0,1000,1000,n/a,0,[],0,/content/drive/MyDrive/landfill_research/datasets/AerialWaste/Extracted/8720.png
5746,5746.png,n/a,n/a,0,1000,1000,n/a,0,[],0,/content/drive/MyDrive/landfill_research/datasets/AerialWaste/Extracted/5746.png
6762,6762.png,n/a,n/a,0,1000,1000,n/a,1,[],1,/content/drive/MyDrive/landfill_research/datasets/AerialWaste/Extracted/6762.png
7170,7170.png,n/a,n/a,0,697,697,n/a,0,[],0,/content/drive/MyDrive/landfill_research/datasets/AerialWaste/Extracted/7170.png
2100,2100.png,1,Non production building,0,1054,1048,2,0,[],0,/content/drive/MyDrive/landfill_research/datasets/AerialWaste/Extracted/2100.png
5462,5462.png,n/a,n/a,0,1038,1065,n/a,0,[],0,/content/drive/MyDrive/landfill_research/datasets/AerialWaste/Extracted/5462.png
1447,1447.png,n/a,n/a,0,1000,1000,n/a,0,[],0,/content/drive/MyDrive/landfill_research/datasets/AerialWaste/Extracted/1447.png
3296,3296.png,n/s,n/s,0,1036,1066,1,1,[],1,/content/drive/MyDrive/landfill_research/datasets/AerialWaste/Extracted/3296.png
9216,9216.png,n/a,n/a,0,1000,1000,n/a,0,[],0,/content/drive/MyDrive/landfill_research/datasets/AerialWaste/Extracted/9216.png
6902,6902.png,n/a,n/a,0,1000,1000,n/a,0,[],0,/content/drive/MyDrive/landfill_research/datasets/AerialWaste/Extracted/6902.png
3889,3889.png,n/a,n/a,0,1000,1000,n/a,0,[],0,/content/drive/MyDrive/landfill_research/datasets/AerialWaste/Extracted/3889.png
9118,9118.png,n/a,n/a,0,1000,1000,n/a,0,[],0,/content/drive/MyDrive/landfill_research/datasets/AerialWaste/Extracted/9118.png
6499,6499.png,n/a,n/a,0,1000,1000,n/a,0,[],0,/content/drive/MyDrive/landfill_research/datasets/AerialWaste/Extracted/6499.png
1099,1099.png,2,Production site,0,1000,1000,3,1,[],1,/content/drive/MyDrive/landfill_research/datasets/AerialWaste/Extracted/1099.png
69,69.png,1,Agricultural area/farm area,0,1000,1000,1,1,[],1,/content/drive/MyDrive/landfill_research/datasets/AerialWaste/Extracted/69.png
10324,10324.png,n/a,n/a,0,1037,1065,n/a,0,[],0,/content/drive/MyDrive/landfill_research/datasets/AerialWaste/Extracted/10324.png
4397,4397.png,n/a,n/a,0,1000,1000,n/a,0,[],0,/content/drive/MyDrive/landfill_research/datasets/AerialWaste/Extracted/4397.png
1225,1225.png,2,Abandoned area,0,1000,1000,1,1,[],1,/content/drive/MyDrive/landfill_research/datasets/AerialWaste/Extracted/1225.png
425,425.png,3,Production site,0,1000,1000,1,1,[],1,/content/drive/MyDrive/landfill_research/datasets/AerialWaste/Extracted/425.png
3992,3992.png,n/a,n/a,0,1000,1000,n/a,0,[],0,/content/drive/MyDrive/landfill_research/datasets/AerialWaste/Extracted/3992.png
4867,4867.png,n/a,n/a,0,1000,1000,n/a,0,[],0,/content/drive/MyDrive/landfill_research/datasets/AerialWaste/Extracted/4867.png
474,474.png,1,Production site,0,1000,1000,1,1,[],1,/content/drive/MyDrive/landfill_research/datasets/AerialWaste/Extracted/474.png
1469,1469.png,1,Production site,0,1000,1000,1,1,[],1,/content/drive/MyDrive/landfill_research/datasets/AerialWaste/Extracted/1469.png
3261,3261.png,n/s,n/s,0,1037,1064,1,1,[],1,/content/drive/MyDrive/landfill_research/datasets/AerialWaste/Extracted/3261.png
9026,9026.png,n/a,n/a,0,1055,1047,n/a,0,[],0,/content/drive/MyDrive/landfill_research/datasets/AerialWaste/Extracted/9026.png
1002,1002.png,2,Agricultural area/farm area,0,1000,1000,2,1,[],1,/content/drive/MyDrive/landfill_research/datasets/AerialWaste/Extracted/1002.png
10703,10703.png,n/a,n/a,0,1000,1000,n/a,0,[],0,/content/drive/MyDrive/landfill_research/datasets/AerialWaste/Extracted/10703.png
88,88.png,1,Agricultural area/farm area,0,1000,1000,2,0,[],0,/content/drive/MyDrive/landfill_research/datasets/AerialWaste/Extracted/88.png
11567,11567.png,n/a,n/a,0,1000,1000,n/a,0,[],0,/content/drive/MyDrive/landfill_research/datasets/AerialWaste/Extracted/11567.png
10446,10446.png,n/a,n/a,0,1054,1048,n/a,0,[],0,/content/drive/MyDrive/landfill_research/datasets/AerialWaste/Extracted/10446.png
6467,6467.png,n/a,n/a,0,1000,1000,n/a,1,[],1,/content/drive/MyDrive/landfill_research/datasets/AerialWaste/Extracted/6467.png
2087,2087.png,1,Production site,1,1000,1000,2,1,"[2, 4, 16, 19]",1,/content/drive/MyDrive/landfill_research/datasets/AerialWaste/Extracted/2087.png
6833,6833.png,n/a,n/a,0,1000,1000,n/a,0,[],0,/content/drive/MyDrive/landfill_research/datasets/AerialWaste/Extracted/6833.png
3471,3471.png,n/s,n/s,1,1055,1046,n/s,1,"[2, 4, 6, 16, 20]",1,/content/drive/MyDrive/landfill_research/datasets/AerialWaste/Extracted/3471.png
7752,7752.png,n/a,n/a,0,1054,1047,n/a,1,[],1,/content/drive/MyDrive/landfill_research/datasets/AerialWaste/Extracted/7752.png
448,448.png,n/a,n/a,0,1000,1000,n/a,0,[],0,/content/drive/MyDrive/landfill_research/datasets/AerialWaste/Extracted/448.png
9878,9878.png,n/a,n/a,0,1000,1000,n/a,0,[],0,/content/drive/MyDrive/landfill_research/datasets/AerialWaste/Extracted/9878.png
10442,10442.png,n/a,n/a,0,1048,1054,n/a,0,[],0,/content/drive/MyDrive/landfill_research/datasets/AerialWaste/Extracted/10442.png
6087,6087.png,n/a,n/a,0,1000,1000,n/a,0,[],0,/content/drive/MyDrive/landfill_research/datasets/AerialWaste/Extracted/6087.png
8724,8724.png,n/a,n/a,0,1000,1000,n/a,0,[],0,/content/drive/MyDrive/landfill_research/datasets/AerialWaste/Extracted/8724.png
644,644.png,1,Production site,0,1000,1000,1,1,[],1,/content/drive/MyDrive/landfill_research/datasets/AerialWaste/Extracted/644.png
1175,1175.png,1,Other,0,1000,1000,1,1,[],1,/content/drive/MyDrive/landfill_research/datasets/AerialWaste/Extracted/1175.png
4541,4541.png,n/a,n/a,0,1000,1000,n/a,0,[],0,/content/drive/MyDrive/landfill_research/datasets/AerialWaste/Extracted/4541.png
5176,5176.png,n/a,n/a,0,1000,1000,n/a,0,[],0,/content/drive/MyDrive/landfill_research/datasets/AerialWaste/Extracted/5176.png
7473,7473.png,n/a,n/a,0,1054,1047,n/a,0,[],0,/content/drive/MyDrive/landfill_research/datasets/AerialWaste/Extracted/7473.png
668,668.png,1,Production site,0,1000,1000,1,1,[],1,/content/drive/MyDrive/landfill_research/datasets/AerialWaste/Extracted/668.png
4927,4927.png,n/a,n/a,0,1000,1000,n/a,0,[],0,/content/drive/MyDrive/landfill_research/datasets/AerialWaste/Extracted/4927.png
3690,3690.png,n/a,n/a,0,1000,1000,n/a,0,[],0,/content/drive/MyDrive/landfill_research/datasets/AerialWaste/Extracted/3690.png
1979,1979.png,1,Degraded area,1,1000,1000,1,1,"[1, 4]",1,/content/drive/MyDrive/landfill_research/datasets/AerialWaste/Extracted/1979.png
4488,4488.png,n/a,n/a,0,1000,1000,n/a,0,[],0,/content/drive/MyDrive/landfill_research/datasets/AerialWaste/Extracted/4488.png
8289,8289.png,n/a,n/a,0,1051,1051,n/a,0,[],0,/content/drive/MyDrive/landfill_research/datasets/AerialWaste/Extracted/8289.png
9128,9128.png,n/a,n/a,0,1000,1000,n/a,0,[],0,/content/drive/MyDrive/landfill_research/datasets/AerialWaste/Extracted/9128.png
10882,10882.png,2,Production site,1,1043,1059,1,1,"[2, 4, 20]",1,/content/drive/MyDrive/landfill_research/datasets/AerialWaste/Extracted/10882.png
7883,7883.png,n/a,n/a,0,1052,1050,n/a,0,[],0,/content/drive/MyDrive/landfill_research/datasets/AerialWaste/Extracted/7883.png
11326,11326.png,n/a,n/a,0,1000,1000,n/a,0,[],0,/content/drive/MyDrive/landfill_research/datasets/AerialWaste/Extracted/11326.png
7115,7115.png,1,Production site,1,1000,1000,1,1,[21],1,/content/drive/MyDrive/landfill_research/datasets/AerialWaste/Extracted/7115.png
129,129.png,2,Agricultural area/farm area,0,1000,1000,1,1,[],1,/content/drive/MyDrive/landfill_research/datasets/AerialWaste/Extracted/129.png
11056,11056.png,n/a,n/a,0,1000,1000,n/a,0,[],0,/content/drive/MyDrive/landfill_research/datasets/AerialWaste/Extracted/11056.png
3509,3509.png,n/a,n/a,0,1000,1000,n/a,0,[],0,/content/drive/MyDrive/landfill_research/datasets/AerialWaste/Extracted/3509.png
10983,10983.png,n/a,n/a,0,1000,1000,n/a,0,[],0,/content/drive/MyDrive/landfill_research/datasets/AerialWaste/Extracted/10983.png
2366,2366.png,2,Degraded area,1,1000,1000,2,1,[16],1,/content/drive/MyDrive/landfill_research/datasets/AerialWaste/Extracted/2366.png
1303,1303.png,1,Production site,0,1000,1000,1,1,[],1,/content/drive/MyDrive/landfill_research/datasets/AerialWaste/Extracted/1303.png
10431,10431.png,n/a,n/a,0,1044,1057,n/a,0,[],0,/content/drive/MyDrive/landfill_research/datasets/AerialWaste/Extracted/10431.png
4696,4696.png,n/a,n/a,0,1000,1000,n/a,1,[],1,/content/drive/MyDrive/landfill_research/datasets/AerialWaste/Extracted/4696.png
10826,10826.png,1,Abandoned area,1,1045,1057,1,1,"[1, 16]",1,/content/drive/MyDrive/landfill_research/datasets/AerialWaste/Extracted/10826.png
6387,6387.png,n/a,n/a,0,1000,1000,n/a,0,[],0,/content/drive/MyDrive/landfill_research/datasets/AerialWaste/Extracted/6387.png
5484,5484.png,n/a,n/a,0,1039,1064,n/a,0,[],0,/content/drive/MyDrive/landfill_research/datasets/AerialWaste/Extracted/5484.png
7498,7498.png,n/a,n/a,0,1054,1047,n/a,1,[],1,/content/drive/MyDrive/landfill_research/datasets/AerialWaste/Extracted/7498.png
10344,10344.png,n/a,n/a,0,1000,1000,n/a,0,[],0,/content/drive/MyDrive/landfill_research/datasets/AerialWaste/Extracted/10344.png
696,696.png,1,Production site,0,1000,1000,1,1,[],1,/content/drive/MyDrive/landfill_research/datasets/AerialWaste/Extracted/696.png
8840,8840.png,2,Production site,1,1000,1000,2,1,[18],1,/content/drive/MyDrive/landfill_research/datasets/AerialWaste/Extracted/8840.png
2456,2456.png,1,Degraded area,0,1050,1052,1,1,[],1,/content/drive/MyDrive/landfill_research/datasets/AerialWaste/Extracted/2456.png
11380,11380.png,n/a,n/a,0,697,698,n/a,0,[],0,/content/drive/MyDrive/landfill_research/datasets/AerialWaste/Extracted/11380.png
2832,2832.png,n/a,n/a,0,1000,1000,n/a,0,[],0,/content/drive/MyDrive/landfill_research/datasets/AerialWaste/Extracted/2832.png
6977,6977.png,n/a,n/a,0,697,698,n/a,0,[],0,/content/drive/MyDrive/landfill_research/datasets/AerialWaste/Extracted/6977.png
11485,11485.png,n/a,n/a,0,1000,1000,n/a,0,[],0,/content/drive/MyDrive/landfill_research/datasets/AerialWaste/Extracted/11485.png
8941,8941.png,n/a,n/a,0,1056,1046,n/a,1,[],1,/content/drive/MyDrive/landfill_research/datasets/AerialWaste/Extracted/8941.png
5068,5068.png,n/a,n/a,0,1000,1000,n/a,0,[],0,/content/drive/MyDrive/landfill_research/datasets/AerialWaste/Extracted/5068.png
523,523.png,n/a,n/a,0,1000,1000,n/a,0,[],0,/content/drive/MyDrive/landfill_research/datasets/AerialWaste/Extracted/523.png
8507,8507.png,n/a,n/a,0,1038,1063,n/a,1,[],1,/content/drive/MyDrive/landfill_research/datasets/AerialWaste/Extracted/8507.png
8700,8700.png,n/a,n/a,0,1056,1046,n/a,0,[],0,/content/drive/MyDrive/landfill_research/datasets/AerialWaste/Extracted/8700.png
5040,5040.png,n/a,n/a,0,1000,1000,n/a,0,[],0,/content/drive/MyDrive/landfill_research/datasets/AerialWaste/Extracted/5040.png
2021,2021.png,2,Agricultural area/farm area,1,1000,1000,2,1,"[1, 2, 5, 16]",1,/content/drive/MyDrive/landfill_research/datasets/AerialWaste/Extracted/2021.png
4641,4641.png,n/a,n/a,0,1000,1000,n/a,0,[],0,/content/drive/MyDrive/landfill_research/datasets/AerialWaste/Extracted/4641.png
11454,11454.png,n/a,n/a,0,1000,1000,n/a,0,[],0,/content/drive/MyDrive/landfill_research/datasets/AerialWaste/Extracted/11454.png
670,670.png,1,Degraded area,0,1000,1000,1,1,[],1,/content/drive/MyDrive/landfill_research/datasets/AerialWaste/Extracted/670.png
643,643.png,1,Production site,0,1000,1000,1,1,[],1,/content/drive/MyDrive/landfill_research/datasets/AerialWaste/Extracted/643.png
7384,7384.png,n/a,n/a,0,1056,1047,n/a,0,[],0,/content/drive/MyDrive/landfill_research/datasets/AerialWaste/Extracted/7384.png
8841,8841.png,n/a,n/a,0,1000,1000,n/a,0,[],0,/content/drive/MyDrive/landfill_research/datasets/AerialWaste/Extracted/8841.png
5505,5505.png,n/a,n/a,0,1000,1000,n/a,0,[],0,/content/drive/MyDrive/landfill_research/datasets/AerialWaste/Extracted/5505.png
6385,6385.png,n/a,n/a,0,1000,1000,n/a,0,[],0,/content/drive/MyDrive/landfill_research/datasets/AerialWaste/Extracted/6385.png
5142,5142.png,n/a,n/a,0,1000,1000,n/a,0,[],0,/content/drive/MyDrive/landfill_research/datasets/AerialWaste/Extracted/5142.png
8416,8416.png,n/a,n/a,0,1037,1065,n/a,1,[],1,/content/drive/MyDrive/landfill_research/datasets/AerialWaste/Extracted/8416.png
9056,9056.png,n/a,n/a,0,1000,1000,n/a,0,[],0,/content/drive/MyDrive/landfill_research/datasets/AerialWaste/Extracted/9056.png
10551,10551.png,n/a,n/a,0,1000,1000,n/a,0,[],0,/content/drive/MyDrive/landfill_research/datasets/AerialWaste/Extracted/10551.png
6065,6065.png,n/a,n/a,0,1000,1000,n/a,0,[],0,/content/drive/MyDrive/landfill_research/datasets/AerialWaste/Extracted/6065.png
502,502.png,2,Production site,0,1000,1000,2,1,[],1,/content/drive/MyDrive/landfill_research/datasets/AerialWaste/Extracted/502.png
5178,5178.png,n/a,n/a,0,1000,1000,n/a,1,[],1,/content/drive/MyDrive/landfill_research/datasets/AerialWaste/Extracted/5178.png
4075,4075.png,n/a,n/a,0,1000,1000,n/a,0,[],0,/content/drive/MyDrive/landfill_research/datasets/AerialWaste/Extracted/4075.png
11086,11086.png,n/a,n/a,0,1000,1000,n/a,0,[],0,/content/drive/MyDrive/landfill_research/datasets/AerialWaste/Extracted/11086.png
7682,7682.png,n/a,n/a,0,1051,1050,n/a,0,[],0,/content/drive/MyDrive/landfill_research/datasets/AerialWaste/Extracted/7682.png
3603,3603.png,n/a,n/a,0,1000,1000,n/a,0,[],0,/content/drive/MyDrive/landfill_research/datasets/AerialWaste/Extracted/3603.png
8148,8148.png,n/a,n/a,0,1045,1056,n/a,0,[],0,/content/drive/MyDrive/landfill_research/datasets/AerialWaste/Extracted/8148.png
7313,7313.png,n/a,n/a,0,1052,1050,n/a,0,[],0,/content/drive/MyDrive/landfill_research/datasets/AerialWaste/Extracted/7313.png
10129,10129.png,n/a,n/a,0,1050,1051,n/a,0,[],0,/content/drive/MyDrive/landfill_research/datasets/AerialWaste/Extracted/10129.png
1076,1076.png,2,Production site,0,1000,1000,1,1,[],1,/content/drive/MyDrive/landfill_research/datasets/AerialWaste/Extracted/1076.png
5001,5001.png,n/a,n/a,0,1000,1000,n/a,0,[],0,/content/drive/MyDrive/landfill_research/datasets/AerialWaste/Extracted/5001.png
2421,2421.png,1,Degraded area,1,697,697,2,1,"[1, 2, 16]",1,/content/drive/MyDrive/landfill_research/datasets/AerialWaste/Extracted/2421.png
315,315.png,1,Abandoned area,0,1000,1000,2,0,[],0,/content/drive/MyDrive/landfill_research/datasets/AerialWaste/Extracted/315.png
9938,9938.png,n/a,n/a,0,1000,1000,n/a,0,[],0,/content/drive/MyDrive/landfill_research/datasets/AerialWaste/Extracted/9938.png
3739,3739.png,n/a,n/a,0,1000,1000,n/a,1,[],1,/content/drive/MyDrive/landfill_research/datasets/AerialWaste/Extracted/3739.png
5886,5886.png,n/a,n/a,0,1000,1000,n/a,0,[],0,/content/drive/MyDrive/landfill_research/datasets/AerialWaste/Extracted/5886.png
2729,2729.png,n/s,n/s,1,1058,1043,2,1,[17],1,/content/drive/MyDrive/landfill_research/datasets/AerialWaste/Extracted/2729.png
3653,3653.png,n/a,n/a,0,1000,1000,n/a,1,[],1,/content/drive/MyDrive/landfill_research/datasets/AerialWaste/Extracted/3653.png
9842,9842.png,n/a,n/a,0,1000,1000,n/a,0,[],0,/content/drive/MyDrive/landfill_research/datasets/AerialWaste/Extracted/9842.png
1189,1189.png,2,Degraded area,0,1000,1000,2,1,[],1,/content/drive/MyDrive/landfill_research/datasets/AerialWaste/Extracted/1189.png
8218,8218.png,n/a,n/a,0,1058,1044,n/a,0,[],0,/content/drive/MyDrive/landfill_research/datasets/AerialWaste/Extracted/8218.png
2777,2777.png,n/s,n/s,0,1054,1048,1,0,[],0,/content/drive/MyDrive/landfill_research/datasets/AerialWaste/Extracted/2777.png
8389,8389.png,n/a,n/a,0,1035,1067,n/a,1,[],1,/content/drive/MyDrive/landfill_research/datasets/AerialWaste/Extracted/8389.png
7359,7359.png,n/a,n/a,0,1055,1047,n/a,0,[],0,/content/drive/MyDrive/landfill_research/datasets/AerialWaste/Extracted/7359.png
3041,3041.png,n/s,n/s,0,1049,1052,1,1,[],1,/content/drive/MyDrive/landfill_research/datasets/AerialWaste/Extracted/3041.png
9463,9463.png,n/a,n/a,0,1000,1000,n/a,0,[],0,/content/drive/MyDrive/landfill_research/datasets/AerialWaste/Extracted/9463.png
4432,4432.png,n/a,n/a,0,1000,1000,n/a,0,[],0,/content/drive/MyDrive/landfill_research/datasets/AerialWaste/Extracted/4432.png
7984,7984.png,n/a,n/a,0,1051,1051,n/a,0,[],0,/content/drive/MyDrive/landfill_research/datasets/AerialWaste/Extracted/7984.png
6527,6527.png,n/a,n/a,0,1000,1000,n/a,0,[],0,/content/drive/MyDrive/landfill_research/datasets/AerialWaste/Extracted/6527.png
6436,6436.png,n/a,n/a,0,1000,1000,n/a,0,[],0,/content/drive/MyDrive/landfill_research/datasets/AerialWaste/Extracted/6436.png
10061,10061.png,n/a,n/a,0,1043,1059,n/a,0,[],0,/content/drive/MyDrive/landfill_research/datasets/AerialWaste/Extracted/10061.png
5634,5634.png,n/a,n/a,0,1000,1000,n/a,0,[],0,/content/drive/MyDrive/landfill_research/datasets/AerialWaste/Extracted/5634.png
3388,3388.png,n/s,n/s,1,1037,1065,3,1,"[2, 11, 16, 17, 20]",1,/content/drive/MyDrive/landfill_research/datasets/AerialWaste/Extracted/3388.png
5967,5967.png,n/a,n/a,0,1000,1000,n/a,1,[],1,/content/drive/MyDrive/landfill_research/datasets/AerialWaste/Extracted/5967.png
10561,10561.png,n/a,n/a,0,1044,1059,n/a,0,[],0,/content/drive/MyDrive/landfill_research/datasets/AerialWaste/Extracted/10561.png
9331,9331.png,n/a,n/a,0,1000,1000,n/a,0,[],0,/content/drive/MyDrive/landfill_research/datasets/AerialWaste/Extracted/9331.png
4921,4921.png,n/a,n/a,0,1000,1000,n/a,0,[],0,/content/drive/MyDrive/landfill_research/datasets/AerialWaste/Extracted/4921.png
7575,7575.png,n/a,n/a,0,1056,1046,n/a,0,[],0,/content/drive/MyDrive/landfill_research/datasets/AerialWaste/Extracted/7575.png
2520,2520.png,n/s,n/s,0,1051,1051,1,1,[],1,/content/drive/MyDrive/landfill_research/datasets/AerialWaste/Extracted/2520.png
748,748.png,2,Production site,0,1000,1000,2,1,[],1,/content/drive/MyDrive/landfill_research/datasets/AerialWaste/Extracted/748.png
7989,7989.png,n/a,n/a,0,1050,1052,n/a,0,[],0,/content/drive/MyDrive/landfill_research/datasets/AerialWaste/Extracted/7989.png
1877,1877.png,2,Abandoned area,1,1000,1000,2,1,"[1, 5, 16, 18, 22]",1,/content/drive/MyDrive/landfill_research/datasets/AerialWaste/Extracted/1877.png
4152,4152.png,n/a,n/a,0,1000,1000,n/a,0,[],0,/content/drive/MyDrive/landfill_research/datasets/AerialWaste/Extracted/4152.png
6141,6141.png,n/a,n/a,0,1000,1000,n/a,0,[],0,/content/drive/MyDrive/landfill_research/datasets/AerialWaste/Extracted/6141.png
9675,9675.png,n/a,n/a,0,1000,1000,n/a,0,[],0,/content/drive/MyDrive/landfill_research/datasets/AerialWaste/Extracted/9675.png
6456,6456.png,n/a,n/a,0,1000,1000,n/a,0,[],0,/content/drive/MyDrive/landfill_research/datasets/AerialWaste/Extracted/6456.png
9119,9119.png,n/a,n/a,0,1000,1000,n/a,0,[],0,/content/drive/MyDrive/landfill_research/datasets/AerialWaste/Extracted/9119.png
3887,3887.png,n/a,n/a,0,1000,1000,n/a,0,[],0,/content/drive/MyDrive/landfill_research/datasets/AerialWaste/Extracted/3887.png
6590,6590.png,n/a,n/a,0,1000,1000,n/a,0,[],0,/content/drive/MyDrive/landfill_research/datasets/AerialWaste/Extracted/6590.png
10754,10754.png,n/a,n/a,0,1049,1053,n/a,0,[],0,/content/drive/MyDrive/landfill_research/datasets/AerialWaste/Extracted/10754.png
8418,8418.png,1,Agricultural area/farm area,1,1000,1000,2,1,"[1, 7, 4, 16]",1,/content/drive/MyDrive/landfill_research/datasets/AerialWaste/Extracted/8418.png
103,103.png,n/a,n/a,0,1000,1000,n/a,0,[],0,/content/drive/MyDrive/landfill_research/datasets/AerialWaste/Extracted/103.png
10733,10733.png,n/a,n/a,0,1044,1057,n/a,0,[],0,/content/drive/MyDrive/landfill_research/datasets/AerialWaste/Extracted/10733.png
6854,6854.png,n/a,n/a,0,1000,1000,n/a,0,[],0,/content/drive/MyDrive/landfill_research/datasets/AerialWaste/Extracted/6854.png
2266,2266.png,2,Degraded area,1,696,698,3,1,"[1, 2, 4, 16]",1,/content/drive/MyDrive/landfill_research/datasets/AerialWaste/Extracted/2266.png
2462,2462.png,1,Other,0,1000,1000,1,1,[],1,/content/drive/MyDrive/landfill_research/datasets/AerialWaste/Extracted/2462.png
8627,8627.png,n/a,n/a,0,1044,1057,n/a,0,[],0,/content/drive/MyDrive/landfill_research/datasets/AerialWaste/Extracted/8627.png
6104,6104.png,n/a,n/a,0,1000,1000,n/a,0,[],0,/content/drive/MyDrive/landfill_research/datasets/AerialWaste/Extracted/6104.png
5922,5922.png,n/a,n/a,0,1000,1000,n/a,0,[],0,/content/drive/MyDrive/landfill_research/datasets/AerialWaste/Extracted/5922.png
7001,7001.png,n/a,n/a,0,1000,1000,n/a,0,[],0,/content/drive/MyDrive/landfill_research/datasets/AerialWaste/Extracted/7001.png
2473,2473.png,n/s,n/s,0,1054,1048,1,1,[],1,/content/drive/MyDrive/landfill_research/datasets/AerialWaste/Extracted/2473.png
11215,11215.png,n/a,n/a,0,1000,1000,n/a,0,[],0,/content/drive/MyDrive/landfill_research/datasets/AerialWaste/Extracted/11215.png
4887,4887.png,n/a,n/a,0,1000,1000,n/a,0,[],0,/content/drive/MyDrive/landfill_research/datasets/AerialWaste/Extracted/4887.png
6951,6951.png,n/a,n/a,0,1000,1000,n/a,0,[],0,/content/drive/MyDrive/landfill_research/datasets/AerialWaste/Extracted/6951.png
10936,10936.png,2,Agricultural area/farm area,1,1045,1057,1,1,"[5, 16]",1,/content/drive/MyDrive/landfill_research/datasets/AerialWaste/Extracted/10936.png
202,202.png,2,Production site,0,1000,1000,1,1,[],1,/content/drive/MyDrive/landfill_research/datasets/AerialWaste/Extracted/202.png
2854,2854.png,n/s,n/s,1,1054,1048,1,1,[17],1,/content/drive/MyDrive/landfill_research/datasets/AerialWaste/Extracted/2854.png
3606,3606.png,n/a,n/a,0,1000,1000,n/a,1,[],1,/content/drive/MyDrive/landfill_research/datasets/AerialWaste/Extracted/3606.png
546,546.png,n/a,n/a,0,1000,1000,n/a,0,[],0,/content/drive/MyDrive/landfill_research/datasets/AerialWaste/Extracted/546.png
3039,3039.png,n/s,n/s,0,1049,1052,1,1,[],1,/content/drive/MyDrive/landfill_research/datasets/AerialWaste/Extracted/3039.png
10813,10813.png,2,Agricultural area/farm area,1,1045,1057,1,1,[16],1,/content/drive/MyDrive/landfill_research/datasets/AerialWaste/Extracted/10813.png
2630,2630.png,n/s,n/s,0,1052,1049,2,1,[],1,/content/drive/MyDrive/landfill_research/datasets/AerialWaste/Extracted/2630.png
6411,6411.png,n/a,n/a,0,1000,1000,n/a,0,[],0,/content/drive/MyDrive/landfill_research/datasets/AerialWaste/Extracted/6411.png
6095,6095.png,n/a,n/a,0,1000,1000,n/a,0,[],0,/content/drive/MyDrive/landfill_research/datasets/AerialWaste/Extracted/6095.png
232,232.png,2,Agricultural area/farm area,0,1000,1000,1,1,[],1,/content/drive/MyDrive/landfill_research/datasets/AerialWaste/Extracted/232.png
6186,6186.png,n/a,n/a,0,1000,1000,n/a,0,[],0,/content/drive/MyDrive/landfill_research/datasets/AerialWaste/Extracted/6186.png
7885,7885.png,n/a,n/a,0,1052,1050,n/a,0,[],0,/content/drive/MyDrive/landfill_research/datasets/AerialWaste/Extracted/7885.png
5312,5312.png,n/a,n/a,0,1000,1000,n/a,0,[],0,/content/drive/MyDrive/landfill_research/datasets/AerialWaste/Extracted/5312.png
1256,1256.png,1,Degraded area,0,1000,1000,1,1,[],1,/content/drive/MyDrive/landfill_research/datasets/AerialWaste/Extracted/1256.png
10869,10869.png,2,Production site,1,1000,1000,2,1,"[1, 16]",1,/content/drive/MyDrive/landfill_research/datasets/AerialWaste/Extracted/10869.png
10764,10764.png,n/a,n/a,0,1047,1055,n/a,0,[],0,/content/drive/MyDrive/landfill_research/datasets/AerialWaste/Extracted/10764.png
10237,10237.png,n/a,n/a,0,1048,1054,n/a,0,[],0,/content/drive/MyDrive/landfill_research/datasets/AerialWaste/Extracted/10237.png
9254,9254.png,n/a,n/a,0,1000,1000,n/a,0,[],0,/content/drive/MyDrive/landfill_research/datasets/AerialWaste/Extracted/9254.png
7157,7157.png,2,Degraded area,1,1000,1000,1,1,"[2, 16]",1,/content/drive/MyDrive/landfill_research/datasets/AerialWaste/Extracted/7157.png
5420,5420.png,n/a,n/a,0,1000,1000,n/a,0,[],0,/content/drive/MyDrive/landfill_research/datasets/AerialWaste/Extracted/5420.png
10834,10834.png,3,Non production building,1,1000,1000,2,1,[18],1,/content/drive/MyDrive/landfill_research/datasets/AerialWaste/Extracted/10834.png
7757,7757.png,n/a,n/a,0,1054,1048,n/a,0,[],0,/content/drive/MyDrive/landfill_research/datasets/AerialWaste/Extracted/7757.png
9167,9167.png,n/a,n/a,0,1000,1000,n/a,0,[],0,/content/drive/MyDrive/landfill_research/datasets/AerialWaste/Extracted/9167.png
9238,9238.png,n/a,n/a,0,1000,1000,n/a,0,[],0,/content/drive/MyDrive/landfill_research/datasets/AerialWaste/Extracted/9238.png
4188,4188.png,n/a,n/a,0,1000,1000,n/a,0,[],0,/content/drive/MyDrive/landfill_research/datasets/AerialWaste/Extracted/4188.png
10486,10486.png,n/a,n/a,0,1048,1053,n/a,0,[],0,/content/drive/MyDrive/landfill_research/datasets/AerialWaste/Extracted/10486.png
9286,9286.png,n/a,n/a,0,1000,1000,n/a,0,[],0,/content/drive/MyDrive/landfill_research/datasets/AerialWaste/Extracted/9286.png
9593,9593.png,n/a,n/a,0,1000,1000,n/a,0,[],0,/content/drive/MyDrive/landfill_research/datasets/AerialWaste/Extracted/9593.png
5581,5581.png,n/a,n/a,0,1000,1000,n/a,0,[],0,/content/drive/MyDrive/landfill_research/datasets/AerialWaste/Extracted/5581.png
8476,8476.png,n/a,n/a,0,1034,1067,n/a,1,[],1,/content/drive/MyDrive/landfill_research/datasets/AerialWaste/Extracted/8476.png
10798,10798.png,n/a,n/a,0,1000,1000,n/a,0,[],0,/content/drive/MyDrive/landfill_research/datasets/AerialWaste/Extracted/10798.png
11145,11145.png,n/a,n/a,0,1037,1065,n/a,0,[],0,/content/drive/MyDrive/landfill_research/datasets/AerialWaste/Extracted/11145.png
85,85.png,2,Production site,0,1000,1000,1,1,[],1,/content/drive/MyDrive/landfill_research/datasets/AerialWaste/Extracted/85.png
907,907.png,n/a,n/a,0,1000,1000,n/a,0,[],0,/content/drive/MyDrive/landfill_research/datasets/AerialWaste/Extracted/907.png
2758,2758.png,n/s,n/s,0,1056,1045,1,1,[],1,/content/drive/MyDrive/landfill_research/datasets/AerialWaste/Extracted/2758.png
10217,10217.png,n/a,n/a,0,1056,1045,n/a,0,[],0,/content/drive/MyDrive/landfill_research/datasets/AerialWaste/Extracted/10217.png
4006,4006.png,n/a,n/a,0,1000,1000,n/a,0,[],0,/content/drive/MyDrive/landfill_research/datasets/AerialWaste/Extracted/4006.png
10735,10735.png,n/a,n/a,0,1000,1000,n/a,0,[],0,/content/drive/MyDrive/landfill_research/datasets/AerialWaste/Extracted/10735.png
8506,8506.png,n/a,n/a,0,1038,1064,n/a,0,[],0,/content/drive/MyDrive/landfill_research/datasets/AerialWaste/Extracted/8506.png
9935,9935.png,n/a,n/a,0,1000,1000,n/a,0,[],0,/content/drive/MyDrive/landfill_research/datasets/AerialWaste/Extracted/9935.png
11018,11018.png,n/a,n/a,0,1000,1000,n/a,0,[],0,/content/drive/MyDrive/landfill_research/datasets/AerialWaste/Extracted/11018.png
4969,4969.png,n/a,n/a,0,1000,1000,n/a,0,[],0,/content/drive/MyDrive/landfill_research/datasets/AerialWaste/Extracted/4969.png
646,646.png,1,Degraded area,0,1000,1000,1,1,[],1,/content/drive/MyDrive/landfill_research/datasets/AerialWaste/Extracted/646.png
8370,8370.png,n/a,n/a,0,1037,1064,n/a,0,[],0,/content/drive/MyDrive/landfill_research/datasets/AerialWaste/Extracted/8370.png
540,540.png,1,Production site,0,1000,1000,1,1,[],1,/content/drive/MyDrive/landfill_research/datasets/AerialWaste/Extracted/540.png
6238,6238.png,n/a,n/a,0,1000,1000,n/a,0,[],0,/content/drive/MyDrive/landfill_research/datasets/AerialWaste/Extracted/6238.png
2813,2813.png,n/s,n/s,0,1057,1045,1,1,[],1,/content/drive/MyDrive/landfill_research/datasets/AerialWaste/Extracted/2813.png
7210,7210.png,n/a,n/a,0,1051,1051,n/a,0,[],0,/content/drive/MyDrive/landfill_research/datasets/AerialWaste/Extracted/7210.png
4121,4121.png,n/a,n/a,0,1000,1000,n/a,0,[],0,/content/drive/MyDrive/landfill_research/datasets/AerialWaste/Extracted/4121.png
10716,10716.png,n/a,n/a,0,1000,1000,n/a,0,[],0,/content/drive/MyDrive/landfill_research/datasets/AerialWaste/Extracted/10716.png
2178,2178.png,2,Degraded area,1,1000,1000,3,1,"[1, 2, 3, 16]",1,/content/drive/MyDrive/landfill_research/datasets/AerialWaste/Extracted/2178.png
949,949.png,1,Abandoned area,0,1000,1000,1,1,[],1,/content/drive/MyDrive/landfill_research/datasets/AerialWaste/Extracted/949.png
6261,6261.png,n/a,n/a,0,1000,1000,n/a,0,[],0,/content/drive/MyDrive/landfill_research/datasets/AerialWaste/Extracted/6261.png
628,628.png,2,Production site,0,1000,1000,2,1,[],1,/content/drive/MyDrive/landfill_research/datasets/AerialWaste/Extracted/628.png
4287,4287.png,n/a,n/a,0,1000,1000,n/a,0,[],0,/content/drive/MyDrive/landfill_research/datasets/AerialWaste/Extracted/4287.png
8175,8175.png,n/a,n/a,0,1056,1046,n/a,0,[],0,/content/drive/MyDrive/landfill_research/datasets/AerialWaste/Extracted/8175.png
11347,11347.png,n/a,n/a,0,1000,1000,n/a,0,[],0,/content/drive/MyDrive/landfill_research/datasets/AerialWaste/Extracted/11347.png
11577,11577.png,n/a,n/a,0,1036,1066,n/a,0,[],0,/content/drive/MyDrive/landfill_research/datasets/AerialWaste/Extracted/11577.png
6858,6858.png,n/a,n/a,0,1055,1048,n/a,0,[],0,/content/drive/MyDrive/landfill_research/datasets/AerialWaste/Extracted/6858.png
10966,10966.png,3,Degraded area,1,1000,1000,3,1,"[3, 16]",1,/content/drive/MyDrive/landfill_research/datasets/AerialWaste/Extracted/10966.png
2561,2561.png,n/s,n/s,0,1053,1049,2,1,[],1,/content/drive/MyDrive/landfill_research/datasets/AerialWaste/Extracted/2561.png
11442,11442.png,n/a,n/a,0,1055,1046,n/a,0,[],0,/content/drive/MyDrive/landfill_research/datasets/AerialWaste/Extracted/11442.png
6622,6622.png,n/a,n/a,0,1000,1000,n/a,0,[],0,/content/drive/MyDrive/landfill_research/datasets/AerialWaste/Extracted/6622.png
10135,10135.png,n/a,n/a,0,1057,1045,n/a,0,[],0,/content/drive/MyDrive/landfill_research/datasets/AerialWaste/Extracted/10135.png
11409,11409.png,n/a,n/a,0,1054,1047,n/a,0,[],0,/content/drive/MyDrive/landfill_research/datasets/AerialWaste/Extracted/11409.png
5689,5689.png,n/a,n/a,0,1000,1000,n/a,0,[],0,/content/drive/MyDrive/landfill_research/datasets/AerialWaste/Extracted/5689.png
9943,9943.png,n/a,n/a,0,1000,1000,n/a,0,[],0,/content/drive/MyDrive/landfill_research/datasets/AerialWaste/Extracted/9943.png
2200,2200.png,1,Production site,1,1050,1051,1,1,"[3, 16]",1,/content/drive/MyDrive/landfill_research/datasets/AerialWaste/Extracted/2200.png
10376,10376.png,n/a,n/a,0,1045,1056,n/a,0,[],0,/content/drive/MyDrive/landfill_research/datasets/AerialWaste/Extracted/10376.png
9385,9385.png,n/a,n/a,0,1000,1000,n/a,0,[],0,/content/drive/MyDrive/landfill_research/datasets/AerialWaste/Extracted/9385.png
4436,4436.png,n/a,n/a,0,1000,1000,n/a,0,[],0,/content/drive/MyDrive/landfill_research/datasets/AerialWaste/Extracted/4436.png
8072,8072.png,n/a,n/a,0,1049,1052,n/a,0,[],0,/content/drive/MyDrive/landfill_research/datasets/AerialWaste/Extracted/8072.png
9740,9740.png,n/a,n/a,0,1000,1000,n/a,0,[],0,/content/drive/MyDrive/landfill_research/datasets/AerialWaste/Extracted/9740.png
4741,4741.png,n/a,n/a,0,1000,1000,n/a,0,[],0,/content/drive/MyDrive/landfill_research/datasets/AerialWaste/Extracted/4741.png
6079,6079.png,n/a,n/a,0,1000,1000,n/a,0,[],0,/content/drive/MyDrive/landfill_research/datasets/AerialWaste/Extracted/6079.png
4143,4143.png,n/a,n/a,0,1000,1000,n/a,0,[],0,/content/drive/MyDrive/landfill_research/datasets/AerialWaste/Extracted/4143.png
10224,10224.png,n/a,n/a,0,1047,1055,n/a,1,[],1,/content/drive/MyDrive/landfill_research/datasets/AerialWaste/Extracted/10224.png
4718,4718.png,n/a,n/a,0,1000,1000,n/a,0,[],0,/content/drive/MyDrive/landfill_research/datasets/AerialWaste/Extracted/4718.png
11537,11537.png,n/a,n/a,0,1038,1064,n/a,0,[],0,/content/drive/MyDrive/landfill_research/datasets/AerialWaste/Extracted/11537.png
11418,11418.png,n/a,n/a,0,1000,1000,n/a,0,[],0,/content/drive/MyDrive/landfill_research/datasets/AerialWaste/Extracted/11418.png
9366,9366.png,n/a,n/a,0,1000,1000,n/a,0,[],0,/content/drive/MyDrive/landfill_research/datasets/AerialWaste/Extracted/9366.png
8808,8808.png,1,Degraded area,1,1000,1000,2,1,"[1, 16]",1,/content/drive/MyDrive/landfill_research/datasets/AerialWaste/Extracted/8808.png
10102,10102.png,n/a,n/a,0,1055,1045,n/a,0,[],0,/content/drive/MyDrive/landfill_research/datasets/AerialWaste/Extracted/10102.png
2571,2571.png,n/s,n/s,1,1056,1045,1,1,[17],1,/content/drive/MyDrive/landfill_research/datasets/AerialWaste/Extracted/2571.png
5776,5776.png,n/a,n/a,0,1000,1000,n/a,0,[],0,/content/drive/MyDrive/landfill_research/datasets/AerialWaste/Extracted/5776.png
1509,1509.png,3,Agricultural area/farm area,0,1000,1000,3,1,[],1,/content/drive/MyDrive/landfill_research/datasets/AerialWaste/Extracted/1509.png
6184,6184.png,n/a,n/a,0,1000,1000,n/a,0,[],0,/content/drive/MyDrive/landfill_research/datasets/AerialWaste/Extracted/6184.png
10712,10712.png,n/a,n/a,0,1000,1000,n/a,0,[],0,/content/drive/MyDrive/landfill_research/datasets/AerialWaste/Extracted/10712.png
8972,8972.png,n/a,n/a,0,1052,1050,n/a,0,[],0,/content/drive/MyDrive/landfill_research/datasets/AerialWaste/Extracted/8972.png
6016,6016.png,n/a,n/a,0,1000,1000,n/a,0,[],0,/content/drive/MyDrive/landfill_research/datasets/AerialWaste/Extracted/6016.png
4759,4759.png,n/a,n/a,0,1000,1000,n/a,0,[],0,/content/drive/MyDrive/landfill_research/datasets/AerialWaste/Extracted/4759.png
2774,2774.png,n/a,n/a,0,1000,1000,n/a,0,[],0,/content/drive/MyDrive/landfill_research/datasets/AerialWaste/Extracted/2774.png
7605,7605.png,n/a,n/a,0,1053,1049,n/a,0,[],0,/content/drive/MyDrive/landfill_research/datasets/AerialWaste/Extracted/7605.png
9222,9222.png,n/a,n/a,0,1000,1000,n/a,0,[],0,/content/drive/MyDrive/landfill_research/datasets/AerialWaste/Extracted/9222.png
316,316.png,2,Agricultural area/farm area,0,1000,1000,2,1,[],1,/content/drive/MyDrive/landfill_research/datasets/AerialWaste/Extracted/316.png
1306,1306.png,1,Other,0,1000,1000,1,0,[],0,/content/drive/MyDrive/landfill_research/datasets/AerialWaste/Extracted/1306.png
10380,10380.png,n/a,n/a,0,1037,1064,n/a,0,[],0,/content/drive/MyDrive/landfill_research/datasets/AerialWaste/Extracted/10380.png
3857,3857.png,n/a,n/a,0,1000,1000,n/a,0,[],0,/content/drive/MyDrive/landfill_research/datasets/AerialWaste/Extracted/3857.png
931,931.png,2,Non production building,0,1000,1000,2,1,[],1,/content/drive/MyDrive/landfill_research/datasets/AerialWaste/Extracted/931.png
8200,8200.png,n/a,n/a,0,1048,1054,n/a,0,[],0,/content/drive/MyDrive/landfill_research/datasets/AerialWaste/Extracted/8200.png
532,532.png,2,Production site,0,1000,1000,3,1,[],1,/content/drive/MyDrive/landfill_research/datasets/AerialWaste/Extracted/532.png
7842,7842.png,n/a,n/a,0,1054,1048,n/a,0,[],0,/content/drive/MyDrive/landfill_research/datasets/AerialWaste/Extracted/7842.png
11155,11155.png,n/a,n/a,0,1000,1000,n/a,0,[],0,/content/drive/MyDrive/landfill_research/datasets/AerialWaste/Extracted/11155.png
8288,8288.png,2,Non production building,1,1000,1000,2,1,"[6, 16]",1,/content/drive/MyDrive/landfill_research/datasets/AerialWaste/Extracted/8288.png
11459,11459.png,n/a,n/a,0,1055,1047,n/a,0,[],0,/content/drive/MyDrive/landfill_research/datasets/AerialWaste/Extracted/11459.png
1862,1862.png,2,Degraded area,0,1043,1059,2,1,[],1,/content/drive/MyDrive/landfill_research/datasets/AerialWaste/Extracted/1862.png
5382,5382.png,n/a,n/a,0,1000,1000,n/a,0,[],0,/content/drive/MyDrive/landfill_research/datasets/AerialWaste/Extracted/5382.png
729,729.png,3,Production site,0,1000,1000,3,1,[],1,/content/drive/MyDrive/landfill_research/datasets/AerialWaste/Extracted/729.png
787,787.png,n/a,n/a,0,1000,1000,n/a,0,[],0,/content/drive/MyDrive/landfill_research/datasets/AerialWaste/Extracted/787.png
4613,4613.png,n/a,n/a,0,1000,1000,n/a,0,[],0,/content/drive/MyDrive/landfill_research/datasets/AerialWaste/Extracted/4613.png
7141,7141.png,n/a,n/a,0,1051,1051,n/a,0,[],0,/content/drive/MyDrive/landfill_research/datasets/AerialWaste/Extracted/7141.png
342,342.png,n/a,n/a,0,1000,1000,n/a,0,[],0,/content/drive/MyDrive/landfill_research/datasets/AerialWaste/Extracted/342.png
5069,5069.png,n/a,n/a,0,1000,1000,n/a,0,[],0,/content/drive/MyDrive/landfill_research/datasets/AerialWaste/Extracted/5069.png
1694,1694.png,1,Production site,0,1000,1000,1,1,[],1,/content/drive/MyDrive/landfill_research/datasets/AerialWaste/Extracted/1694.png
6560,6560.png,n/a,n/a,0,1000,1000,n/a,0,[],0,/content/drive/MyDrive/landfill_research/datasets/AerialWaste/Extracted/6560.png
7685,7685.png,n/a,n/a,0,1051,1050,n/a,0,[],0,/content/drive/MyDrive/landfill_research/datasets/AerialWaste/Extracted/7685.png
3336,3336.png,n/s,n/s,0,1038,1064,1,1,[],1,/content/drive/MyDrive/landfill_research/datasets/AerialWaste/Extracted/3336.png
9141,9141.png,n/a,n/a,0,1000,1000,n/a,0,[],0,/content/drive/MyDrive/landfill_research/datasets/AerialWaste/Extracted/9141.png
5642,5642.png,n/a,n/a,0,1000,1000,n/a,0,[],0,/content/drive/MyDrive/landfill_research/datasets/AerialWaste/Extracted/5642.png
7182,7182.png,n/a,n/a,0,1000,1000,n/a,0,[],0,/content/drive/MyDrive/landfill_research/datasets/AerialWaste/Extracted/7182.png
829,829.png,1,Agricultural area/farm area,0,1000,1000,2,1,[],1,/content/drive/MyDrive/landfill_research/datasets/AerialWaste/Extracted/829.png
3192,3192.png,n/s,n/s,0,1036,1066,2,1,[],1,/content/drive/MyDrive/landfill_research/datasets/AerialWaste/Extracted/3192.png
208,208.png,1,Production site,0,1000,1000,1,1,[],1,/content/drive/MyDrive/landfill_research/datasets/AerialWaste/Extracted/208.png
10673,10673.png,n/a,n/a,0,1000,1000,n/a,0,[],0,/content/drive/MyDrive/landfill_research/datasets/AerialWaste/Extracted/10673.png
2807,2807.png,n/s,n/s,0,1054,1047,1,1,[],1,/content/drive/MyDrive/landfill_research/datasets/AerialWaste/Extracted/2807.png
1195,1195.png,3,Production site,0,1000,1000,2,1,[],1,/content/drive/MyDrive/landfill_research/datasets/AerialWaste/Extracted/1195.png
4319,4319.png,n/a,n/a,0,1000,1000,n/a,0,[],0,/content/drive/MyDrive/landfill_research/datasets/AerialWaste/Extracted/4319.png
4102,4102.png,n/a,n/a,0,1000,1000,n/a,0,[],0,/content/drive/MyDrive/landfill_research/datasets/AerialWaste/Extracted/4102.png
8498,8498.png,1,Agricultural area/farm area,1,1000,1000,1,1,"[3, 16]",1,/content/drive/MyDrive/landfill_research/datasets/AerialWaste/Extracted/8498.png
8693,8693.png,n/a,n/a,0,1055,1047,n/a,0,[],0,/content/drive/MyDrive/landfill_research/datasets/AerialWaste/Extracted/8693.png
10472,10472.png,n/a,n/a,0,1000,1000,n/a,0,[],0,/content/drive/MyDrive/landfill_research/datasets/AerialWaste/Extracted/10472.png
11436,11436.png,n/a,n/a,0,1055,1045,n/a,0,[],0,/content/drive/MyDrive/landfill_research/datasets/AerialWaste/Extracted/11436.png
7111,7111.png,n/a,n/a,0,1052,1049,n/a,0,[],0,/content/drive/MyDrive/landfill_research/datasets/AerialWaste/Extracted/7111.png
9786,9786.png,n/a,n/a,0,1000,1000,n/a,0,[],0,/content/drive/MyDrive/landfill_research/datasets/AerialWaste/Extracted/9786.png
5476,5476.png,n/a,n/a,0,1038,1063,n/a,0,[],0,/content/drive/MyDrive/landfill_research/datasets/AerialWaste/Extracted/5476.png
8804,8804.png,n/a,n/a,0,1000,1000,n/a,0,[],0,/content/drive/MyDrive/landfill_research/datasets/AerialWaste/Extracted/8804.png
10069,10069.png,n/a,n/a,0,1053,1048,n/a,1,[],1,/content/drive/MyDrive/landfill_research/datasets/AerialWaste/Extracted/10069.png
6751,6751.png,n/a,n/a,0,1000,1000,n/a,0,[],0,/content/drive/MyDrive/landfill_research/datasets/AerialWaste/Extracted/6751.png
4421,4421.png,n/a,n/a,0,1000,1000,n/a,0,[],0,/content/drive/MyDrive/landfill_research/datasets/AerialWaste/Extracted/4421.png
600,600.png,1,Agricultural area/farm area,0,1000,1000,1,1,[],1,/content/drive/MyDrive/landfill_research/datasets/AerialWaste/Extracted/600.png
8194,8194.png,n/a,n/a,0,1057,1045,n/a,0,[],0,/content/drive/MyDrive/landfill_research/datasets/AerialWaste/Extracted/8194.png
10742,10742.png,n/a,n/a,0,1000,1000,n/a,0,[],0,/content/drive/MyDrive/landfill_research/datasets/AerialWaste/Extracted/10742.png
8713,8713.png,n/a,n/a,0,1000,1000,n/a,0,[],0,/content/drive/MyDrive/landfill_research/datasets/AerialWaste/Extracted/8713.png
10501,10501.png,n/a,n/a,0,1043,1058,n/a,0,[],0,/content/drive/MyDrive/landfill_research/datasets/AerialWaste/Extracted/10501.png
4972,4972.png,n/a,n/a,0,1000,1000,n/a,1,[],1,/content/drive/MyDrive/landfill_research/datasets/AerialWaste/Extracted/4972.png
5120,5120.png,n/a,n/a,0,1000,1000,n/a,0,[],0,/content/drive/MyDrive/landfill_research/datasets/AerialWaste/Extracted/5120.png
6796,6796.png,n/a,n/a,0,1000,1000,n/a,0,[],0,/content/drive/MyDrive/landfill_research/datasets/AerialWaste/Extracted/6796.png
6120,6120.png,n/a,n/a,0,1000,1000,n/a,0,[],0,/content/drive/MyDrive/landfill_research/datasets/AerialWaste/Extracted/6120.png
5360,5360.png,n/a,n/a,0,1000,1000,n/a,0,[],0,/content/drive/MyDrive/landfill_research/datasets/AerialWaste/Extracted/5360.png
2909,2909.png,n/s,n/s,0,1052,1049,1,1,[],1,/content/drive/MyDrive/landfill_research/datasets/AerialWaste/Extracted/2909.png
1646,1646.png,2,Degraded area,0,1000,1000,2,1,[],1,/content/drive/MyDrive/landfill_research/datasets/AerialWaste/Extracted/1646.png
10568,10568.png,n/a,n/a,0,1000,1000,n/a,0,[],0,/content/drive/MyDrive/landfill_research/datasets/AerialWaste/Extracted/10568.png
1815,1815.png,2,Agricultural area/farm area,0,1000,1000,2,1,[],1,/content/drive/MyDrive/landfill_research/datasets/AerialWaste/Extracted/1815.png
9,9.png,1,Degraded area,0,1000,1000,2,1,[],1,/content/drive/MyDrive/landfill_research/datasets/AerialWaste/Extracted/9.png
10435,10435.png,n/a,n/a,0,1043,1058,n/a,0,[],0,/content/drive/MyDrive/landfill_research/datasets/AerialWaste/Extracted/10435.png
7287,7287.png,n/a,n/a,0,1057,1045,n/a,0,[],0,/content/drive/MyDrive/landfill_research/datasets/AerialWaste/Extracted/7287.png
2097,2097.png,2,Production site,1,1000,1000,2,1,"[2, 16, 18]",1,/content/drive/MyDrive/landfill_research/datasets/AerialWaste/Extracted/2097.png
10531,10531.png,n/a,n/a,0,1000,1000,n/a,0,[],0,/content/drive/MyDrive/landfill_research/datasets/AerialWaste/Extracted/10531.png
7832,7832.png,n/a,n/a,0,1055,1046,n/a,0,[],0,/content/drive/MyDrive/landfill_research/datasets/AerialWaste/Extracted/7832.png
8590,8590.png,n/a,n/a,0,1037,1065,n/a,0,[],0,/content/drive/MyDrive/landfill_research/datasets/AerialWaste/Extracted/8590.png
172,172.png,1,Other,0,1000,1000,2,0,[],0,/content/drive/MyDrive/landfill_research/datasets/AerialWaste/Extracted/172.png
439,439.png,2,Production site,0,1000,1000,3,1,[],1,/content/drive/MyDrive/landfill_research/datasets/AerialWaste/Extracted/439.png
5070,5070.png,n/a,n/a,0,1000,1000,n/a,1,[],1,/content/drive/MyDrive/landfill_research/datasets/AerialWaste/Extracted/5070.png
1848,1848.png,1,Agricultural area/farm area,0,1000,1000,1,1,[],1,/content/drive/MyDrive/landfill_research/datasets/AerialWaste/Extracted/1848.png
1722,1722.png,1,Agricultural area/farm area,0,1000,1000,2,1,[],1,/content/drive/MyDrive/landfill_research/datasets/AerialWaste/Extracted/1722.png
11283,11283.png,n/a,n/a,0,1000,1000,n/a,0,[],0,/content/drive/MyDrive/landfill_research/datasets/AerialWaste/Extracted/11283.png
3036,3036.png,n/s,n/s,0,1051,1051,3,0,[],0,/content/drive/MyDrive/landfill_research/datasets/AerialWaste/Extracted/3036.png
8428,8428.png,n/a,n/a,0,1038,1064,n/a,0,[],0,/content/drive/MyDrive/landfill_research/datasets/AerialWaste/Extracted/8428.png
